0.000000000000000000e+00 0.000000000000000000e+00
-2.652515047433465570e-02 1.386693013895031606e-02
-1.494175304983268344e-02 -1.642026740610932345e-01
-2.336753491413365996e-02 -5.186451141471888626e-02
-7.418307286617979723e-02 -1.204889192714633794e-02
-5.682790413631014920e-02 -1.365427930207293583e-01
3.844988770266822425e-02 -7.635251617883223596e-02
-3.075846731071119056e-02 -4.329396922291491728e-02
-1.291237155415116827e-02 -9.145863928137823451e-02
-3.525606517462304135e-02 -4.049133487598952780e-02
-1.492252154840538747e-01 2.948947531963618668e-02
-2.256802772014167568e-01 -7.672297156736786194e-02
-2.417382330530343792e-01 -1.280290976391195157e-01
-2.541779083988466859e-01 -2.835878600332505384e-01
-2.377032939742641238e-01 -1.901660662964788640e-01
-1.769160460555134484e-01 -2.547498170940982187e-01
-7.272373515249593023e-02 -1.764253195535605001e-01
-4.995337759882102768e-02 -3.150716373714819718e-01
2.183399949938959195e-02 -3.704072233042668416e-01
-7.827471361405871630e-02 -3.935712062415547829e-01
-1.248006293056942440e-01 -4.029950712505559474e-01
-1.880184821166784870e-01 -3.527877793623954705e-01
-1.850875397635851904e-01 -3.967124602327602445e-01
-1.644158206076728190e-01 -2.096202760258552011e-01
-2.051212382724717787e-01 -1.792005798771858782e-01
-2.104172191938963876e-01 -6.388865814075490868e-02
-2.323203934687743388e-01 -2.498831947712011614e-02
-1.928547935482317344e-01 -5.638614377334407596e-02
-2.368469225440034964e-01 -7.766738723058992655e-02
-2.287226173382466698e-01 -5.579062865233155172e-02
-2.927566171378909177e-01 -1.413373648070948563e-01
-3.047892392149662566e-01 -6.488014264765444572e-02
-3.081420481100874964e-01 -2.751616750739366291e-02
-2.369665157711561831e-01 1.474797960490990822e-02
-2.059599854155263199e-01 -6.520857105978168644e-03
-2.390956373572616367e-01 -1.039752293590421456e-01
-2.907305242023659475e-01 5.054012867516269325e-02
-2.616610513608622068e-01 -8.380593098173864941e-02
-3.049217778220498776e-01 -5.282649503006479896e-02
-2.737048761835759181e-01 -1.730532456329023777e-02
-2.986637462262063392e-01 -5.776093045504594736e-02
-2.601908071743580519e-01 1.562106189690152525e-01
-3.296677083605850100e-01 5.777051666989632683e-02
-2.598614260679902310e-01 1.609368258011331376e-01
-3.441095188084916101e-01 8.804552082755534581e-02
-3.958230425172738487e-01 1.811733110106951150e-01
-4.613698489970252670e-01 2.162523553674653987e-01
-4.737133256754077482e-01 4.628789029076126882e-01
-4.900295072671099206e-01 5.061409123908398033e-01
-5.308458636588891943e-01 4.936804815303050264e-01
-5.455923977765840815e-01 6.648376355400043014e-01
-5.495859569876010431e-01 6.592993088807258539e-01
-5.858423367634739698e-01 5.472147147545931567e-01
-6.019165192580435697e-01 6.410426500664269112e-01
-5.892833591117866421e-01 5.110546003475021637e-01
-6.066410533775115077e-01 4.021404769969994519e-01
-6.649043232582360075e-01 4.700128873334112889e-01
-6.581185303157089939e-01 4.523221872659951570e-01
-6.003104934887114608e-01 3.402472564021664647e-01
-6.009575865782272874e-01 3.009024636776062023e-01
-5.876818915624103523e-01 2.180752741867375555e-01
-5.352881239120423906e-01 2.530563964912210251e-01
-4.543848582813888592e-01 4.631345785758352318e-01
-4.459147305003831052e-01 5.579580051893912040e-01
-4.285829713538000796e-01 5.280082938979232532e-01
-4.056814876558514915e-01 4.679169272993320416e-01
-4.283444078443845449e-01 4.853169905818363050e-01
-4.353268640824292102e-01 4.712172926432344755e-01
-4.851068409196175324e-01 3.339635262861071485e-01
-4.824036455928637501e-01 3.994941803903582778e-01
-4.829519611907017729e-01 5.041236287263308746e-01
-4.996488053043645072e-01 4.142983347465301058e-01
-3.834366527914903622e-01 5.059652859335295183e-01
-3.449442048558111207e-01 5.054218059235637828e-01
-3.876733439022682637e-01 4.735970647813987910e-01
-5.410009840125470371e-01 3.513200646773723679e-01
-5.173418782018065487e-01 3.252406039770355806e-01
-4.509772476962335408e-01 1.792414220085968013e-01
-4.305970445717244854e-01 1.554710418037080766e-01
-4.275135645640193438e-01 4.258300982503514243e-02
-4.833231066009944787e-01 5.358518630806013983e-02
-3.869339715066265617e-01 -7.383115624859415416e-02
-4.450895810082349247e-01 -2.102573318084460102e-02
-4.100766221072654205e-01 7.360332582093686432e-03
-4.224484691916063350e-01 -9.846351108632980798e-02
-4.930800006847192440e-01 2.200389502495561644e-02
-4.995820978274051472e-01 3.187818653044835471e-03
-5.142231533121369713e-01 -2.863106024235823055e-02
-4.387406377274429836e-01 1.808252169247536734e-01
-4.621219149495730538e-01 1.755181189729351499e-01
-4.207703034334011050e-01 3.306015465363476569e-01
-4.291566363575700094e-01 1.729662696864206484e-01
-4.186485074428081266e-01 1.960607643717968140e-01
-4.914527807607390053e-01 1.133265783815807781e-01
-4.522187370436496767e-01 1.416163462044144061e-01
-4.849256064414894651e-01 9.803632568311179685e-02
-5.456093032824189670e-01 2.421256053199922764e-01
-5.127744621279710646e-01 1.448962726658589717e-01
-5.169362673666512142e-01 -6.821369831064988398e-03
-4.835667156644201659e-01 -1.261537799331323706e-01
-4.398357452696998737e-01 -8.017838780454514258e-02
-4.046452319290196886e-01 5.395722810954434179e-03
-4.210444058933028866e-01 5.574190812400578454e-02
-3.476436279932111906e-01 7.409025238775963917e-03
-4.381769250375338598e-01 6.203137497857976607e-02
-4.003461290962820884e-01 8.007581814557976352e-02
-3.774069038162743972e-01 1.553781516014240971e-02
-3.241088609292611666e-01 -6.307361275940490120e-03
-3.282767635299653763e-01 2.158267489506712766e-02
-2.657855941052396642e-01 1.838446626585847274e-02
-1.871003581003418681e-01 1.179265925902678869e-01
-1.390869131581425333e-01 9.647015920497413466e-02
-2.089967674316006163e-01 -2.022146854003387118e-02
-2.344412093426279375e-01 9.475801449722258407e-02
-3.182994924845234941e-01 -1.406667035443606717e-02
-3.878501881466236423e-01 -9.240797610540510409e-02
-3.476009065143971788e-01 -1.357097167685442363e-01
-2.981766387026492660e-01 -2.935370191739378187e-02
-2.289661463443266598e-01 5.766642472597161007e-02
-2.375951786668068499e-01 6.880469532061699034e-02
-1.966371356230266210e-01 2.273724403426925500e-01
-2.257563434324650897e-01 3.627926089889260686e-02
-2.170449403059184212e-01 5.350519053618045529e-02
-2.209103163724239205e-01 -5.953512805118371665e-02
-1.645138885396725537e-01 -2.682965052870203704e-01
-1.949659388114738101e-01 -2.887870280042987847e-01
-1.784046801169240359e-01 -2.116522310154628217e-01
-2.353734483292771462e-01 -1.348951401912631964e-01
-2.448237939598102986e-01 -1.640420536313401678e-01
-2.314880886809198568e-01 -2.436257322213225551e-02
-2.714750051403880260e-01 -1.720385164959905427e-02
-3.345662490896945118e-01 -1.626011991362619757e-01
-3.700542840447428872e-01 -3.236868876701244901e-01
-4.525167093660057982e-01 -4.770426261514728594e-01
-4.660148886339025021e-01 -5.268403406437062175e-01
-4.529258842386061357e-01 -4.791620491894995615e-01
-4.118569354123111093e-01 -5.247150172835759463e-01
-3.887979509964589186e-01 -3.819795673689704851e-01
-3.164982941887612977e-01 -2.569330010251613672e-01
-2.937364163470252976e-01 -3.376105709043454861e-01
-3.329263964869277892e-01 -3.473119634254905330e-01
-4.262374362530559901e-01 -2.913759521924862983e-01
-4.000998370917011604e-01 -4.793935020461402297e-01
-3.859139324760252343e-01 -3.958403324507751009e-01
-3.364243164938908737e-01 -4.822748577606852938e-01
-2.843004738888882943e-01 -4.211756767615492669e-01
-3.757447324960063728e-01 -3.820014778509910891e-01
-4.158302173849065531e-01 -3.718946669428549456e-01
-4.267015106420732895e-01 -2.218554876440981816e-01
-3.110144195533159350e-01 -2.706236274038934519e-01
-3.031037324365611907e-01 -2.486572349567797435e-01
-3.173837695926767788e-01 -3.126006985165922236e-01
-2.509037442460169132e-01 -2.701105993321771814e-01
-2.347820045430610292e-01 -1.396467970643284762e-01
-2.330444745076371005e-01 -3.427288852437705424e-01
-2.291010287665004308e-01 -2.057425092532705058e-01
-2.203577601405974085e-01 -1.849475440740105392e-01
-2.368633662265548501e-01 -2.348799835508096623e-01
-2.163609634752095556e-01 -1.929730174972923429e-01
-2.246535550720982211e-01 -1.044550229959657905e-01
-2.164526139195679932e-01 -8.763028735149118453e-02
-1.653618694432944514e-01 -5.964435569159382000e-02
-1.508394031562104720e-01 -1.915807984112709306e-02
-1.132435156801428477e-01 -7.510001031519759895e-02
-1.875960951072702665e-01 -1.807490288478948437e-01
-2.270492926878836526e-01 -5.328131946562922328e-02
-2.268457396550628835e-01 -1.794547624998335811e-01
-2.589042121965167698e-01 -9.515460265371952775e-02
-2.485432485705772465e-01 -9.400102278486399676e-02
-3.046991147181603576e-01 1.114441860885732882e-02
-2.590348316867648326e-01 -2.422152651143286844e-02
-3.818537974252499967e-01 -1.778369784156932087e-01
-3.389917745933421767e-01 8.779602552004778238e-02
-3.090314040571863763e-01 1.316186943022281675e-01
-3.715072746941434079e-01 2.788579467225301145e-01
-3.772462636628542421e-01 2.975935962966759218e-01
-4.064753546059874934e-01 2.346443799039478195e-01
-3.619716946536837288e-01 2.109809364966885314e-01
-3.624045863481455410e-01 1.565271949361199399e-01
-3.938926764098496514e-01 5.983712917689323896e-02
-5.003201488370991878e-01 2.227130774206872166e-01
-6.114254671600994895e-01 8.503596225834222921e-02
-6.747807132862962964e-01 2.185598298652172145e-01
-7.421592595255688263e-01 1.211645655143627626e-01
-7.400785464003988290e-01 1.238705942784728287e-01
-6.626619688228553295e-01 1.501663816004096541e-01
-6.097377174326205074e-01 2.715216180589971051e-01
-6.023870843875950287e-01 3.682399674962665292e-01
-5.324664826569878162e-01 2.705403265009367897e-01
-5.684127452017631033e-01 2.015749646128551231e-01
-5.353788619647884550e-01 5.274013472535873936e-02
-5.158978439722853304e-01 1.406454935455864474e-01
-5.007333988383069201e-01 1.379885021608492635e-01
-4.439260011546313778e-01 2.940920122176052809e-01
-4.315986047194537156e-01 4.034302114892788227e-01
-4.188838784685839367e-01 3.868013618351631155e-01
-4.407253561898181737e-01 4.505322812988373227e-01
-4.043723702864681080e-01 2.332085285703934252e-01
-3.603847694711541094e-01 2.240397172667540626e-01
-2.919326140160719563e-01 3.243680625788263883e-01
-2.765911949837438488e-01 1.952723180687579441e-01
-2.699915193106255384e-01 1.433835094092569262e-01
-2.690577370814827840e-01 4.030411666490379963e-02
-2.259776016244212093e-01 2.345181010592112258e-03
-2.497171984241674525e-01 1.913998551910235935e-01
-2.679249102955609252e-01 2.104156828308795246e-02
-2.735026880740784594e-01 -3.108945417836034633e-02
-3.187691469557027979e-01 5.948365174645994097e-02
-2.986816000156748974e-01 2.284451588612640693e-01
-2.661500672895266706e-01 2.194034758887559722e-01
-3.017820200243567230e-01 3.410401203020473337e-01
-3.219249103535379852e-01 4.706987459458605860e-01
-3.068551494311249628e-01 3.717461400538441540e-01
-3.500078764196228875e-01 3.162882230763789382e-01
-3.600691497304944755e-01 4.992878894580635163e-01
-3.755010068797616229e-01 3.927548033263857374e-01
-4.054804918111966083e-01 5.130448177123454467e-01
-5.254868772774955454e-01 5.069680699309021543e-01
-4.789164049859684358e-01 6.129876598066985594e-01
-4.465756360981382733e-01 5.383253743933131830e-01
-3.597745872235234565e-01 6.495101928193719454e-01
-4.001817005975892849e-01 6.032189116332138390e-01
-3.994767241517991341e-01 5.247195304788521142e-01
-4.003207433356405498e-01 3.001089706951740599e-01
-4.189029474488942251e-01 4.517326774363829012e-01
-4.556194590459860527e-01 4.471770632853222516e-01
-3.780444836593492841e-01 4.996681060043928202e-01
-3.657652865616513593e-01 2.210125561739985089e-01
-3.984751460812900326e-01 1.172236141444191193e-01
-4.081925847981693889e-01 2.014144766421129829e-01
-5.137983232277124612e-01 2.814315377069426249e-01
-5.013568602686456765e-01 3.103847571846415354e-01
-4.866866435153836545e-01 4.812877917225901192e-01
-4.358775273861226207e-01 6.271566995378857756e-01
-3.618215334939711147e-01 6.623652685417834585e-01
-3.375297678076710772e-01 7.347908598946497616e-01
-2.932985020579458868e-01 8.646046546781019915e-01
-3.108415471184226009e-01 8.496248963520606212e-01
-2.771821371208214035e-01 1.073809625919385224e+00
-2.190612210433413587e-01 1.066410812479938297e+00
-1.725639959006493307e-01 1.058966140173672299e+00
-1.578043194818773420e-01 9.594701051129903568e-01
-1.545824996875420909e-01 1.023474956122585766e+00
-1.521523171009758757e-01 1.126339686549289620e+00
-1.676020437757345383e-01 1.135457958657662747e+00
-1.154139012109653140e-01 1.066263417618166676e+00
-1.263747097453284951e-01 1.185073616542221986e+00
-1.329230929079049661e-01 1.349059759301985295e+00
-1.173100136189894616e-01 1.401345619807063070e+00
-8.769953486254106201e-02 1.270440009752547450e+00
-8.468484676415422019e-03 1.197380435163869272e+00
-5.235293797577918185e-02 1.143970136130862958e+00
-9.334859328702019288e-02 1.200050710920908870e+00
-7.054846563968338036e-02 1.258546579215688244e+00
-8.803536154353377996e-02 1.162058402476689345e+00
-6.414705310116454451e-02 1.128868213192788739e+00
-6.233257310533818485e-02 1.345682996137242071e+00
-2.486297782127021294e-02 1.309548526956533898e+00
-2.509769061787167632e-02 1.220984678584930760e+00
-2.434767503670789979e-02 1.040862578602707256e+00
3.301469135784187298e-03 1.079175852052261408e+00
3.470417344440480424e-03 1.095840029519280501e+00
-2.020408801941717125e-02 1.111668678744272887e+00
-2.764655770825533848e-02 1.276501193454547156e+00
-9.070400832736293106e-02 1.467467850999127021e+00
-1.340141926298979158e-01 1.592249388888401285e+00
-6.486114600572308320e-02 1.573360217200631572e+00
-4.235290715672101330e-02 1.536407846061746962e+00
-1.999017452516897719e-03 1.635263551709677410e+00
5.304471196226868968e-02 1.627968289267312851e+00
2.413272160523816101e-02 1.783484316403964653e+00
-1.665384608409819014e-02 1.771631674165089931e+00
-7.282330183101382026e-02 1.590428249083070344e+00
-9.993803164685141627e-02 1.626902032644312657e+00
-1.287567614078379274e-01 1.604221177618751160e+00
-1.179715694673484777e-01 1.639869102344349239e+00
-1.994070914749826451e-01 1.767484819366572646e+00
-1.801859210536562172e-01 1.609499547236651784e+00
-2.001145233257002332e-01 1.542690560298573876e+00
-2.376153800480806377e-01 1.557849975879085802e+00
-2.461591157937007557e-01 1.419723770433444221e+00
-3.268510404797546620e-01 1.392896020022615700e+00
-3.304517410381103693e-01 1.556955446906497009e+00
-2.790605189963931143e-01 1.409854051955960363e+00
-2.715813365246037003e-01 1.419104226428333559e+00
-2.205280544300877166e-01 1.335255672392534398e+00
-2.495627534730504304e-01 1.212878148162258585e+00
-2.171657735201631134e-01 1.134459513648607976e+00
-1.907357023543184982e-01 1.245350754370709412e+00
-2.275550937946756169e-01 1.265034719378683059e+00
-2.392228199418317547e-01 1.135925042676880548e+00
-2.173633113723873744e-01 1.095612743919149645e+00
-1.725757280910206748e-01 1.133747238573415750e+00
-1.495059972744667565e-01 1.157490252984203050e+00
-9.897026033387887334e-02 1.210906084023891216e+00
-3.899800900653808966e-02 1.137177132747428709e+00
-5.465896364657350792e-02 9.523097237890562061e-01
-9.615382088640257729e-02 9.689588622450511224e-01
-1.113683870557996836e-01 9.693543671380417948e-01
-9.342054343851979858e-02 8.883382482739445862e-01
-8.677943214144120954e-02 9.944959005668674301e-01
-6.388166001043482645e-02 9.945121968283897607e-01
-1.494993435530688614e-02 8.967731679679941115e-01
-2.127064647220050508e-02 7.690750477753721670e-01
1.581848070643750506e-02 6.605530822306606709e-01
6.605435757312660972e-02 6.763437515358522445e-01
9.087400867458633735e-02 6.005849310046670331e-01
3.652029445636888888e-02 5.485435715519282329e-01
3.764306944086274337e-02 4.836210012129721347e-01
9.889718271413844297e-02 2.970315621176836673e-01
4.247172306526753038e-02 2.345653116035424646e-01
1.229342413986952431e-01 1.875847288278001401e-02
1.713349229292648601e-01 -1.979211200760082612e-01
1.070362201250962542e-01 -3.345226513571182836e-01
1.546706784724505013e-01 -5.153276252104470601e-01
1.521060408260457852e-01 -5.801611851847474632e-01
1.952502789301372166e-01 -6.395668706609817233e-01
1.739563943225267417e-01 -6.049807256875032735e-01
1.419052594689579616e-01 -6.188002850373359731e-01
1.907198942315910251e-01 -5.622538159677985536e-01
1.964769238446288091e-01 -4.544029143064835519e-01
2.206973614777005821e-01 -4.686156656468373205e-01
1.747651783285111282e-01 -3.321005303012247722e-01
1.532059392870532000e-01 -2.394880441716749353e-01
1.833560150678493483e-01 -3.297107377765022274e-01
2.191120366026031996e-01 -1.490593259989254071e-01
1.410831954567882685e-01 -1.834655058685564222e-01
1.313443241311218757e-01 -8.583710535068989067e-02
1.260837719825819159e-01 -1.557033172718006175e-01
1.235576227866300586e-01 -4.265498681673420001e-02
1.305089140242342016e-01 -3.215422711097180863e-02
2.233905623692755971e-01 3.277386385310082639e-03
2.248676333569090413e-01 1.278721835063316957e-02
1.993638830327669476e-01 1.739633317731254653e-02
1.868071208288707707e-01 6.119238180520711334e-02
9.454907308260464271e-02 7.334154614258947547e-02
1.215036798558326858e-01 3.173815368787513691e-01
1.080326226322677885e-01 2.286603543283045603e-01
1.170638513504112660e-01 1.412714762114751776e-01
7.450307337568035093e-02 3.481996154105964081e-01
4.666445587777917625e-02 3.584643072417433296e-01
5.437912569281146136e-03 5.800693876971502183e-01
-2.628962807951099739e-02 5.978602840413872466e-01
4.324840076226307839e-02 6.423029336978185455e-01
-3.116548570957881209e-02 5.376388969148824248e-01
-1.153386549961999200e-02 4.979356106970658224e-01
-1.415043907066752815e-02 6.478258040551360120e-01
-1.884906014893174622e-02 6.434477216778006214e-01
-7.393497075001144447e-02 7.115893338246317423e-01
-5.016338615850170907e-02 5.692854559985078833e-01
-1.349849493998833694e-02 4.578135001105869684e-01
2.236205618657904556e-02 4.500221295503303298e-01
4.745338558057278500e-02 4.720010574060490849e-01
5.165261426366205000e-02 3.432011249270425224e-01
-1.609050477445894689e-02 3.007903311641149102e-01
7.097815301476816108e-03 3.602341172534092584e-01
5.616616787310477893e-02 3.398142042720410094e-01
1.344373181244818555e-02 2.253850097487941073e-01
-5.735349494669647608e-02 2.844115550011913629e-01
-6.183234603679110125e-02 2.344355662946467078e-01
-7.653961188690699968e-02 2.971707344476914869e-01
-9.179280145302526339e-02 4.618525085346292247e-01
-6.471727509241656517e-02 4.009715220096438104e-01
-8.347884586335746482e-02 5.491173275999685632e-01
-8.951441457978664973e-02 6.209815532470146504e-01
-6.235797950885147573e-02 4.381339191008946088e-01
1.595108081269087930e-02 2.634362667025422766e-01
1.206289085010031278e-02 1.965714110043177976e-01
-6.261953704764558482e-02 1.892537520278337049e-01
-6.315580632311822151e-02 3.829213913359718058e-01
-5.277243688745916761e-02 2.821771335849419526e-01
-9.585301124816963947e-02 1.652883046710483250e-01
-1.102399708508457893e-01 9.711728253060065985e-02
-1.856930763778545379e-01 1.544492431987139480e-01
-1.180695033414203982e-01 1.075790850144053290e-01
-5.454255931437621691e-02 8.040931777963537808e-02
-1.366125914929883223e-01 1.377313664773354984e-01
-1.237017709519286912e-01 1.044502846072270230e-01
-1.935929853094852104e-01 1.200593767846095672e-01
-1.951238903060467655e-01 1.661983849215536990e-01
-2.141745962535306913e-01 2.196689435587813599e-01
-2.461141129392980520e-01 1.210109627412210287e-01
-3.077139308262868411e-01 1.634798292153518129e-01
-2.612211085991737458e-01 1.775688347134849465e-01
-2.260456986056373907e-01 1.847381456985459081e-01
-2.350302907935452601e-01 1.735898938550495263e-01
-2.259351029013387524e-01 1.306410811985758980e-01
-1.985835647998790698e-01 2.656436690667034473e-01
-2.236132802560533983e-01 2.179329923908683575e-01
-2.105693003959599185e-01 3.062117365439930294e-01
-1.506710249727807871e-01 2.810223752894454030e-01
-9.299615967749794154e-02 1.741570903883845334e-01
-5.749719426228561137e-02 1.879534367052444477e-01
-4.276827082782681810e-02 2.912922338223193908e-01
-3.523490592451238024e-02 3.106012642520963318e-01
3.319014591266736952e-02 3.274860444955585148e-01
5.473335930613201783e-02 3.604803022792006373e-01
7.126253096332370307e-02 4.444316467676054372e-01
1.195863360611639781e-01 4.775258819428617740e-01
1.081260596742705526e-01 4.592909781486969045e-01
9.989715975126783887e-02 5.210003206462883174e-01
1.182021833681523026e-01 4.810995996212336090e-01
1.155527016501821241e-01 3.948833544933679773e-01
1.088501575273932293e-01 3.351014140919713058e-01
6.045931815995122388e-02 2.658711951157330389e-01
4.577935905607094513e-02 3.759452524481007307e-01
2.465410656686547325e-02 2.668907151462401872e-01
3.284149120107002912e-02 2.483616626219497525e-01
9.878630031252405574e-02 4.707057095552095727e-01
1.631862002038280690e-01 4.308469011462675025e-01
1.211751805300643331e-01 4.380725829218311551e-01
5.150341963081522811e-02 3.109686075062615962e-01
2.993170171256796450e-02 4.257440948335127762e-01
2.427677981901414997e-02 4.100066552305234868e-01
-2.671156442181878837e-03 3.999141246713428521e-01
7.592115440770216828e-02 4.268154493668386285e-01
4.799489105425842894e-02 4.666724163247636392e-01
2.151256168712202196e-02 5.479899533478669316e-01
-6.438532081597539425e-02 4.420316678743251293e-01
-3.844684872576243501e-02 4.721312085694516214e-01
1.894422593195103921e-02 4.247292900552586126e-01
-5.809137563966313561e-03 2.860222498530337054e-01
2.488795976209828495e-03 2.908352550569427430e-01
7.657350506049942669e-03 2.016450974316102152e-01
7.752978269531443645e-02 3.409947332732882197e-01
1.245261311718453279e-01 2.400582270415700936e-01
1.541317126523972236e-01 2.494029706754359588e-01
2.054607461692254666e-01 2.828790515555537066e-01
1.912392321190134747e-01 2.018688638598723495e-01
2.168758142439456971e-01 2.430013866423903213e-01
1.912624123138098597e-01 2.141723395844528643e-01
2.124094499633235322e-01 2.339719941662299352e-01
1.620517882881010729e-01 2.270924147465035181e-01
1.093800468240155171e-01 1.650078797033320555e-01
1.142604885109350932e-01 1.285086554294526673e-01
1.776885977444148113e-01 -5.545534916872904563e-02
1.911755807562546816e-01 -2.910401248286891285e-01
1.320468072035859142e-01 -8.955528156690123476e-02
1.100705064046727105e-01 -7.845081724645869281e-02
8.525770467905707806e-02 3.971936222642694081e-02
1.201518149099535526e-01 9.895535323094614005e-03
1.651645548279390141e-01 1.497800850782761151e-01
1.560929798917612965e-01 -1.425411708142628742e-01
1.168871407993867378e-01 -1.625020511203123519e-01
1.793692715991619113e-01 -8.991914043762989917e-02
2.157065053459317483e-01 -7.334008786415241454e-03
2.293077707713767066e-01 1.660637493192242825e-02
2.303497051625712500e-01 -1.698200611745433880e-02
3.236658171143350637e-01 1.004368618208205735e-02
2.409013749697463957e-01 7.864235719596812668e-02
2.932643641660116485e-01 6.843767029176567318e-02
2.857841231213634203e-01 9.721922983924199957e-02
3.055416568378497288e-01 1.102062916959839906e-01
3.380794154739100721e-01 2.448774569470202334e-02
4.252628958934524528e-01 -5.893951651225328575e-02
5.211544107772154710e-01 -2.095016284738276946e-01
5.105997688090599951e-01 -8.733268511321962135e-02
5.645799999079269549e-01 -1.746702694775875697e-01
5.038855384389447911e-01 5.729009159032896759e-02
4.850710927754064983e-01 1.578364787413198689e-01
5.238531360017575356e-01 3.653471905022173671e-02
5.486841136215114823e-01 -3.861650880635569827e-02
5.534457410863283799e-01 -1.005090037186733287e-01
6.263129708202159751e-01 -7.607985845464881880e-02
6.114428409297042455e-01 -5.052301235089831644e-03
5.145772956135888920e-01 -2.000335188928763219e-02
4.525813636704359433e-01 -2.581506068006773902e-02
5.172484471975450360e-01 -6.726983256261032107e-02
4.368663686041257543e-01 -8.327721743659483034e-02
4.582052486845813455e-01 1.180227594730813845e-01
4.589777816234866248e-01 2.711876623610661174e-01
4.964286442988106174e-01 2.476938896145582936e-01
5.730707082524212348e-01 4.908868453847656244e-02
5.903499771286413456e-01 -2.241877891686948621e-01
5.298493019850967212e-01 -2.412099028588887417e-01
5.572700861649974025e-01 -1.452594522332009697e-01
5.904995146373921422e-01 -5.467082061281989258e-01
6.096356675502972999e-01 -5.764756229428196210e-01
5.604368394681561449e-01 -4.788882228805917407e-01
4.909273337840437401e-01 -5.875633912560713767e-01
4.230333924367142284e-01 -5.276206622447298100e-01
4.185982107109234018e-01 -5.491107465600056914e-01
3.135507458093029221e-01 -3.850305939759140483e-01
3.131363446660622163e-01 -3.658630606186525913e-01
2.667783490676770564e-01 -3.943055022549022404e-01
1.385197023880288258e-01 -2.656691475075046993e-01
1.209879176967495890e-01 -1.703342497099624153e-01
9.718721935458671246e-02 -1.653522974905330956e-01
1.264802136000967581e-01 -1.321183201669231810e-01
1.275663381235674632e-01 -1.666773244882981397e-01
1.558989667166741644e-01 -2.146251868669995788e-01
2.570354412251835696e-01 -2.197968465784115588e-01
2.784990771138610710e-01 -1.141994409304903230e-01
3.328640771939518905e-01 -3.432132527779865883e-02
3.561588156920140191e-01 -5.171686559065855060e-02
3.604545900304900186e-01 -1.188118710871612776e-02
3.456920559396330361e-01 1.047910959229777089e-01
3.768682402278123456e-01 9.096476306684350699e-02
2.967357703002682090e-01 6.831480246898284647e-02
3.907672262859541168e-01 6.964077222196801698e-03
3.920030760586886154e-01 -1.640450620310245633e-01
4.277746562001442099e-01 -1.909495398999054294e-01
5.273109529854573818e-01 -1.069742966551323338e-01
4.388972855632684023e-01 -2.177081750054266074e-03
3.726250171094387942e-01 1.217932710525313350e-01
3.569983928610456769e-01 2.855243858445863925e-01
2.684445764156401792e-01 2.058031832279069162e-01
2.499358741880071677e-01 2.616965619803473531e-01
2.526438768632264242e-01 2.735619007247163115e-01
2.709125087256102349e-01 3.612485600237204109e-01
2.753885312826344633e-01 2.706142416707946197e-01
2.716200892890631713e-01 2.798109895990861795e-01
2.263438865696196511e-01 3.169326209776519576e-01
2.513141403708998300e-01 3.430062379548912688e-01
2.858517488042562893e-01 2.831336706670415371e-01
3.142185749504536885e-01 1.492832386175972637e-01
2.848943944368337311e-01 1.838803941405741105e-01
3.078639742936752355e-01 3.270504724768822369e-01
2.756327502941289254e-01 3.597346467635857969e-01
2.225904607591029649e-01 3.291318241990816018e-01
2.255404909377581590e-01 2.081715693353248242e-01
2.776706172299459041e-01 3.341669058544479709e-01
3.207424322762024160e-01 2.939187537066515477e-01
2.798348399207181147e-01 3.077474133836549108e-01
2.715886158005284545e-01 4.168751335065627450e-01
3.273088502715971737e-01 5.317308083731859814e-01
3.197945390934640031e-01 5.194218056717674337e-01
3.441389247868347767e-01 5.249757085643834698e-01
3.376086445622945020e-01 5.866047101290109422e-01
2.939908356636172226e-01 5.406439133502074501e-01
2.779561319064550173e-01 4.734863765141624770e-01
3.076071700963923239e-01 3.803497551975389968e-01
3.593772030130976680e-01 3.968916699482759047e-01
2.885723142282538012e-01 4.093976530683793857e-01
2.655813481197916159e-01 4.182094969867021228e-01
2.467539539005877691e-01 3.119986438153610209e-01
3.330742059514393838e-01 4.506960295542276618e-01
2.924237363806330148e-01 4.617116988370040809e-01
3.476129487002108109e-01 5.335531850332729809e-01
3.144392382856283641e-01 5.037325604896232267e-01
2.960377157344185051e-01 1.798137488897840752e-01
3.400887699980856271e-01 1.311276188462698333e-01
3.339232274042072679e-01 2.240146856418347709e-01
2.444970062907432795e-01 1.736439351633357053e-01
2.143249764126512191e-01 1.546618484747347699e-01
1.949126966253311999e-01 2.258312232266413422e-01
1.474662844713810483e-01 1.766164265347536511e-01
1.142316417994151956e-01 1.457074297557416909e-01
9.236898286379771617e-02 2.002404944949248700e-01
1.309515723895492978e-01 2.026285911021942499e-01
9.609368369230256168e-02 3.283224431530958887e-01
1.330768230479517367e-01 3.129659674134367409e-01
1.248912796836474104e-01 3.509004774018952277e-01
1.209263931076299259e-01 2.030047284418523001e-01
1.602020001056257414e-01 2.522627054483324027e-01
1.580877178838064889e-01 2.502704861225227284e-01
1.346881999275191255e-01 2.625573743167686214e-01
1.679650452160630358e-01 3.160119789996824746e-01
1.554818483079825064e-01 6.585917084174750524e-01
2.030185681476004422e-01 6.674005176397745931e-01
2.295591171581092826e-01 4.775522132990332458e-01
1.356317863999296769e-01 4.721175521627143934e-01
1.699267349848994635e-01 6.800464435921133033e-01
1.561382842533731163e-01 8.139156622920651341e-01
1.798860278529506584e-01 8.160712344411092944e-01
2.318580001677629232e-01 8.600618069612314676e-01
2.534367883240804531e-01 8.001710044231485908e-01
3.071528008104019714e-01 8.245896724944297151e-01
3.469633920482619316e-01 8.546731362061721349e-01
3.248568845300063290e-01 8.049821860439950738e-01
2.510763166511789657e-01 7.100350560775648967e-01
2.928966941794742262e-01 7.768457989967320065e-01
3.015274800420356116e-01 7.134968908196144266e-01
2.366265670163373025e-01 8.441034817066205287e-01
1.583700432154123705e-01 9.497892737348114789e-01
4.921000700580908938e-02 1.009453729590437998e+00
8.482930161217705489e-02 8.550965967278368884e-01
1.039687761253165060e-01 8.136038051004428340e-01
2.351435663601070258e-02 1.010412976122330164e+00
-1.479118466583649247e-02 9.476607984165349441e-01
-4.146296638437434179e-02 8.886802670948047433e-01
-5.242373499043338769e-02 8.444358939393237229e-01
-3.518908583944520274e-02 8.149853159261319924e-01
3.767861729343006255e-02 7.907316771363109842e-01
1.246693289685445738e-01 9.372140335155276780e-01
1.213621770900672331e-01 1.227833398810818100e+00
1.850540907831915161e-01 1.073800217419399017e+00
1.859275618346528658e-01 1.001430869153984382e+00
2.133954332205369731e-01 8.730931392078038478e-01
3.194646064963614362e-01 1.003660480815746547e+00
3.487815942146812453e-01 9.684261700686254137e-01
3.434370461197862046e-01 1.002848221132744522e+00
3.685499060273061400e-01 9.386048087022305086e-01
3.821269474680702993e-01 1.070837680672396264e+00
2.695465651288072584e-01 9.361527711005941388e-01
2.765080303831404795e-01 9.248072748034755763e-01
2.727002890771269561e-01 8.241924350972200664e-01
2.724910799965798991e-01 9.227631352124872066e-01
2.769144300824423754e-01 9.592450583677512022e-01
2.889058776685327068e-01 1.055630836888806323e+00
3.305628765111421896e-01 9.232187244422850325e-01
2.832502468487382297e-01 9.544690446934772643e-01
3.394035936201970083e-01 1.069236592555582677e+00
3.251387892205082619e-01 9.462002042165326143e-01
2.994451638833190987e-01 7.834008434192798465e-01
3.419702081898847168e-01 7.711244136219558287e-01
4.314689280261488902e-01 7.544457424551653801e-01
4.604040626835961825e-01 7.807695436294327385e-01
4.883803776095512750e-01 7.376539114847824319e-01
4.488588026860036995e-01 8.832683353688384198e-01
4.488448821547532663e-01 8.682716264169672016e-01
4.893988712034715860e-01 9.513108405893575537e-01
4.139718406582206800e-01 9.628634259985314747e-01
4.315634202555861942e-01 8.922565659123651294e-01
4.335975537181844253e-01 7.606115870404399626e-01
4.022647167925572087e-01 7.565592493448567435e-01
4.523817549179075526e-01 7.734176348115988642e-01
4.675330935629070650e-01 6.874506147902611497e-01
4.517799174242397853e-01 7.195582765477757103e-01
4.720264499914934020e-01 7.319784649824231382e-01
4.908311456525584204e-01 7.848311967413212908e-01
5.100872162722212000e-01 8.929704733029157904e-01
5.395330438227328163e-01 8.789899757594240581e-01
5.137381054092097221e-01 8.464500203049750704e-01
5.013951663443860784e-01 8.182083262786299382e-01
5.500007840676921500e-01 8.368245271511070005e-01
5.346106994965178494e-01 7.870320844436321517e-01
5.403143832888782638e-01 8.130069654587102068e-01
5.478556625698641769e-01 6.261407688611979605e-01
6.054947038512541457e-01 6.180037806653326804e-01
5.889540195295029923e-01 7.711604951977865108e-01
6.688827579665318490e-01 6.899182905717652359e-01
6.643034839219139620e-01 6.960162708164443490e-01
6.866346221097807678e-01 6.237626211239868379e-01
6.991187689685357531e-01 5.984145109801191076e-01
7.093045916470143153e-01 6.740496561817118648e-01
7.164309800529594652e-01 7.212043914245528375e-01
7.882185074826844051e-01 8.257726888274001809e-01
7.945339192457638866e-01 7.321069929863446291e-01
7.265885156343032669e-01 8.179238671950080919e-01
7.266820620696410327e-01 6.854342466874308037e-01
7.123490238983737344e-01 6.392117786888104058e-01
6.254812333192951712e-01 5.135834264237094660e-01
6.154849367734552823e-01 5.616615824332127360e-01
7.092476504322735575e-01 6.376460905730685358e-01
6.933017592001690099e-01 6.420194530335798788e-01
7.373892081499506812e-01 7.545171778404171636e-01
7.525413562017829738e-01 8.415515446598023086e-01
7.701199011287790386e-01 8.005823911711553720e-01
7.546343544309797036e-01 7.418444525720445659e-01
7.655472190736385407e-01 8.429974756675860936e-01
7.608863324961825381e-01 8.133810588321180868e-01
7.837702417716460035e-01 7.919133871553355464e-01
8.049594780927279425e-01 8.239828653551313220e-01
8.192675361854572236e-01 8.382479865826111265e-01
7.895411954677959976e-01 9.693132631967548152e-01
7.430136465164419723e-01 8.932675922634214505e-01
7.708068129379695987e-01 8.835696088944153814e-01
8.595017605470343103e-01 8.029577973549049119e-01
7.977514384217170296e-01 7.529337827012050344e-01
8.401614253815878897e-01 7.660841214888597372e-01
8.415423250392353172e-01 6.342841440031496969e-01
8.301639020074247366e-01 7.168994456300019635e-01
7.517114824933969208e-01 6.520917156023996464e-01
7.181940422906388788e-01 5.917828869676979853e-01
7.030988634020751693e-01 7.251702805619081316e-01
7.873063216634365036e-01 7.023173038203540663e-01
7.296557746262216648e-01 5.686160860325858435e-01
7.260557970651865256e-01 5.211997151797721495e-01
7.655347038585544883e-01 5.425379633021379933e-01
8.349437848879837087e-01 4.655694092767623249e-01
7.947863728689591456e-01 5.329057873251518140e-01
8.368729665196436018e-01 5.683698874182173677e-01
8.879109482504943252e-01 5.704589704561009444e-01
8.952653680552025151e-01 4.207221368289417174e-01
8.457426066571741563e-01 4.051721344441818751e-01
8.397925934671757187e-01 3.585964106930184525e-01
8.491672168151268574e-01 3.891181232525364186e-01
7.868599178994923893e-01 3.278781587781235962e-01
8.006845556381977369e-01 3.451475744340248286e-01
9.092541500103455965e-01 2.813327270361375421e-01
7.865934605183532158e-01 1.888647572801575025e-01
7.039355956335225928e-01 1.892959586440083886e-01
7.700090983846331616e-01 2.339909322201834119e-01
7.958379901814193191e-01 1.444229422162237320e-01
8.190177854111921896e-01 2.918482038514751131e-02
7.987786378174757118e-01 -1.315966965442702807e-01
7.229848909231957332e-01 -8.245583957681440479e-02
6.961188770214896682e-01 -1.041566025566807857e-01
6.500763219553273853e-01 -1.404428975541465174e-01
5.615046803664843766e-01 -1.710043894137179832e-01
6.280560036791958956e-01 -2.436316925239620512e-01
6.373027012078849030e-01 -2.159957628163943211e-01
6.447574552550283666e-01 -9.215720035900479279e-02
6.384139318478720959e-01 7.357556118227399911e-02
7.233566730289764379e-01 1.351067316929246281e-02
6.770237954322952945e-01 6.986184921565724570e-02
6.617620599152120864e-01 -1.315523103954878148e-01
6.874564132427075647e-01 -1.481278602025125068e-01
6.871438171331241129e-01 -1.538149075598310989e-01
6.986373494234852100e-01 -1.078413202874353022e-01
7.439438947243989242e-01 -9.639986893373021781e-02
7.922087997813435090e-01 -1.119999793479182215e-01
8.270906104226019018e-01 -1.386682972805110547e-01
8.608945166960950690e-01 -2.519314591027196903e-02
8.834700392020865545e-01 4.018874458127352778e-02
9.166366746224854367e-01 2.206047437076775197e-01
8.704200151154788401e-01 1.483852256480922005e-01
8.582011271497692606e-01 9.420350237026567375e-02
8.159494970900827981e-01 1.722339692772147934e-01
8.921170641926057243e-01 1.739300180961123043e-01
8.716307850909136290e-01 2.184113093140886419e-01
9.241315523254706177e-01 7.207009287930224439e-02
8.068965270840388060e-01 -4.332582393346082195e-02
8.858972158194260427e-01 -4.468953333828591667e-02
8.360921603875608454e-01 -1.881383625094767142e-01
9.349205901354098458e-01 -2.130562495753200447e-01
8.770134671576557128e-01 -2.121178637446357318e-01
8.615646646183859891e-01 -3.464576113361966803e-01
8.542972611523632631e-01 -3.557501330400756889e-01
8.038587319902615880e-01 -3.292690747253205763e-01
7.620608918368029228e-01 -3.963661072846257349e-01
7.552787634651597637e-01 -3.299147660323050735e-01
7.797459651051250606e-01 -3.474506556828481085e-01
7.794866840819160148e-01 -1.734155198005927212e-01
8.285599856886751713e-01 -1.908231506307161707e-01
8.282087355818518182e-01 -9.290112614531190194e-02
7.876641116759089956e-01 -1.156346988091049716e-01
7.090466809780224811e-01 -4.806045108359181806e-02
7.522765035826878277e-01 -5.394767181186971988e-02
6.937707430243063023e-01 -2.151633798102013939e-01
6.006993853120108362e-01 -1.935382363824658669e-01
5.471779539585304164e-01 -9.723210103178911434e-02
5.409502610118553934e-01 -3.102084940334032259e-02
5.637818007678055965e-01 7.275395739147770546e-02
5.606658163457277633e-01 7.815731364757162736e-02
5.088615099723410307e-01 8.880255531174297001e-02
5.078949079274184264e-01 1.310942431582150236e-02
4.636941055259931610e-01 -5.087669160017553593e-02
4.417915153923040461e-01 9.924092315207000414e-02
4.388175581819819260e-01 4.478782383632085723e-02
3.972998078500711849e-01 8.539349443061536316e-02
4.506879613970795617e-01 1.174611693838499005e-01
4.483404849925025082e-01 2.658316637240942248e-01
4.594890227572203667e-01 4.043728977728016649e-01
4.523270390550659381e-01 4.048448827691041862e-01
4.695810237479051130e-01 5.091131735656474477e-01
4.161833543416508796e-01 3.610591171769819141e-01
4.226345950994399581e-01 3.083105198759268917e-01
3.383746160915525047e-01 4.824127122547026691e-01
2.114298944172368078e-01 4.595220888582779994e-01
1.729236257368783058e-01 1.918736105960737182e-01
2.178633333658708537e-01 1.941377516000171166e-01
1.876392728855817704e-01 3.894320202462533964e-01
1.807593243569648178e-01 4.659208002121253411e-01
1.878074659978298810e-01 4.495128484018318105e-01
1.655799857364361749e-01 5.313078466645714260e-01
1.860336209940857966e-01 3.929154521035835845e-01
1.692198782826066505e-01 5.907391178040397595e-01
1.466021128248510275e-01 5.595324876189250451e-01
7.361770666197069157e-02 6.184056652491536354e-01
1.400049683381461574e-02 5.681676982447604329e-01
6.930376432263256337e-02 6.028605226714187637e-01
9.967363634417202023e-02 6.866063208960151432e-01
1.695993315491387543e-01 7.786911199221169255e-01
1.929501200081048806e-01 7.884194528889845177e-01
1.759835511997400181e-01 8.008205580731310169e-01
2.750255371954494210e-01 7.162640227186801711e-01
3.548161642718560271e-01 8.765324300064147867e-01
3.806677433585747838e-01 9.581145256382417319e-01
3.990943095951691166e-01 8.268644509201550363e-01
3.537672620607134610e-01 9.839965406383961444e-01
3.756477233479506017e-01 8.805908911989607235e-01
3.221237647465061693e-01 7.682388522796975705e-01
3.291718760043760295e-01 8.800229382542950063e-01
2.689113097434085442e-01 9.503777579097844042e-01
3.292094885706823293e-01 9.395340533061069532e-01
3.527158865274770960e-01 9.849582041936529864e-01
2.587206625261714299e-01 9.015411923717003839e-01
2.023610330333015239e-01 9.857609476461748343e-01
1.609299803848625587e-01 9.778507124367806780e-01
8.181030259725627363e-02 1.260888488952651043e+00
1.467711581475979188e-02 1.261136650082373967e+00
5.807949495936052392e-02 1.316642118351168289e+00
9.563690324477877591e-02 1.241106292791636756e+00
1.291738001133639901e-01 1.360858509500436409e+00
1.068600085481766493e-01 1.446633194238621245e+00
5.325697501750331631e-02 1.549765711560422199e+00
3.974101790904934622e-02 1.461556268714335527e+00
1.186205201879496629e-01 1.323781580380918532e+00
1.010588250547445055e-01 1.302424826388858703e+00
8.854287612165195887e-02 1.352460258673980675e+00
8.955646770405800705e-02 1.436933066738447895e+00
9.709875616626437167e-03 1.322502041462206401e+00
-3.829933606893648479e-02 1.538819113664506411e+00
-1.028878848219677011e-01 1.470538902584307195e+00
-8.394965717528887761e-02 1.346542784508019341e+00
-1.161385893613942621e-01 1.365393246377114567e+00
-1.547967485496086204e-01 1.358218343018018137e+00
-1.504117761375894646e-01 1.418205553844303690e+00
-1.774583514818687535e-01 1.328149658623225315e+00
-1.355087452904624457e-01 1.376007612845024930e+00
-9.538708168364440354e-02 1.394656473288186316e+00
-6.845747438313989908e-02 1.037760809386919725e+00
-7.275075112522325083e-02 1.031046220507404465e+00
5.555020623627664189e-02 1.247033668132920603e+00
9.034960065212677138e-02 1.050429923602752114e+00
1.027906060576834341e-01 1.222955764858211669e+00
1.750268772549893881e-01 1.268217883562014592e+00
1.130493278997386358e-01 1.332716147964863262e+00
1.536349638072982138e-01 1.274965848781370426e+00
1.334746343940090008e-01 1.221391749197876742e+00
1.237944030700588449e-02 1.341413668788396851e+00
-9.882863713919451398e-02 1.127587969128139633e+00
-1.404194945971336261e-01 1.011471438398608758e+00
-6.737698597487731811e-02 7.126223138012959257e-01
-1.053715115853293693e-01 4.627326703136798169e-01
-1.450189180310134662e-01 3.551602983573340921e-01
-1.353978141249423950e-01 2.945948351492184702e-01
-1.530335227768913620e-01 1.447984067751659498e-01
-1.740904974103580360e-01 3.270165670411795400e-02
-1.851807304213922700e-01 9.033001004486061747e-02
-1.652935659088125842e-01 6.928177660206674693e-03
-1.698734189008065110e-01 1.593095567680207492e-01
-1.773829361935850557e-01 2.739649529838931175e-01
-1.566311791228008621e-01 2.628969239633952015e-01
-1.576440095865243585e-01 3.660494795120248224e-01
-8.934128105840659362e-02 4.622825495184613720e-01
-7.834518061194190031e-02 3.690034700722926164e-01
-4.575281620123963777e-02 3.666461758315633368e-01
4.594668222122118284e-02 4.779282861752847111e-01
7.495940950628192379e-02 4.464817239082921052e-01
1.138110047990720797e-01 5.459405546709795720e-01
1.448446747764108034e-01 6.443127512422435199e-01
1.512180743706466601e-01 6.118922338872810895e-01
1.266962902868238317e-01 5.568372015843786604e-01
1.975438403366079343e-01 4.344148146925564946e-01
1.618311509609935417e-01 4.878529953538036645e-01
1.723052281317110912e-01 3.637098418686574575e-01
1.638654172135277642e-01 5.412659815024019050e-01
1.562049964459007179e-01 5.937380768163066369e-01
1.329307243910775038e-01 4.293664764927889177e-01
1.281320048088114838e-01 3.341822492906763586e-01
1.310818391244511216e-01 3.910985196860423119e-01
1.269036782828359688e-01 2.618447258725447591e-01
1.172036087974973051e-01 2.203189317599560104e-01
6.207891248508335541e-02 3.049225895010420628e-01
4.297222337211065862e-02 2.311513265015628371e-01
-3.039386563019524923e-03 2.547011284165547895e-01
2.893101948281765964e-02 2.193538112163933573e-01
1.651962009316102625e-02 1.761113364605506326e-01
2.848755440143231274e-02 1.774350093138591100e-01
-4.711375306898726856e-02 1.298945147376398823e-01
-3.239214739852579183e-03 1.819466695821552460e-01
2.294946055307193686e-03 3.369516249681591136e-01
-8.949497158083273562e-02 3.662766759073630696e-01
-1.708603507041523417e-01 4.249961691161218136e-01
-1.285506891500573512e-01 3.720709457188845493e-01
-1.216556365609573614e-01 4.381120741745447855e-01
-1.511787783671515450e-01 4.784771248014951239e-01
-1.263341244722205048e-01 5.663862238785386527e-01
-7.314428475677187125e-02 5.635115120913680720e-01
-1.305799274080324257e-01 4.448335500903272677e-01
-1.120874771381994706e-01 2.385719590364095144e-01
-4.763550745737957226e-02 2.321219851531239331e-01
-1.466729535023372777e-01 2.925301660291115824e-01
-9.079992341791348620e-02 3.825710697712456643e-01
-7.268834178007053948e-02 3.304394589935578663e-01
-1.889884066823255271e-02 2.819335435625431874e-01
1.841080927048565144e-02 1.742893028157912749e-01
1.073923528880712727e-02 1.176230873920034725e-01
3.323402004384028163e-02 1.959155017429202728e-01
4.951855460228464512e-02 1.831817779283889946e-01
8.934024460645595411e-02 2.979303244784682336e-01
1.118939876945559408e-01 4.263968012267781438e-01
9.829673893355742043e-02 4.452032868678827970e-01
5.858528639847934705e-02 4.503289411756270511e-01
3.081181560274580400e-02 3.626877269727587505e-01
2.881334184132357951e-02 2.645857699796255180e-01
-1.428608887931414120e-02 2.080127120760629222e-01
-8.767825590905828359e-02 -7.059905829293333657e-04
-1.176051622895796095e-01 2.450410964280664780e-02
-1.201417359887275299e-01 3.265055393334687084e-02
-1.042135243438657988e-01 -3.780127068463744189e-02
-1.304521234271589503e-01 -1.307258881012731411e-01
-5.117217560470081750e-02 -6.893992101255866367e-02
-8.351768547226043338e-02 -7.257418625769179732e-02
-1.341228175569818548e-01 -4.873440718389909776e-02
-1.180870351582597039e-01 -3.466246462867186157e-02
-1.084451099382659905e-01 -1.781490041666015656e-01
-2.334170493463486040e-02 -1.777271662274088615e-01
3.580502210410171915e-02 -2.166226087871199468e-01
1.042737725995073472e-01 -3.405695519959540674e-01
9.411344363315571337e-02 -4.357298727841141250e-01
1.768087050571961472e-01 -4.989116315345401564e-01
1.100521129615331939e-01 -7.182145022969190773e-01
1.684553680575479606e-01 -8.232765131861647934e-01
2.310131191770021797e-01 -1.025504248370166627e+00
2.421840272146650319e-01 -1.060077057259754429e+00
1.949461349733783433e-01 -8.049703059998216670e-01
1.853427922346539691e-01 -7.550031377408144007e-01
1.541958592257451077e-01 -7.198733155509920989e-01
1.564781028408176455e-01 -7.940864415583782643e-01
1.353917936507446351e-01 -7.452388629844400869e-01
7.268150323815673886e-02 -6.993531799477181732e-01
7.993224434827977953e-02 -8.671766500596499450e-01
9.243455867076087740e-02 -8.918646179015522479e-01
7.220874255467908676e-02 -9.346301370880989445e-01
8.639606162504114006e-02 -9.836883298692769007e-01
7.070024925460652310e-02 -1.014362355215259193e+00
8.064897866963073592e-02 -8.296562719280249354e-01
8.079915834209708270e-02 -7.963650937781961980e-01
6.496678717352695476e-02 -8.373508796876103499e-01
-2.311221459548942758e-02 -9.826123353909108626e-01
-3.711057705298436565e-02 -9.742356745649747296e-01
2.241212107488493172e-02 -9.981347610847273177e-01
-2.072256634397717789e-02 -9.485035495680405049e-01
-7.402562210426553990e-02 -1.046044827437043301e+00
-1.165840915281133455e-01 -9.147542852487595688e-01
-1.217097470790305669e-01 -9.059439898968913996e-01
-9.578327855467733132e-02 -8.659890442323456838e-01
-1.202403985616200405e-01 -8.596372784998169703e-01
-1.047444773825501052e-01 -8.199089517242851288e-01
-9.878275055462973353e-02 -9.779275295039749905e-01
-1.433051300859438937e-01 -1.028607874790201437e+00
-1.362968679660579441e-01 -1.029609413964991615e+00
-1.687350402624467616e-01 -9.552604078922309894e-01
-1.636954220655169046e-01 -1.055168577470215974e+00
-5.535088915731245507e-02 -9.749600980501171854e-01
-6.756179748064024271e-02 -1.035979991582282045e+00
-4.966636116660300138e-02 -1.335879924950300168e+00
-4.385138037191098348e-02 -1.244702176052515208e+00
3.171018813848980322e-02 -1.115621568950394549e+00
4.703467528080240712e-02 -1.146780549530049598e+00
2.198669091464891534e-02 -1.231911400622035302e+00
5.837397681879191377e-03 -1.269593334495237480e+00
5.438346359566620380e-02 -1.268344227141227742e+00
1.425384524014300380e-02 -1.281880673730650289e+00
5.263266616311892965e-02 -1.283411865722472234e+00
6.743093195766147740e-02 -1.230153875979344225e+00
5.765222567602566739e-02 -1.259827661970320367e+00
5.430926799063746230e-02 -1.367916910455644341e+00
5.073677331223064996e-02 -1.415582501183161090e+00
8.964066216295663025e-02 -1.331051452621685893e+00
1.159080893965178799e-01 -1.348230668592276693e+00
1.135156475746450649e-01 -1.376941487418632537e+00
1.674634666827920781e-01 -1.404588147769929796e+00
1.899081773715046717e-01 -1.458790666791184298e+00
1.789652981062460346e-01 -1.443248129881347763e+00
2.216410369909597999e-01 -1.499715338955675215e+00
2.170828483908781859e-01 -1.441707674359169689e+00
1.505770285350224169e-01 -1.513172379200238726e+00
2.368267978008680441e-01 -1.597034646727013119e+00
2.603622453131504977e-01 -1.440881236912980423e+00
2.679337541219254382e-01 -1.337899747580821641e+00
3.155484637593606867e-01 -1.449238597565577047e+00
2.920444990730801105e-01 -1.488190712575332864e+00
2.164812596022960278e-01 -1.507514557596299154e+00
2.141000969056706671e-01 -1.413149304079409863e+00
1.450341715094266570e-01 -1.380370216170264897e+00
1.219181233648534007e-01 -1.432303781296391465e+00
1.535121787263558912e-01 -1.524366876641834567e+00
2.089104007947456543e-01 -1.581821521935270702e+00
1.729094612793623809e-01 -1.511903855482692016e+00
1.486033758353882406e-01 -1.505251413881392164e+00
1.459786264831887670e-01 -1.429196895080877772e+00
1.302457623103436546e-01 -1.437407061338720204e+00
1.237549869914471717e-01 -1.456277377024989494e+00
1.402975323240953642e-01 -1.586556904661230893e+00
1.868017571571059521e-01 -1.534580746114148964e+00
1.986127432347467303e-01 -1.497378637073784491e+00
1.682475507608485465e-01 -1.396206789944687721e+00
2.476572181156978802e-01 -1.406798990254270354e+00
2.273534827205289655e-01 -1.383676763838200596e+00
1.863960952428987683e-01 -1.564889978920955382e+00
1.612656332959314376e-01 -1.536882337734329029e+00
1.463595037076562411e-01 -1.415518513242223220e+00
1.542353731201953071e-01 -1.455039231959360801e+00
1.589889775665814797e-01 -1.539195477668624967e+00
9.777031523228044141e-02 -1.426709902377745642e+00
7.193819136135368164e-02 -1.393376464390948977e+00
1.154533075034284983e-01 -1.309675230822916703e+00
8.871438025064637412e-02 -1.355551015679657745e+00
1.049826983799278662e-01 -1.454009217487781669e+00
1.849176694023120793e-01 -1.448037452226706323e+00
1.154639091591829481e-01 -1.435845617323293189e+00
1.597203689343613120e-01 -1.304270651277220860e+00
1.265486107271079352e-01 -1.260488276256646278e+00
1.149161909371215762e-01 -1.246459361290121359e+00
7.899168309424131618e-02 -9.609287436035180985e-01
1.079305025308566618e-01 -8.338980350552812615e-01
9.920825247469004793e-02 -9.693154244810617826e-01
6.254752934966417710e-02 -1.019685522927283872e+00
6.505396546703226535e-02 -1.040809168951224661e+00
4.576160827998274061e-02 -1.061369246898596463e+00
-3.006351064938594941e-02 -1.094634069585614489e+00
-4.072585511500477484e-02 -1.190920731670180199e+00
-5.799126385886553547e-03 -1.072806021131371912e+00
3.641584427093372961e-02 -1.074268602341545753e+00
1.789550826460735433e-01 -1.044161605556915395e+00
1.684924071121862432e-01 -1.029250302366111702e+00
1.534918267427290706e-01 -9.447714606092009193e-01
1.858217871200909532e-01 -7.598095727921999609e-01
2.278499338478228997e-01 -7.529310916959169875e-01
2.175274607589479658e-01 -6.499744063438115393e-01
1.814923655010695636e-01 -7.252976033762146280e-01
2.102742434128489213e-01 -7.603451355991225347e-01
1.787791751233617221e-01 -8.191291756361152032e-01
2.513169965034937614e-01 -7.263369891302179360e-01
2.166509301303808088e-01 -7.137027447974689798e-01
2.443451678074471944e-01 -7.234581394989243464e-01
2.658102456085333909e-01 -6.722833947798972920e-01
3.035998630849577329e-01 -7.442778485174348369e-01
3.189389950464448509e-01 -7.453068088964518445e-01
4.076494246039708003e-01 -6.984109019985647038e-01
4.053928196723763921e-01 -6.236016767040896136e-01
3.706506629382159135e-01 -4.648700747385307031e-01
3.141380930696167639e-01 -3.898158645421076485e-01
3.271254191443971338e-01 -3.018034974133720905e-01
4.254120113111849455e-01 -2.562388030820463292e-01
4.744594293461219525e-01 -4.826801185446424891e-01
4.276824631602357818e-01 -6.211883138438656360e-01
3.993922099960027228e-01 -5.406196763757097346e-01
4.837939233894535951e-01 -5.477472323162742018e-01
4.435965218604872029e-01 -5.671969974261442671e-01
4.150960298929697312e-01 -4.510337326589040075e-01
3.810829350682519157e-01 -3.421894789963320083e-01
4.304157161506910745e-01 -1.976254283840875314e-01
4.410818321846438073e-01 -2.043759818916871807e-01
4.217595373924687974e-01 -3.422346686669422988e-01
3.839640880707420600e-01 -3.585995912610298042e-01
3.528056325032352669e-01 -2.709820828491392719e-01
2.999426281262149718e-01 -8.543989770869264699e-02
2.161442115980892198e-01 -1.052157350818182513e-01
2.006949192808981930e-01 -1.615263194356103271e-01
2.239266568085513387e-01 -9.042820652154455463e-02
1.763889356612881598e-01 -6.493198225662696887e-02
1.482497464340261084e-01 9.440872195539261325e-02
6.389252181811148901e-02 1.707371720516868696e-01
3.932268194832111430e-03 9.412891459110328540e-02
-2.392745854274073297e-02 7.622669218836124194e-02
6.949392111568097191e-03 3.068864543027755576e-01
-2.454053546992096546e-02 3.678533846050774381e-01
-1.195517526689902910e-01 3.814639495147787995e-01
-1.221589080269201433e-01 3.098452209364941368e-01
-1.506399189503705160e-01 2.355198242641248774e-02
-2.045440417012650558e-01 -2.014727988341768472e-01
-2.528605851048478792e-01 -9.869824597037736569e-02
-2.684737815856856336e-01 -1.420804048784467533e-01
-2.373753769511238731e-01 -1.318384836011734784e-01
-2.665071233935880635e-01 -1.032812867237604681e-01
-2.413411889692086421e-01 -1.543222460551779696e-01
-2.874566628102406818e-01 -1.414232734869602659e-02
-3.114443958472316587e-01 -4.031226746714900583e-02
-2.868871265789602054e-01 6.359634756335692807e-02
-3.330382540884953002e-01 -1.367454807198429378e-01
-3.664242621596806027e-01 -1.347177788180830005e-01
-3.514772629201171061e-01 -1.576953630428750974e-01
-3.808369393888922927e-01 -8.214494991529407153e-02
-2.543207629699498762e-01 -7.286762380634853598e-02
-2.907914148912499330e-01 -2.035784898196054682e-01
-2.599285157089443188e-01 -1.504508694792587864e-01
-2.160937207029112184e-01 -1.099746781358910963e-01
-1.595135473195982700e-01 -1.048399159830942784e-02
-1.894264199704848162e-01 4.039773009184429234e-03
-1.886816681294179732e-01 2.063280439743773748e-03
-7.270827990420984654e-02 -1.092338126392894959e-01
-1.052118658313807575e-01 -1.132178228860600405e-01
-6.907522822231243476e-02 -8.989234332460518950e-02
-4.414171049330868624e-02 -2.084851537012345213e-01
-4.305570834977096029e-02 -1.592471154128948796e-01
-4.356103633854244150e-02 -4.209525655639738406e-02
-5.945353213365477119e-02 -6.841728283685981349e-02
-5.854318535619831149e-02 6.359754172000918471e-02
2.741706696038449798e-02 1.156649527860152543e-01
2.472776207534444978e-02 6.590294362932413996e-02
3.815326563008315103e-02 1.650476990350924905e-02
-1.089990969099192963e-02 -1.268078209150384772e-01
-2.185284299976205172e-02 -1.327783859705410630e-01
-5.951357463305648188e-02 -2.747963015963004185e-01
-9.467545881716200873e-02 -1.894708929006031772e-01
-3.779970136431887867e-02 -1.858577386658769315e-01
-7.938458510124962036e-03 -2.781723113049857643e-01
-1.646641129669381039e-03 -3.866035578719574373e-01
-6.539556921255462729e-03 -3.827347814448678887e-01
-2.654863146443558683e-02 -3.899146816795371340e-01
-1.763238008747391311e-02 -3.986902132215944250e-01
-2.425078072840169269e-02 -5.927925104863872585e-01
-7.561138930757377308e-02 -5.529749464027498007e-01
-7.034553406082370841e-02 -4.553059355636476235e-01
-1.221087450514629080e-01 -4.216769881756201599e-01
-1.266265344533198944e-01 -4.476475014317660150e-01
-8.371234872618404932e-02 -2.678156390300134859e-01
-7.658335772242483297e-02 -3.532981131833205501e-01
9.501557890502498882e-03 -3.713165422395784399e-01
-5.798367056395361402e-02 -3.402292279301264988e-01
3.098718365174652628e-02 -2.927572173547162704e-01
-4.216654516429049065e-03 -2.108380922087891296e-01
-6.926738457254440207e-02 -2.688016090238015687e-01
-9.646464746029248527e-02 -2.266922159821318505e-01
-1.088353491848785409e-01 -1.492611587687128205e-01
-1.308837830507656175e-01 -2.307099259850495243e-02
-1.349068611425596198e-01 -3.944682304742908735e-02
-2.479808241912067057e-01 -1.981779361355033853e-01
-2.728679487692157180e-01 -8.485840867548608002e-02
-3.008946704214108259e-01 -1.037912732604925475e-01
-4.076331811566708541e-01 -1.293542798984513298e-01
-3.671128695117508167e-01 -7.516692919025852460e-02
-3.650318004883664758e-01 2.100912728941234375e-01
-3.623266173251412647e-01 3.270624299708618232e-01
-3.872671471694176804e-01 3.607040868542453760e-01
-4.277593545199317449e-01 3.590010945570940026e-01
-3.858462101952769840e-01 2.983707980331013476e-01
-3.707226322274151387e-01 2.992378464754452128e-01
-3.329527007634549562e-01 3.257763101870037592e-01
-3.262565398976617348e-01 3.099638738776868130e-01
-2.842828707972048230e-01 3.173093501471681566e-01
-3.187173723188017616e-01 1.973919364428742829e-01
-2.420913046909428101e-01 4.452101411679179610e-02
-2.149122743490663456e-01 3.121368198874772265e-02
-1.997096886277425487e-01 1.254795761764513351e-01
-2.159386935705823740e-01 5.575521680592730733e-02
-2.497162980375741970e-01 1.708374722191916828e-01
-2.571419650899842702e-01 4.333742038180060652e-02
-3.170202738643189133e-01 1.970996716391544834e-01
-3.228347952330987147e-01 2.935307283489827501e-01
-3.319532945923568956e-01 2.500510499212991178e-01
-3.332465230455102789e-01 3.002284044746401648e-01
-3.196683739589328832e-01 3.488913773416048580e-01
-2.965068424940576763e-01 3.007412803126803813e-01
-2.216669800162461290e-01 4.068791292070128018e-01
-2.209300169171807271e-01 5.483909467257895853e-01
-2.018650715533908957e-01 6.125303490394302663e-01
-1.709736653821695429e-01 7.231017246865308890e-01
-2.431162843217917202e-01 7.461402722887933159e-01
-2.209068442653883135e-01 6.410885843762149650e-01
-2.517725880992822685e-01 4.270575898406038240e-01
-3.011268121895417371e-01 4.809924502282759695e-01
-2.997559232491324166e-01 4.399291431820435694e-01
-2.770143972926254472e-01 5.002811193448504223e-01
-2.022437899856263654e-01 4.140288427612595634e-01
-4.683487691051796409e-02 4.888493804407634813e-01
-2.267761660095304888e-03 5.310585338613562634e-01
3.421814917394233602e-02 4.887389494290815262e-01
8.686242793298872000e-02 3.736402617178115615e-01
4.478004671944949000e-02 2.313305172486077588e-01
-5.986843794695877186e-03 3.070443459086281690e-01
1.646983784597440964e-02 3.648890255978951558e-01
1.066218100783387773e-01 3.073832990745454241e-01
1.586787824721913320e-01 2.126650796486459494e-01
2.059221353490295614e-01 3.584215040760438953e-01
1.862032947015036799e-01 2.781688072015917612e-01
1.287787679598743074e-01 2.806802631290553629e-01
7.263049544718916395e-02 4.461790990806718260e-01
1.325664438945352852e-01 3.059868533469178864e-01
1.796810723316792924e-01 1.230753257897351516e-01
1.847656251666031924e-01 2.140447595670962877e-01
1.597146945269380114e-01 2.050083506840452430e-01
2.049539797781037564e-01 1.982811067004936478e-01
1.352931896862651917e-01 3.186894540029291956e-01
1.371015587323185514e-01 1.991090547247728604e-01
1.864455105912592170e-01 2.696846320571548161e-01
1.800712635503916303e-01 2.906384084620322605e-01
1.943390712479981242e-01 4.207721218227506998e-01
2.636803313863380072e-01 3.233135558173755308e-01
1.883328119539216527e-01 2.202013888884120085e-01
1.571130110361965981e-01 1.594637508795335168e-01
1.536290727301309333e-01 7.335700216085479231e-02
1.669007735486703059e-01 -8.328306420138170685e-02
1.313768162064495870e-01 -1.666405319524014439e-01
1.531243540716474838e-01 -1.589083041279756581e-01
1.381772949504755377e-01 -3.343688957913073523e-01
9.676811150910508141e-02 -2.106817291710167961e-01
1.284298754120168640e-01 -2.509802755045186240e-01
9.559939752160126480e-02 -1.064555156690521476e-01
6.188921235412899596e-02 -9.353332858548732420e-02
8.985079822497793467e-02 -1.969597058072332652e-01
1.394921935680863978e-01 -2.086591567329066366e-01
1.151886104578442871e-01 -3.540546648995478440e-01
1.251024608440120534e-01 -3.992011801699545392e-01
1.786407685326708572e-01 -6.419658744534075812e-01
1.591372239295209268e-01 -7.494915935395101148e-01
1.478007623131928627e-01 -8.452847188743922713e-01
2.389838010804872792e-01 -9.717602328392820343e-01
1.899407916631134230e-01 -9.473468008084054981e-01
2.832442857685989468e-01 -9.119926438500531862e-01
2.459553618894252391e-01 -9.878222266615086511e-01
2.055820677301169741e-01 -8.830778345058707401e-01
1.784712852794332894e-01 -7.794751972719403676e-01
2.026415111493965471e-01 -7.612312348938874429e-01
2.717162906731754868e-01 -1.021981623285730612e+00
2.993604517642601270e-01 -1.066763134349731912e+00
3.080479415175092495e-01 -1.152673147064633419e+00
2.888673920278638230e-01 -1.238393428737975421e+00
2.540848882045654844e-01 -1.130678889396250275e+00
2.160351826733724612e-01 -1.177970939921747506e+00
2.696130059236469534e-01 -1.180945403713914654e+00
2.436888127335760934e-01 -1.210216512410606127e+00
2.022289057881480334e-01 -1.260207535458329753e+00
1.388225129513670220e-01 -1.155670271964705620e+00
1.070460435254668580e-01 -1.089901323458746463e+00
8.437882491551576547e-02 -9.515034456222093429e-01
8.279501165312970479e-02 -9.530330868291998492e-01
9.336221556824142453e-02 -8.471541361520176228e-01
1.080170105229013439e-01 -8.330618786175568724e-01
1.381158718572831900e-01 -9.434507799226470315e-01
9.411430153784547392e-02 -8.134602102810289947e-01
2.862791672213534089e-02 -6.360392832183887624e-01
-7.294862103007712650e-04 -6.867709311575713738e-01
2.287358089943539174e-02 -6.586770837178066440e-01
-2.811169403987487381e-02 -6.295316459222796146e-01
-4.085714659987537550e-02 -7.339197392881634530e-01
-8.465910051830671801e-02 -8.285624297045522946e-01
-8.623025867583780646e-02 -6.663517569539846308e-01
-2.918490888489717883e-02 -5.945097527134067805e-01
-2.100340102244501253e-02 -6.290993668927490345e-01
5.984221375703793755e-02 -6.709355728588671797e-01
4.712108854944935948e-02 -7.808351604599330642e-01
5.271682926808075875e-02 -7.417889097457788239e-01
1.008065367685671010e-01 -7.478934839502168197e-01
9.447004978305402478e-02 -7.779211049732805972e-01
9.632743210062688632e-02 -7.187465342100465282e-01
9.990671167081846549e-02 -9.921098536821577607e-01
3.128075344543089498e-02 -9.449621676247954571e-01
-5.652397875131744132e-02 -1.014104152491571931e+00
-5.140161173300514252e-02 -1.048137357832557903e+00
-1.246076691464301361e-01 -1.075797057174776139e+00
-1.336492693892485928e-01 -1.019477731930341857e+00
-6.493755137279798306e-02 -1.062387827804959883e+00
-5.609563558970926539e-02 -1.038783874925686801e+00
-1.191073199382975817e-01 -9.816810685234230727e-01
-1.796000894819020088e-01 -9.577669735968659115e-01
-1.559453158524950755e-01 -1.235157164685761977e+00
-1.851955285270306395e-01 -1.260045403783522477e+00
-2.297412245805303677e-01 -1.206790554253399872e+00
-2.722270017481417947e-01 -1.217523139196878601e+00
-3.162042968811649701e-01 -1.363531632500933899e+00
-2.546478895566489653e-01 -1.490123854910044177e+00
-2.122393359503814692e-01 -1.504064145941439445e+00
-2.569809078794494384e-01 -1.368072919739788951e+00
-2.942888845390275732e-01 -1.327566711616283035e+00
-2.592703296705559102e-01 -1.326826984557060607e+00
-2.718439066150378780e-01 -1.288638703368443217e+00
-2.776488353763941208e-01 -1.440552389834016900e+00
-2.082246881942074190e-01 -1.386113955119582242e+00
-2.240749097042453175e-01 -1.393665862339087180e+00
-2.566911054065101894e-01 -1.400554774307143591e+00
-2.661389887287342604e-01 -1.348443032063778357e+00
-3.136250431765576496e-01 -1.265697189522278832e+00
-3.063350027724134894e-01 -1.298179804485271704e+00
-2.736976116262946901e-01 -1.227216934804817416e+00
-2.831856109747151184e-01 -1.209960361910848770e+00
-2.657561565639428580e-01 -1.152350288288303659e+00
-3.746329401382434976e-01 -1.232732827515967244e+00
-3.403819938042024762e-01 -1.293935696902508425e+00
-2.819905463730756900e-01 -1.340713960203103294e+00
-2.542189376063468953e-01 -1.505547980000155217e+00
-2.386098816375552267e-01 -1.415366963583463145e+00
-3.415289758127958430e-01 -1.416176254665506784e+00
-3.224006616928902225e-01 -1.430806114574245225e+00
-3.268867708790958448e-01 -1.564080725775166103e+00
-3.980257659985829144e-01 -1.566404790994643914e+00
-4.401822579974382643e-01 -1.455716249455754507e+00
-4.104494958591301534e-01 -1.489235851989337833e+00
-3.483523373334361239e-01 -1.556482376383898192e+00
-3.400596264227602195e-01 -1.370732601028798348e+00
-4.588760584913648688e-01 -1.256983847337313831e+00
-5.034559880923906716e-01 -1.207908313292285873e+00
-4.369352013621193298e-01 -1.206198013031443805e+00
-4.296101262149801814e-01 -1.252004027271917730e+00
-4.333826574048401659e-01 -1.280198962104017291e+00
-4.246964587582253703e-01 -1.107542381590064240e+00
-4.100427535710702287e-01 -9.947659068820531303e-01
-4.063441583100535492e-01 -9.641710911173785314e-01
-4.396888134579491347e-01 -1.015542596963400879e+00
-3.966230710821964656e-01 -1.105960592149701549e+00
-4.142561317494991013e-01 -1.337473764610098481e+00
-3.779022237749596336e-01 -1.457716933399454851e+00
-3.758761810500185208e-01 -1.477759431323800277e+00
-3.685781618490986955e-01 -1.465328711821579200e+00
-3.590685482468612966e-01 -1.535554042896554394e+00
-4.459540141327101304e-01 -1.577521428885023447e+00
-3.521591066769470535e-01 -1.543145234254612141e+00
-3.544330092707237423e-01 -1.618205441298659508e+00
-3.302525987020591414e-01 -1.509227380208340241e+00
-3.596275421958375351e-01 -1.521878057325098954e+00
-3.036425632617242298e-01 -1.449487357118091957e+00
-2.382707107916801625e-01 -1.450703778869546268e+00
-1.781504970619774975e-01 -1.518055403408016257e+00
-1.239997263833726160e-01 -1.517376136882883753e+00
-1.111648621585607094e-01 -1.262976156055312993e+00
-1.280792868391539829e-01 -1.168437909331020430e+00
-8.918700996001813208e-02 -1.143504865598089948e+00
-2.058091699328354895e-01 -1.061371350244104450e+00
-2.212784453576565336e-01 -9.865537860551981675e-01
-2.240559942075766031e-01 -7.800895767233134714e-01
-3.104102205632173206e-01 -8.105278490745939646e-01
-2.380888290989037759e-01 -7.494472988699207860e-01
-2.296640343410282503e-01 -7.641788430048250813e-01
-2.240378851240945601e-01 -7.527669138430524987e-01
-2.162177443822942968e-01 -7.768282436569587945e-01
-2.415619633752067175e-01 -7.660626926906852763e-01
-2.327750679376506537e-01 -9.254805189411081656e-01
-2.146864821182513372e-01 -9.190628443254282853e-01
-3.050583183611503824e-01 -8.793748971467755249e-01
-2.994101475783634836e-01 -7.470042361951801935e-01
-3.536167728656307574e-01 -5.925812150703820835e-01
-4.172117689596869794e-01 -5.539437991671907202e-01
-4.664982188351972092e-01 -4.669527389205220258e-01
-4.282467561857321581e-01 -4.982043551853546637e-01
-4.259926451392470614e-01 -3.784353258255107044e-01
-4.331072053857166759e-01 -5.120094687286307344e-01
-4.940443934043606822e-01 -5.082015393840045858e-01
-4.835618340106810908e-01 -3.879231517441147359e-01
-4.663239548428552150e-01 -5.389964322668272523e-01
-4.538694190162889663e-01 -4.404788158108603469e-01
-4.522221003689035346e-01 -3.507581732417879294e-01
-4.349462634624488011e-01 -3.963801314825308730e-01
-3.378226066979426734e-01 -5.298243618125688670e-01
-3.148220698460852951e-01 -5.498419891909773760e-01
-2.915313172310252665e-01 -5.103450723366024233e-01
-2.347910715140126559e-01 -3.986164690497156493e-01
-1.922772773525688039e-01 -4.164587759143831280e-01
-2.529674533949088922e-01 -3.865130363847644746e-01
-3.040036816542289189e-01 -1.298453146703619221e-01
-2.728865685620912584e-01 -1.352548121909419310e-01
-1.852421048529031555e-01 -1.333974866035626261e-01
-2.057523263976006600e-01 -1.171455659348145661e-01
-2.285545301503485727e-01 -2.158193757853146266e-01
-2.044914170251810881e-01 -1.888607526222987887e-01
-2.159431808372648254e-01 -2.089397105364229901e-01
-2.367125565782767782e-01 -2.738182606597515667e-01
-2.698726502331421639e-01 -4.687475586667369520e-01
-2.974727296038100488e-01 -3.609991361056144044e-01
-2.680041526222375903e-01 -4.649720242710974061e-01
-3.742695636995571062e-01 -4.572548707732881912e-01
-4.433218687247749146e-01 -4.098980035000600597e-01
-4.603804422017695464e-01 -4.749371082007064482e-01
-3.594509792434421036e-01 -3.658469928878479438e-01
-3.720710873756675197e-01 -4.515322088244415610e-01
-3.226287025655944496e-01 -5.365984248427347891e-01
-3.194211592356394069e-01 -5.248480366744153747e-01
-3.206539033762702551e-01 -6.465192052759929364e-01
-3.192389010175503139e-01 -7.839335660648945048e-01
-3.484528072161161560e-01 -7.612950776792390961e-01
-3.027515949071812873e-01 -9.457480548351734351e-01
-2.362858018588101794e-01 -9.598815030616183464e-01
-2.259525410671868462e-01 -9.400766215433279394e-01
-2.196512280754655544e-01 -8.747449702884629863e-01
-2.445761810954929782e-01 -7.730826230642130481e-01
-2.010900071214864471e-01 -7.425452686159429438e-01
-2.084256881507850767e-01 -6.970090117616439818e-01
-1.950096338558323650e-01 -6.277393181404538058e-01
-2.269620964414510722e-01 -5.753882510433275810e-01
-1.763303627556246367e-01 -5.243692397102686087e-01
-2.155521715992409493e-01 -4.878956518903988515e-01
-2.091453980807467528e-01 -3.468397021526726798e-01
-1.815644385486421819e-01 -1.552170178147770918e-01
-2.199463437706711266e-01 -3.976200948284605574e-02
-2.260080837882122162e-01 7.653865334072827709e-03
-2.357810072134539636e-01 -4.585309833177741295e-02
-2.732385677492428777e-01 4.805368684848901339e-02
-2.038357080689233158e-01 5.134038773135517902e-02
-1.497629213233124257e-01 3.456725128331308156e-02
-1.914313313409034822e-01 1.392474722021405098e-01
-1.233217626040444131e-01 3.430801239070131736e-02
-4.301038461802322854e-02 3.912313854233208377e-02
-6.900455652598055933e-02 1.130696269586700664e-02
-6.555700729220896583e-03 8.017405604398070151e-02
-4.485870628022977508e-02 9.330890345030208588e-02
-4.460572453158713480e-02 1.026247105724774344e-02
-3.720021242061846700e-02 6.904065892454402942e-02
-7.311290314457033479e-02 5.347508129418430955e-02
-2.536943089066781565e-03 1.427814279086998539e-01
4.108198622607506928e-02 5.716559944809002092e-02
8.468769540343965008e-02 1.143557747713798423e-01
9.069578097806843542e-02 4.375837462924295207e-02
-4.479466092588557657e-02 1.473800885665524363e-01
3.842618692848928652e-02 8.566678337017206990e-02
-4.396956221684680810e-02 1.117058411090108144e-01
-9.185952796675987686e-02 1.833664679559102173e-02
-1.921505333113113223e-02 -1.094700140120814374e-01
-8.069771643263641547e-02 -1.870039786756658162e-01
-8.145210428731675112e-03 -2.521755273855234014e-01
-2.704115289439319725e-02 -2.919259760639780210e-01
-7.065924046747691645e-02 -2.469891999771364199e-01
-9.032002596404564709e-02 -2.171024229012181450e-01
-9.606416979430888736e-02 -1.468596868530672173e-01
-9.362435084217857195e-02 -2.924156622106983683e-01
-1.021736621543124918e-01 -1.135725398033634870e-01
-1.626290172287827573e-01 -2.363034430374151285e-01
-1.476062386872281917e-01 -1.904892632333805014e-01
-1.257291838372604498e-01 -2.880593898974910805e-01
-1.313509951725344294e-01 -2.265922785199933620e-01
-1.278494997678885359e-01 -1.044999530669334792e-01
-1.578863144100388083e-01 -1.249263759159495862e-01
-1.604433097189744695e-01 -3.295200802091181602e-01
-1.277027309234359531e-01 -3.652642686264058747e-01
-9.883335516511324026e-02 -2.549361654073009076e-01
1.250026422937428050e-02 -3.562776941528955077e-01
-4.100929459230674007e-03 -3.897941970785816501e-01
2.735642086666405584e-02 -2.496003266433553802e-01
4.828227409252087987e-02 -2.196139200809021641e-01
6.836325968254340635e-02 -2.148027219611639282e-01
1.118660941075448056e-01 -2.431509215040955074e-01
1.760323450366886311e-01 -3.461185878013803841e-01
2.235937239646532404e-01 -3.784148386151979793e-01
2.730334325143554119e-01 -3.501866758127690216e-01
2.180623378874419482e-01 -3.441739686885039173e-01
1.367753476570789939e-01 -4.058179093261725656e-01
2.064726780016977736e-01 -3.538519132107017517e-01
2.832399879525337449e-01 -3.827920192365184548e-01
3.126111461130129943e-01 -2.948924536980453981e-01
3.229627911762508741e-01 -3.213683700438801916e-01
3.479883319193317059e-01 -2.783409605706059775e-01
3.545739832097482558e-01 -4.496064281981960731e-01
2.664185020288540873e-01 -4.678629669055488494e-01
2.397859176378503987e-01 -2.900152777667096560e-01
1.919639313316786611e-01 -3.746808461067496210e-01
1.929345146881415729e-01 -5.782801737369802630e-01
2.188529009125215197e-01 -6.560201898644921759e-01
1.631887628272985225e-01 -8.026647712823040681e-01
1.700721374222541882e-01 -1.002578562963876596e+00
1.079919421015938519e-01 -7.602181655712644259e-01
8.804996022840286263e-02 -8.721816126409865921e-01
4.735765366608513105e-02 -9.333565889135426730e-01
7.006642905412382993e-02 -9.133559597490074067e-01
7.300062730717364612e-02 -7.409516920230246884e-01
6.953388876791223583e-02 -7.504117149596242209e-01
1.052885499147718229e-02 -7.658083709186327415e-01
8.684415758307778566e-02 -7.219943653432381314e-01
8.719150515354752440e-02 -6.985761071027607461e-01
1.378416826649519478e-01 -5.612963362306325754e-01
1.148880219426208216e-01 -5.838814317633774786e-01
5.963589739152413971e-02 -5.892947635537635342e-01
3.029772442883168007e-02 -3.822954114656559321e-01
-4.543794207743231950e-02 -2.865057899645770401e-01
-5.268731115617651672e-02 -1.644033078851382945e-01
-2.538799062336108414e-02 2.175082233608871540e-02
-1.823999911398761428e-02 9.840398537558205094e-02
-1.741965805787239890e-02 3.032342261163291086e-01
-2.026097168338514623e-02 4.201527094866178702e-01
-6.930447245272473855e-02 3.160998109105247478e-01
-7.249092324385546238e-02 3.168076411098765810e-01
-6.725235294318125667e-02 4.734836844091050434e-01
4.059578950903475203e-03 4.724495399239803106e-01
-4.585631207517453477e-03 4.139270941996167075e-01
-4.113906408097513928e-02 5.160332712672895950e-01
-3.641727723080632334e-02 4.473068387201393770e-01
-1.768733222634316371e-01 4.128241108225838008e-01
-2.175111984584732205e-01 2.862133379505336084e-01
-1.548150843978176316e-01 1.904316850960648955e-01
-1.683717243378893835e-01 7.696916576784861019e-02
-4.218563483493427413e-02 -1.030932395946657087e-02
-6.586440033641755010e-02 -9.590712368047188408e-02
-1.030771329743190162e-02 -8.592605805084113646e-03
4.614210247265256720e-02 1.608726129180724704e-02
3.714685483703140251e-02 -1.085955596430187853e-01
5.577221260038099648e-02 -8.908509868106248564e-02
7.602957841592830612e-02 -2.559810211672903235e-01
4.717656556724103556e-02 -2.233914075222870332e-01
-1.731099858173698602e-04 -1.012845328326761746e-01
1.938003500933000584e-02 -2.883185161445121492e-01
-2.179167549653486524e-02 -2.531970543317060840e-01
-2.506256514298897675e-02 -5.329651588598732781e-02
-1.285489450928626598e-01 -9.432387486995902348e-02
-1.036868321651316649e-01 -1.685813549799501376e-01
-1.212638309144441762e-01 -5.108416052374871452e-02
-1.470076040706111142e-01 -9.191395094019449985e-02
-1.994032518959454325e-01 -9.317594211043242480e-02
-1.218026137123858071e-01 -1.902303405771547107e-01
-1.309042259040609779e-01 -1.652557371311102474e-01
-1.406765880274309377e-01 -6.705422885239717412e-02
-1.728847271464222513e-01 -1.157215939396688820e-01
-1.381681650144976903e-01 -1.135406652355471085e-01
-1.650939738021859338e-01 4.048831854776996364e-02
-1.548014269099312612e-01 7.672938815609023355e-02
-1.475058876790176776e-01 4.111716170564861522e-02
-2.005065616571377052e-01 2.455574897883936736e-01
-1.718887577227865004e-01 1.233521133489081795e-01
-1.335359213751659835e-01 5.428608626923393798e-02
-1.448776182691990100e-01 2.678954424445366689e-01
-1.237692781322957403e-01 2.098882081783816633e-01
-1.282268643922676865e-01 1.516754272829825279e-01
-1.740420186825961113e-01 1.030446996017053418e-01
-1.557763392770000199e-01 7.797260071070141740e-02
-1.141945853101177522e-01 5.646872757218654448e-02
-1.913367147749949204e-01 -1.006627642912099468e-02
-2.237012526513053601e-01 -4.068398891350993168e-02
-1.751607035142108970e-01 -2.546469631212729401e-01
-1.516829951427927370e-01 -2.030779808037571632e-01
-1.497497915811620561e-01 -1.187191898341844465e-01
-1.248708595882972727e-01 -1.374920463849716445e-01
-1.086235431590800021e-01 -3.479843298367144011e-01
-9.726066044614492534e-02 -3.614625095274094924e-01
-1.737961249617374637e-01 -4.746011924886853750e-01
-1.700679345746982096e-01 -6.084003942360184380e-01
-1.988173276964444736e-01 -6.848500420343998085e-01
-2.225253894009037725e-01 -7.261754105902683554e-01
-9.434280287795973607e-02 -7.892860984746068453e-01
-1.225086281046272457e-01 -7.728064925320702327e-01
-7.896044185366293822e-02 -7.726631124200650236e-01
-7.255258718547141772e-02 -6.630256057346993748e-01
-6.919440806628891771e-02 -6.007637737592762539e-01
-3.204373753286520604e-02 -7.504396553718588603e-01
-5.297968075850291447e-02 -9.285349822904171990e-01
-6.136262697108597897e-02 -1.026785607756497187e+00
-6.004961258507664212e-02 -1.005813565937936804e+00
-6.022594636829985831e-02 -1.119118273359778648e+00
-1.637835063606939839e-02 -1.291898553323069354e+00
2.199229673502896276e-03 -1.326731349442953123e+00
-2.353375426177149558e-03 -1.174999045851128354e+00
-9.555116220503527547e-02 -1.233869569539854494e+00
-1.204588611633234385e-01 -1.157411171327417332e+00
-1.809964121883784749e-01 -1.035219847147994532e+00
-1.521414152173823919e-01 -1.106748666119525826e+00
-1.137716981328869281e-01 -9.674591759993832474e-01
-9.432995675915809008e-02 -1.077031705971601916e+00
-6.027929019008450295e-02 -1.167573626201726666e+00
-1.154462222960138812e-01 -9.510719765823560934e-01
-1.517438582566711935e-01 -8.935685135329226592e-01
-2.006597166025422818e-01 -8.077199386962579108e-01
-1.252743697299940062e-01 -6.931530751792485123e-01
-1.272078304372745994e-01 -5.459397568407440282e-01
-1.234852852509319976e-01 -4.307351793874142354e-01
-1.903755082635856799e-01 -5.835449554688445506e-01
-1.559844385962221580e-01 -6.898997380533427037e-01
-2.129034059863899042e-01 -6.191753483034234673e-01
-2.964417833622297604e-01 -8.017309418839797530e-01
-2.970097915549198553e-01 -8.657183383024752432e-01
-3.066133431782734342e-01 -7.317026850824741580e-01
-2.743085754378787877e-01 -8.259536047530998681e-01
-1.818362296344310236e-01 -6.890285547482910555e-01
-1.377293710257777304e-01 -7.871357044865823216e-01
-1.708153485501114899e-01 -8.112321609528232447e-01
-2.293875356503458085e-01 -8.209922535777735009e-01
-2.462140700299862983e-01 -7.640342027423873139e-01
-3.023673211748660328e-01 -9.268648588328334270e-01
-2.147549437921102700e-01 -9.218437802654046997e-01
-2.572010431068562086e-01 -1.073400675394470483e+00
-2.313370767449459409e-01 -1.144528757981757128e+00
-1.484024811391559950e-01 -1.086386585991402587e+00
-1.334294152666063993e-01 -1.046190855642606721e+00
-1.278055953871002626e-01 -9.879118971738082289e-01
-1.199667828477272852e-01 -9.813553564626473769e-01
-8.005971259257077532e-02 -1.091999380975401168e+00
-9.397912955017048708e-02 -1.111293682688351270e+00
-2.891610835407015800e-02 -1.115772845918156397e+00
-1.268725609131566429e-03 -1.095614058084329434e+00
-2.494895932877978437e-02 -1.157107635061358275e+00
-3.033019041810930058e-02 -1.295459379704839709e+00
-1.064258839687036301e-01 -1.474573765101589329e+00
-1.277022338008305391e-01 -1.540604246850245884e+00
-1.074575045757958092e-01 -1.640877600017897731e+00
-1.313944101695323774e-01 -1.713235330885256369e+00
-1.350275630484221168e-01 -1.711725442803542219e+00
-1.475413504362211581e-01 -1.631883860989582713e+00
-1.204945349020932893e-01 -1.893440821187300838e+00
-6.949881886964040523e-02 -1.950719361149980902e+00
-8.215439224070812674e-02 -1.975480440987884556e+00
-6.269755893326495189e-02 -1.991238628249354159e+00
-4.623343739867902258e-02 -2.234595221354193750e+00
-3.144828127753881986e-02 -2.308228948793632274e+00
-7.458802138098418605e-03 -2.521868875906323026e+00
-1.063656538968571347e-01 -2.657230574402978718e+00
-1.314586432527643789e-01 -2.526524937565035600e+00
-2.819697767940224642e-01 -2.651857796854038440e+00
-3.574131336245732760e-01 -2.542420406522862830e+00
-4.160126497764307651e-01 -2.426411357726620643e+00
-3.815591314316849059e-01 -2.590697852814972002e+00
-3.002197815738997244e-01 -2.526396937328572179e+00
-3.382788176881058595e-01 -2.523079554973222560e+00
-4.238007880009910244e-01 -2.308077226793345815e+00
-3.242722444938101467e-01 -2.232274001083101922e+00
-3.137141533555714568e-01 -2.253323270503917453e+00
-3.112390006465691195e-01 -2.431614474714069107e+00
-3.822997025194406207e-01 -2.372698314238848027e+00
-4.218041013998603539e-01 -2.263634940091960424e+00
-3.926765320918960689e-01 -2.164906745270852362e+00
-4.188923114811555215e-01 -2.306149674567666619e+00
-4.865621412266271095e-01 -2.375602460275636041e+00
-4.646801798430796882e-01 -2.433273944177477333e+00
-5.336844278032987221e-01 -2.432744286373106135e+00
-5.275839683608229969e-01 -2.465963504196886813e+00
-5.535073375224448533e-01 -2.319927542819241406e+00
-5.901823715230145595e-01 -2.418611442091295860e+00
-5.786808433997682188e-01 -2.423334666608982335e+00
-6.125482446208263543e-01 -2.320891316141620475e+00
-5.562317911874424814e-01 -2.197500132693059438e+00
-5.414862630091608064e-01 -2.186232374628580555e+00
-5.298235830829494120e-01 -2.282970613761556411e+00
-4.685575762835703095e-01 -2.186325221058414758e+00
-4.109025583333031362e-01 -2.250378000628759256e+00
-4.547928872022015123e-01 -2.167097244087992092e+00
-5.137711276057395082e-01 -2.179760000156146127e+00
-5.147818914041194516e-01 -2.161522885011110784e+00
-5.098690305538395862e-01 -1.870300274826624420e+00
-4.962814102646335157e-01 -1.822517544781325105e+00
-4.644287299412163672e-01 -1.843277029797717903e+00
-4.259222944185609983e-01 -1.823602747956170278e+00
-4.089288921224648599e-01 -1.615180353691425985e+00
-3.446690735449287057e-01 -1.589253031905138336e+00
-3.449082318469966491e-01 -1.554573787904863336e+00
-3.653891849415046300e-01 -1.544291890129664724e+00
-4.008511406961081658e-01 -1.539451166040633368e+00
-3.888808489391232803e-01 -1.590721468052161747e+00
-4.773621764854283356e-01 -1.823924835328000427e+00
-5.305842701299163799e-01 -1.663149546730332995e+00
-5.414482522637289463e-01 -1.519814224333224884e+00
-5.250390795752127859e-01 -1.541670190498718673e+00
-4.844306183384694542e-01 -1.525399049303559629e+00
-4.734648066567308522e-01 -1.621999881879849115e+00
-4.747230363661543162e-01 -1.663377469577345558e+00
-4.552290961693203908e-01 -1.838785580770426975e+00
-4.701826147460562710e-01 -2.050874885147955684e+00
-4.567232829847123754e-01 -2.087696568984060530e+00
-4.046819530985176772e-01 -2.035418312903320981e+00
-4.349596725151586574e-01 -1.924686051224840933e+00
-3.609713589640042852e-01 -1.898712829456441264e+00
-3.635023352428944921e-01 -1.905246795406256188e+00
-3.565617182885192360e-01 -1.978013733020470344e+00
-4.159256914620148571e-01 -2.083996839194137252e+00
-3.822917912934337692e-01 -2.169565683862785033e+00
-3.186164478879747741e-01 -2.065577050203973641e+00
-3.489469200762742584e-01 -2.191960003436495441e+00
-3.678501851627706820e-01 -1.974867217938547803e+00
-3.623026017321716030e-01 -1.876890454224973581e+00
-3.336602897072616924e-01 -1.640898662910645456e+00
-3.746431431466362150e-01 -1.578417027891232172e+00
-3.893259657038966592e-01 -1.546440662460782711e+00
-3.432028617911994650e-01 -1.609824672606765983e+00
-2.631686982342345549e-01 -1.514085990633235346e+00
-2.542872166263886458e-01 -1.567095905500358599e+00
-2.503289140505621790e-01 -1.598887352361571201e+00
-2.705003450680182886e-01 -1.600572282573489158e+00
-2.983537282233139076e-01 -1.721014448435788990e+00
-2.815827460390542547e-01 -1.791418130373686246e+00
-3.684193304805507552e-01 -1.669271492127072820e+00
-3.538401788794514613e-01 -1.551875829417421526e+00
-2.822535166460887202e-01 -1.664151162524710070e+00
-2.265498205436976831e-01 -1.777555937132817787e+00
-2.431975409029625002e-01 -1.715846791178716080e+00
-2.433485334243397913e-01 -1.577967000575238865e+00
-3.059290910365386473e-01 -1.574113582169195613e+00
-3.308073575439869352e-01 -1.483170088037847334e+00
-3.502551411022987726e-01 -1.448403361870764572e+00
-2.778815181991860506e-01 -1.424883487277474492e+00
-3.295664407116447592e-01 -1.655405517802997606e+00
-3.177813645336325377e-01 -1.608025656124566716e+00
-3.037261266685706285e-01 -1.722463039674318352e+00
-3.605829063748884900e-01 -1.576588030219345349e+00
-3.870239290794481035e-01 -1.485957601308876663e+00
-3.637052823864624918e-01 -1.573096162555462252e+00
-4.666467264587191299e-01 -1.417917062197718847e+00
-5.986799990349670475e-01 -1.455040351263422016e+00
-6.789509417489822951e-01 -1.361751558976224574e+00
-6.861737520112467514e-01 -1.326862883651647396e+00
-6.006930510373890142e-01 -1.231146731960957474e+00
-6.936955994449361951e-01 -1.069029148169556187e+00
-7.341377558269559511e-01 -1.124371867539701197e+00
-6.858878049745932293e-01 -1.131783426094947753e+00
-6.769134597826002020e-01 -8.835555148495789490e-01
-7.040513508324135472e-01 -9.487021680251901401e-01
-6.745351078597465744e-01 -9.636354528243383788e-01
-7.262792071193016064e-01 -8.214702184550245478e-01
-7.388739653337194069e-01 -6.338381547040176089e-01
-6.717191638964015166e-01 -6.390398180057559330e-01
-6.845460600271139340e-01 -7.910464802105047211e-01
-7.036641184102293556e-01 -7.632848515964724134e-01
-6.635048252981110561e-01 -7.648786855202535095e-01
-5.612799836338167037e-01 -8.756444313050912864e-01
-5.154348082248624285e-01 -9.347623624103430506e-01
-5.113803528074383209e-01 -9.762762437086786038e-01
-6.137415069852658611e-01 -8.277415313882958703e-01
-6.260064165987814233e-01 -7.414685752313820988e-01
-5.764741191504674234e-01 -7.247168671699036890e-01
-5.893308206269201044e-01 -6.808848398457867379e-01
-5.969575288560386994e-01 -5.225023555746699522e-01
-5.814820578430442977e-01 -4.716233367591065040e-01
-5.202398608578419070e-01 -4.685309728800709506e-01
-4.597438528257558055e-01 -3.776444449285136784e-01
-4.505172593330815656e-01 -3.180838881779223248e-01
-3.867106973210890364e-01 -2.465115067886213263e-01
-4.233891418020331310e-01 -2.904232070277561473e-01
-3.922496679748105897e-01 -4.670955516462407253e-01
-3.319526486317895264e-01 -4.011985804360440611e-01
-3.423633928001751370e-01 -4.242269917275631741e-01
-3.248744925285237395e-01 -4.100674779385150015e-01
-3.222622565665971273e-01 -3.821149072384366074e-01
-3.117621136770577506e-01 -3.798098210861187707e-01
-3.833252158762918693e-01 -4.684236402760114104e-01
-3.147199074909407535e-01 -5.233959032684973867e-01
-1.730354631812440480e-01 -5.299979293873929853e-01
-1.097408206562875271e-01 -3.549612634489612839e-01
-1.735138806376472220e-01 -3.970735573681842268e-01
-1.680153138682134450e-01 -3.910885946150768899e-01
-1.288061099838243018e-01 -2.688601796187211623e-01
-1.708548574487068206e-01 -2.052414007068936175e-01
-1.793536569874671083e-01 -3.427662999471333682e-01
-1.903357772378760915e-01 -2.127601736756199735e-01
-2.568193617988841493e-01 -8.729358680207953414e-02
-2.231245473637230303e-01 -1.016812962042273200e-01
-2.227808437267382591e-01 -1.048448135634411083e-01
-2.716449184356418689e-01 -2.662352052727522123e-02
-3.102004593773167729e-01 2.534245380739356956e-02
-3.613806503023573868e-01 8.801371154656838225e-02
-3.166714795791472081e-01 8.852850973498030407e-02
-2.452242028745855729e-01 1.768032246775759764e-01
-2.471244038220805905e-01 -2.367376885524791197e-02
-2.181350980729271083e-01 4.707607963442085597e-02
-1.906878779048626349e-01 1.810362678267278258e-01
-1.943884014024711837e-01 1.608712785425190639e-01
-1.911095574519140750e-01 -8.279530408587976176e-02
-1.794620419405593137e-01 -2.068150929801144122e-01
-2.063351602681761376e-01 -2.389225118716479801e-01
-2.175202843171522848e-01 -3.079845982530241000e-01
-2.222143527242495531e-01 -2.380648237663223754e-01
-1.675343737477776040e-01 -3.651045571581731375e-01
-1.574484532429777650e-01 -4.396475707510665298e-01
-1.718757451686291349e-01 -5.682522510042805619e-01
-1.676657373120892802e-01 -4.069593226497271177e-01
-2.319690287097663228e-01 -5.161500850757930747e-01
-2.256623451723441809e-01 -3.700358794567667475e-01
-2.448102327017732116e-01 -3.546963971282384165e-01
-2.881799891826894444e-01 -4.867842849016806861e-01
-2.876925714463194339e-01 -6.187059030674402216e-01
-3.785036640632308824e-01 -7.261790591223208358e-01
-3.351225058608979790e-01 -6.569259868683204884e-01
-3.304521645669991625e-01 -7.515314795297820538e-01
-3.437437957069901517e-01 -6.637468270944137938e-01
-4.068826898114037971e-01 -6.560549908045701928e-01
-3.939278894776155893e-01 -7.461251496461678290e-01
-4.017671858162797927e-01 -7.641130668912237134e-01
-3.901553268226921611e-01 -7.357584043648199845e-01
-3.414337331273339937e-01 -5.300747701506033360e-01
-3.591467514659761884e-01 -6.035215285188997303e-01
-4.508496446918087153e-01 -6.787390452196914170e-01
-5.447705483886230438e-01 -7.458903929481806028e-01
-6.141877837366491732e-01 -6.834501966821299179e-01
-6.239790411999407427e-01 -5.208186424398046910e-01
-5.784435150497172495e-01 -5.331326333383097360e-01
-5.822794136783756569e-01 -5.092001891256840995e-01
-5.802198557496723863e-01 -4.823025033266311046e-01
-4.806032574921349498e-01 -5.114403168404211275e-01
-4.072623182292972599e-01 -7.536653016003220795e-01
-3.444664894459776305e-01 -7.731241883493069622e-01
-3.230003743470576394e-01 -6.669327274814503825e-01
-3.318087126432653355e-01 -5.312440166928446006e-01
-2.299537562410946534e-01 -5.088089202622685381e-01
-2.970912722057222899e-01 -3.013901641084661964e-01
-2.472788343679735434e-01 -1.581163208499368478e-01
-2.791758295387586908e-01 4.186352944459686976e-02
-3.096926246265984672e-01 -1.814385632371006557e-02
-3.321499619746206555e-01 1.154108117198996419e-01
-4.300290967157276434e-01 -4.175222068103431883e-03
-3.680419680844155828e-01 -1.306126024902239946e-01
-2.957515554147044368e-01 7.847013292013926833e-02
-3.220590184280163193e-01 1.739277380194844957e-01
-3.654059728902860349e-01 2.652598665946814260e-01
-3.756420492427008928e-01 3.053519192679220451e-01
-3.468096780767734311e-01 4.365562276911819084e-01
-3.267486158564686938e-01 4.104580378360408455e-01
-2.689276730316756403e-01 3.984481731828128925e-01
-2.999130422564381671e-01 3.557753184654116052e-01
-2.611272141258369484e-01 2.422047834779459397e-01
-2.567822594244213441e-01 2.719608293617385986e-01
-3.065061983789120204e-01 1.430145879896548566e-01
-2.664928931931137557e-01 1.946449512458159337e-01
-2.054358127192757455e-01 3.038253426228723075e-01
-1.913071562767915679e-01 4.099071178131275528e-01
-1.551231334334249590e-01 3.541901758068601858e-01
-1.770100936493037846e-01 1.880637476831184540e-01
-2.022593663702370870e-01 8.992168433742175893e-02
-2.042166787732729860e-01 8.103102370543376065e-02
-2.449689867617552974e-01 4.020260809781675548e-02
-1.630406613873619515e-01 -1.371613027453282563e-01
-1.302064724855330202e-01 -7.632006899586599169e-02
-1.001422675168018306e-01 -1.200791500497419284e-01
-1.645235911335934664e-01 -6.027823500666299600e-02
-1.059418497502364886e-01 -1.799426280954826568e-02
-9.134749822895121829e-02 7.853575120153738487e-02
-7.303828876637147305e-02 6.404430320632084617e-02
-8.381503426744423002e-02 6.937207562832301000e-02
-8.912528041261316702e-03 8.852001886338949077e-02
2.601042052348212161e-03 2.248378227744196045e-01
4.027662750291583632e-03 2.407278479258861403e-01
-6.160016909314632201e-03 1.875318257529731414e-01
-4.054512464550504014e-02 1.165417514132524729e-01
5.402065027786033535e-02 1.128496574637942174e-01
5.418150127921459586e-02 4.598828986279366871e-01
5.028202396408987945e-02 4.220270406765769255e-01
8.963016479190444308e-02 4.118806359301503406e-01
1.504480240748536923e-01 2.980471767909754766e-01
1.237622627699391520e-01 4.212805576942419972e-01
7.899287613716803047e-02 4.915155117926706674e-01
1.206340486727212613e-01 5.303363697756687811e-01
1.604216864666836995e-01 4.771693673502742095e-01
1.918472414521686376e-01 4.605156806749367560e-01
2.906791069381500225e-01 4.263565664607326111e-01
2.397601013334521303e-01 3.239460254501548286e-01
2.376959668101120415e-01 3.630284631029791487e-01
2.735754492094053525e-01 3.629445403141852711e-01
3.255175963491364066e-01 2.937327845642599411e-01
3.194498500118058137e-01 2.654383553467878909e-01
3.252045336184063440e-01 3.280476272754463962e-01
3.116326710954656631e-01 2.616423076489638455e-01
3.797813742227116873e-01 5.514130654801558951e-01
3.737488424265713594e-01 5.437192717070563619e-01
3.875774829698204194e-01 5.482156633085972786e-01
3.666790465490979978e-01 5.595040593777734772e-01
3.230496829196182751e-01 6.111594004467694186e-01
3.543325321372842174e-01 6.010481164082664973e-01
1.979309137848186406e-01 4.793971619914842441e-01
1.624919749994598872e-01 5.750087580694935863e-01
2.123338026673185497e-01 5.810536395234372486e-01
2.674732265969149703e-01 3.568753364866705802e-01
2.809290722073875535e-01 5.174253180629541093e-01
2.671368521297062260e-01 5.545698133781348238e-01
3.072004239442906459e-01 5.051158067566458021e-01
4.028369248839039352e-01 4.845137178241621934e-01
3.295131248716161032e-01 3.526903646017433003e-01
2.868565088100820670e-01 3.387249977618040919e-01
3.040365384790646441e-01 2.514412902499231217e-01
3.182427768278049962e-01 3.196446700950048014e-01
3.183215895978095955e-01 2.753758600489079056e-01
3.858795564168618353e-01 3.034430495391630123e-01
4.038782375342550579e-01 3.601226680520672740e-01
3.807953466349185967e-01 1.504272970710620883e-01
3.295107145276421901e-01 3.266077471390039788e-01
3.001081907707096597e-01 4.472432332078540851e-01
2.604029956011610913e-01 4.878952556398071794e-01
2.393793789173505049e-01 3.952017572064745465e-01
2.016149213380066252e-01 4.120720637776272288e-01
1.542462896826948815e-01 4.276209105985223635e-01
1.433791308746752702e-01 4.103161547923935837e-01
2.019908640430955193e-01 6.550897649766657116e-01
1.578956428117458677e-01 6.124125776280626710e-01
1.570396714973248953e-01 7.850930836288303460e-01
1.071580724142927321e-01 5.651736482180992338e-01
1.477503178139491502e-02 3.721901233051810309e-01
-1.929312746838188208e-02 2.668963001045677741e-01
-2.731720942345521042e-02 2.565663582738560433e-01
1.326655564076875682e-02 4.434730473433965425e-01
2.705103586151095044e-03 5.541429858051143409e-01
1.619263549498719396e-02 5.571138101909356433e-01
2.048172630889333323e-02 4.245709618348343373e-01
-4.407631511273910757e-03 5.387652105130429359e-01
-1.122020321759254272e-02 4.701910959054209638e-01
2.567402091732554764e-02 4.396033427622523249e-01
5.829590277880804944e-02 5.917569675560993003e-01
2.390852123085740466e-02 4.538773117346659447e-01
2.775307718643500038e-02 5.525639593594937615e-01
-3.166288007704284868e-04 4.021150125657059760e-01
2.529749138865362498e-02 3.396399136734711832e-01
-6.421113258014093939e-02 5.169338370102760649e-01
-2.817901483946835123e-02 4.166736810894662857e-01
-7.151571659872002495e-02 5.294255405326766528e-01
-9.769900365965492051e-02 6.034996689373128831e-01
-9.140606340050021206e-02 6.303835889752268384e-01
-6.620120103114859877e-02 6.688119743527480843e-01
-1.480531192067062740e-01 6.359599705889424914e-01
-2.112739393099221097e-01 6.753789183744837166e-01
-2.130450510616159476e-01 7.548093649321365728e-01
-2.028521367198362624e-01 7.090900321178108534e-01
-1.400114015226394393e-01 8.436992878658835515e-01
-1.276652954006985974e-01 8.767486404647144571e-01
-1.346311977297764140e-01 9.291313030375561999e-01
-1.711179004515885893e-01 8.112515189683509043e-01
-2.198127172038696064e-01 8.227490445558663934e-01
-1.435237909482960095e-01 9.117257467501890256e-01
-1.974106473507256931e-01 9.518068710244887987e-01
-1.542109351604161183e-01 9.690880478411737498e-01
-1.410597359188985600e-01 1.157501148882709607e+00
-2.002544604552906060e-01 1.275471916250727311e+00
-1.296562777607752348e-01 1.304226008755115407e+00
-1.240252763512396245e-01 1.167883091873279877e+00
-1.199468764064853393e-01 1.262123543190138975e+00
-1.919645500987150755e-02 1.178912534509849230e+00
-2.652722565201110286e-02 1.059335091470313683e+00
-1.056117818023794702e-02 1.074077030408358224e+00
2.663028145449741063e-02 1.098045367606706568e+00
4.877418997949546642e-02 1.119147489709134469e+00
1.018682003334261954e-01 1.081056582938767940e+00
5.552064867317258595e-02 1.199598908670359565e+00
1.068605706053453730e-01 1.083504765380932877e+00
1.725635679104927100e-01 1.067660320440548816e+00
1.574494102445448684e-01 1.168349199076051059e+00
1.840861904854317610e-01 1.102773259391679694e+00
2.399597842014676297e-01 1.047664139623157187e+00
2.485607365087041387e-01 9.659984695773060626e-01
2.048622275132564730e-01 9.171748430347546055e-01
3.038173019996160407e-01 9.357349847403938492e-01
3.132968935841418667e-01 8.963607790888477034e-01
2.934203906416716912e-01 9.277331783440219137e-01
2.495407509244919886e-01 7.265651885963944068e-01
1.927732575219108790e-01 7.283874305359895329e-01
1.123150175215448798e-01 7.014730386225732639e-01
9.595546514657390946e-02 6.614608341914641754e-01
1.366622320263292667e-01 6.356484736528918988e-01
4.940607439831418146e-02 6.665309186383636675e-01
4.584531448553706701e-02 7.270274038134204586e-01
2.706844790901307210e-02 6.898402566251222723e-01
1.749632446444206874e-02 6.114129111996320365e-01
-6.848238725924869763e-02 8.348358966811924020e-01
-8.728944321012263585e-02 9.534704915844530726e-01
-8.710045174821128000e-02 7.875961996000184762e-01
-1.933125562002671605e-01 6.126595648075313649e-01
-1.955875857850241650e-01 6.840094222695252135e-01
-2.655324222222050778e-01 6.683063738612087246e-01
-2.890218018870883698e-01 6.645708585520585521e-01
-2.967011808675449336e-01 6.706303348915513274e-01
-2.439145590614725245e-01 7.467132537927744229e-01
-1.941239829804128347e-01 8.021786872880075636e-01
-1.576473755018636402e-01 7.704570885155628268e-01
-2.411882944000012796e-01 7.475573989092962890e-01
-2.824576950791591878e-01 6.534481802903503445e-01
-3.011243280372865039e-01 6.254489347161343860e-01
-2.758234872482415723e-01 5.888901269729714949e-01
-2.742438005453404215e-01 4.716628477352814985e-01
-3.185159530917633375e-01 3.536434681030584670e-01
-3.642187943561432384e-01 3.272552830199154661e-01
-3.320368333028760888e-01 1.235569504634874971e-01
-3.331139101460202090e-01 -1.095912042665905806e-02
-2.761548476174295885e-01 1.095510771875739392e-01
-2.955996433065510298e-01 2.182175009182790171e-01
-2.704093583097337272e-01 2.068369712050155129e-01
-2.983196948497409684e-01 2.711341998554958055e-01
-2.878100911669588813e-01 1.884477072646108531e-01
-2.246139034402742651e-01 2.344613397551479073e-01
-2.156364287438070904e-01 3.761691053440540111e-01
-2.680206405165611039e-01 3.751180718306323936e-01
-2.601174645370974425e-01 3.399267100873465952e-01
-2.937111290288921817e-01 3.662620142502502896e-01
-3.132969178694748891e-01 4.266721189133314551e-01
-3.309391503780226285e-01 3.629438208795447984e-01
-3.609669783063972903e-01 4.037286051573357182e-01
-4.015591478299696537e-01 4.917774358816883185e-01
-4.475712422650564015e-01 5.487737993667824998e-01
-4.787748317460630010e-01 4.727848860684747967e-01
-3.912444062464131012e-01 6.223840792338350969e-01
-4.159732960138927127e-01 5.915951610184034815e-01
-4.017800054949971500e-01 5.635878825764886191e-01
-3.628452803398826698e-01 2.539592206699558541e-01
-2.494935292626285217e-01 1.220535533139907036e-01
-2.419308789112428748e-01 -4.442782741895147380e-02
-2.147491467346376304e-01 -2.256493634993068931e-02
-2.500925371821647869e-01 -7.791621625247456551e-03
-2.378667751577591416e-01 -1.669154841466171657e-01
-2.601782228359538762e-01 -2.241394520262186552e-01
-2.822388821983330964e-01 -3.034440593698030653e-01
-3.069437485532512389e-01 -1.193138739410268823e-01
-2.599508255167126136e-01 -5.270964445533841969e-02
-3.048065477488184905e-01 -1.725684943646970670e-01
-2.475657862397123710e-01 -2.689817062459352037e-01
-2.107132437048012119e-01 -2.091161448036122084e-01
-2.562379158369749721e-01 -1.054435047265172565e-01
-3.094423640221434235e-01 -1.029953306188281931e-01
-3.892919433060118006e-01 -3.755742635037917498e-03
-3.692697978894243782e-01 -5.148386891588723618e-02
-4.186002666355418400e-01 1.103986342748338456e-01
-4.066218727469828598e-01 2.647261699364533705e-01
-4.248279103431286674e-01 2.693216363986053463e-01
-4.083032660698301952e-01 2.528138223402282003e-01
-4.491637688328641853e-01 2.467727529720180057e-01
-4.393681541035328042e-01 2.694337101490879016e-01
-4.076633481819333382e-01 3.800732577353280184e-01
-4.566663361689873302e-01 4.489867173958868030e-01
-4.271680749950894640e-01 4.015756878353977655e-01
-4.703913817093475780e-01 4.879514733051475428e-01
-4.652668648980095578e-01 6.531654674439568709e-01
-4.084736079399355901e-01 6.711632962118442292e-01
-4.503729089108538530e-01 7.115534114045241054e-01
-3.799246800242793154e-01 5.555641613934770850e-01
-3.515310528074294671e-01 6.481528894242718497e-01
-3.738352551082336772e-01 7.121819692501967225e-01
-3.738335697146751846e-01 8.192194159428053402e-01
-4.172299539768057342e-01 7.312472211392648802e-01
-4.642014339085620556e-01 7.534418603823797023e-01
-4.016622373519782019e-01 7.003173828719824190e-01
-3.016558104720977185e-01 7.116148604560927904e-01
-2.946210364497916512e-01 6.624698827432374815e-01
-3.311354244900377441e-01 7.612647927650134649e-01
-3.258846054098497036e-01 7.627217816320618349e-01
-3.593251138225101449e-01 6.373211495721267106e-01
-4.023824223243703258e-01 6.788308043492173871e-01
-3.723960123376597320e-01 6.334707054498259771e-01
-3.569929988818318356e-01 6.041678493766710067e-01
-3.532734808860944486e-01 6.707877325242250777e-01
-3.141269636257151276e-01 6.149593064049976299e-01
-3.118143761269061565e-01 5.762403178757630196e-01
-3.103253394371077722e-01 5.770349876332087069e-01
-3.243216954307768241e-01 5.799541412882728286e-01
-3.053789375623795488e-01 6.648811364755269349e-01
-2.229060051848398283e-01 5.648593172694053033e-01
-2.494039668861608716e-01 5.057711513920284396e-01
-1.967226209666326775e-01 5.310678333760158187e-01
-1.933503192985362718e-01 5.444297777801991867e-01
-2.023654665519746543e-01 7.106198566573431741e-01
-1.968490988542655751e-01 6.834638004050433979e-01
-1.669111741080339939e-01 7.521395311167435871e-01
-2.148812260392003459e-01 8.570007203974407961e-01
-1.938621587594093199e-01 8.716975274390242889e-01
-2.399274717375155797e-01 7.703487711616517908e-01
-1.562411065751511674e-01 7.843335371916633214e-01
-2.334943378844069328e-01 9.630865362950594699e-01
-2.101015942779661805e-01 1.015465220614854891e+00
-1.686947264261492718e-01 9.084037555874816539e-01
-2.498059260822774741e-01 9.084020602641272868e-01
-2.170489631975918432e-01 9.221469426859876251e-01
-1.849644191266315574e-01 1.017716101265200734e+00
-1.254283508475624309e-01 1.038433568579059108e+00
-7.525934270765055611e-02 9.323680380507241017e-01
3.908639182511156052e-02 7.734649434322646844e-01
5.764449341999262899e-02 5.687537145272284489e-01
6.855871159779898527e-02 6.676189076750993490e-01
4.126737345784892153e-02 5.721398347217263591e-01
-2.870659025641174311e-02 4.927717151469782619e-01
-2.011708363150944978e-02 6.189239000220949638e-01
4.516775852093077304e-03 7.449823198024175808e-01
6.308814658074800297e-02 7.164984150615976155e-01
9.505457483645067540e-02 7.770394129116020565e-01
1.519923169095067361e-01 7.212472793161240903e-01
1.355306457882178850e-01 7.056361516318579996e-01
1.573961244838719686e-01 6.803240729030801681e-01
1.828145250792580778e-01 8.182258131161295189e-01
2.271860569360578674e-01 8.519030804559852843e-01
2.492866225017020820e-01 9.191552225014447686e-01
3.105454155736255828e-01 8.745412261277256682e-01
2.680352661989571783e-01 7.576873706203175463e-01
2.751456992996393902e-01 7.261354649543327877e-01
3.128867257725466144e-01 7.417347173854668130e-01
2.816397308486030537e-01 7.367875163579928888e-01
3.366050951663833724e-01 7.798177001345090176e-01
3.890000856100522264e-01 8.034035199775517722e-01
4.312815673323970866e-01 6.747931248773537671e-01
4.724815810957393447e-01 5.446403292418974251e-01
5.497061293710550078e-01 4.697227981110184691e-01
5.567151071216543956e-01 3.657910445387331233e-01
5.556506567365893101e-01 3.627422111363645674e-01
5.241853789567885169e-01 4.131857788421144928e-01
5.201951598167180446e-01 3.516539906179673158e-01
4.850187812814477639e-01 2.656000487616650974e-01
4.484903837150910899e-01 1.635346480479787923e-01
4.324167128152565098e-01 1.199424228152022043e-01
2.657934575250561204e-01 2.477135006380749571e-01
2.428370601174913712e-01 3.380251701020390853e-01
2.783467902948287276e-01 2.714584360661869700e-01
2.964741912535366342e-01 2.614689820176298030e-01
2.313706045197024830e-01 1.876025703741955319e-01
2.753619962937950971e-01 9.271947831731423839e-02
2.933563774835805105e-01 -7.277930032591956033e-02
2.578248678975525454e-01 1.940277617573485935e-01
2.780516069164537529e-01 1.722109013240627762e-01
3.160539630835033642e-01 1.038329813504797750e-01
3.020814992768321994e-01 2.910073036534938096e-01
3.469137274930172432e-01 3.795862590771867384e-01
3.924458023286535591e-01 4.303283172302794224e-01
3.494524305398618580e-01 5.591925439888740801e-01
3.527735093874379557e-01 5.635612648328058860e-01
4.695163215570115067e-01 5.353903498376590964e-01
5.898511440106263271e-01 4.426482422841569453e-01
5.632118791219690168e-01 5.869087955889449315e-01
5.979461981836058371e-01 5.969563010440516182e-01
6.012599700910279399e-01 5.309440661330632194e-01
6.177448320328495779e-01 6.223858546216552989e-01
5.803508367021107395e-01 4.603843692488285289e-01
5.738538339326134663e-01 5.876131165450784177e-01
5.059296142738322066e-01 6.740132530276277123e-01
5.611063872527991547e-01 7.526074996135629913e-01
5.399438864464300991e-01 8.036219331526309739e-01
4.012271542750809328e-01 9.545986120359910565e-01
4.498707842340309293e-01 9.054511788798871308e-01
4.876584980924869583e-01 8.533883029744806503e-01
4.284283991400593683e-01 6.252519653721466675e-01
4.712021573386112050e-01 7.152990659394806716e-01
5.024439599580395877e-01 8.564401913259638288e-01
4.332141965972139408e-01 7.225165051259321292e-01
4.464923323070900119e-01 8.140004489138070731e-01
4.879375131936408150e-01 8.867341719530996702e-01
4.262834180786045368e-01 8.539873788791867426e-01
4.875067118975581204e-01 7.383283650046357227e-01
4.662766000611267558e-01 6.582091120604363077e-01
5.274758505266499142e-01 7.328768995591329327e-01
5.521377684294586086e-01 6.387778137209521034e-01
5.144894979249393652e-01 5.258198262455545668e-01
4.622862921321787555e-01 5.258765419953953524e-01
4.389648638209957543e-01 3.945402460931054511e-01
5.021943828366283169e-01 5.000066391344941685e-01
4.487509480587877908e-01 5.238531591261452736e-01
3.986602791983677729e-01 4.561657607293215788e-01
3.913555427221777072e-01 4.116264064271626943e-01
4.034822870032274134e-01 4.167401499130362064e-01
3.621395358994551339e-01 3.319947896474741422e-01
3.628681862734452479e-01 2.421805743618927198e-01
3.808720154512018619e-01 4.223236730208846934e-01
4.565326124375365668e-01 4.474060185988860683e-01
4.747079001016595856e-01 4.726164410958204609e-01
5.246180467098621181e-01 6.139171790765901582e-01
4.631364032691585031e-01 7.364395065519226957e-01
4.429437774311638654e-01 7.303965611950815617e-01
5.136470177377790991e-01 6.629146794252660513e-01
3.429362733375881378e-01 5.976698673581832821e-01
3.500235568829420107e-01 5.782398716574331798e-01
3.886357164427051147e-01 6.474513649753452782e-01
4.040380180564211998e-01 5.985851517247872122e-01
4.174215631482951494e-01 6.038624247685488999e-01
4.190039567427629175e-01 7.170552531902261162e-01
4.121604430914049821e-01 8.255451584935168396e-01
4.675899859013860627e-01 8.629260290384073162e-01
4.119165809458862904e-01 8.957047813055282193e-01
3.991490348955294420e-01 9.664414025473829772e-01
3.967771327936577275e-01 8.557745660201530047e-01
3.987925573423783399e-01 8.897805875544734233e-01
4.174768704221933358e-01 9.884567158157027134e-01
4.086455489286383025e-01 9.781963224064261775e-01
4.198903430086518007e-01 1.068301165795583429e+00
4.152029361905915650e-01 1.057514510973853294e+00
4.852213398716958004e-01 1.242941324203718390e+00
5.528147435197369175e-01 1.139712744466475192e+00
5.349305416407000857e-01 1.307632045008792376e+00
4.213535283708522705e-01 1.213917170474283935e+00
4.112597589009484578e-01 1.117749898716678736e+00
3.806298341802435425e-01 1.053127221751996911e+00
4.776559930310202429e-01 8.336144041484896405e-01
4.083711765974717967e-01 9.343251526182748679e-01
3.587359381211513432e-01 1.026340108574646415e+00
3.413640004663719418e-01 1.030163297052845595e+00
4.151416154603816411e-01 9.650636426208586416e-01
3.946406247532772138e-01 8.143360988289076730e-01
3.862614843215180782e-01 5.571348200696799591e-01
4.360466369551959653e-01 7.377428296425161403e-01
4.098743130178702510e-01 9.025545704274369196e-01
3.973329627522190766e-01 8.968590829677870468e-01
3.762222282007182117e-01 9.772869682618157139e-01
4.024415548762976802e-01 1.152259604168379692e+00
3.818447404857842065e-01 1.271188719790846688e+00
3.448214481502627771e-01 1.156150851336420704e+00
2.971224696228735862e-01 1.068629389442772526e+00
3.421407856310281215e-01 9.504891769889307618e-01
3.025681817733815726e-01 1.046581593036590263e+00
3.927959001505340053e-01 1.089895523868149141e+00
4.216573314352740631e-01 1.200393290606233343e+00
4.765243816052740500e-01 1.076907026632530906e+00
4.602380340167018802e-01 1.082467063552416509e+00
3.826705563466793469e-01 1.079747255522040872e+00
3.878702332471856140e-01 1.165597826811936244e+00
4.447373915059590899e-01 1.159315821501605503e+00
4.161811588005375206e-01 1.195603240991840677e+00
3.954920515606452636e-01 1.358554689170557772e+00
4.273726554064689598e-01 1.355732678392008284e+00
3.879325540497445823e-01 1.273023072824875035e+00
3.406841838355442742e-01 1.181480584422904156e+00
2.577606234069267366e-01 1.068595053122866068e+00
2.784275728133277505e-01 1.108407161046461642e+00
1.499324055658813049e-01 1.065265146543453945e+00
1.477014022888118450e-01 1.085364701300199686e+00
1.838402029789442949e-01 9.676061575511604174e-01
1.859998468508123060e-01 1.080678921553597016e+00
2.170068661252974318e-01 1.116903245035987036e+00
2.028191436026464678e-01 1.051714056293752586e+00
2.999014231784268847e-01 9.696262607778723952e-01
2.957425514352587936e-01 9.223756593486052147e-01
3.254075428646341916e-01 8.393013011647766364e-01
2.788590065488502079e-01 1.091538407628080964e+00
1.977542345775956112e-01 1.124030595945559874e+00
1.903118550600826353e-01 1.146978937781101049e+00
1.683320617087755711e-01 1.011050281110833282e+00
1.572075958648917748e-01 8.605222771793160641e-01
1.519498775856310546e-01 8.332085812040999073e-01
1.474388246484137077e-01 9.624486724800682680e-01
2.030152203240148112e-01 7.681991745466746346e-01
1.993104689413046637e-01 6.789312866336153496e-01
2.429736111597753934e-01 6.746568719877448217e-01
2.196635319401716857e-01 5.081408238273613653e-01
1.868873444693538721e-01 6.777054107488563739e-01
2.223423300819193371e-01 6.604398236105304409e-01
2.273500969319211529e-01 6.591179352189675544e-01
2.407281214266665803e-01 7.225891399492341272e-01
2.579607442726802868e-01 5.952414077789318636e-01
2.567309903742965305e-01 5.708424012581894136e-01
2.982144459505958189e-01 7.088774149017340598e-01
3.221012656129294549e-01 6.979293039089414785e-01
3.099558382446077620e-01 7.985536159963928515e-01
3.806097802036316202e-01 7.923627467562687210e-01
3.217201861744041214e-01 6.892758096905318155e-01
2.884400554446800435e-01 6.125624141090597607e-01
3.051504391989401932e-01 6.583329221171664303e-01
2.111045809791347039e-01 8.177855397203508403e-01
1.939247724979998311e-01 7.309225485645111098e-01
1.448595582964887774e-01 5.262360793771230227e-01
1.921394330292311436e-01 5.185361060501924024e-01
2.499810405479845066e-01 6.555113241970810245e-01
2.884902235515930391e-01 7.639179394229054232e-01
2.389304167600850570e-01 8.420443376781896472e-01
1.971629926175784142e-01 8.039602497830733441e-01
2.390180187099997799e-01 7.620592774143964965e-01
2.096919909088582334e-01 8.095120719525951136e-01
2.571084342994656158e-01 8.697177256758020780e-01
2.648977859983533967e-01 8.334321840877444432e-01
2.215577956522461756e-01 9.784287217121567792e-01
2.468014903282357564e-01 9.895581661378536342e-01
1.937288326758605517e-01 1.008872878233471271e+00
1.708333869013629602e-01 1.063461178402601126e+00
1.382425582726137803e-01 1.097990557448437876e+00
1.420213569330086023e-01 1.035791154274900316e+00
1.334181715510715793e-01 9.161353759204824421e-01
1.769680135113818886e-01 8.372565218854418623e-01
2.481457076329396938e-01 7.677585544268475948e-01
2.768486486262032864e-01 5.749641457252436805e-01
2.502425353199405622e-01 5.613142641729682580e-01
2.404624681881729342e-01 6.102336669763606114e-01
1.768421525039962916e-01 7.736505846631283045e-01
2.253793774386470550e-01 7.485853350051902000e-01
2.568821195307681160e-01 7.127455534770869017e-01
2.484071168649453210e-01 5.545955347370816746e-01
2.254187450814400806e-01 4.829132399768271133e-01
1.358454336615960989e-01 4.365094935643493712e-01
1.989348703510677718e-01 2.863291809948293465e-01
2.002271721068391852e-01 2.259369019983245852e-01
2.044379040419216642e-01 -4.154439889390931784e-03
2.451720765378234135e-01 -6.954608749971262494e-02
2.275851061995158575e-01 -8.237266857788680396e-02
2.300709568970516206e-01 -1.208693772286401069e-01
2.144569509848859024e-01 3.657342363728796619e-02
2.237231946525658766e-01 8.847234354429173164e-02
2.537345145826236936e-01 1.347444248123666477e-01
3.058719326214679457e-01 2.132557798171065555e-01
3.463450904075537906e-01 8.298057513394715978e-02
3.209708472318608119e-01 1.042884618018102144e-01
3.616315753590481630e-01 4.748070948941002234e-02
3.295183081629276534e-01 2.062041732408351549e-02
3.927671263988403716e-01 4.426090080413608990e-02
4.136404782348450659e-01 6.850431181219129861e-02
4.626540311522809312e-01 1.001282075767077895e-02
5.830568427035665025e-01 5.069953056777181527e-02
5.612029166545824399e-01 -2.710229094529834765e-02
5.171582708185672450e-01 9.250943257661752017e-02
4.836930349562031939e-01 9.544651668897188856e-03
4.541888731843002902e-01 3.151211547469896790e-02
4.820526647536805820e-01 -2.195571922805998610e-03
4.380340030162733211e-01 6.633934794932978829e-02
4.030615397351623441e-01 2.576298156347373719e-02
3.680061368831822333e-01 4.555751229662281798e-02
3.577565987891953014e-01 6.535999233527671481e-02
3.452636550476552157e-01 1.444739772811519385e-01
3.127082115635742010e-01 6.499581320568126319e-02
2.331352223116276989e-01 1.272143853676923619e-01
2.814785516576094881e-01 1.624238377148391754e-01
2.683226391639347841e-01 5.647248637172273822e-02
2.949483400563546187e-01 5.230025123090763922e-02
3.430200632248755488e-01 1.825065145690632495e-02
4.494332193131924669e-01 -1.098214724307687573e-01
4.545568498365119559e-01 1.232268076676295288e-01
4.918478127584627324e-01 -3.810490165414480435e-02
4.741109093272796171e-01 2.355073560934138610e-03
5.542309688989478511e-01 -1.947134239187805690e-02
5.290036143798335644e-01 -8.187226190048040031e-02
5.845796936512880349e-01 -2.373623237632007110e-01
6.180823383261547788e-01 -1.279295850630249309e-01
5.991271407805049964e-01 -2.344822441371123556e-01
5.705290180705456793e-01 -2.470782855571010683e-01
5.718440154401549513e-01 -1.486569409800390651e-01
5.947933688520972151e-01 -2.820634076987601491e-01
5.961326312189417775e-01 -2.637635778703948941e-01
5.970514828051007861e-01 -2.892841571232189213e-01
6.134158169534106309e-01 -2.210376695929576196e-01
5.390340872260021010e-01 -1.437331826044574989e-01
4.971069038038196108e-01 -1.383753202433595231e-01
5.340884533202325812e-01 -2.398469435511462189e-01
5.396772616341167783e-01 -2.380555240140359574e-01
5.842604076373960620e-01 -2.549514144699376872e-01
6.296185978672038663e-01 -2.696926026028328427e-01
6.204512147956684487e-01 -3.706666989715087790e-01
5.473210383312510086e-01 -1.930186796415153672e-01
5.377241821180666070e-01 -2.121158553261781321e-01
5.824362499304673868e-01 -2.517171749059467500e-01
6.047122104722889580e-01 -2.092857835791145926e-01
5.803322195497203628e-01 -2.210017028557237917e-01
4.714025287563458622e-01 -3.057774709271814384e-01
4.586269172627728263e-01 -4.668563335846023787e-01
4.700175939148918403e-01 -4.515386662023471720e-01
3.970803499775682477e-01 -4.915923622077457145e-01
4.646041231479614009e-01 -5.765925964301201745e-01
4.984094367885520405e-01 -6.030279412205614697e-01
5.236368987135944231e-01 -5.155098196349808815e-01
5.064673347560624261e-01 -5.163906780125259166e-01
6.062347206884582951e-01 -4.847033014556338393e-01
5.278568149826033951e-01 -6.062900488610514227e-01
4.998776208422816558e-01 -6.179757431324861550e-01
4.825803724258929117e-01 -6.091915874413668108e-01
4.253083672014143501e-01 -4.987299975471657376e-01
4.402261189433549493e-01 -5.162811310166132150e-01
4.570910900009063638e-01 -4.119820118780530005e-01
4.250446644083986092e-01 -4.346797985613031767e-01
3.911683698732798531e-01 -3.368900888997651277e-01
3.661202106543958168e-01 -4.953648721056245208e-01
3.863017021835685183e-01 -5.567532765010615448e-01
3.012982581713157804e-01 -6.266264774297722884e-01
2.998933328908015561e-01 -6.916060633876327524e-01
2.893536251846028362e-01 -7.500001851183969448e-01
3.275382600992875481e-01 -8.379201864803871302e-01
3.782337545385374145e-01 -8.683950330820726649e-01
3.609740280353547770e-01 -8.790237303927310730e-01
4.183594622742453084e-01 -8.767526842289252720e-01
4.007227167778127375e-01 -8.170104020782943399e-01
3.518901263902188270e-01 -8.281230978249392027e-01
2.690407842887415635e-01 -9.023787338925176593e-01
2.300060670120617212e-01 -6.928230940707238439e-01
1.734764074496490394e-01 -8.073192284373309491e-01
1.697655453968429651e-01 -6.970858676875524296e-01
1.315802733672060409e-01 -6.466567853355713602e-01
7.047456651899722258e-02 -6.298808642093656207e-01
6.820740230517517710e-02 -6.741822848623375553e-01
-7.827933217716506742e-03 -7.881969325901261314e-01
-7.102400227348003303e-02 -6.935382723083564072e-01
-1.283496881149616409e-01 -4.572985102872246799e-01
-7.820963695475308119e-02 -4.636307293123327344e-01
-4.110984482587995426e-03 -5.824224567547848785e-01
3.077535071483722753e-03 -5.180263960143440816e-01
1.200215373595525138e-02 -4.449913160114607469e-01
-5.903612203055479124e-02 -4.756373758096546500e-01
-3.924123022960637752e-02 -6.158110968024803622e-01
-5.819396781301469646e-02 -4.667026471760207240e-01
-3.838819017521763466e-02 -5.917114403015627522e-01
-7.270041816352783293e-02 -4.506040699428178753e-01
-5.012765617751110958e-02 -5.134076202033024394e-01
-1.798923918411664963e-02 -5.255163730898151364e-01
6.113944709267184197e-02 -5.589282043068823924e-01
5.126612560922871875e-02 -7.685057755168293037e-01
8.473176362033657538e-02 -8.623764713268942117e-01
6.268693380013769245e-02 -1.041456068536255497e+00
7.749925392790735224e-02 -1.007140794689954433e+00
8.469707179484245452e-02 -1.078167239666156352e+00
1.233054853531738437e-01 -1.181194797690519493e+00
1.538967953951331236e-02 -1.128972131840541016e+00
-5.317375279165142271e-02 -9.577278824451703754e-01
-7.269427831575832333e-02 -9.092641703241568507e-01
-8.515445699840606952e-02 -8.566423304721493270e-01
-1.400530972476697611e-01 -8.811565297288549425e-01
-9.584792250198331809e-02 -7.587597016896606705e-01
-9.022499090176464009e-02 -7.928415879417294310e-01
1.109727442519664597e-03 -8.829310487131973861e-01
3.268534147152319866e-03 -6.319580822355261862e-01
-6.002642587790575635e-02 -7.616803850759547023e-01
2.983720622424572422e-03 -8.336283022664247033e-01
-5.388219967599617438e-02 -1.014935380318328972e+00
-4.740209825421676931e-02 -8.856522192073409405e-01
-7.231709586625659214e-02 -9.066836356942283848e-01
-1.119642783624737459e-01 -8.198640630959290743e-01
-9.089633868139371242e-02 -8.568543141013086339e-01
-5.233630023328626063e-02 -8.730948981721283753e-01
-1.289231755159874759e-01 -1.029279425252275004e+00
-6.216995460660296180e-02 -9.273031854052342648e-01
-6.141232279921887693e-02 -9.554398686633519544e-01
-3.575771467741795800e-02 -9.800847004579346100e-01
-9.024656988418301024e-03 -9.663362950743901170e-01
1.756397773782284594e-02 -9.538958289349098729e-01
5.411165348933839186e-02 -1.137477332261305207e+00
-4.239251636273325824e-02 -1.048057995529986908e+00
-5.073055220368676010e-02 -9.370514967690670716e-01
-9.881908472246131447e-02 -8.924065944612969981e-01
-1.026712726540056769e-01 -1.063942943513165762e+00
-1.272165476108423898e-01 -1.061766361235714662e+00
-9.461711733053043694e-02 -1.090584112132989336e+00
-1.085578673932017513e-01 -1.044879812522031326e+00
-9.046608345159794229e-02 -1.063403683440145686e+00
2.982462061540125386e-03 -9.249876487579815620e-01
-5.530777428083741981e-02 -9.432277234303398927e-01
-6.019768126983996576e-02 -1.050931949639132723e+00
-1.226670943415833492e-01 -9.896428751025747594e-01
-9.835949547712211083e-02 -8.863344120446390306e-01
-1.098715717908686634e-01 -7.390368839357829289e-01
-3.093744179736289401e-02 -8.765879718027236311e-01
-4.445010967238977734e-02 -7.350118666614260388e-01
-1.073343281504141600e-01 -6.655271951859929036e-01
-1.733595054435489446e-01 -6.440730017844683575e-01
-1.862618792600340412e-01 -7.559222138361416654e-01
-1.686821734913007131e-01 -6.088752254671006003e-01
-1.682358309391610574e-01 -5.725763730461467249e-01
-1.398967857768994849e-01 -5.768767274082607921e-01
-1.197163837147827703e-01 -6.950587189429999757e-01
-1.801578514527964470e-01 -5.845558105239682112e-01
-1.922156407018256186e-01 -5.116759590451339657e-01
-2.031954360268689308e-01 -5.674386157489136329e-01
-1.982137869502438587e-01 -4.938848010678937306e-01
-1.786009075986891015e-01 -3.366939003910782713e-01
-1.751711421156830761e-01 -3.800757082523307795e-01
-1.374906310319414238e-01 -4.168020221295852257e-01
-1.515281021315405818e-01 -4.884656111282340563e-01
-1.456012571619365592e-01 -4.788880908051620366e-01
-1.322508605710185081e-01 -4.946027074716895511e-01
-1.005704932146377073e-01 -4.938597366082508877e-01
-1.192466023561525867e-01 -5.999939125006641394e-01
-3.362276679391665302e-02 -5.320913432717957470e-01
-4.477645748978511392e-02 -4.776246409221385214e-01
-4.996691969699550845e-02 -5.249063699671687733e-01
-4.169006777456099599e-02 -5.452727354018809258e-01
-5.314207479692032582e-02 -7.603876548378970535e-01
-7.954363213216233963e-02 -6.716055289904394598e-01
-1.191543425524103361e-01 -6.922705635611257069e-01
-1.647508268203885795e-02 -8.221162342064082251e-01
5.305104666585094830e-02 -9.325292486958718374e-01
1.088457428811534511e-01 -1.001640840224634177e+00
1.623010892007365480e-01 -9.986234437759790028e-01
1.126201177351284083e-01 -1.010639232328782278e+00
1.296003621966575203e-01 -7.445557523236872033e-01
1.054686944223386935e-01 -6.610177334661704318e-01
1.408281469203796765e-01 -5.438091202734794960e-01
1.059358919325066595e-01 -5.534679638653547951e-01
1.137780315164885342e-01 -7.710434740536432630e-01
1.898920890345001666e-01 -8.810252237290259192e-01
1.084335264025130391e-01 -9.164738034655218746e-01
1.533364861215344432e-02 -8.693516196979732547e-01
-7.956873945406145454e-03 -7.747775815960500356e-01
-7.795632360552437121e-03 -6.034309993614962453e-01
-8.245191407157773100e-02 -5.684273857764190474e-01
-9.279441445860912852e-02 -5.955423965933441810e-01
-1.097098982528730282e-01 -4.992919004614488898e-01
-1.319406497998134586e-01 -4.259087906498704168e-01
-1.604818146892166841e-01 -3.038660498750340722e-01
-1.332711166631735944e-01 -3.446234355265472282e-01
-1.408546490741379442e-01 -2.235655987393777022e-01
-1.121909281317444995e-01 -1.353504807145065048e-01
-8.282576735309445104e-02 -4.389954534607479197e-02
-1.351424037997788485e-01 3.359158925378485233e-02
-1.499146755535347708e-01 9.750018862026579858e-02
-8.321260520027384811e-02 1.634768098631423083e-01
-1.068168950038135834e-01 1.603375398221983106e-01
-4.093178560853205639e-02 2.023993549112286239e-01
-2.152632279673314872e-02 2.471287358231873954e-01
-5.214476720267828547e-02 1.241224050876965079e-01
-5.984237738608272350e-02 3.116928623705353396e-02
-4.729601701519121904e-02 5.341351754533971846e-02
-3.733950476774476612e-02 1.447141103686131469e-01
-3.291977972990813711e-02 2.355852706203458991e-01
-4.047268526936157601e-02 4.389618304682736394e-01
-3.105216786975145693e-02 3.528780142408884934e-01
-4.205756443391282795e-02 4.403115714835090233e-01
-2.127226331380957514e-02 5.480974777120763974e-01
-6.840490798931214700e-02 5.723680182275195927e-01
2.322191154111391542e-03 4.618762114272618735e-01
-9.819051014819429879e-02 3.631790129435750192e-01
-1.059895482468016376e-01 4.865472936300457851e-01
-9.969241260996461462e-02 4.169880715487774836e-01
3.998666082587089277e-02 3.904832146253983116e-01
4.361002769039419580e-02 4.956983116948944224e-01
4.106559116046479968e-02 3.841195627718498318e-01
-1.255291976425120665e-02 4.849234993605143207e-01
6.954034747828057722e-03 4.869892814700828576e-01
8.948109378084566357e-03 4.051830382092671545e-01
1.447717890590565770e-01 3.000826462126651162e-01
2.312749931300457362e-01 3.619381510520967571e-01
2.538592373461074914e-01 3.538165863417125356e-01
2.426797356211652379e-01 2.890349128673423973e-01
2.951285175069598976e-01 2.400794148366174330e-01
2.094415850690665437e-01 2.524060633461065462e-01
2.968329932548053329e-01 1.085178389631095974e-01
3.909216932247941423e-01 1.957341746304636365e-01
4.087731301867343348e-01 2.596481222277930989e-01
4.175947287675023656e-01 1.912979950560095843e-01
3.768321234485407789e-01 1.364223174672804240e-01
4.297907628533620961e-01 4.091687432445621775e-02
4.446909805388248871e-01 3.153803622010377394e-03
4.377541035603982889e-01 4.690885927497324276e-02
4.165440815595748969e-01 1.646640562691240317e-01
3.938420078127720103e-01 6.484288689893377700e-02
3.391669256468786697e-01 7.146946482385155286e-02
2.830039486111415314e-01 2.072448862063261399e-01
2.782999166210910480e-01 6.447424075281474320e-02
3.096701786267161971e-01 2.441585324375161181e-01
2.627102356388889004e-01 2.818973566314599277e-01
2.737594585514452894e-01 2.917162125749968582e-01
2.884459117615069679e-01 3.835692800084589682e-01
2.966531627480193389e-01 3.275495569387841255e-01
2.698423516085834972e-01 4.916025749791499422e-01
3.378610905435313061e-01 5.731381475741228471e-01
2.668791136558906207e-01 6.659191574171170469e-01
2.906096011369344589e-01 7.555895104663886697e-01
1.716563102380131156e-01 7.232469821941970300e-01
1.948636937174919037e-01 8.028541002344300459e-01
1.904268671802361035e-01 5.961765974502988286e-01
1.916984522875471719e-01 6.971331072129127726e-01
1.477302924734826550e-01 7.777033648006186350e-01
1.442554993091683668e-01 8.261743600959898792e-01
8.324304215045212618e-02 8.155350695151142304e-01
1.281299027742998364e-01 8.773918764841814877e-01
7.055177437277918018e-02 7.610254062629402405e-01
-4.793299598190174649e-02 5.989173679652187721e-01
2.230243186259722038e-02 7.563691458265844325e-01
4.225478135321433792e-02 7.764910910977360636e-01
-1.046811053908525829e-02 5.798450559122139136e-01
1.148328397761442903e-02 6.636268313330254687e-01
2.002798417224903316e-02 6.920228287544759604e-01
1.467596091030880512e-01 5.671020724996601592e-01
2.190807255467673853e-01 5.215846322587727180e-01
1.911109638591080850e-01 5.510908156292321225e-01
1.356446156961181038e-01 4.302821667763361280e-01
1.711030880091748141e-01 3.320694086087575547e-01
1.620762716029309769e-01 4.026563565079767093e-01
2.613016157770290393e-01 5.274931993874838465e-01
2.650095089986756469e-01 4.101346543260347977e-01
3.139110417791504681e-01 4.269460158826620666e-01
3.373617114616589974e-01 3.603436300590178720e-01
2.558807588000401312e-01 4.465558603494960144e-01
2.601209010642898667e-01 4.828297663455823896e-01
2.351654424340654803e-01 4.488522800522115608e-01
2.453833482436084956e-01 4.833111843014891718e-01
3.025043201639620039e-01 4.574876819830620556e-01
2.831258236371332337e-01 5.732595389860819513e-01
2.288760031137704321e-01 5.160992945962237233e-01
1.862284093707363142e-01 5.825701209475864228e-01
1.688478975574411456e-01 6.248837293924827119e-01
1.476039220984888822e-01 6.701938277543934008e-01
1.264758479263039803e-01 5.931786115930690606e-01
1.746711011870405172e-01 6.071089501484698836e-01
1.832448199186124393e-01 6.490217952238147570e-01
2.033642303001381713e-01 6.686827377777391224e-01
1.607739001052023720e-01 7.831695050623080911e-01
2.302731514463113305e-01 6.550208708865566942e-01
2.708774282539037070e-01 6.376707367366191148e-01
2.569024096820037295e-01 6.215178939021237525e-01
2.741632947441229318e-01 5.813757597823301371e-01
3.583945524722375042e-01 6.236669469825586454e-01
4.160757241241616056e-01 4.686311028242122756e-01
4.448176256458049593e-01 3.208412536692227812e-01
4.462997558745251947e-01 4.088452742343743895e-01
4.399733082941674200e-01 4.735836315050508949e-01
4.346874768095033148e-01 4.574384285520856075e-01
4.425480091072643285e-01 4.321194832261725516e-01
4.751079898975935634e-01 5.754916952435358279e-01
5.179827658722423456e-01 3.414334890990421978e-01
5.588642262095807611e-01 3.497195164236970855e-01
5.890049273491565485e-01 3.690629930899423372e-01
5.800999933267686481e-01 4.563090073950618608e-01
5.035587527589689971e-01 2.306179195439551355e-01
4.515248145884831477e-01 2.260177674858163122e-01
3.976552022088924998e-01 3.008061056741068717e-01
3.817604591285937432e-01 2.516985176074326147e-01
3.674491235393452793e-01 3.231940958000624753e-01
3.800059723695625169e-01 3.441226851686316479e-01
3.233677294782356104e-01 3.892507499399609494e-01
3.581996789790705682e-01 3.899368117617471596e-01
3.624977505457271376e-01 3.748813279446806535e-01
4.206564549480598658e-01 3.961417708305395857e-01
4.058904521357424300e-01 5.485886978837208883e-01
4.284559360389916804e-01 7.427702482421385533e-01
3.744869073716795005e-01 9.117908561192635819e-01
4.026087800939291972e-01 9.227562390052920227e-01
4.358718390619251704e-01 9.224347964559983515e-01
4.870690924871888816e-01 8.237192382246889544e-01
4.543330960278486041e-01 7.670112848120294036e-01
4.335673747103319098e-01 6.817041510962617012e-01
4.088431341093092253e-01 5.003693547482532811e-01
4.513455270858682256e-01 5.527685077546445891e-01
5.342865523161866026e-01 5.102948823463691053e-01
5.397514714147816361e-01 4.342194074362911715e-01
5.473914583978473081e-01 3.346179388384514231e-01
5.642887763778566823e-01 4.331780167055299113e-01
5.544838800582899685e-01 4.024594767997441980e-01
5.382245367119740109e-01 3.933726707369046283e-01
5.205805760036834595e-01 3.765597009326387412e-01
5.564307988721887144e-01 2.828157966452357619e-01
5.655563623913182347e-01 2.111259992202768609e-01
5.785920292333934789e-01 2.396885235995555030e-01
6.398924982435747477e-01 3.634260940180958355e-02
6.612094300977804373e-01 1.232389178433806048e-01
6.652120229057806311e-01 5.759880729030136814e-02
7.206252918433956323e-01 -1.059024687070548726e-01
8.309988497561585641e-01 -3.975692574032554383e-01
7.264963520375667949e-01 -4.319650638747317140e-01
7.013066674758763330e-01 -5.036709649828625679e-01
6.742623661246717193e-01 -4.982718057347351182e-01
6.025735600211041820e-01 -5.042429114289003200e-01
5.415055413783822491e-01 -4.095758144081663721e-01
5.384641296453220871e-01 -4.399515281731958272e-01
5.341301601258690024e-01 -3.380397199406046660e-01
5.838760576503286837e-01 -3.052512813692643268e-01
5.617723654679368517e-01 -4.092487553473595496e-01
4.904416467592161433e-01 -5.265199470181853858e-01
4.491260432823182547e-01 -4.870810568245814154e-01
4.443191391437406046e-01 -5.546262024307549998e-01
4.241282740580936683e-01 -5.611360890840036975e-01
4.579313313762404802e-01 -6.803213862021332270e-01
4.923060022736786556e-01 -7.222046137142797972e-01
5.041558713068853281e-01 -8.106301954713136526e-01
4.571314101578085598e-01 -6.578981655541658036e-01
4.121823982627042526e-01 -7.006140989922522433e-01
4.257621877936360599e-01 -6.230548445785950573e-01
4.031922682602423480e-01 -4.651124739064046998e-01
3.995892057971662248e-01 -4.626671914981448364e-01
3.853983525441855851e-01 -4.026297166994288745e-01
3.242011277807874681e-01 -1.787087985597186068e-01
3.362834779018453735e-01 -1.246241955053514205e-01
3.694451224225898667e-01 -8.064519995130900454e-02
2.325175935278916139e-01 9.430618230992088291e-04
2.014531634210455502e-01 1.183982163582595476e-01
2.451382250709440713e-01 2.220052155538742578e-01
2.398171738315482138e-01 1.591091326852253629e-02
2.400293337257974058e-01 9.631228239822728354e-02
2.566210082044229068e-01 1.531631217842803205e-01
2.461742413240187721e-01 6.692233934567252962e-02
2.006699483538250117e-01 1.483773750292446958e-02
1.565799693374871626e-01 1.657558083181057476e-02
2.085626987044359726e-01 -1.698115983575994026e-01
1.983583995234813324e-01 -1.042194976177128890e-01
1.747990086152488021e-01 -7.191672810174590258e-03
1.974478342253255803e-01 -1.686321332881599300e-01
2.230033422039265079e-01 -1.445870633774364034e-01
2.067403203165180392e-01 -1.661135459505154177e-01
2.506842904487290857e-01 -2.453432484036211503e-01
2.175987281732375545e-01 -4.147203264508858012e-01
3.442455803753888821e-01 -3.912470238550452284e-01
3.365993523178933411e-01 -3.884169188099006464e-01
3.131238556931698613e-01 -2.771376277593214921e-01
3.344970915869688310e-01 -4.425500640121554641e-01
3.231061534215098896e-01 -5.283418818854733745e-01
3.918622401389261767e-01 -6.312242925383224623e-01
3.376378618738313242e-01 -4.687114902542369732e-01
4.104751107807058652e-01 -5.919296526725681407e-01
4.581824768330249320e-01 -3.422581058809475163e-01
4.164877275152638059e-01 -4.553683743944021978e-01
3.375095672802539415e-01 -5.027258515364910751e-01
4.330711271443277166e-01 -3.943008300544197375e-01
3.982395310687893986e-01 -4.507985148102264805e-01
3.871487686551501883e-01 -4.833465503027356558e-01
4.676520612163600488e-01 -3.236588875095822160e-01
5.271955332251855308e-01 -3.586193700247924943e-01
5.492523094967858288e-01 -3.983561472682474180e-01
5.631439117366056069e-01 -4.780325160979931876e-01
5.456540352237435609e-01 -3.821889874552503175e-01
5.742563584154480871e-01 -4.195208378713923825e-01
5.470886076433655321e-01 -3.286015726887545618e-01
6.016277167615955435e-01 -4.172930029025219700e-01
5.501617094691315657e-01 -2.921931533145341042e-01
5.456543427461129081e-01 -1.471496830410656542e-01
5.056699510559174993e-01 -6.108800077295309383e-02
4.493640074053907862e-01 4.738860736936183898e-02
3.950446720417564173e-01 2.051485853837071993e-02
4.195391626168233912e-01 -2.837921274002523989e-02
4.045976436926111974e-01 3.022622051625540110e-02
4.531857998948466415e-01 2.277051516164260159e-01
5.068716953405802972e-01 1.546298910358636647e-01
5.234338456377468640e-01 4.488668201006887348e-02
6.063296043511430256e-01 4.246934517531151393e-02
6.520222697999353834e-01 -5.879954484826589722e-02
5.084427519713052845e-01 -1.059962137409314609e-01
4.760595109594574215e-01 -2.022592150239935771e-01
4.958506406772520969e-01 -1.554074362383345009e-01
4.581832364050970607e-01 -1.382790038798553667e-02
4.384661418990052906e-01 1.000508631895138806e-01
4.208796753792586331e-01 2.094536224316098372e-01
4.874179420797004614e-01 3.134148018312793438e-01
5.078177287849660049e-01 3.387090603582048054e-01
5.178528671496611668e-01 4.847586239259928931e-01
4.997230459886849996e-01 5.097004445188673127e-01
4.744289023452128440e-01 4.137337926920623965e-01
4.516361637756944325e-01 4.669075538957213056e-01
4.124000036746754971e-01 4.779824908761639568e-01
5.129102027763881022e-01 5.485392975991222331e-01
4.946675968701402804e-01 4.825430311967078834e-01
4.507166719902029883e-01 3.934325757155578418e-01
3.465855278218616387e-01 3.436241652686750081e-01
3.764836762352867239e-01 2.318165612713720958e-01
3.388884168004806519e-01 4.465191570725537962e-02
3.700440902524855802e-01 3.471517640432061208e-02
3.985508841242025313e-01 -5.976223888175073023e-02
3.790956078296344733e-01 -1.283056937802383446e-01
2.912263693825665190e-01 -5.004504444417046116e-02
3.187545728130859457e-01 1.201954522792863383e-02
3.337581222020120086e-01 6.757726744318622025e-02
3.339056763567064268e-01 -1.122103940029428593e-04
3.516331899093101399e-01 -1.823923396057467450e-01
3.028979344433414544e-01 -1.479461977922219562e-01
2.773933832524406728e-01 -2.442021813363310090e-01
2.415049905443306111e-01 -2.643054951062602798e-01
1.934082856812307516e-01 -2.319989616593847170e-01
2.116526979294974242e-01 -2.136594965009374625e-01
2.060146413972929191e-01 -3.339929642001138177e-01
2.019103441461540527e-01 -2.804908091181610441e-01
1.502030066219526838e-01 -1.493938375304918742e-01
1.295101064493063003e-01 -1.921841949638685709e-01
1.828130006992145784e-01 -1.952465411824721164e-01
2.358266224791470411e-01 -1.178521322682313660e-01
1.673216044002347747e-01 2.117733119890595483e-02
1.707978837869547628e-01 -1.701853056685129761e-01
1.898257159838627195e-01 -1.829257996073075931e-01
1.825694103898526932e-01 -1.662462986657887998e-01
1.850754816508541900e-01 -2.443021748933932868e-01
2.145881514385080957e-01 -2.273905166018122537e-01
2.466095899920796031e-01 -3.350175217780700931e-01
2.609022210774942785e-01 -2.441708548197869533e-01
3.159218661755027746e-01 -2.763631528680108307e-01
3.502068186480845058e-01 -4.018992928522231445e-01
2.996851664542896643e-01 -3.824249021827909600e-01
3.692060235040804939e-01 -3.475902508116627265e-01
3.798221026197449168e-01 -2.618443638134225759e-01
4.030329095726454258e-01 -2.555846920286752311e-01
4.076462828884281908e-01 -1.722158268028027572e-01
3.960341749343950779e-01 -1.718857089677980343e-01
3.815522775419933899e-01 -1.963573062667719749e-01
4.186465633410501042e-01 -1.585683336144834144e-01
3.777938958819896387e-01 -1.145777464009341273e-01
3.976308270598372108e-01 -2.045545170255756440e-01
3.502185596691556047e-01 -3.359550584901034309e-01
2.860239209150762241e-01 -2.675973375833621271e-01
2.740545704976294905e-01 -2.631700583750988254e-01
2.708164376299285747e-01 -3.226523694404626053e-01
2.584152895756170465e-01 -1.962514978880008920e-01
1.730017372810971898e-01 -2.591947452283249187e-01
1.577226229882800201e-01 -2.891235857801741083e-01
1.631613440961050543e-01 -2.250571380918829079e-01
1.290576621373585864e-01 -1.658003293198466732e-01
6.825775773390327372e-02 -2.719879121795985566e-01
3.772415791177557987e-02 -2.540221056793069421e-01
8.530181054593283241e-02 -2.648217686971154894e-01
1.012121991345150684e-01 -2.311501552341486965e-01
1.675514504747716571e-01 -2.235370976717655500e-01
1.863836365393411743e-01 -3.338235854937922076e-01
1.651573227637242736e-01 -2.598821938365648565e-01
1.788295557537497582e-01 -3.189668053752422461e-01
1.728272728675314951e-01 -3.494148735044070864e-01
1.294990014886724383e-01 -5.796672609342523597e-01
1.314956395865653771e-01 -6.553020136745526525e-01
6.236503069195155347e-02 -6.430446376050041879e-01
1.111731167602046655e-01 -5.684485223643941376e-01
1.211569551651190957e-01 -6.544079806241761554e-01
7.301907608745736300e-02 -5.619337627456446604e-01
1.682399105611523393e-02 -4.160466606037770965e-01
4.550156182613127390e-03 -7.323755336019777129e-02
3.799613047302937557e-02 -6.736237157383122287e-02
-6.230191883989608104e-02 -6.692001824037449587e-02
-3.622761277489704168e-02 -3.502940548977646895e-02
2.298973741876010612e-02 2.810156677313333656e-02
-1.001119696804010292e-02 -8.047708048686688653e-02
-5.041866749108759281e-03 -2.143944168776984460e-01
1.860304449796486292e-02 -1.938337445916630264e-01
-1.609012811648273533e-02 -9.176039000566033055e-02
-1.140432427535637526e-02 1.083085990377353897e-01
-2.033346271210969072e-02 6.682259252773858904e-02
-2.408646321774188248e-02 1.229203874800201268e-01
-4.402597921814656312e-02 9.466096472879159673e-02
-9.851636404620632559e-02 8.865890489916283812e-02
-1.279423633728078158e-01 1.470777726178536526e-01
-1.085893577257089487e-01 2.725183744530829122e-01
-8.590390136128786547e-02 3.228694775690803542e-01
-1.364900573518330884e-01 3.206719934255019555e-01
-9.785746150250365649e-02 1.779387728935234170e-01
-1.280278005124647067e-01 1.801974524092370689e-01
-1.400952876092302624e-01 3.840282523870420794e-01
-1.126537930613083632e-01 3.963419820539189065e-01
-1.061660121848346239e-01 3.762227909385796321e-01
-1.690746543120403844e-01 3.514683200843696786e-01
-1.115624835485231753e-01 2.716882569679491821e-01
-2.259516326553547838e-01 3.053033613240403454e-01
-2.622020754764575190e-01 3.622612420562257851e-01
-2.580181171150162101e-01 3.860689653050161096e-01
-2.426907177671080440e-01 2.975409162619886971e-01
-2.314436267059659658e-01 3.369458769417061905e-01
-1.907378492252904678e-01 4.203118194133049212e-01
-1.747266423778438271e-01 4.646571689360258217e-01
-1.677507117597231701e-01 5.367258019199110386e-01
-1.789041564203956991e-01 5.780938852143041595e-01
-2.118774751125206413e-01 6.214120901446146261e-01
-1.732555698013559242e-01 7.026554151980668461e-01
-2.775641064747529918e-01 9.092558288012226875e-01
-3.000687313959886637e-01 9.239126546598873668e-01
-2.754426226031955194e-01 7.218728577376144484e-01
-2.847678636634431992e-01 6.734119400035402103e-01
-3.384208421993266103e-01 7.331256934102841072e-01
-3.050389162516085606e-01 5.680639351830742978e-01
-2.855460507815412718e-01 7.399130971025996706e-01
-2.333871157330236756e-01 6.300110372224838606e-01
-2.032340409051339725e-01 5.046714642138303564e-01
-1.989127313464680302e-01 6.764017858747728429e-01
-1.915369602158394358e-01 6.196131238009974229e-01
-1.980483802824614115e-01 5.906402722545143202e-01
-1.767616427476695062e-01 6.273820357908328482e-01
-1.569135004441341019e-01 7.939357207235616665e-01
-1.814790748740618964e-01 5.950694317775794273e-01
-2.226077626389029729e-01 4.219664485164354994e-01
-1.687715087987713136e-01 3.959003440466804524e-01
-1.408597629214650704e-01 2.770135436813360164e-01
-8.934777815516925514e-02 2.124258756302759565e-01
-5.914470400154608898e-02 4.290809692159361921e-01
-6.593978316478435464e-02 5.959949021563843985e-01
-5.212249778698901242e-02 6.018294257832684790e-01
-3.089589789365231737e-02 7.180313923314934899e-01
-1.634865032239440213e-02 7.418401705402850599e-01
3.910198522823268852e-02 7.574206502144250619e-01
5.000226271978459869e-02 8.793592413636347471e-01
-5.824333382277176174e-03 7.420838238973683776e-01
-2.812540658892198620e-02 7.462757129704956638e-01
2.570851947326927706e-03 7.485460881480479056e-01
1.774286705344555251e-02 6.718048982679386549e-01
-9.265792739268672445e-03 6.045801306298459465e-01
4.435109184943372002e-02 3.768027006778962296e-01
9.916982147478642373e-02 2.658109969690715668e-01
9.681145193534489157e-02 3.088376190329240045e-01
1.061871173220726439e-01 2.896748266225112611e-01
7.965859131389287084e-02 3.525462149070967000e-01
1.443687726178706776e-01 2.693108353253830800e-01
1.430837853657086489e-01 1.722643050730874870e-01
1.420125629836130887e-01 2.347972884319379783e-01
1.125453395030198839e-01 2.669101341434410579e-01
1.286363012433913711e-01 2.293275443154977611e-01
1.350046507105906457e-01 2.979521966046178028e-01
1.077720915776473887e-01 5.497693785879029793e-01
1.001888369002632562e-01 5.144617421482480246e-01
1.386737752700359927e-01 5.087789511623891370e-01
1.462555645339981836e-01 5.389362118417382330e-01
1.588953426811597902e-01 5.811130280396497039e-01
2.123822880019735626e-01 6.759127124280410737e-01
2.377800095696053773e-01 7.190126582390721222e-01
2.244974791118019286e-01 7.897177435812762214e-01
2.020124328955054116e-01 7.977271070150826482e-01
2.331209585257613404e-01 8.014987099286341454e-01
3.416805396469455025e-01 8.139584117512752570e-01
3.110220145662143665e-01 7.486144207172430454e-01
2.418356958376042254e-01 7.201926917267192918e-01
3.541552298922583941e-01 5.780348494283860106e-01
3.527351933001096618e-01 6.043788617341656622e-01
3.539298634549535305e-01 4.510577378568897955e-01
3.386045130129418657e-01 3.484076878853393233e-01
3.377418477002458452e-01 2.591749664565486388e-01
3.462415694070076766e-01 4.349627880307093131e-01
3.655846841734348707e-01 3.892823531994579755e-01
3.483843137885762054e-01 2.857923214643718346e-01
2.764643141623531197e-01 1.294862534834778645e-01
2.957434838591305737e-01 2.763042454786486246e-01
3.521804652815477832e-01 3.673719234922842025e-01
3.824230450990454000e-01 4.508255638165500345e-01
3.619212677145153823e-01 6.508217898815948921e-01
3.197188287827756326e-01 6.859335037031863980e-01
2.904176326619504200e-01 6.966111171493352128e-01
2.803357554904428728e-01 7.108567735657606024e-01
2.633886947719297211e-01 6.066092062381084338e-01
2.435937745125524301e-01 6.077927215260726657e-01
1.929546874440737081e-01 5.911556846571786039e-01
1.812680810823005806e-01 6.268497361754711283e-01
2.203713283276492740e-01 4.320418538367343242e-01
2.739690673438460178e-01 4.760577828362855257e-01
2.329289301827772163e-01 5.714841299579835887e-01
2.014685478571087429e-01 7.151462550324407808e-01
3.089125938573989982e-01 8.330499717889634503e-01
2.773505394267054003e-01 9.740470161624587009e-01
2.588073404448085202e-01 9.473980858328444610e-01
2.848064907153266545e-01 8.377609024277803407e-01
3.012873915828133686e-01 1.023458436338552380e+00
2.380701827818862415e-01 1.012084149898158758e+00
2.058626888326646476e-01 1.135211105650206775e+00
9.764665881504983047e-02 1.284007646408608316e+00
1.415427206277988792e-01 1.318925866761261778e+00
8.953262428847214016e-02 1.364010541598621895e+00
2.051983583259373300e-01 1.454828878877099774e+00
2.767552758727590545e-01 1.538733581364585490e+00
2.077914203343533828e-01 1.479982730839282112e+00
1.903393119740991735e-01 1.413276945711779753e+00
1.613565714878626989e-01 1.362215451851042980e+00
2.213019757737643145e-01 1.301040821868928665e+00
1.817252675748491642e-01 1.209985939952681333e+00
1.280381881973491898e-01 1.079741443810639190e+00
1.327066895052703144e-01 1.014324271618627815e+00
1.718350546123365852e-01 1.045910824983901755e+00
1.572133352925521865e-01 9.756669316612426313e-01
1.378019049133260565e-01 1.014907532280969749e+00
2.140641755902178700e-01 9.175023107894152430e-01
1.882027090211439435e-01 8.987526259679856633e-01
1.687236652736988640e-01 1.039479441079448341e+00
1.647165046777930575e-01 9.352676002908884012e-01
7.648949636521185091e-02 8.098399843002925813e-01
8.714251490055145710e-02 8.673050971603831760e-01
1.331407878824295565e-01 7.066090853197808386e-01
9.372910518734904606e-02 5.893001749501614039e-01
5.807925893171854426e-02 5.068045949424139218e-01
6.097438928494506444e-02 6.035121728855104006e-01
9.395585206926147792e-02 5.594030945509124164e-01
1.333834331392558248e-02 4.931659226071936075e-01
4.235994353893425546e-02 5.072936334411399795e-01
-2.064621832135209167e-02 5.732642358215693790e-01
1.537328684451341049e-02 6.310475234867619632e-01
-7.473528502114877570e-03 5.112824401207179958e-01
5.717053782840237665e-03 7.807527495428329134e-01
7.034448255627797145e-03 8.827615559101664733e-01
2.510388877969345692e-02 7.023569136522500589e-01
2.187107899404464734e-03 5.746727631668350211e-01
4.173926753185347102e-03 6.237804129628015115e-01
3.121465172880456482e-02 6.974018331734181952e-01
3.560501669791490270e-02 6.371617553139511392e-01
7.695132738543286610e-02 8.841899254498213345e-01
1.179498312844583230e-01 7.500328318682990547e-01
3.096191999199691958e-02 8.110175393433015634e-01
3.981719472240313751e-02 8.668122400863140786e-01
4.398270223079324415e-02 7.974086919017842057e-01
5.935182422086909826e-02 8.681412249817370697e-01
1.004399514532614002e-01 7.584996762839596451e-01
1.162196989379635503e-01 8.550826544051806088e-01
1.062188296297801038e-01 7.707658920576861972e-01
1.220902117127595776e-01 8.544772778541340763e-01
8.150119503686836797e-02 9.393937927272955069e-01
5.044612464063762125e-02 1.172682403796625694e+00
5.347799972943103469e-02 1.223974453096546178e+00
1.219815666606289817e-01 1.068024852212837050e+00
1.515116018365457173e-01 1.094440787952341676e+00
1.868323130813986932e-01 1.156769411799299929e+00
1.953692130485234768e-01 1.210424508842676827e+00
2.351567985354832968e-01 1.163458848321957007e+00
3.163303039532195382e-01 1.258585106329688230e+00
3.143259124719088859e-01 1.184160900507652103e+00
3.890875267908318058e-01 1.199483289195252045e+00
3.672079015997856133e-01 1.224615645649416162e+00
4.031022215926970409e-01 1.136956622509444736e+00
4.672575088123356868e-01 1.043025520967283848e+00
4.686947490754507228e-01 1.284883117348025072e+00
4.585177535387967018e-01 1.244963413018512544e+00
4.403682431131546449e-01 1.217440461055317780e+00
4.699859272476796246e-01 1.018236417985002751e+00
4.205078282738022866e-01 1.006231754105779475e+00
3.014278734818829908e-01 1.087345047655114971e+00
2.886673099285999022e-01 1.241616628339701656e+00
2.661403673142660464e-01 1.292607600244538579e+00
2.609709423723602373e-01 1.180840089657825054e+00
3.107534150351612956e-01 1.141435622614647372e+00
3.174078789013970447e-01 1.148886219835793421e+00
2.714362504636123608e-01 1.048651538880991163e+00
2.883125502928826633e-01 1.102262570918921547e+00
2.163226017969810400e-01 1.068950736487881192e+00
2.557803855509374613e-01 1.187899206678769026e+00
2.205011018268213663e-01 1.142966809588103372e+00
2.559824623545760569e-01 1.090347075423994117e+00
2.301751518302555810e-01 9.633079444856953444e-01
1.580976625645185152e-01 9.008452018201725808e-01
1.083915561967298269e-01 7.660961352779768196e-01
1.372084440196054411e-01 6.160859855016507236e-01
1.140640340235739708e-01 5.814188863928692053e-01
9.683187737224055458e-02 6.432378971354695274e-01
1.518032186005973116e-01 7.530996396666568282e-01
1.329898148465130381e-01 7.804139164013013108e-01
2.072408534814750569e-01 7.616515372005954188e-01
2.495568368124600478e-01 6.703618547179076570e-01
2.212509523964851232e-01 7.539714520672091691e-01
1.317304211557431826e-01 6.763073170590004901e-01
8.249859905192702403e-02 7.266475721583753877e-01
6.725768248488758760e-02 7.302128310867990191e-01
2.283147219297215064e-02 7.302901983502658734e-01
5.464836332874933866e-02 7.273308903398283398e-01
3.893624346109139656e-02 6.125751602837314902e-01
1.351317001485605185e-02 5.481039873002725438e-01
6.113993031124610560e-03 5.344013895607503395e-01
-5.742043602560518989e-02 5.814561255188260835e-01
-8.891957044381587627e-02 4.971124702617792379e-01
-9.361307763614970523e-02 6.042578103450799709e-01
-1.333007356390573939e-01 5.276581317463994170e-01
-9.381498505029012280e-02 4.219142008410505240e-01
-6.907577792920023552e-02 4.372679247261007096e-01
-4.836354985435396825e-02 5.155841670461255299e-01
-4.230888095847698538e-02 5.375309496628353223e-01
-9.183269822766704227e-02 7.717236919810422924e-01
-1.721045929425030208e-02 7.030202123991450280e-01
-6.538852334491692536e-03 6.811859548177090495e-01
1.031519272091810206e-02 5.887145063522394306e-01
-6.353033253558580673e-02 5.461370407631748192e-01
-1.367897064889999070e-01 4.655212744122911861e-01
-9.761009454755334436e-02 6.000422249815663411e-01
-1.035097763508160962e-01 5.930352252194007745e-01
-9.808984904539200245e-02 5.397711475482260823e-01
-8.984904413671916668e-02 5.610413900044537439e-01
-4.190215740748998857e-02 5.496665375115847851e-01
4.170081391779896507e-02 4.901552763953594960e-01
1.389510041983875108e-02 5.191375786630313405e-01
2.972546858686873905e-02 4.194970511417982495e-01
1.006844300878034643e-01 2.979792182067357853e-01
1.243118074978381282e-01 3.298917178881017875e-01
1.261018716920780935e-01 3.974523484057502776e-01
1.479050340900434912e-01 5.025716077081971989e-01
1.232867596740028493e-01 5.336297826496205765e-01
1.797924320721949187e-01 5.971805305427104749e-01
1.153991447085911809e-01 4.815708039389100525e-01
1.489801653337733955e-01 4.385269335432968041e-01
8.114089079334316224e-02 3.604072961272484221e-01
1.414989391473841507e-01 4.399206048715779138e-01
1.243965294846749170e-01 3.607135954350346174e-01
9.556836940063133390e-02 5.766855469073653984e-01
1.255586633286091824e-01 5.729602317870379213e-01
1.295403451734102040e-01 5.375551401456344358e-01
1.501058223874628117e-01 5.238044923503571981e-01
1.499152660318272268e-01 5.582753566510092469e-01
1.945584808320391657e-01 4.960715063204766961e-01
2.446506047754296587e-01 3.742059589935974317e-01
3.549936824185228046e-01 3.745602499347051584e-01
3.904088638817619361e-01 4.326411491243075114e-01
3.923624443447500942e-01 2.488070021502672979e-01
3.310883369231599760e-01 9.204738863996447806e-02
4.283492221499238806e-01 6.263744336842860805e-02
4.567767382624350891e-01 8.441659898936640372e-02
3.561968463010171670e-01 -6.416342945399279574e-02
3.762337139653681439e-01 1.104728827055169588e-01
4.246631513557617144e-01 2.601037052754531786e-02
4.534013745856665389e-01 1.372687669732355897e-01
4.134993427689234724e-01 2.767346971693110946e-01
4.579951220185062843e-01 4.221785514407906947e-01
4.744567442767947951e-01 4.719717693697417227e-01
5.476848351909533452e-01 5.660223161756374743e-01
4.904346153602134328e-01 5.652379230887677464e-01
4.578268131402021268e-01 6.686428823418464340e-01
4.524124431264641144e-01 5.432688227254522939e-01
3.963432082020033609e-01 5.590194479670376193e-01
3.716546443490187923e-01 5.678636821901582588e-01
3.951543075392667803e-01 5.152309742178451391e-01
3.861641343563396722e-01 6.045924501062495127e-01
3.640244446197022921e-01 4.440660963412056406e-01
3.860872702190127348e-01 4.001960804680273487e-01
3.627446866901739009e-01 4.984338672088012290e-01
2.903706776328412453e-01 6.781350769927780853e-01
2.648621720078937480e-01 7.054460530454820244e-01
3.174396953072037286e-01 7.895301015371546383e-01
2.734408803819833311e-01 7.220905848117646908e-01
3.067151972548474714e-01 6.088013952537389972e-01
3.006350028895881099e-01 5.805967939794558497e-01
2.855220985892323871e-01 7.836241413250797372e-01
3.021498912878771703e-01 9.226672398132397257e-01
3.549412083064172330e-01 1.018235583910792608e+00
3.451365241231999503e-01 9.126764953309706163e-01
3.480267947578753462e-01 9.865720463994407385e-01
3.289607919792061352e-01 8.977032161765637897e-01
3.526280803341065861e-01 9.669755588941738589e-01
3.327462199203235493e-01 8.996100939054356704e-01
2.983021223852338477e-01 9.476037733297730803e-01
2.195102895688985090e-01 9.047294121525683019e-01
2.477690933411751950e-01 8.257867346722138624e-01
2.626041751700912141e-01 8.018801319677140160e-01
1.992332126132010939e-01 7.915428205880364887e-01
2.109588065516662947e-01 9.881084836623410528e-01
2.395312686950944736e-01 9.556299591733490306e-01
1.896066705801542907e-01 9.960545707535279902e-01
1.893310918145990063e-01 1.068122081956224934e+00
2.352643683926184948e-01 1.008076376787695461e+00
2.980530513883062893e-01 1.110516370209749359e+00
3.555771331829024606e-01 1.091814356741531045e+00
3.056252501222641027e-01 1.060141789691891212e+00
2.611575930198808404e-01 1.138595929678082541e+00
2.630316829910285259e-01 1.389093126745017059e+00
3.000358802403528813e-01 1.359923862576962295e+00
2.705275862007749388e-01 1.283194103877048686e+00
2.291607913545667952e-01 1.158679621374884450e+00
2.134588615026114244e-01 1.136032015441608367e+00
2.502198138943578232e-01 1.091913183600767834e+00
2.995068068166060749e-01 1.086184097613720034e+00
2.559122404074493096e-01 1.092955417815260732e+00
2.474118590089309511e-01 1.066635014468732434e+00
2.913883273733441914e-01 1.142300870103114097e+00
2.465299539748668778e-01 1.148693931769538379e+00
1.966205570830771299e-01 1.181213746157701694e+00
1.818676717707705393e-01 1.183728427258286864e+00
1.805248714623271522e-01 1.155485679230852769e+00
2.330530891472702426e-01 1.355023549486417789e+00
1.895032392443181113e-01 1.293097054076865593e+00
1.746627339985201421e-01 1.349466430196097688e+00
1.666485704993204142e-01 1.195886325027581742e+00
1.576417080027220363e-01 1.129570635899824538e+00
1.518834241942486063e-01 1.242876307981939821e+00
1.200807644998890672e-01 1.029366138385053198e+00
9.734811775102691911e-02 9.320837551438738711e-01
6.786199040774368307e-02 8.112626481033883286e-01
1.540089759169119554e-01 7.423333794855758727e-01
8.964152666706304284e-02 6.428862730531510472e-01
1.778818291886943292e-01 7.611751496355739777e-01
1.428193421895500026e-01 5.410409389850030504e-01
2.092097928758595016e-01 5.234798802108141524e-01
2.369100834526139399e-01 5.107429496582511774e-01
2.002079878879690078e-01 5.090543303469912129e-01
1.737097623429948723e-01 4.201181849812062330e-01
1.972640051077642342e-01 4.925426436441359690e-01
2.504644586557520092e-01 5.517849300147691372e-01
2.531843239160523895e-01 3.290635882058394746e-01
2.771294651306126511e-01 2.599042328355302134e-01
2.270786981169565788e-01 2.144308933740914913e-01
2.526881497541255683e-01 2.113606679961306800e-01
2.492849359721953650e-01 2.826592499810379189e-01
3.313589686896394881e-01 2.838393007223876663e-01
3.390434608910318781e-01 3.510637150733691980e-01
3.550609106306049645e-01 3.573437268050897453e-01
3.668969176576712399e-01 5.039994179701748900e-01
2.883338900123670334e-01 3.619995945016533101e-01
3.280446789926415585e-01 4.137187025637745208e-01
3.564477800715521449e-01 3.314275030090363949e-01
3.626803585974097133e-01 3.230980309938318307e-01
2.696299982122541961e-01 2.652885091446873789e-01
3.308074731462976592e-01 2.851727744684040555e-01
3.642050185429808185e-01 4.766968119507996038e-01
3.348179736970657849e-01 3.505034929653968456e-01
2.174383585491658777e-01 2.180650869905330358e-01
2.813705684143927854e-01 2.756032439275210577e-01
3.358004479356671013e-01 3.749318263824185649e-01
2.955361834829010048e-01 4.349018470270736847e-01
2.352500226540175376e-01 2.868579325883430231e-01
2.223713540473257200e-01 3.117324351854355302e-01
2.327238235331275107e-01 2.341533631362832102e-01
1.774189447772481498e-01 2.202055363292195200e-01
2.115357894728978061e-01 1.800935037127366634e-01
1.237248343272249335e-01 2.468769761750829184e-01
9.154179271532969508e-02 4.898521125625254768e-02
1.130862667661235027e-01 -4.117652838799903958e-03
1.071593219747112441e-01 -2.105271527296337722e-02
7.988178512135025999e-02 2.919533184363019840e-02
1.116720758466662466e-01 4.681541732997750865e-02
1.520950576352357864e-01 1.262216210994025201e-01
1.813442712050205852e-01 4.210432822418500032e-02
1.450788718850239412e-01 -1.363530125962089945e-01
1.332825533452877687e-01 -1.992944336713475817e-02
1.272823134254567612e-01 -5.722220426091886858e-02
1.169881091266518208e-01 4.848974227955452077e-03
1.081777953849356044e-01 4.756583988829479054e-02
1.321141769294767732e-01 8.102309745150688969e-02
1.173139886710374558e-01 1.404846777218263787e-01
1.642318568299343806e-01 -5.297693629268721005e-02
1.193197745320542374e-01 -8.297259402112594495e-03
1.210802932599582132e-01 -1.452210828081743899e-01
1.011157818984989992e-01 -2.787118843065630180e-01
1.204163379390560673e-01 -3.607163232227337812e-01
6.173848875196885633e-02 -4.194175745971262526e-01
7.038315400951482281e-02 -2.896086538328714877e-01
4.742483693011320667e-03 -3.719699848852537905e-01
-3.506077650813455709e-02 -3.330250023918857050e-01
-6.611432409297748891e-02 -2.037923691564188788e-01
3.061373439173134536e-03 -4.209213951994089653e-01
7.470242147470014527e-02 -4.820881799939245593e-01
-3.370655116201291823e-02 -5.087431276537851543e-01
-1.599486330133874090e-01 -5.877492009530042028e-01
-1.315209915877514346e-01 -5.885861468466712099e-01
-5.453592079962701900e-02 -4.390691236677123355e-01
-2.335848095199056715e-02 -4.303616432275296777e-01
1.688037108028328515e-02 -5.775150847650106778e-01
5.299881857220864467e-02 -5.663738185728227625e-01
7.876221830448659755e-02 -5.835373147914966196e-01
9.921698404930850979e-02 -4.990894775076551437e-01
7.576228716731248092e-02 -5.915434371135164238e-01
4.774991263828598509e-02 -5.351665392294575607e-01
5.225260440441961002e-02 -6.751826059815529968e-01
5.817201985129764191e-02 -6.193484076474835565e-01
9.721261638074374378e-02 -5.335132023106130550e-01
4.765701344147253021e-02 -4.342831736915422902e-01
-1.993155672382963817e-02 -3.944975024432866295e-01
-1.007765989989325150e-01 -6.059000808351953093e-01
-1.680992824637584093e-01 -5.334996148679442829e-01
-1.211292190730869911e-01 -4.295722231299676785e-01
-9.910086699519563003e-02 -4.861965504701926122e-01
-1.170748698351556510e-01 -4.851795849977377784e-01
-1.475716747720984823e-01 -5.187054427640859222e-01
-9.000229441276558218e-02 -4.185815613796421975e-01
-3.599100439579742267e-02 -4.646852079729549834e-01
-4.404474214423172856e-02 -4.819672536141478836e-01
-2.861479233591422006e-02 -4.329686660881784110e-01
2.996943811548000852e-02 -3.746144840603498061e-01
8.664391102656518462e-02 -2.354216021171866013e-01
5.953009485609201540e-02 -2.291427906943803716e-01
9.557433439105654516e-02 -1.883242583236197920e-01
6.703786350164374352e-02 -1.449213347566794541e-01
9.117899224693544469e-02 -2.018160868891923365e-01
1.390958970022167507e-01 -4.144664267636527510e-02
1.356455910786654728e-01 -1.950927087267308874e-02
1.408942802924177951e-01 -5.152155912456133496e-02
7.097903381783228494e-02 -1.141632987338409705e-01
9.987318387571811340e-02 -1.908544656576495191e-01
7.238568438173720310e-02 -1.176908393575576417e-01
4.543132483362560120e-02 -1.379725329469554118e-01
-2.155610769492109779e-02 -3.233691846993727581e-02
-2.897047239195874035e-02 -2.521370406191640601e-02
4.541668732094981953e-02 -7.610987790880538451e-02
1.242448426238260406e-01 -4.125486595568391701e-01
1.072300714338442762e-01 -5.039436229257994171e-01
9.073500644994687836e-02 -4.024227165553901919e-01
1.107702964616723573e-01 -4.043639416841279810e-01
1.225634865381365762e-01 -4.017503387324118380e-01
1.586823622485660779e-01 -2.330074221756717190e-01
1.690858975729636060e-01 -2.369451732302754188e-01
1.130098615289849284e-01 -2.731274180044089839e-01
6.619753401277622684e-02 -1.989913402020843658e-01
5.499287535626323081e-02 -1.352594660665078219e-01
5.941663185563299254e-02 4.237648964641591021e-02
-1.593545639666958669e-02 5.097699520564780151e-02
-3.477559389075630947e-02 2.059500393910664306e-01
-4.434696619333602929e-02 4.230753856759519871e-01
8.522832141453141885e-03 3.719431231524997772e-01
-1.157548329347213474e-02 3.353564440717476391e-01
-8.679233050440093855e-02 4.438281682171057452e-01
-9.515479472870046196e-02 3.617653558483342469e-01
-1.175873496556967407e-01 3.796983283236275986e-01
-1.505924726967212135e-01 5.869966036888091265e-01
-1.050591875455913204e-01 4.689594571572080484e-01
-1.347917433723861413e-01 6.574157317862252548e-01
-6.353665345482199800e-02 4.826052058585486026e-01
-2.492374166276839498e-02 6.026846512379466780e-01
-5.286491979905159899e-02 5.573245195529326068e-01
-9.040457247450095490e-02 5.049420073269373921e-01
-5.784828409394054960e-02 4.778526195142997479e-01
-6.355009751993387357e-02 3.768439771320207798e-01
-6.144629366204847759e-02 1.854762444090619355e-01
-5.738469173595670686e-02 1.104403020911731842e-01
-3.226780084779966307e-02 6.104505367691650392e-02
-3.836268485861255018e-02 -3.058073607030834667e-02
-1.690795862485227063e-01 1.760385197308630620e-02
-2.067894285086070982e-01 -1.972469139743886213e-02
-2.549480885943602448e-01 -6.016794347870595139e-02
-2.913753606224604997e-01 -7.083733934614609706e-02
-2.649927120659998914e-01 -5.010585697327229332e-02
-2.478883216315263538e-01 6.020088038691112642e-02
-2.838995174391574228e-01 7.271799174399724841e-02
-2.949366106583774516e-01 -4.317244753594218221e-02
-2.570622894005288872e-01 -2.545091850200081884e-01
-2.588715534794758799e-01 -1.206350413150701628e-01
-1.543061423089235329e-01 -5.083352589178639913e-02
-1.584783294087434846e-01 -3.033568811027678030e-02
-7.962179757405056513e-02 -7.561238479827099568e-03
-1.570227625068848221e-01 3.585341566945992459e-03
-1.368597935034182866e-01 1.168171686286557757e-02
-1.025598180857329317e-01 -1.538256512426696213e-02
-1.039323172550302432e-01 5.439602406360471293e-02
-1.237831160053625423e-01 -1.584101790392788978e-02
-1.091017737003924376e-01 7.610986777765790801e-02
-1.509631861582262924e-01 -7.567368962312134850e-02
-2.496481526686528396e-01 -3.769366046734208553e-02
-2.853833927823714589e-01 -1.034745086452189267e-01
-2.673728980774481290e-01 -3.762085177824781024e-03
-3.071689568854371610e-01 -7.202141818205962109e-02
-2.706082936263521366e-01 -1.751732247398801734e-03
-2.883920864156674368e-01 5.465733016813981854e-02
-2.231539904764768267e-01 2.229319998796435581e-02
-2.581834529634804420e-01 -7.021692601094739472e-03
-2.119240154980185642e-01 4.927261862142082172e-02
-2.603876552048654536e-01 1.125582880800554408e-01
-3.024821790041584690e-01 -6.619600955266749520e-02
-3.393488809945406359e-01 -1.226915497918242282e-01
-3.910785883553796194e-01 -1.256957967005500887e-01
-4.803094229591048370e-01 -2.657398754760786908e-01
-4.373418565529590407e-01 -2.753756385324014344e-01
-4.158077230820514947e-01 -3.155438677417212179e-01
-3.773091534573850825e-01 -2.970904690070643173e-01
-3.303040049134924327e-01 -2.025670378002991656e-01
-3.372414017101141859e-01 -4.423472586482318780e-01
-3.462692578759732354e-01 -3.737677516253760657e-01
-3.816073415558576265e-01 -2.175874914243441927e-01
-4.389382931239301788e-01 -2.259701419886327722e-01
-4.458108068652619216e-01 -1.807917006073845034e-01
-4.245670431319605864e-01 -3.377334037649648013e-01
-3.755015834889732784e-01 -1.692393609086059736e-01
-3.213545055546334073e-01 -3.997600062798159493e-02
-2.746517815113114769e-01 -8.427288200194443801e-02
-2.120849129797411359e-01 -1.689687110750378030e-01
-2.117030203435679159e-01 7.549602923399856280e-02
-2.559258591126018501e-01 7.269238212671189081e-02
-2.076310198835076837e-01 1.910836084157389592e-01
-3.336834539990698456e-01 4.299241205247844588e-02
-3.330413513481971233e-01 2.015270046732090814e-01
-3.199112974532534182e-01 3.335229502435376192e-01
-3.669435084285261883e-01 1.777608614578213009e-01
-3.642161842942445160e-01 8.563999213676502797e-02
-3.477653798663810081e-01 1.850733496845766435e-01
-3.693985027922502828e-01 1.508283599325966617e-01
-3.882028695812252961e-01 1.574470644741577385e-01
-4.167893620742896821e-01 1.166731131998585413e-01
-4.783450371552375180e-01 3.857344755693158100e-02
-4.056037035564745152e-01 -1.553752383204683174e-02
-3.603764293784341155e-01 -1.876450033133562553e-02
-3.051058840046692588e-01 2.081713431633566008e-02
-2.904508652549665504e-01 9.784444908538349195e-02
-3.588873264332119173e-01 2.978922841075625216e-01
-3.132136759064655385e-01 2.956073145867444962e-01
-3.472168623243160335e-01 4.018915674812471583e-01
-2.014320942203504661e-01 2.517726401233995048e-01
-2.016035628745734276e-01 2.921047512433251336e-01
-2.526109040211582668e-01 2.166467519297559929e-01
-2.334178147269524162e-01 5.195899960582710531e-01
-2.940261679205080636e-01 4.081177164451414985e-01
-3.291903052021541431e-01 4.510740213326825399e-01
-3.955300177372015891e-01 4.062975250634673907e-01
-4.033792499896622918e-01 4.792951362109880709e-01
-3.680946384894129286e-01 4.784885930450962221e-01
-3.156901126030036697e-01 4.565163503343356299e-01
-1.991617328353087746e-01 5.862200221936384459e-01
-1.417447956624590943e-01 6.487603578764999934e-01
-1.426003289131519691e-01 7.117583134105217590e-01
-1.130692652242795554e-01 4.537344939187427650e-01
-1.649060206340979551e-01 5.922024894895077107e-01
-2.730521367193241566e-01 6.261774856041929516e-01
-2.874889350538121779e-01 5.779262284338542166e-01
-2.601912020573969864e-01 6.895335010979276591e-01
-2.505068036016085964e-01 6.994050151263541126e-01
-2.465636770057463290e-01 6.952240153738846740e-01
-2.705370377747170485e-01 5.755540444514062326e-01
-3.392952904255064350e-01 6.060570440914314627e-01
-3.517923971700869790e-01 6.259910877683373398e-01
-4.043103826513678722e-01 5.106614856020084137e-01
-2.893070050357097189e-01 5.663172156995947004e-01
-2.089579643627815508e-01 5.575583655827683893e-01
-2.846865586269935466e-01 5.510942003673747758e-01
-2.971535983304018913e-01 6.922826255601357559e-01
-2.790317415459354078e-01 6.354347835383781229e-01
-2.738692534999929151e-01 6.609391243380146053e-01
-2.292640067050436548e-01 6.859697455025549617e-01
-2.076915350846014474e-01 5.588087354563837650e-01
-1.330090477938862259e-01 5.128568695170440117e-01
-1.023499275912209128e-01 7.429221222915889378e-01
-9.525647717255422697e-02 7.826641496835482492e-01
-1.347226083396869112e-01 8.159951469138543301e-01
-1.940733063631518984e-01 9.298191078342727955e-01
-2.150276567151450102e-01 1.028705276656762813e+00
-2.069282543946758535e-01 9.469187584500339261e-01
-2.753959800379742751e-01 8.560622885998627751e-01
-3.610284808845033999e-01 8.179751785404387743e-01
-4.414897145924400190e-01 7.215392067575933099e-01
-4.346255048204727411e-01 8.422468081482543667e-01
-3.793599371413045040e-01 6.885766088461964252e-01
-3.976568194241724696e-01 7.330798474319757396e-01
-4.087464953511700250e-01 7.208833097273728008e-01
-4.271039061887247912e-01 5.104531972735548706e-01
-3.454625217634616496e-01 5.980990701184656366e-01
-2.962939938536258699e-01 4.814160011380926862e-01
-3.176277184260866693e-01 4.946290118008665471e-01
-3.064301091407772293e-01 3.869851324299764528e-01
-3.760097760478114948e-01 3.623987307673356417e-01
-4.263757110813261586e-01 3.404324279368644013e-01
-4.083254712795864050e-01 2.664700854761282156e-01
-4.551089655260872613e-01 2.114010702428189836e-01
-5.542126860300342628e-01 1.568613586840880425e-01
-5.996826163630739615e-01 5.398993862438966618e-02
-6.159914849062019249e-01 -1.165571393706027886e-01
-6.200513440152728428e-01 -5.429694596425955339e-02
-6.020823743659289295e-01 -3.448664191126814271e-02
-5.859528720689534120e-01 -3.235559978340536019e-03
-5.400223089969860002e-01 -2.125782615950208010e-01
-6.604081409199203945e-01 -2.715252110545268716e-01
-6.690540064819742172e-01 -3.684529919354170846e-01
-7.189773225955579106e-01 -4.212238916551638290e-01
-7.979063755724016271e-01 -5.240727381030424459e-01
-7.966156557592458665e-01 -5.247680860104030343e-01
-7.508365470141312725e-01 -5.650951664112857653e-01
-7.855957222377234483e-01 -6.564232102594064200e-01
-7.787808813444160316e-01 -7.698528064865325371e-01
-7.095627255913670162e-01 -8.835369427585730850e-01
-7.020563292777635134e-01 -7.359519721496022848e-01
-7.720405703643800077e-01 -5.874621809108416803e-01
-7.942506020878623563e-01 -6.301055120677927501e-01
-7.368908489596042166e-01 -5.957653737660280058e-01
-7.521426958966223042e-01 -5.238924018512421954e-01
-7.574442704087205325e-01 -4.831526572736662972e-01
-7.358836856126144133e-01 -4.835227717913517798e-01
-6.872098570544951102e-01 -5.302471947503044625e-01
-7.028115576335305370e-01 -6.334318006846418880e-01
-7.151405820177497707e-01 -6.899685578075485104e-01
-6.930267718567506563e-01 -7.413630802907773543e-01
-7.397442246466211513e-01 -9.225776283190983973e-01
-7.139473820937476400e-01 -8.227763014135835995e-01
-6.365689647394192630e-01 -7.128001574890464598e-01
-6.280326844155630361e-01 -8.113622950194626648e-01
-6.301363054578412726e-01 -1.018953389104328533e+00
-6.188864952863819546e-01 -8.686186895228557026e-01
-6.602810127786666872e-01 -7.283646124596115934e-01
-6.928887454663652523e-01 -6.879012338565040352e-01
-6.732561405414557720e-01 -7.177050510369606950e-01
-5.707556939059919010e-01 -6.883525855459432519e-01
-4.913004322055291029e-01 -8.430532773491818954e-01
-4.442741384506894153e-01 -6.798323956674658941e-01
-3.825506736790925677e-01 -7.446372476142291141e-01
-4.051381660601608981e-01 -7.329323901660668161e-01
-4.528562547986427766e-01 -6.115885637942242159e-01
-4.216602022595865584e-01 -6.543573468073413668e-01
-3.947004323168530338e-01 -6.929361239589335586e-01
-4.069788144468877156e-01 -7.003646369453899734e-01
-4.090087043447851456e-01 -7.813904255688006728e-01
-3.991470667925426374e-01 -8.108925992550304329e-01
-3.782189269096554729e-01 -1.017462717987438037e+00
-4.397947717273406054e-01 -7.614869185655075423e-01
-4.915130469526032275e-01 -6.196883897990630441e-01
-4.251087580494992135e-01 -8.021397906502456543e-01
-4.588904173446446411e-01 -8.108728697149173437e-01
-5.280648263409826182e-01 -8.777257940752580812e-01
-5.414001643047170464e-01 -9.386695576227752635e-01
-5.334216181335637019e-01 -8.565008829206421925e-01
-5.292960574592611156e-01 -9.351504116894253649e-01
-5.461566507073727372e-01 -1.124442574110484649e+00
-5.805352089672247695e-01 -1.186273974282268773e+00
-5.484416028798637655e-01 -1.003044422682987769e+00
-5.869294240883357050e-01 -1.084260122272283855e+00
-5.747889575917842775e-01 -1.004981186123313774e+00
-5.516223949712806274e-01 -1.163256206282060390e+00
-6.288864557974014335e-01 -1.206536020886798566e+00
-6.509983390777438483e-01 -1.126374726672036752e+00
-6.555426817863799771e-01 -9.881444450761661669e-01
-6.783050142554936102e-01 -1.019382104205502682e+00
-6.770967936411358412e-01 -1.039519212992734865e+00
-6.364864802595220361e-01 -1.092993531667343365e+00
-6.264595479767950392e-01 -1.061909722555696600e+00
-6.221694984389816163e-01 -1.146964892390758495e+00
-6.705822332333245539e-01 -1.041991096711972542e+00
-7.170730401380681629e-01 -1.012161434062595289e+00
-7.556176824595439712e-01 -1.095633942868893040e+00
-6.831353376310985714e-01 -1.133313633170943913e+00
-7.350040153719222813e-01 -1.040417430398566490e+00
-8.035960483192947645e-01 -1.016039514884756745e+00
-8.442104607808300631e-01 -9.659340067796340357e-01
-8.560164739172440029e-01 -9.171722595992852778e-01
-8.558717665798806218e-01 -8.224931288466440504e-01
-8.406204871991677097e-01 -7.055163261613957015e-01
-8.279354236396023747e-01 -7.480476401835433053e-01
-7.323100715950826567e-01 -6.951221305716358545e-01
-6.845209873729274364e-01 -7.713073885923933393e-01
-6.932407133003287703e-01 -6.751578117584522420e-01
-6.910446978397795093e-01 -5.635306228206627965e-01
-7.018611463294311958e-01 -6.460465049728100206e-01
-6.379920195804550387e-01 -6.926777237951573518e-01
-7.203426350717502258e-01 -5.513947239021742552e-01
-6.056509133968643876e-01 -3.799690680966128498e-01
-5.938827459376633255e-01 -4.338090270235943069e-01
-6.048972105671115429e-01 -3.594675294775623309e-01
-5.955195529900447760e-01 -4.467778849150281784e-01
-5.911472583813864867e-01 -4.340375546398056450e-01
-6.415057254946865406e-01 -6.599540820909874927e-01
-6.303068272611036527e-01 -6.477286126777075381e-01
-6.873465689685108737e-01 -7.623182962756629433e-01
-7.092388216337760509e-01 -7.370068754418410695e-01
-7.553343960360856535e-01 -7.223276639344111683e-01
-7.346811501466797845e-01 -6.802652985126695917e-01
-8.016801252702938640e-01 -5.125915739462675313e-01
-7.424067147772285269e-01 -5.463724160759408921e-01
-7.108178831806979403e-01 -6.519945108112503718e-01
-6.687824245334220707e-01 -6.156712144625747785e-01
-6.361588188521634102e-01 -5.220526122549089543e-01
-6.725455356015025421e-01 -5.163606022041251631e-01
-6.922624807974241401e-01 -5.946423690958820840e-01
-6.684677648945591688e-01 -4.375653258050452576e-01
-6.768628030908890869e-01 -5.487719960911743300e-01
-6.804222344756992724e-01 -4.587576349116335717e-01
-7.361241945960259603e-01 -3.187497341272267359e-01
-7.321160547732787904e-01 -3.356575871023355084e-01
-6.335531587842149204e-01 -3.048082139822246850e-01
-6.107434506809648056e-01 -3.783098326536436518e-01
-5.722809509720319099e-01 -3.857490029346457572e-01
-6.028468683016473539e-01 -2.348902499730890492e-01
-6.109230484260055327e-01 -2.157435595943779649e-02
-5.579641321041979296e-01 1.866806152427429033e-02
-6.273659740110807403e-01 -2.418162162542841775e-02
-7.010814664789545292e-01 1.669036045884229186e-03
-7.557558114325437781e-01 -2.627689543966460137e-02
-6.883267434627908798e-01 1.905245065391579506e-02
-7.404847877477709339e-01 -5.101714291007103386e-02
-7.194121828572078714e-01 1.167784066107850627e-01
-7.658155709360451313e-01 -2.470391837388814793e-02
-7.384942669016820727e-01 -4.189286794882605969e-02
-7.243191664390770113e-01 -1.408663451056093030e-01
-6.841787745058525161e-01 -2.500644792984089981e-02
-7.647475832243970650e-01 -1.759262819788476040e-01
-7.460960645922709578e-01 -3.216989222277589766e-01
-7.513051421538285979e-01 -6.941523114612302425e-02
-7.912705786883907910e-01 -3.276564436342037645e-01
-8.293850138139801098e-01 -2.005480482438634637e-01
-7.598968656736292404e-01 -4.189393302983653866e-01
-7.394966940029951141e-01 -3.664378978778298213e-01
-7.402472822499109872e-01 -3.377250505841982164e-01
-7.266875398260949082e-01 -5.250361396312749340e-01
-8.006295439531633251e-01 -5.136840096279879919e-01
-7.889071360651253029e-01 -3.503607225354511412e-01
-8.321607153873357143e-01 -2.346567219816436956e-01
-7.803255896249184920e-01 -2.650316999552396746e-01
-7.866121024928367511e-01 -2.195580256874705982e-01
-7.686993310117778977e-01 -1.215580246980422219e-01
-7.429245721974424566e-01 -4.340689150068073598e-02
-6.644229675535147095e-01 -1.295841155807390122e-01
-6.474140554533235337e-01 -2.207443525662273753e-01
-6.195882989293906018e-01 -2.061231614977773741e-02
-6.396246054077696641e-01 -5.360076302805396459e-02
-6.207278979556315468e-01 -3.802817356827836032e-02
-6.034960494021824884e-01 -2.128167807032699255e-01
-6.329747339751755630e-01 -1.057798549710485675e-01
-6.149092480180176068e-01 -6.004221253624145160e-02
-5.564974920538813263e-01 -1.493917784540939042e-01
-5.581620885199872761e-01 -1.618538651905103987e-01
-5.770827068616724009e-01 -2.667512636037115970e-01
-5.442324798931180707e-01 -4.207258891049312499e-01
-4.965786798362945564e-01 -6.097197909058323928e-01
-5.228812725721720955e-01 -5.856836959206354054e-01
-5.382335946134546578e-01 -5.781981590584357455e-01
-5.717546333751738485e-01 -4.895656158825074655e-01
-6.205942223619905773e-01 -5.176660015650872415e-01
-5.831531448178847166e-01 -5.038474414647917676e-01
-5.831827078661012687e-01 -4.175823720975641584e-01
-5.996031309435857493e-01 -3.975812587074447069e-01
-5.547380245211859240e-01 -2.652592017202815011e-01
-5.372796697595658699e-01 -1.350330821507592371e-01
-5.282128320212718942e-01 2.105105605675508529e-02
-5.319393695861860394e-01 -3.323933463594563875e-02
-5.615272624188051287e-01 -2.087985146380794965e-01
-5.226643619262291152e-01 -2.496515210018295794e-01
-5.195994251860087676e-01 -4.508347233166528634e-01
-5.921174254722871844e-01 -4.065417841423113465e-01
-5.812932039565181785e-01 -3.192433771411350429e-01
-5.933940950515709245e-01 -3.132462000016361658e-01
-6.570311890877273964e-01 -2.323192695466521074e-01
-6.702262628808259848e-01 -2.640108214008009546e-01
-6.460381409277160536e-01 -8.815794686557765214e-02
-6.357859665180027875e-01 -3.408119405517477662e-02
-5.968239219978251908e-01 2.693810096884734911e-02
-6.482905662953895032e-01 -3.285365087620499558e-02
-6.423916009697435703e-01 1.945134003043949567e-01
-6.363065181441979190e-01 2.792697106902941595e-01
-6.803512048681905622e-01 3.514577299485127648e-01
-6.519111254994761628e-01 3.590003583961970390e-01
-6.656722918079055473e-01 3.991911326728673770e-01
-6.670611604885356982e-01 3.511724412631790360e-01
-7.454123716392435650e-01 4.943072412758013900e-01
-7.252959590579733939e-01 2.874066565306274690e-01
-6.342286050200988123e-01 1.896707157376073538e-01
-7.188542836789298951e-01 1.445463471562180024e-01
-6.810877782299147309e-01 2.416665395520149473e-01
-6.462293308044901874e-01 2.652624110890554054e-01
-6.080197625302958819e-01 1.413176891305744642e-01
-5.667049722974125681e-01 1.765720602000657447e-02
-5.762221712129984574e-01 1.430757213415184415e-01
-6.206925055205483321e-01 2.729643075140472663e-02
-5.876382754068021352e-01 1.029549275317135498e-02
-5.517954285341079013e-01 -2.107922385456076353e-01
-5.247084468116242073e-01 -5.811172454074511884e-02
-4.792737301225918900e-01 -1.100288102114037880e-01
-4.643653527648946566e-01 -1.213467231941094404e-01
-4.516115297485238100e-01 -1.990544299870907752e-01
-5.100513220247612223e-01 -1.992700545764943265e-01
-5.221671791969481058e-01 -1.916212553006675368e-01
-5.138395599830422045e-01 -1.031668627866479671e-01
-4.938389510529528903e-01 5.492994823214206179e-03
-4.742881412852217871e-01 -8.748061124093398089e-02
-4.303962702472116653e-01 -1.944657259387726211e-02
-4.472103248581977830e-01 2.070537101544225184e-02
-4.417469767991984431e-01 6.929270007719826041e-02
-3.693017407108785122e-01 7.788662613064922802e-02
-3.734414332760230271e-01 7.689946893581194043e-02
-3.386874773036020470e-01 1.424017014253397551e-01
-3.212901719201445849e-01 1.979039414179301071e-01
-2.832022404402658733e-01 1.299100897146137079e-01
-2.380639324409849489e-01 -2.478398084275809654e-02
-2.541746735794309653e-01 2.791165100383010897e-02
-1.946979356322744992e-01 -1.397002275145673988e-01
-2.469800735120908919e-01 -1.624135000524240535e-01
-3.167822427000595575e-01 -2.768898082752089818e-01
-2.731205004854442286e-01 -3.005496829646756018e-02
-2.791424952930822712e-01 -1.484810278109126302e-02
-2.708893837901397150e-01 -1.969511472498684801e-01
-2.577101560585839946e-01 -9.335626533084255552e-02
-1.650024671297682377e-01 -1.586244675415559025e-01
-2.169163902269560240e-01 -1.562632693966113651e-01
-2.304202658338758980e-01 4.667952665964922310e-02
-1.651047879615230030e-01 -2.490799468379419762e-02
-1.893531482897962970e-01 1.376530791932459863e-01
-1.946309974640643148e-01 2.549352439034026641e-01
-2.108744893718844104e-01 2.711794203347525078e-01
-2.312831464107656110e-01 2.760913508491738555e-01
-2.154372587441102105e-01 1.472004367761561572e-01
-1.826730163713776167e-01 2.178530053363541275e-01
-2.672147424917891145e-01 1.476914408214557439e-01
-2.741845365062730022e-01 1.309509552110751374e-01
-2.002595362439402171e-01 2.930204700207087454e-01
-2.305289586280438452e-01 4.124205706019563045e-01
-3.089031901896955867e-01 3.032718309195901463e-01
-3.796781531906575635e-01 3.182255042245334398e-01
-3.959347478002593901e-01 1.515251558594968850e-01
-3.494286661730697241e-01 1.598873563193856095e-01
-3.249822025531705627e-01 7.174436757242223794e-02
-2.610609763372728209e-01 -6.684483738736589353e-02
-2.627222649158394430e-01 -6.342859547262798270e-02
-2.296942819792849866e-01 -2.251489963655381177e-01
-2.461374489388963582e-01 -1.445877471530825908e-01
-3.369759149206301152e-01 -1.577276179308173820e-01
-3.754087189486458587e-01 -1.506374804429916336e-01
-3.411084435782075763e-01 -2.216565891300478763e-01
-3.406780566475635097e-01 -4.531868912848574515e-02
-3.703079205933171858e-01 5.867687464571529760e-02
-2.875680803306909228e-01 1.096680641315986304e-01
-3.238423570661542739e-01 2.422273395047359057e-01
-3.420798660799052038e-01 2.855422963251998403e-01
-3.500000534998048973e-01 3.016627730941984775e-01
-3.633088834952200030e-01 2.681614634938099817e-01
-3.526746558476587246e-01 2.524609836557145659e-01
-4.197459432033010529e-01 3.286585507015884478e-01
-3.551766530856716453e-01 3.607190189566832350e-01
-3.877439915236486900e-01 6.698290590697404401e-01
-3.099380387176044471e-01 5.900649082627813513e-01
-2.918442339168459410e-01 4.520734095390858687e-01
-2.571026173420565830e-01 5.476696245330019419e-01
-2.175639715644626382e-01 6.538061337701541742e-01
-2.457857407928205618e-01 6.582462285599993690e-01
-2.770174479887355101e-01 9.055566525164889802e-01
-2.632529124018760380e-01 8.442962310345095700e-01
-1.582563564289145575e-01 8.128526070842053697e-01
-1.293866433136859617e-01 8.431206256963077461e-01
-1.944708323306079678e-01 8.511190657316962671e-01
-1.558872917097398891e-01 7.949115403740306673e-01
-2.265703107716401377e-01 8.238302470413381151e-01
-2.485577998795982790e-01 8.961262750811640476e-01
-2.887430980132253411e-01 9.723555371396200853e-01
-2.419517519112401871e-01 1.050340655938209355e+00
-1.719086029701757390e-01 1.136223241602745793e+00
-2.329960667512330497e-01 1.085447274934519424e+00
-3.283022580888263486e-01 1.174215889999572937e+00
-2.937782548849303677e-01 1.147816156169691348e+00
-2.704869750133984674e-01 1.201433859318225439e+00
-3.080603408980721047e-01 1.197160263496153343e+00
-2.691230644249568704e-01 1.042736534346337729e+00
-3.046974841892061692e-01 7.858245945632915674e-01
-3.721014941917508700e-01 7.580371601364661593e-01
-3.529331202506776344e-01 8.347959696445201860e-01
-3.237013745022107036e-01 8.606639632512078641e-01
-3.196392617043079531e-01 7.942187562752236474e-01
-2.732648198212447310e-01 7.604055710271006019e-01
-1.753327058043661069e-01 6.865747991147882479e-01
-1.648293492067419708e-01 5.939075701967214682e-01
-3.204052297148871076e-02 6.876301969890113996e-01
-2.320251737209992962e-02 7.070252924170508102e-01
-2.740135172654975179e-02 7.292174912841173917e-01
-8.556237986043466193e-02 7.644610621991110300e-01
-6.335305717779944612e-02 6.252825453270017819e-01
-1.027719153342687985e-01 5.155526951300202221e-01
-1.214810614366930858e-01 5.743315434767795047e-01
-1.258073650238267782e-01 6.121650178581314883e-01
-1.192576296682603398e-01 6.687165763331770485e-01
-5.262220259049114890e-02 6.659465500063705967e-01
-8.439471102078882625e-02 6.032122442219017833e-01
-1.455428323554132375e-01 6.751912475939615410e-01
-1.237744193779115043e-01 7.396856230768052987e-01
-1.632795424482497704e-01 7.981674244506905547e-01
-1.480154965197560957e-01 6.053841833724176169e-01
-2.106981780577274477e-01 5.945588974114279779e-01
-1.510736146703739458e-01 5.665438394346102857e-01
-1.753540587763933734e-01 3.787345468938699833e-01
-2.013671236211037607e-01 5.412929783207084400e-01
-2.375300131614783705e-01 6.531219764363815905e-01
-2.146852792192506243e-01 8.465080442677537231e-01
-2.170990165919535198e-01 7.673695437870406977e-01
-1.119022698169690189e-01 7.813986743895506848e-01
-1.280118029627704268e-01 6.935420295463144980e-01
-2.156947842481381494e-01 5.116113343468218222e-01
-2.298617543490772408e-01 4.908840771889443344e-01
-2.289174781430093619e-01 3.926746861752539730e-01
-1.554044402926361146e-01 3.553921476209236929e-01
-1.778299346855044816e-01 3.486363755481787230e-01
-1.676177650110659834e-01 3.250628974809517402e-01
-1.274048266813760100e-01 3.213743052547664569e-01
-7.653672542606780593e-02 3.516024491454332601e-01
-9.016506877928570640e-03 2.968616266447337559e-01
-6.096435674312577005e-03 4.965772284945993986e-01
2.374999050024928504e-02 3.314327650879802523e-01
2.204935571825712010e-02 4.185998018344986304e-01
5.650810626449295077e-02 4.345776569954477031e-01
1.231428352553967376e-01 5.138837326111194148e-01
5.029231459264109361e-02 6.201529223982837902e-01
7.572890818688385317e-02 5.072426252252081325e-01
4.810128699049247281e-02 5.554927831067429933e-01
1.117291561071579731e-01 5.673702679245296032e-01
1.965027087280769302e-01 4.912930660767296231e-01
2.339890187249045739e-01 4.505877824325689174e-01
2.212216857745459564e-01 6.423179960273479594e-01
2.374020755124810478e-01 4.878662587269115836e-01
2.817781794496521663e-01 4.236956118740903277e-01
3.329839988840029297e-01 3.874532083460222043e-01
3.634100121014223195e-01 3.443519324755568989e-01
3.619168119389221117e-01 1.796454710944020150e-01
3.797188481739023902e-01 4.198935694865324475e-01
4.297389081667703503e-01 3.504082120542700851e-01
4.133676376401328456e-01 2.649363205427833767e-01
4.052428056582746962e-01 1.882161973977520275e-01
4.123060149531611041e-01 2.899109638434750336e-01
3.631518786727507830e-01 3.266082370630245535e-01
3.097460724503360852e-01 3.125389931657956422e-01
3.509537890613397826e-01 2.475627744489067306e-01
3.094461711599039155e-01 6.687987026496808318e-02
2.933619676732677206e-01 -5.980354501607065831e-02
2.729237799375039963e-01 1.341609377126760927e-02
2.548941695894523241e-01 8.512474030424213578e-02
2.174628913173241307e-01 1.777324315010759270e-01
1.924714059805691657e-01 3.907827843148775626e-03
2.407022019674044944e-01 2.692763250547897114e-02
3.423158937867117890e-01 -1.381755239678990888e-01
2.982626085341240074e-01 -8.366838322565006703e-02
3.385864220941509628e-01 -9.173570316667974123e-02
3.256134432106042587e-01 -9.461814758238115686e-02
3.098788669586067246e-01 -1.829312773308236495e-02
3.591466261536639393e-01 2.737765491581508823e-02
3.447218546579700060e-01 2.761898477673656663e-02
3.057210126317813081e-01 1.247685520774527018e-01
3.320995894912876500e-01 2.106668686081651365e-01
3.525263309909629772e-01 1.702488884624578647e-01
3.564059981108744224e-01 2.928471303230620326e-01
3.250268484224745902e-01 4.321560419900876138e-01
3.637037148787435892e-01 3.086493831135682098e-01
3.724890244371860670e-01 2.102094089208602357e-01
2.905987000182873037e-01 1.767556180106055475e-01
3.068606720431484858e-01 1.237667625643012748e-01
3.337806992659121952e-01 6.611461657723349816e-02
3.712356151337150023e-01 -1.676287705748668311e-01
3.458203287889159983e-01 -1.741542167548530140e-01
4.186946298007795941e-01 -5.586126369220974219e-02
3.263795055372323839e-01 -1.235846206664504010e-01
2.725845613745676577e-01 -1.878598817839100543e-01
3.481649405636757511e-01 -2.437867484770654958e-01
2.950778592174082005e-01 -1.531238195769323018e-01
3.690358958584371019e-01 -2.124014921396966127e-01
3.224144151765315769e-01 -2.542034157945811113e-01
3.290910670302886198e-01 -2.884967515653785730e-01
3.910912675383330095e-01 -1.921354071793746898e-01
3.730923381669337124e-01 -2.245150757073494097e-02
3.915094644153698233e-01 -3.014584709178751154e-04
3.897416589409891663e-01 1.239391691401994233e-01
3.255741368237216049e-01 6.692411404448816992e-02
3.328613382456954151e-01 -8.539801533991531191e-02
3.852828569272677139e-01 -1.843515203924546986e-01
4.472838796376181203e-01 -2.502454958311479682e-01
4.493376112604939854e-01 -2.176127346551186559e-01
4.510491886248456650e-01 -1.583184439775720820e-01
5.092812674142860319e-01 -1.698273217129247226e-01
4.719987712993550244e-01 -2.683996566486724911e-01
4.762736648350768265e-01 -2.826119868331432583e-01
4.337914554369171061e-01 -3.908436559853853409e-01
4.328958156895151288e-01 -4.647060655273508312e-01
4.251809599755893010e-01 -4.664442880670407465e-01
3.705444230275927175e-01 -3.570654907030944014e-01
2.753457408724553357e-01 -5.149838878835327760e-01
2.636798516005448012e-01 -5.137459816071419105e-01
2.565696995859890195e-01 -4.851497794216354520e-01
1.873212691480983794e-01 -4.698791776655376062e-01
1.995893414388442144e-01 -5.904863247272496007e-01
2.280820108475768437e-01 -4.686153224307742504e-01
2.222798598453352703e-01 -4.969249533528435903e-01
2.637022537779879494e-01 -4.736933225625803434e-01
2.118688999001676065e-01 -4.312609553825231257e-01
1.994488478872915305e-01 -4.386448291874926464e-01
1.861026048182168879e-01 -2.693962778433890426e-01
2.099272265806416959e-01 -2.337307995440471298e-01
1.865465953491541873e-01 -1.020193518305395619e-01
2.574019957585792495e-01 -1.323613084711160182e-01
2.386041942459153908e-01 -2.505282197753874729e-02
2.277848131880565175e-01 -1.079482613281583930e-01
2.159927605143875662e-01 -1.431881403506905515e-01
1.220136762252573698e-01 -7.466519471195935675e-02
1.055736220951898618e-01 7.047752609818261349e-02
4.344085141125576810e-02 -8.651498328275279703e-02
2.762356185756918714e-02 4.255353280067086796e-02
-1.441338190449577630e-02 1.279539638654522138e-01
-5.710938604290075049e-02 2.186203203710740950e-01
1.373574921506560964e-02 2.541729336815854445e-01
-1.616858744653041149e-03 1.394982887909731462e-01
2.590855738663724525e-02 9.978913345245842004e-02
2.603560242085829410e-02 1.442329202415525702e-01
-6.595187426843372031e-03 9.961526817030572079e-02
-2.351432738333996547e-02 3.310465381984757371e-01
-8.163197507714906043e-02 4.457563323633261798e-01
-4.943151769370788401e-02 2.928577875028692823e-01
-4.938902807215508201e-02 1.862909574246008892e-01
-4.388794134239960842e-02 1.347081537748776314e-01
-3.736124090003771492e-02 9.164394787823271216e-02
-1.244170185256510477e-02 3.010595733962597720e-01
1.995014802289690053e-02 4.164075962094260785e-01
5.062133294535270389e-02 5.195413580869983061e-01
9.303820397754550275e-02 4.597748658778170183e-01
1.322360952809566170e-01 3.286285288261721060e-01
1.069075840501722691e-01 3.772003648275558674e-01
9.673665666650851924e-02 1.879560118868024987e-01
7.994022086820526396e-02 2.895087134200202139e-01
6.668768126413184005e-02 3.927428047271490086e-01
4.909380533956623355e-02 3.361239719006460236e-01
6.021360466732641331e-02 3.049081945680555128e-01
7.842327363817472308e-02 4.853344439932768539e-01
4.180324072306421113e-02 2.932131043359736955e-01
2.894504774490491705e-04 2.643866201974403030e-01
7.476115254328127846e-02 2.192627141894063214e-01
7.072422408411885297e-02 2.748458244462168021e-01
7.207128610867334639e-02 2.724264211348851883e-01
4.430961564028720878e-02 1.512242243146300624e-01
7.854688154205247130e-02 1.711736434000314666e-01
8.666440046626139315e-02 1.769738369445821302e-01
2.475319988380395714e-02 2.955164639750882394e-01
4.284613912332722874e-02 2.142149232532374326e-01
1.108005489533686605e-02 1.364696673589270715e-01
-3.788836865810420867e-02 1.621092435841822443e-01
2.076954952694846923e-02 3.189096606139155132e-02
1.520590175667289011e-02 -3.258297609220658225e-02
-2.567508476928120897e-02 -1.297544723233270969e-01
-1.271200692704396729e-01 6.534701170149839755e-02
-1.066598596465793969e-01 1.876399688862150361e-01
-5.746427327449355610e-02 2.215927488009832580e-01
-5.976140398371670298e-02 2.589016590270646345e-01
3.415388428297512491e-02 2.889028108094357505e-01
1.219200044956473064e-02 3.616333597239510533e-01
1.652130778245162329e-02 5.163587107744336269e-01
-7.459589132941455564e-03 4.896055714136494652e-01
-6.776941293348699713e-02 3.538778643918034650e-01
-8.579870321626256735e-02 3.371943728127714257e-01
-9.005118772871600896e-02 3.067586257373678960e-01
-1.289326601349186641e-01 1.428403900817302175e-01
-1.387591802613092895e-01 2.023247638744259946e-01
-1.031867862207313802e-01 2.361222754944816149e-01
-1.163195318505990117e-01 2.572635596812885561e-01
-1.054827370127074671e-01 2.678200886435187500e-01
-1.073162384271475617e-01 2.216349914730842974e-01
-2.589252452471263455e-02 1.631425362783696098e-01
1.687499534710301674e-02 1.074919397653762154e-01
4.055046838594793257e-02 9.048598944239898134e-02
1.628281824271445716e-02 2.044579115999408669e-01
-2.018690680671389459e-02 1.007152050889143224e-01
-2.984895862394754823e-02 -1.121099437394673937e-01
-4.742291974286697021e-02 -5.147389533109281157e-03
-1.615954984969546898e-02 7.196389016229769175e-02
1.279338768186389849e-02 5.327300972705222015e-02
1.625792301231609310e-02 8.027381730334275101e-02
6.630857713789353736e-02 6.811262390171284042e-02
9.819297356187309256e-02 1.178149370358844428e-01
9.537008803824417735e-02 1.508728131041826015e-01
6.809689218744253980e-02 1.890698289983530900e-01
3.122156712348701790e-02 1.372630992251880899e-01
5.500410177501246362e-02 2.543151746068753605e-01
1.036203557534601666e-01 2.880555863531175098e-01
1.086546684190423939e-01 3.664117787096045076e-01
1.471464926752385494e-01 4.169205146231300119e-01
5.785666043852484564e-02 3.336588490506056659e-01
1.169550279522013764e-01 1.933191595827241649e-01
1.097189816429757353e-01 2.184105859065224031e-01
3.355453053617671322e-02 1.434466604532752543e-01
-7.045529453571633405e-03 6.587330415501201075e-02
6.495697760774640263e-03 1.761842354051734172e-01
-5.983512100508793508e-02 2.729939316604461652e-01
-3.409011536317610447e-02 2.725276034868209796e-01
-3.731574770325095380e-02 3.465082706146685454e-01
-6.484435186985146315e-02 3.662907365195744447e-01
-1.270378773757326052e-01 2.371021533834951622e-01
-9.976067543560968032e-02 3.786720576404471461e-01
-5.111838690820234149e-02 4.863511557664324525e-01
-5.531848565399217349e-02 4.526619263119853187e-01
-5.038713563223196079e-02 3.129861787083993985e-01
-2.259520927003473220e-02 3.384214897207914463e-01
1.704146443315068815e-03 4.687807472948695153e-01
1.717870565237172159e-02 3.107342553119585293e-01
4.806640420788454299e-02 2.696264019836697168e-01
4.388131454460166003e-02 3.883068075024205257e-01
5.581340252646638245e-02 5.178683147164030443e-01
-1.674251794304022073e-02 5.800533902163576006e-01
5.500097379992291424e-02 5.881766109552932775e-01
4.410444129480358549e-02 3.885543282094198192e-01
5.607296827760432228e-02 3.112288498953175719e-01
3.991429310894574478e-02 4.082254434182374658e-01
6.835966054870562525e-02 3.787759833164449086e-01
1.843182516816028738e-01 3.259733813664574820e-01
1.545524784297689358e-01 1.732473031237286298e-01
1.188203591146951565e-01 2.794555772636106439e-01
1.416743988957445133e-01 3.331373729311125631e-01
1.344052028194890336e-01 3.945947698744771137e-01
1.478240391444949342e-01 3.301190421106322548e-01
8.580475229198498976e-02 2.925929738251852319e-01
8.743222954043042283e-02 6.135275992748245866e-02
9.151268101246345932e-02 5.311607874954528408e-02
1.282221081646142957e-01 1.115316415128135008e-01
9.774737227056791433e-02 5.670068948116269159e-02
1.042479062138278317e-01 -7.176510519702367086e-02
7.543894179555893365e-02 -1.993956037514409418e-01
4.394475604337724078e-02 -1.827558687488739508e-01
3.568734901562653494e-02 -3.159029533446580662e-02
-2.095893279055742464e-02 -1.067004645901844240e-01
-1.615926538850749952e-02 -8.046885317330748633e-03
1.998465685975043399e-02 -1.787068149272855178e-01
-4.577073794451507610e-02 -1.291995945991046835e-01
-4.532179496737434587e-02 -1.226735555876088263e-01
-8.290201849174555493e-02 -2.040976723517011204e-01
-1.701518125725967889e-01 -8.244940640221304351e-02
-1.956875549337142584e-01 -1.066110826313867721e-01
-1.138101775072868915e-01 -1.326162386793703629e-01
-6.300292642750437988e-02 -3.617888568790074422e-02
-4.348849776296367931e-02 -1.118036984679687262e-01
-5.161600164436157268e-02 -2.280133107400495185e-01
-1.065717486695187399e-01 -2.273649406324640410e-01
-1.781493417572239113e-01 -3.031078549692897695e-01
-1.038903100972377314e-01 -2.655203947931510933e-01
-9.646026329064613658e-02 -4.159815219565993205e-01
-9.284036555621401343e-02 -2.887624233976374133e-01
-1.136016157657330772e-01 -3.748450048775471277e-01
-1.446900114038944807e-01 -3.677080081549686796e-01
-1.215858658223921973e-01 -2.448562341616387639e-01
-1.423763608547946591e-01 -3.222570712410164351e-01
-1.314673436372578441e-01 -6.038836991442425584e-02
-1.885341385566444705e-01 -2.331313010623752707e-02
-1.284971932204105605e-01 -9.215633940796127618e-03
-1.995799202986260901e-01 7.957681310968370281e-02
-2.121615899532210414e-01 -7.635667662598724648e-02
-1.319740957861769426e-01 -2.922179780341393474e-01
-1.464409876604307048e-01 -3.718476067897719117e-01
-1.352739252827105110e-01 -4.927646210043329367e-01
-1.640072858194081828e-01 -4.186306807620022719e-01
-1.711200812427790541e-01 -5.210612497640227936e-01
-1.612046402381729915e-01 -4.172467907334936887e-01
-1.932287341861105290e-01 -4.289046526262758618e-01
-1.953910794408600937e-01 -2.878147831371345999e-01
-1.912983403157252627e-01 -2.972650003573211186e-01
-2.196003618781763866e-01 -2.833350582933847894e-01
-1.702512401591202151e-01 -3.050604985628410648e-01
-1.836578462609096130e-01 -2.242429469910215967e-01
-2.276481832666309990e-01 -1.812410939181289260e-01
-2.326374942842875659e-01 -4.074817106665247768e-01
-1.686425710012779411e-01 -5.673170910229546893e-01
-8.952395834336239477e-02 -6.607672274928084732e-01
-1.327033475258805884e-01 -7.159335765388726847e-01
-1.495582298695678491e-01 -6.196600674414185494e-01
-1.092379742700041456e-01 -8.301195702101394902e-01
-1.265435376646865673e-01 -5.882396431451279994e-01
-9.095069923281881574e-02 -6.002610165539411513e-01
-1.200958970773236822e-01 -5.146766954632902014e-01
-1.140211060694783091e-01 -6.012177344997911010e-01
-1.085335426583498158e-01 -7.211594022841884000e-01
-1.111396457654553194e-01 -6.825697064076673426e-01
-9.284259120589299918e-02 -7.740216462468059166e-01
-5.170051989440718060e-02 -7.507273572507949799e-01
-6.457170749349558370e-02 -7.049260107853957402e-01
-5.393951477908792702e-02 -7.726087202914874164e-01
-1.184078365012251055e-01 -8.837340055546056838e-01
-1.002855520109734028e-01 -7.889590830492329010e-01
-1.257833665647916654e-01 -6.363550986170920520e-01
-5.369225811505284884e-02 -6.315461451346641164e-01
-5.540782335149196242e-02 -4.791627182942713725e-01
-1.051083450682646081e-01 -4.992654776396223681e-01
-1.054097598322950302e-01 -6.828225167828859687e-01
-8.778303797514502849e-02 -6.654884280080531900e-01
-1.185324881482797826e-01 -6.853456335505204722e-01
-1.082797875035020202e-01 -6.186367559207562872e-01
-1.504654515615304333e-01 -6.774364662333890452e-01
-1.108086672699304387e-01 -6.064035753623397973e-01
-1.190368008575881098e-01 -6.310173413143376209e-01
-1.577380740311652152e-01 -5.568919866283150721e-01
-1.807989304319822521e-01 -5.263262648462280202e-01
-2.254143245867860079e-01 -6.079785911897684914e-01
-2.756313315660446905e-01 -6.768444835614289001e-01
-3.151623417395423843e-01 -6.547167766199378791e-01
-3.153771313606032467e-01 -6.025914266786056572e-01
-2.271063934977816390e-01 -7.924877210034898534e-01
-1.649513453821226938e-01 -8.606227772766292805e-01
-1.043023329863154991e-01 -8.892113074337433254e-01
-2.701752146398134213e-02 -8.207701483221089278e-01
-4.246875821675040463e-02 -8.379402198960739234e-01
1.947531006808268794e-02 -6.190841013568922913e-01
3.128679057467151359e-03 -5.303460462774005624e-01
5.954758156804471070e-02 -5.575586693790226533e-01
4.489423673217511623e-02 -6.355371606468310786e-01
4.674031491842133706e-02 -4.018247860962077533e-01
1.203688983961426762e-01 -2.560041936624743997e-01
1.256181066074490427e-01 -2.016046989386224841e-01
9.368007680837461826e-02 -1.938184334166737632e-01
1.232348956263899231e-01 -2.565542066849562097e-01
5.585510819060132692e-02 -2.790192307133144145e-01
5.980462909561320983e-04 -8.531141641107159446e-02
2.473206603886778446e-02 -1.433897405345902487e-01
4.708793005251607489e-02 -2.434908141448358099e-01
6.148569957379886736e-02 -1.881356628900403560e-01
2.097519660701117200e-02 -2.591588292341452382e-01
-8.012765959904900176e-03 -3.833373103950965533e-02
5.004062256164638206e-02 -2.010727537002137896e-02
6.792444326089297491e-02 -8.775186412437153971e-02
1.357416676024490731e-01 -6.962733077816443683e-02
1.191164742065521226e-01 -1.986362511352712246e-01
9.860601860008591513e-02 -6.596490908483612636e-02
1.428836616085800981e-01 -2.804117532814453390e-02
1.007871929188927096e-01 -1.185001605489799936e-01
9.887358935110761304e-02 -2.080071273242138641e-01
1.196314660399139529e-01 -1.951679264443955952e-01
3.532117239012790011e-02 -1.423937270141522882e-01
6.846325780394710292e-02 -7.152834552251897959e-02
8.578914864554902653e-02 8.387905826844535562e-02
7.010908440377171258e-02 1.317230372671712169e-01
-7.366441285320046717e-03 1.099072895525522731e-01
-2.677238186219819613e-02 1.047631253888959557e-01
-5.320372969124415041e-02 -1.193050177139716450e-01
-6.398458435366158326e-02 -1.745173460014385058e-01
7.166224041173022141e-03 -9.931789058589186869e-02
-4.940803794572384139e-02 -1.298912412253835913e-02
3.543142704575146656e-02 6.159076142029480672e-02
4.627382865294192571e-02 5.349357251418197789e-03
7.319803401335669979e-02 8.211314619896280947e-03
1.094911002904707664e-01 9.343197029761746153e-02
6.356505728456068871e-02 3.163960760678623252e-02
3.600582529050301572e-02 3.811980907413851927e-02
5.954505227018733193e-02 1.407756297583591387e-01
4.224509193389160144e-02 2.399969446468978029e-01
1.172981361506919007e-01 2.704078617795658834e-01
1.451290065502652271e-01 3.739957801126407855e-01
1.689584370000272451e-01 4.218697802376498163e-01
9.112178902482666321e-02 3.271232510697111850e-01
6.370391519342209763e-02 3.131001485754653646e-01
1.524324077751229578e-01 1.643973921647945979e-01
1.696464978873226670e-01 1.680408558169031452e-01
1.942039755376203103e-01 2.852438572300560748e-01
2.048060321314592314e-01 2.833338357129923657e-01
2.075015348259719727e-01 1.732582624261631565e-01
1.842743832406995019e-01 1.722193257796748311e-01
2.192593028332166238e-01 2.180848136277669935e-01
1.482608176858397075e-01 2.698063821890899772e-01
1.741766073693959416e-01 3.382502846316262635e-01
1.436341779308296929e-01 3.768863922668179711e-01
1.724709259728567368e-01 2.872282473796312630e-01
1.340273690254012995e-01 2.087720615036034455e-01
1.472425301324424840e-01 1.522060772670980333e-01
6.715054556732388824e-02 2.074552812926219736e-01
5.323581874493334143e-02 1.568286496934269691e-01
1.030935385208811561e-01 1.502033003029528413e-01
1.151096869208709239e-01 1.479078467715891076e-01
1.613048899863011310e-01 1.844557240453849889e-01
1.659403825405517674e-01 7.678136766059676099e-02
2.001954068343624327e-01 1.234613278268169578e-01
1.589266985744733629e-01 5.228054898989668853e-02
1.671464940951481182e-01 7.419155663493511021e-02
1.800583934538729503e-01 1.309083027148272294e-02
2.306349925430089265e-01 -1.138663031796517261e-01
1.968456404776223467e-01 -4.207195328925948663e-02
2.325245933342653393e-01 -1.940505475443783934e-01
3.130798034173329913e-01 -1.277857043885520794e-01
2.849459017994250831e-01 -1.965860275697927650e-01
3.192923494134984885e-01 -2.036102778900956423e-01
2.373157435192687070e-01 -3.721258284304396202e-01
2.391875205606394938e-01 -3.354399628542671374e-01
2.778258154747549336e-01 -1.800928962426966151e-01
3.179947499831772828e-01 -2.255692493810667332e-01
1.796726897283193458e-01 -1.091346396311525524e-01
2.317518544938116654e-01 -2.206756395824587547e-01
1.972204486202798757e-01 -2.840330572082591654e-01
2.239011641918485229e-01 -2.577484405381162413e-01
2.528175328570144709e-01 -9.011517905103280657e-02
2.815264689101887319e-01 -1.188968881318803045e-01
2.625556351670663147e-01 -2.135553052233041260e-01
1.670116938179409538e-01 -1.628018047677992353e-01
2.610888769582158098e-01 -2.908319177905432928e-01
2.161478873929953692e-01 -1.706498880514429883e-01
2.844862124986623497e-01 6.785055409076998223e-02
3.644297598444866115e-01 3.338774222752166621e-01
4.020475326800214133e-01 3.284023350088134396e-01
4.370826112164810096e-01 3.312237952612138714e-01
4.322559137844045329e-01 2.560121007586136921e-01
3.971411067133264750e-01 2.965549663892419474e-01
3.431877733154895527e-01 3.412450861567234983e-01
2.941535339598006504e-01 4.412947754569848668e-01
2.997642904931475116e-01 3.155264703249608393e-01
3.545461358205890257e-01 4.278440174930001616e-01
3.917414700558790597e-01 4.720523941344821339e-01
4.392761237014015663e-01 4.619399662875191548e-01
3.627738480863638149e-01 5.843217589593769912e-01
3.500965296140159388e-01 6.792678831021781161e-01
3.326901042477943826e-01 6.580522224506435425e-01
3.771068283312567493e-01 5.755459190498911637e-01
3.647109482337690944e-01 6.758312457358477410e-01
3.716460081858037889e-01 5.389623603589717149e-01
3.143463982022927650e-01 4.092769059627885397e-01
3.615100231091759597e-01 4.301349811378502586e-01
3.304305860572025466e-01 5.778929595999455771e-01
3.343498732650116434e-01 6.584395844214906424e-01
3.007035245461304740e-01 5.821984426801676271e-01
2.807692197816981095e-01 6.380991255876928836e-01
3.175277442991739085e-01 5.496649505828260507e-01
3.341874369343538209e-01 4.801277156376070332e-01
3.637389362842154972e-01 5.073777808014588997e-01
3.961232704941640703e-01 5.044763864047255852e-01
3.531066538129829513e-01 6.336399273371170482e-01
4.160317292995425187e-01 6.392372265048346103e-01
4.010868094395114158e-01 6.223592685328953600e-01
4.504770873707485968e-01 7.246436687642575647e-01
4.507192257911289968e-01 6.365162869933038703e-01
4.073639361718624508e-01 6.148917666435237406e-01
4.633802339227617861e-01 7.716914246493594698e-01
5.002081994584176572e-01 7.795986487260327946e-01
5.459278598716298392e-01 9.277415693925363804e-01
5.076613826501884530e-01 8.019750996938431742e-01
5.214433577858694768e-01 4.824677979697890584e-01
5.531288713022407544e-01 5.809316670909790981e-01
5.492423733689520970e-01 7.282954110750453625e-01
5.724730890938487526e-01 9.054452642119943384e-01
5.351018247788946747e-01 1.016844900256865358e+00
6.401669073582068048e-01 1.141767109261497604e+00
7.300076039742205980e-01 1.201072621895920456e+00
7.596548310326819431e-01 1.102633222874205510e+00
7.302386946311812954e-01 9.527917164410630857e-01
6.782438386746736381e-01 1.048499429634038860e+00
7.247280719517086300e-01 1.048408330512468511e+00
7.922733221672191295e-01 1.220132005293643518e+00
7.796997210246787713e-01 1.337747682862264975e+00
7.403874321056718166e-01 1.686682126867649067e+00
7.354516453820633126e-01 1.510680407326428387e+00
7.178999912749576273e-01 1.254311083487977596e+00
6.976055247541077531e-01 1.229256691022690973e+00
7.479881147116123064e-01 1.210605055884749426e+00
7.634821672294334061e-01 1.215579502897753850e+00
7.697688531367087306e-01 1.413897808371607168e+00
7.788710750961953533e-01 1.418655806715163115e+00
8.054404187602196563e-01 1.420259012111268593e+00
7.578863540080694738e-01 1.497603679506250174e+00
7.299910398604296802e-01 1.609663840962164638e+00
7.941590445562871636e-01 1.803069437913752626e+00
8.399336337227992777e-01 1.827362483578298447e+00
8.986927909927404645e-01 1.884337306592128503e+00
9.022929537542350165e-01 1.766653006576755169e+00
9.522197999743083896e-01 1.758692465793682658e+00
9.451981982114419090e-01 1.734300255653847822e+00
9.515923606789331579e-01 1.988498998240585625e+00
9.091642783054276755e-01 2.067476458763253699e+00
8.824532750521668634e-01 2.147857819806012980e+00
9.028265799355247312e-01 2.054081156908886818e+00
9.104315306708326005e-01 2.188778019511921524e+00
9.321462066182762962e-01 2.241034150685704773e+00
9.415666983053845307e-01 2.255727181087455069e+00
9.656795682468471975e-01 2.369931516158622742e+00
8.761853180284678855e-01 2.431848053411550303e+00
8.939144475633550302e-01 2.390568974986696738e+00
9.023739185884669389e-01 2.344219271718501307e+00
8.746856685128230335e-01 2.410193302541757454e+00
8.816040720430329269e-01 2.392137536901866479e+00
8.787907423085984382e-01 2.457613664992187363e+00
8.234235354544020558e-01 2.492877517749267025e+00
7.673923789032784937e-01 2.411973247939663612e+00
7.103313611066797151e-01 2.242390321117511576e+00
6.926764862457540639e-01 2.349401245310428266e+00
7.172202777206090341e-01 2.471154533575915746e+00
7.045566600687124259e-01 2.536861814736020015e+00
6.466940748819040019e-01 2.667619089781845254e+00
6.980205531284080500e-01 2.652589551381619781e+00
7.353394619373924135e-01 2.753835039126705464e+00
6.593005592746019605e-01 2.877624209129397315e+00
6.530714802095410887e-01 2.786062695642700593e+00
6.377998232432835479e-01 2.701672404375125680e+00
6.055546856189487626e-01 2.936458388475309267e+00
6.743509427806619883e-01 2.981830817074942797e+00
6.392023924336807106e-01 2.793468494881560904e+00
6.947511087926893092e-01 2.631085083519811629e+00
6.888907182082446568e-01 2.589733954828483231e+00
6.605380119772676917e-01 2.654208535042266170e+00
5.889154346425471420e-01 2.632727202135763278e+00
5.739231432621375584e-01 2.434488425943510670e+00
6.099127958164145547e-01 2.570690244194509422e+00
6.101555363533373022e-01 2.577341293359125540e+00
6.138703215774027333e-01 2.581085923730476850e+00
5.687977737329746875e-01 2.552929557190295018e+00
5.730639237720791535e-01 2.667125884088178189e+00
5.015597314296127429e-01 2.633630902035964283e+00
4.703376063314450017e-01 2.681354619270376105e+00
4.901942816125887115e-01 2.560082763407821815e+00
4.517714574859039156e-01 2.506714168709294199e+00
4.290118859823319752e-01 2.608823753225584241e+00
3.702668195839621812e-01 2.539744075615053553e+00
3.060149751134873530e-01 2.445764824265015847e+00
2.098729574599891290e-01 2.348952500682115030e+00
2.629332898391456563e-01 2.138227353730796754e+00
2.613310413659465370e-01 2.251253920716391299e+00
2.644626828141611874e-01 2.136307745463400742e+00
2.996188713441181317e-01 2.244510887321388815e+00
3.389252804773565941e-01 2.256550600567831744e+00
3.561458665161099102e-01 2.166326238133124527e+00
4.112014807929016413e-01 2.107802979490698725e+00
3.676913058485754560e-01 2.015463057934824054e+00
4.396467971131587937e-01 2.197514177373093069e+00
4.158718614438567385e-01 2.057815907884267936e+00
4.497866703508414110e-01 2.034171188348271375e+00
5.506441308444997018e-01 2.086338516086829298e+00
5.723231152431332847e-01 2.166241969636832465e+00
5.690974419750601809e-01 2.196285419149278439e+00
5.809554008597098695e-01 2.262980494927392172e+00
6.817664624900207082e-01 2.297434868279305764e+00
7.080352226887853817e-01 2.228311631791261238e+00
6.999413424294567143e-01 2.168691189988738444e+00
7.019200107329794935e-01 2.205916516759263146e+00
6.694353325308944891e-01 2.071319731347247117e+00
6.247704663481237208e-01 2.046360677376894088e+00
6.040865411522082784e-01 1.927803185661991492e+00
6.005002474284270031e-01 2.032478061549257475e+00
6.131388467485308080e-01 2.057202147049700613e+00
6.139299256633484747e-01 1.904506505421766249e+00
6.332760124209935171e-01 1.920448311554935117e+00
6.571018776013317630e-01 1.966886945005583254e+00
6.955864168992783592e-01 1.913733578826138482e+00
6.887552360742980051e-01 1.998553724594511305e+00
6.605650819035197019e-01 1.859291957385479366e+00
6.319021624782873436e-01 2.116797737163075510e+00
5.837412364935741227e-01 2.033919573431993477e+00
6.563599265079751444e-01 1.979401544958485637e+00
6.819412091398602271e-01 1.968934790701073689e+00
6.601942140624258437e-01 2.056517069994228564e+00
6.877301021582787888e-01 2.090925200199378775e+00
6.636135326839422977e-01 2.143607599040856737e+00
7.159822174705230413e-01 2.056387294112752784e+00
7.662947899599001911e-01 1.943147385100439717e+00
7.540016289490215629e-01 1.931592366804449457e+00
8.060560150699452864e-01 1.868471273083958994e+00
8.146429259020565583e-01 1.952902755209766639e+00
7.568964627046970151e-01 1.996889161166773841e+00
8.236587437658280386e-01 1.997482310511076831e+00
7.699771634259744424e-01 1.865985279402509356e+00
6.986392159553450609e-01 1.953610417404554989e+00
7.484940763290923726e-01 1.907053414718170359e+00
7.572751494640895809e-01 1.974149802659364239e+00
7.810838516473830317e-01 2.017129899193529141e+00
7.626228623418233044e-01 1.979200208616078038e+00
6.911614886668674407e-01 1.906864128822780335e+00
6.889928280373790459e-01 1.808162733455652704e+00
7.110120369441692567e-01 1.768437563158508752e+00
7.258092834796384674e-01 1.730174778205966879e+00
6.762219062051215701e-01 1.721334953360716291e+00
7.572007191942631277e-01 1.647022198551983729e+00
7.895941654848738223e-01 1.603909359122097200e+00
7.761576772077580788e-01 1.630843023380813328e+00
7.811182980071323945e-01 1.706774014747661106e+00
8.580936510040784171e-01 1.722814673082579962e+00
7.602001095733401659e-01 1.825509530263585978e+00
6.723070005687163953e-01 1.595466210274813834e+00
6.632025268123423745e-01 1.560132009146121712e+00
6.238570957838964759e-01 1.592050492297874431e+00
6.092503871891427059e-01 1.550169290255760890e+00
6.026535804302338706e-01 1.561746136971091659e+00
5.600205088370546758e-01 1.655869824512871125e+00
5.295524188169203894e-01 1.630720622406439002e+00
4.525262628069887660e-01 1.578593964308561581e+00
3.871557773677031244e-01 1.610598912510001979e+00
3.663611259490151539e-01 1.473390762512318375e+00
3.802029436627493153e-01 1.357500037473677423e+00
3.789379559196981995e-01 1.435489470597272055e+00
4.373842701925521048e-01 1.412202619690650973e+00
3.973690443989005283e-01 1.485972860202739998e+00
4.500066319769835954e-01 1.439569111624793507e+00
4.569068619953142729e-01 1.303409169185091532e+00
4.660757538346333440e-01 1.326849243655962907e+00
4.573377823086459681e-01 1.359930205196000275e+00
5.362072818195577906e-01 1.338739289050613124e+00
6.093189858101937251e-01 1.212572758538853046e+00
5.551886640896382952e-01 1.215893201853333716e+00
5.708905345325067104e-01 1.266858176960732107e+00
5.507907485943670522e-01 1.116613657869773402e+00
5.872251238121810601e-01 1.053055347356529392e+00
5.177586422131664756e-01 1.127911086898417681e+00
4.332782734130069535e-01 1.004147011003277523e+00
4.504696706489585978e-01 1.055479744362944450e+00
3.866892313047964325e-01 1.141663763097250373e+00
3.548342081810429982e-01 9.896735522054845857e-01
3.652274963978479616e-01 8.316751518493172846e-01
3.434527464218475323e-01 9.013165649605513474e-01
3.073441601851002458e-01 6.988028575574812828e-01
2.805465254868148572e-01 6.777729707970681083e-01
2.634226534362943406e-01 5.866312491256892026e-01
3.096663583621402926e-01 6.182882503554937292e-01
3.424553951728766532e-01 6.937452710580649384e-01
3.722521725701886108e-01 6.302058398525078875e-01
3.382036579428154832e-01 5.646241753565330868e-01
3.212626914164524172e-01 4.953823792669544979e-01
2.063172289588684483e-01 5.713865372624676864e-01
2.926175563406585023e-01 5.098376321344201267e-01
3.122999091541159844e-01 4.918938335025054842e-01
2.757782508087968654e-01 5.525527426993408486e-01
2.192316602286589478e-01 6.678673247039265126e-01
1.789120962361438749e-01 5.158275630163048353e-01
1.625396731830233421e-01 4.514879914802695238e-01
1.568583887033004609e-01 5.100375970392072578e-01
8.091150910975980493e-02 3.558116734654870883e-01
1.289101904635240325e-01 4.207439680685776673e-01
1.596501050221509899e-01 3.208563915314573967e-01
9.651814909886377580e-02 2.972294442873976150e-01
6.976057693590870246e-02 4.689916941116816229e-01
9.362814319282833364e-02 4.708060561259873045e-01
2.804583218516647214e-02 4.455468983892665880e-01
6.904799709585134060e-02 3.117471707095278433e-01
8.970304697608832978e-02 2.806316130297601408e-01
7.523340001298703394e-02 1.691385736625180547e-01
1.111704764482900898e-01 3.054423604181641938e-01
1.360663833383981836e-01 3.800411625131613902e-01
1.519045927352199732e-01 3.859977481665811117e-01
1.843089549105415004e-01 3.160911897371310730e-01
2.306866616760866462e-01 2.996788979799148711e-01
2.425923266078378882e-01 2.814484069788205090e-01
2.891877747156173517e-01 2.937014626612173274e-01
3.016520102751969468e-01 2.818696698693370917e-01
3.296980481408189334e-01 3.768684879798425147e-01
2.918458770261913582e-01 3.879007293098661324e-01
2.244256819491212973e-01 3.627592284047986837e-01
2.214791613104803714e-01 2.713885587449380576e-01
2.057683792987072824e-01 2.405079906172509774e-01
2.289808105075993583e-01 1.869574991724682889e-01
2.320467612731145213e-01 1.382584474828315313e-01
2.827367531622860808e-01 3.257196361578624799e-01
3.099360819324989968e-01 2.797519938337869050e-01
3.237121331961726467e-01 2.734790627740757984e-01
2.823037641781527829e-01 2.853274909401100623e-01
2.763077501334473274e-01 3.083775335682907848e-01
2.848341391911941578e-01 2.417318768919816119e-01
3.282219341355409048e-01 3.713188400419186186e-01
3.640445894827993301e-01 4.448833170905865941e-01
3.230936727326010338e-01 3.895774533908756831e-01
2.903085940553337130e-01 1.878270999728829660e-01
2.492223002205862792e-01 1.559663410888570689e-01
2.461064001863365325e-01 3.304304844558206278e-01
2.665214692185883250e-01 3.643521314874009764e-01
2.143019663159250465e-01 6.687715473633546459e-01
2.094880276773484762e-01 5.608895891207065221e-01
2.406192527153546146e-01 5.177433190538893726e-01
1.954788726947783994e-01 5.297574332434737965e-01
2.049337289765496006e-01 6.623166194172481758e-01
3.854076388247459350e-01 7.107102111232340702e-01
3.448872060427186081e-01 7.416067265767195549e-01
3.270015326780740250e-01 8.590856729861946484e-01
3.127957659535413049e-01 9.220768107222639953e-01
3.370701545228856899e-01 1.179802719003797185e+00
2.527639405243727877e-01 1.059681748830565651e+00
2.126876857968983403e-01 9.814214622029510116e-01
2.154276848319463533e-01 1.047155664805320185e+00
2.473460165710061331e-01 1.273664211495315168e+00
2.856447835666047763e-01 1.360334615019334725e+00
2.470864553185903589e-01 1.351516708033038805e+00
2.595644574683574346e-01 1.393527597598760659e+00
3.185166256607760427e-01 1.554561736011721651e+00
4.151524948101245061e-01 1.548836743173170882e+00
3.879330955147688997e-01 1.631972277083620693e+00
4.319864123538766920e-01 1.605775791513669004e+00
4.225227403383592928e-01 1.868604675909497859e+00
4.563572859844040597e-01 1.714044144545317394e+00
4.257871044542825278e-01 1.647572217714456277e+00
4.776371057711045198e-01 1.716312107141538368e+00
4.507201289745873529e-01 1.858710403072365791e+00
4.130436710725888805e-01 2.008646087018972626e+00
5.086407089814679594e-01 1.769715185558593307e+00
5.161610128959869259e-01 1.774640659909218154e+00
4.885378819481616675e-01 1.796929423152327399e+00
4.873211598687578472e-01 1.886390824134460686e+00
4.824574554326502285e-01 1.768764617188047561e+00
4.733256219402245946e-01 1.631229336398128726e+00
4.943816236065756153e-01 1.732780576234329795e+00
5.214539650231694301e-01 1.695591241318400888e+00
5.152749487671528517e-01 1.575048904231724611e+00
5.276169178942961002e-01 1.524649400468140348e+00
5.406964831992790987e-01 1.559676124945741371e+00
5.104337313903302142e-01 1.574786707910255101e+00
4.857055453737679773e-01 1.454568486115367820e+00
4.845681787519875439e-01 1.440890225296071137e+00
4.869558279132548129e-01 1.404976297723979028e+00
5.350795834846303611e-01 1.389453548012957285e+00
5.335932566542156419e-01 1.454834221431361208e+00
4.707722422212040625e-01 1.502353854322861393e+00
5.012077021282553835e-01 1.548797040183137685e+00
5.114781789995280770e-01 1.640697240406453039e+00
4.814438957218080684e-01 1.694094325809825108e+00
5.215726156939896052e-01 1.820726297510205427e+00
5.045498958609334617e-01 2.083913829205105817e+00
5.222370346099931560e-01 1.992648334547332034e+00
4.424277620965955116e-01 2.044618266779124394e+00
4.430477874157103813e-01 1.979644659220685110e+00
4.162445992563088559e-01 1.991449239807040694e+00
4.211073121748947212e-01 2.048331875900366139e+00
3.599173651875498536e-01 1.994822957244866357e+00
3.215364509111023339e-01 2.027020073826870217e+00
2.650270838034137766e-01 1.924630113449656843e+00
1.830041620364707133e-01 1.835823927132081756e+00
2.018252951933861561e-01 1.868852851271950222e+00
2.410618153663917074e-01 1.771883519160356801e+00
2.300091656461615564e-01 1.772834941153684785e+00
2.282077534247674566e-01 1.794115966735583934e+00
2.241123815528452690e-01 1.664511180979214577e+00
2.189876743378454671e-01 1.642640268253815705e+00
2.560854431438744916e-01 1.593077375013243202e+00
2.145799932022832701e-01 1.424569274839221800e+00
1.580503195229066016e-01 1.502031996203146313e+00
1.694017933681382371e-01 1.514232396263296643e+00
1.954664790447690759e-01 1.514129779907758655e+00
1.383127519583490228e-01 1.535174070384286438e+00
1.248039938015323563e-01 1.356466434277032729e+00
1.217013881042199458e-01 1.448895165637864579e+00
1.015885956231332432e-01 1.329725654991107175e+00
1.126912379410333898e-01 1.354467331586805434e+00
6.359289760480271725e-02 1.435435441897650932e+00
8.696587187245513606e-02 1.225806955383111463e+00
7.199618837919462278e-02 1.311097347490644216e+00
2.390079373720363498e-03 1.259483255701478344e+00
1.956708599533767481e-02 1.110480989969969912e+00
-5.811492583698375097e-02 1.124734468006813870e+00
-9.181733476260618698e-02 1.132914244243880653e+00
-5.836308820084532001e-02 1.120215233781748809e+00
-5.946171493256018070e-02 9.978378848876905405e-01
-5.710420475275657104e-02 9.864351971808152930e-01
9.790599740855700228e-03 8.568262318737346339e-01
1.937909336165675317e-02 8.756501177248647849e-01
1.951599985203814405e-02 9.950548873658661142e-01
1.077886838042042272e-01 9.672903520688805878e-01
1.123355667894555404e-01 1.030891786737015092e+00
9.597823981943601201e-02 1.088052724834076113e+00
1.119109703695425340e-01 1.102411942745365137e+00
1.436472889798859065e-01 1.117679788369031924e+00
8.545921001094085312e-02 1.338253595837045840e+00
2.123742837181800125e-01 1.265433560601590068e+00
1.897052198730339034e-01 1.429644161453247131e+00
1.421879302695815417e-01 1.372140269572476701e+00
1.464949536120066509e-01 1.377071839799194786e+00
2.081168373546826988e-01 1.416216902198002670e+00
2.451050329792426874e-01 1.183806801523234586e+00
2.289341411071356414e-01 1.070338470734179870e+00
2.513006826146603201e-01 1.048968122196823227e+00
2.620667297927969375e-01 1.096196790409359689e+00
2.313685543067200145e-01 1.040007832606615112e+00
2.629277776165843128e-01 1.112340566137471898e+00
2.087859746457059462e-01 1.100900330841616093e+00
3.040651787761447511e-01 1.152160113197196800e+00
2.782432731101301404e-01 1.116598089236051417e+00
2.170871204281727973e-01 1.086699244515674012e+00
2.165442260894434867e-01 1.071962672623938184e+00
2.373540611345396900e-01 1.036357820937313434e+00
2.771333587500601769e-01 1.167559839146039780e+00
2.089120729995407877e-01 1.075311324270297852e+00
1.837185743663725113e-01 1.164484699421717728e+00
1.688486937636751450e-01 1.047370507228394754e+00
2.396320091893286985e-01 9.166006159486124183e-01
2.262571318887631189e-01 9.196781800666592455e-01
2.278125604798518777e-01 1.006172611190263355e+00
2.417583560770585061e-01 9.907282759725191124e-01
2.205472269973879906e-01 1.198642351146979257e+00
2.345798455014011241e-01 1.130629822242721350e+00
1.807212711629082591e-01 1.126605178402188434e+00
1.981628934951436827e-01 9.968431251414846539e-01
2.416629700947264259e-01 9.299684511395260866e-01
2.147015716810960206e-01 8.993331315954773419e-01
2.913970065897355521e-01 1.077553299916001794e+00
3.205544502366524107e-01 1.232030963776607591e+00
3.376833558083591202e-01 1.197797430409274000e+00
2.919490525160756134e-01 1.303250800048841862e+00
2.972943891699855179e-01 1.172421130237926157e+00
2.952505932345034223e-01 1.115664655029725782e+00
2.996925155510298810e-01 1.147033183537823353e+00
2.909015547279256708e-01 9.570602893357703644e-01
2.683090446041369592e-01 8.955458985775062164e-01
2.359142830370548061e-01 8.833949647398816607e-01
2.408501913805910777e-01 9.001613663263506870e-01
2.590997770485757301e-01 7.622373054164139905e-01
2.903973187532785105e-01 8.020325591340118354e-01
3.220469156197606209e-01 7.696419070316415922e-01
2.377114224589594316e-01 7.814406383657640509e-01
3.007021914086771552e-01 7.966223387136481815e-01
2.764826988805339503e-01 7.578996697286276563e-01
3.145544797763856759e-01 5.754653611798251633e-01
3.071905812545764336e-01 5.328389612525622487e-01
3.231493577168498832e-01 4.735134448463982348e-01
3.311790163176990820e-01 4.167014046954773399e-01
3.647581242960757919e-01 3.120110562941694199e-01
2.762579415005302907e-01 1.957290031543666708e-01
1.742289565215336400e-01 8.774963812959205023e-02
2.136164360368995596e-01 2.526819236028275406e-01
1.774046939234527054e-01 2.630335238470801196e-01
2.705386358518649947e-01 4.292209566433133339e-01
1.819651056822924884e-01 4.270955413938994361e-01
1.954882675019601335e-01 4.686482496322636471e-01
2.129870593720339378e-01 5.910435943316902918e-01
2.182903786529802326e-01 4.520957383398394036e-01
1.428572072577360963e-01 5.588592986567166854e-01
1.109808541585771552e-01 6.066355426834839637e-01
1.242305005908737464e-01 5.165677624208422358e-01
1.711359358819675713e-01 4.348802828816245580e-01
1.745183191534275535e-01 4.685673725545985158e-01
1.836427710519343837e-01 5.230365785114639010e-01
1.841740705455172100e-01 3.105821216346803526e-01
1.427321405429931578e-01 4.546097265047349678e-02
1.038109460359861597e-01 2.132971704834250026e-01
4.584068899122333701e-02 2.588905859811917454e-01
-1.037391963914844478e-02 3.616228596440853593e-01
-8.824007968348485109e-02 1.921218013978208405e-01
-1.586086422492676007e-01 1.886193806217186242e-01
-1.708213545083487606e-01 1.580965975315056504e-01
-5.295456226942438227e-02 8.874938831268767980e-02
-5.272784623952431193e-02 3.505268533942750703e-02
-1.317138027884369733e-01 7.661254391595170854e-02
-1.124581549861904117e-01 2.750507764430968338e-01
-1.461872905452466509e-01 3.421121041591031475e-01
-1.954380937615360359e-01 2.946844928150995080e-01
-1.277353007856180112e-01 2.998174660259197988e-01
-1.497695772191517671e-01 1.506423589877821378e-01
-1.298714258950854350e-01 9.386084556222776265e-02
-1.631078369092522629e-01 2.209199097961654645e-02
-1.460535858495372041e-01 1.016764330499921043e-02
-1.261260309962692339e-01 2.416653157427129661e-01
-1.169681350563533118e-01 2.242222112596628236e-01
-1.611785841482853976e-01 1.278963424947197058e-01
-1.492189236293297305e-01 1.939843873003050945e-01
-1.274214661770482759e-01 3.770928051962316729e-01
-1.401245919475897217e-01 2.422717390381628755e-01
-8.008786965107840550e-02 2.323270729871435569e-01
-6.206455548987169918e-02 2.213133804172416341e-01
-4.465225617506006495e-02 2.050340376562316824e-01
-1.080798699727645862e-01 2.043884811812928248e-01
-1.639549432646823512e-01 -2.276699712591895297e-02
-1.279457252791335597e-01 4.002085893587560561e-02
-1.738179775927579662e-01 -5.938453442516478803e-02
-2.241192969721291228e-01 -2.733268334777518710e-02
-2.870436710509325917e-01 -1.308907920584233830e-01
-2.877013771453844626e-01 -1.401116001970981184e-01
-3.098017411110675079e-01 -3.229889349788813702e-01
-3.263939393629133878e-01 -2.476405744126441988e-01
-3.136531111439683772e-01 -2.421203492081016873e-01
-2.451477109941315180e-01 -3.015006431362959871e-01
-2.343435406201320181e-01 -2.457849764523981628e-01
-2.164992908296257124e-01 -1.338010688963039152e-01
-2.058178796740299521e-01 -1.506525910311928840e-02
-1.907164742456136652e-01 -1.532183374166003753e-01
-1.655201819308532996e-01 -1.860701099665998948e-01
-1.854398519426818659e-01 -2.180155147296826690e-01
-2.026730003451150397e-01 -3.176005731796647247e-01
-1.638595731340893591e-01 -4.210843142696495400e-01
-1.423385257490594469e-01 -3.697937522558413792e-01
-8.477408842835540415e-02 -4.111141539419081448e-01
-9.332527922561789646e-02 -4.428107223645015300e-01
-1.297628871021705710e-01 -3.748471025401809986e-01
-1.213583963895708134e-01 -5.309630015130386571e-01
-5.763572440982166201e-02 -6.219693746131484957e-01
-1.036330271062771147e-01 -5.204558342691543160e-01
-7.178050898549948045e-02 -4.605435095687099301e-01
-2.512737039393077298e-02 -4.040095099414978130e-01
-2.452154372423031095e-02 -5.171468296033401302e-01
7.379770865748036535e-02 -5.522305455481862912e-01
8.225796183286218644e-02 -5.918588610414603490e-01
8.098645331711493145e-02 -3.552389822110890716e-01
6.826619938092817752e-02 -2.114574648871016538e-01
-3.320468472721962994e-02 -1.774760144447605215e-01
-3.002013471029054900e-02 -2.013927874889385738e-01
-5.970573122498834540e-02 -2.919582899169496093e-01
-1.496799988591267228e-02 -1.054063757863224204e-01
-6.120753787052601175e-02 -1.070507984815521341e-01
-3.131611840483692483e-02 -1.750387158123033193e-01
-1.309721118547046981e-03 -3.332209718727834891e-01
5.138544581545630152e-02 -3.084435353568643623e-01
2.898187593430147369e-02 -3.686302836386582404e-01
2.709034660803222652e-02 -1.221607792617486199e-01
7.162109841005337429e-02 -1.638548642986193404e-01
1.281237621436209506e-01 -4.281434983394334648e-02
1.224552880943925448e-01 1.031312778625036314e-01
1.322951294371019493e-01 2.795947739049096104e-01
1.689788727959180281e-01 2.397166685090166838e-01
1.423442232854925937e-01 5.034326522635126366e-01
1.367288277381096540e-01 4.288040162253854981e-01
1.727283724526351427e-01 4.652037066281988764e-01
1.789246518650156326e-01 4.405264723847039932e-01
1.357523768616721027e-01 4.675087557497716872e-01
1.352891092178600263e-01 4.603305301767302571e-01
6.010180482597814178e-02 5.254519287248214932e-01
1.703532755116322212e-02 3.628919029125125539e-01
-2.737226318500745811e-02 4.724936933847236342e-01
-9.963733167105057881e-03 3.957421559267880196e-01
-7.985932293117803393e-02 2.571341752534133107e-01
-8.663188605238712758e-02 4.400633133801256647e-01
-3.621751996102937771e-02 3.308067841937655240e-01
-1.132281357131294519e-01 1.512761119025819445e-01
-1.298734657645627122e-01 1.420024246886155972e-01
-1.508008682337684814e-01 1.524741333124380316e-01
-1.305167471648401856e-01 2.027649817960040790e-01
-1.384060235608128020e-01 9.641875975169403312e-02
-8.619911120135262395e-02 3.362860530322409058e-02
-1.038838133987453893e-01 -4.519391540270047136e-02
-5.201991332495169845e-02 -6.232936594089029392e-02
-3.741044811110014190e-02 -3.993222957274669693e-02
-1.974110198419180146e-02 1.335543090672742794e-01
-7.665843008064859854e-02 1.881616615336359488e-01
-2.710602493627018578e-02 2.031581078027402953e-01
-1.056650999724682710e-01 2.111242678559047958e-01
-6.601039133614573784e-02 2.514493100398604852e-01
-5.470953988755049985e-02 2.073091345849559786e-01
-5.081057480885140670e-02 2.312415170266840792e-01
5.251929833209281751e-03 3.826877488069915789e-02
1.780905619532914541e-02 -1.037771371342839366e-01
1.637929784305547365e-02 4.992765180373724687e-02
2.163229956504966398e-03 1.205177701915693123e-01
-6.356049314518727456e-02 1.156268221060377799e-01
-5.794877802683118251e-02 1.610974554248265078e-02
6.230539884864369493e-04 1.315548745425974553e-01
-3.418311424840238949e-02 2.019359994746578457e-01
-9.284704865588509770e-02 2.613148102184430499e-01
-1.340753946439398048e-01 3.036566774231511667e-01
-7.352487667529081228e-02 3.718203750696925103e-01
-7.203252267485085736e-02 3.695894159305199156e-01
-7.450383565681568954e-02 3.648128515807071981e-01
-8.314558280487117925e-02 2.356873521120884662e-01
-9.033725992492169787e-02 2.862980071263039328e-01
-1.129393789435761269e-01 7.044453474257014736e-02
-6.703013606793264967e-02 8.598591843166455972e-03
-1.220528042844173933e-01 -1.726427708599441169e-01
-8.392758349726120448e-02 -7.356883778698874998e-02
-6.766303508316111326e-02 1.749217783768480805e-02
-8.686789368168670866e-02 -2.157016032876522132e-02
-4.539709287974114799e-02 1.410897934019791633e-01
-1.642938908175806123e-02 1.977925694164340276e-01
-1.012274363968020119e-01 1.083093627305866391e-01
-1.010084731361854254e-01 1.384763792985699848e-01
-8.370989607909296026e-02 3.363686726717437514e-01
-1.972630132581234541e-01 3.140576991736721557e-01
-1.176660070567762673e-01 3.272119835147031530e-01
-9.487030417748051891e-02 1.962413328216601749e-01
-1.127543218157364968e-01 3.828431676928232830e-01
-1.494434116691104597e-01 3.056517853511176996e-01
-7.448718528914542725e-02 4.646567531535761297e-01
-8.214413497566921962e-02 6.314966903110266205e-01
-6.089160894066937557e-02 7.912308731604821288e-01
-6.322280670437180339e-02 5.887877550359003065e-01
-7.256924479591073118e-02 5.753109565275856818e-01
-7.534666183428265218e-02 5.338810906327231542e-01
-6.501948562193303471e-02 3.990545807975300896e-01
-1.939286237207210883e-01 5.311325754908418073e-01
-2.473824270497234634e-01 5.456441024943843310e-01
-2.445706787713471941e-01 5.151873883384007202e-01
-1.441988633594726843e-01 5.114557259960356150e-01
-1.725156229106279693e-01 4.168139648236499073e-01
-1.706606908664212996e-01 4.182402342135159712e-01
-1.388123068244353497e-01 4.535697900789100179e-01
-1.159798362475124855e-01 4.049932238262234363e-01
-1.302064673664120042e-01 4.504593304315531732e-01
-1.066069262156136149e-01 5.370485828764900438e-01
-9.887999775605398056e-02 4.439328468318788912e-01
-1.103036841470978746e-01 3.900463052975136624e-01
-8.842127620069362148e-03 1.739878337250866935e-01
-6.070469687010265902e-02 1.881396674262308666e-01
-6.945087107809977400e-02 2.066342076331541544e-01
-5.921622600123425950e-02 1.348922025833975968e-01
-1.088842108132457853e-01 3.363493759386719517e-02
-5.622912125856241450e-02 6.825208428113248293e-02
-5.002207170025106675e-03 -5.317464814368746961e-03
-3.218434968825781284e-02 6.091306439137538636e-02
-2.260656009692648197e-02 1.511433483308250725e-01
-3.313446044324344641e-02 -5.301642723465629925e-02
-1.940738142444589989e-02 -2.259875827097573286e-01
-7.707662449916113934e-02 -2.643687414165359351e-01
-7.553929295543292122e-02 -2.364478940174939425e-01
-1.070170007450763627e-01 -2.042607250876772584e-01
-8.524873223446294279e-02 -1.757980404227286186e-01
-8.179538478014553027e-02 -8.076707193580058564e-02
-4.417333169885235417e-02 -1.137192890257166800e-01
5.262252484214739040e-02 -1.638027240565663456e-01
5.814811196419479578e-02 -2.032790799283680505e-01
1.038987451919091975e-01 -5.694139861469227348e-02
-5.322370055992689530e-03 -8.084703576278540194e-02
1.038665728195988305e-02 -1.503008594509016582e-01
4.476006731920584986e-02 1.038137637824848580e-01
-1.624184048468985120e-02 1.133770098974686419e-01
-4.088470001873874618e-03 1.573095930028701184e-01
1.341214172059717637e-02 1.367443056148924252e-01
3.226057592992209733e-02 1.401523490178134546e-02
2.986667455323589737e-02 -8.295360300035614642e-02
1.208951964735290319e-01 -1.405495150273954330e-01
1.814489918378854039e-01 -1.570093237000201036e-01
1.850594762587857989e-01 -1.171042353091972521e-01
1.175181142009437130e-01 -2.409392862689367643e-02
1.728877541730028389e-02 -3.850316778238217774e-02
-9.102051537106883861e-02 -2.291391127424450766e-02
-1.019741304651143599e-01 -2.577793799249838980e-02
-9.353948919159336961e-02 -2.745939074343583738e-02
-4.759999949470018060e-02 -6.868731802908518980e-02
3.271197110579968093e-02 -3.251518255071219055e-01
-4.161833959191156562e-02 -4.483652572405771863e-01
-9.130773746628556564e-02 -5.231921281405652602e-01
-1.198631664000009284e-01 -5.587118980935872337e-01
-1.108719199602583999e-01 -5.198177685401621506e-01
-7.583612312555218504e-02 -5.635239139835961364e-01
-3.450660995878079146e-02 -5.119838720112530606e-01
-3.992781989853489560e-02 -6.734675194778074747e-01
-9.401126125052755578e-04 -6.231206096065298183e-01
-7.423425733316572905e-02 -5.816043630456617652e-01
-2.610659819683765898e-02 -4.847268802030481605e-01
-5.953793663402169589e-02 -5.401212718801093882e-01
-7.720420111719272782e-02 -5.483169876013408439e-01
-1.266153546598158819e-01 -3.562532625080817583e-01
-8.654806532028209987e-02 -5.043839815443580399e-01
1.448245481452414829e-02 -4.433811575316335962e-01
6.601212249827542733e-02 -4.796739456881301544e-01
4.096928207708651348e-02 -5.451256569551564679e-01
1.296929593024662153e-02 -4.524517785555758342e-01
7.267824782223056279e-02 -3.482045197501400513e-01
9.090228599913924290e-02 -3.195706714139843752e-01
9.508367585709356917e-02 -2.822722274928337605e-01
6.518224299136307631e-02 -3.902951846031779137e-01
1.109076454169729553e-01 -3.207522834683127488e-01
1.490684632556468214e-01 -2.527187077414736471e-01
1.343463242370539212e-01 -1.887011238152458692e-01
1.832071571546280697e-01 -2.977837786484199278e-01
1.903903283281007386e-01 -3.253245852208823674e-01
2.817000544713221255e-01 -1.902544764900194474e-01
2.400382685889825285e-01 -2.406159405337064683e-01
1.792244832602851723e-01 -2.424436313141639654e-01
1.958536098743227372e-01 -2.454682403565840443e-01
2.545413008304812097e-01 -2.892033610280069222e-01
2.597204141984453818e-01 -3.270805446033225317e-01
2.484773928254203623e-01 -3.043504090867618084e-01
2.021187044730285709e-01 -3.055802957165424938e-01
1.964011455230944281e-01 -1.447660069812664041e-01
2.189785474367486051e-01 -2.224592157068428500e-01
2.832381800587073228e-01 -2.187442021075902132e-01
3.075181792905778977e-01 -1.042941906325900725e-01
2.279081655729292000e-01 -2.164592903665385482e-03
2.627466296570680204e-01 1.498313875943413191e-02
2.231581379967630396e-01 -5.615877398547898525e-02
1.664939240459929470e-01 -1.610283372365602372e-01
1.776203079364119530e-01 -2.853815308899596004e-01
1.553099895486566018e-01 -2.458514549583803999e-01
1.559700128488147874e-01 -1.253643548375517891e-01
1.162890364821101696e-01 -4.667215884904080125e-02
1.502596056212414377e-01 -1.313021017163963355e-01
1.646023076553293774e-01 -1.174924393345773699e-01
1.699364039149123817e-01 -4.410841080596065999e-02
1.984428576736795014e-01 4.400041153678949796e-02
2.350870450252048049e-01 2.076462552655786512e-02
2.547180326539892348e-01 8.940539570709329920e-02
1.918566425475798365e-01 -1.529247699558189399e-02
1.654804938956538629e-01 -7.312767301997463720e-02
1.122664321532790971e-01 -1.633574196705580017e-01
1.348086578630152965e-01 -1.374843009922309400e-01
1.085344720092275839e-01 1.967205056493959159e-02
1.309950518465652913e-01 1.039771594891243378e-01
9.784338881526453979e-02 1.447072885402350129e-01
1.395297862706077474e-01 2.028079726128105553e-01
1.634611032862834101e-01 2.158204289322413205e-01
1.787194193929215746e-01 1.215948736131257091e-01
1.086228329796722486e-01 1.787802399787382091e-01
7.315845115859309633e-02 -4.730247821508637429e-02
7.949979076782451304e-03 -8.756202112317371111e-02
-3.588629065493932624e-02 -1.204063634637580066e-01
-5.507659130867968711e-02 -7.462204473933736759e-02
-8.469060352335538999e-02 8.267710076987759560e-02
-5.482413476964757837e-02 5.618514202497909560e-02
-1.316309702512381274e-01 -6.116707791544551132e-02
-5.380492375159755258e-02 -1.298216418594831112e-01
-6.940645017663564509e-02 -5.795386066811346326e-02
-8.186601420878483748e-02 4.350283284149054214e-02
-6.990931779620708497e-02 -1.684464799896106396e-02
-3.036351717545095891e-02 -5.155815622537270049e-02
-6.691062775273724783e-03 5.781994435661731019e-02
1.035240791493561435e-02 -3.916846269175394690e-02
-5.678159978947708297e-02 -2.246557586355687475e-01
-1.275515876834117934e-01 -1.073385618400903851e-01
-3.916435109272953241e-02 -1.956164030404502485e-01
-2.359125595086453142e-02 -2.729194763794297596e-01
-7.746921212316956740e-02 -1.169969458248912297e-01
-1.014525188360068941e-01 -2.232119769350747462e-01
-1.822842750583885674e-01 -2.152375346539551204e-01
-1.448336578960571219e-01 -1.898143495795318880e-01
-9.318017621426302743e-02 -4.488440733641588798e-01
9.762608618570922658e-03 -3.419120964679193131e-01
-1.036705923847592616e-02 -3.917618917952867541e-01
-3.083172476982281446e-02 -3.551569133405653167e-01
5.398408148050024002e-02 -2.805373399974041004e-01
2.659753161956601719e-03 -3.260687507131287965e-01
8.603778074051727717e-03 -4.630231410294656236e-01
3.466922225875757047e-02 -2.006389938492667557e-01
3.583426252021515435e-03 -7.964848444812998307e-02
1.030020750692752923e-01 -2.912863918393619744e-02
1.137263559888962022e-01 -7.401011607517485325e-02
6.593663467961122238e-02 5.898889825149437882e-02
2.191920200711741651e-02 9.148701894734218021e-02
4.531891093883454874e-02 -1.015703977516618783e-02
1.007712526623803784e-01 -1.258867679357187908e-01
1.325094700903227396e-01 -2.675050845727715010e-01
8.072744051761387984e-02 -8.378390696675497296e-02
8.296406695846172963e-02 -7.224115184475074503e-02
1.645497903940852658e-02 1.118874191268638685e-02
6.913644553861794662e-02 5.289670577538985868e-02
6.829293612857956219e-02 4.218177954682516412e-02
6.416458812170527937e-02 6.095437084873014943e-02
-9.767435525357026638e-03 1.875797837953105951e-01
-5.179989839579652450e-02 2.104936973737281947e-01
-6.383224953558634673e-03 2.840745260707788766e-01
2.201618419598405998e-02 3.737530936687368799e-01
-1.138308247371072265e-02 5.419322037605149855e-01
5.029814555904039974e-02 4.001924662005443833e-01
6.359688262170501427e-02 4.302315048505551132e-01
2.956351444976564047e-02 2.722565127617176950e-01
5.978273614927134133e-02 2.180363683115041085e-01
7.246166326910515043e-02 3.534624095273308231e-01
1.173768413757368123e-01 3.650093975991641759e-01
1.546021903487390103e-01 2.458697105242345915e-01
1.478176278150607204e-01 2.937226799090866258e-01
2.022883164737019623e-01 4.319743195289720283e-01
8.054436316997935774e-02 3.967198710591813837e-01
1.914182870035616157e-02 3.951683056612863010e-01
3.729933762247648887e-02 3.154812007590623857e-01
4.480278376158261522e-02 2.226162121577285324e-01
3.859800688220937220e-02 1.839555832376433553e-01
-1.539316961246298826e-02 2.380453981472557268e-01
4.810358218503119065e-02 2.553966265228804211e-01
7.553574607654797712e-02 3.111936616608506068e-01
7.212739095269975198e-02 2.194746320267639272e-01
-3.289609890331784969e-02 1.457675045240329759e-01
2.285059593076050471e-02 1.127148725976991062e-01
-2.197340545352530553e-02 1.473222863854962150e-01
-1.371185973283950421e-02 2.025745498859202742e-01
7.865920440647261938e-03 3.052491510861107260e-01
-3.596785121126536144e-02 1.386407878545863337e-01
-6.758687476601997479e-02 2.634970599668674529e-01
-3.980759130736939710e-02 1.943226434773827338e-01
-3.268463977477475968e-02 4.000949446902637430e-01
-1.402926727354829872e-01 4.728749167054941971e-01
-1.010672395374681426e-01 3.033719354294914239e-01
-2.960418772654573039e-02 1.887958140069623814e-01
-1.974361821120461380e-02 2.384766651825472872e-01
3.607277406974158246e-03 3.390800430430100376e-01
-1.078199254075725561e-02 3.631254730422172616e-01
2.228335581594840381e-02 3.996357233508188722e-01
-1.093982714717426502e-02 2.783070120276422976e-01
1.092514120061716630e-02 3.857823618202012583e-01
2.364927363353006018e-02 3.574253855180186124e-01
6.003647474708066756e-02 3.163493130464954950e-01
8.970023890374784203e-02 1.812940584988829706e-01
1.085200477933966762e-01 2.232609257295992966e-01
1.051491389226440615e-01 2.945457589452780134e-01
1.230714084373289163e-01 9.758716555299190576e-02
6.939035725304956714e-02 1.784550411829740335e-01
8.092651439886977549e-02 1.708100820429507838e-01
8.851952529081338894e-02 1.627844067168562892e-02
6.348814714643220836e-02 -3.859321783924554716e-02
1.031710271011695296e-01 -2.075525444522723362e-01
1.203139642661548298e-01 -1.835999502598374966e-01
1.408984695703162093e-01 -8.248017259271747670e-02
2.230170436901441344e-01 -1.407559021296093671e-01
1.472909134069635972e-01 -1.765922184666066375e-01
1.911779901913633617e-01 3.415149657189225918e-03
2.132349091835216981e-01 2.038833492853263651e-01
1.440688741149213081e-01 1.436334412412270944e-01
1.312196799239571110e-01 1.365290105369517670e-01
1.207164783849708767e-01 2.317197352736334315e-01
9.952706012938833391e-02 2.579272054060131047e-01
7.493444261039239329e-02 5.291941447061636605e-01
8.450646823401576635e-02 5.293193845502769390e-01
9.149597003147720564e-02 6.206620633136281651e-01
2.072450353642587562e-01 6.451333351166745889e-01
2.644074325065792208e-01 7.075019800970657746e-01
3.436159116466649954e-01 7.600507191863555834e-01
2.481774508922320599e-01 4.886802867597433986e-01
2.278042902712185680e-01 4.473625320705725272e-01
1.043912995897275930e-01 4.362595748263785600e-01
1.504025481551654053e-01 4.545502205406317109e-01
1.059106559140085835e-01 4.311813085960787273e-01
1.441504973735916739e-01 3.770298710220011396e-01
1.570182897844443759e-01 3.620465779595141709e-01
9.186325609740293718e-02 3.433423227076748963e-01
3.443613352808516659e-03 3.338921777160711035e-01
-3.707670012053757708e-02 1.806803205097390064e-01
-1.597132653460771670e-02 2.700791480429610703e-01
-2.630931308381572256e-02 8.401040596743880595e-02
-4.331890974089724899e-02 2.347590574095149984e-01
1.321456283060948311e-04 3.017236244182607274e-01
5.150864292819866408e-02 3.053876174989736958e-01
6.149812889156798523e-02 3.578868216794979795e-01
3.017617891110444331e-02 4.653813876028149443e-01
6.271305787002882937e-02 3.438414155311518283e-01
1.359601300571550431e-01 4.055874318584046789e-01
1.353806308936729152e-01 2.315918702146853581e-01
7.848453414675475581e-02 2.039232822388285515e-01
8.559937756596135150e-02 1.626227130030928336e-01
1.214176140696873740e-01 1.246013777910761067e-01
9.993931641121994724e-02 4.532111426454719927e-02
1.135333686810945930e-01 1.002093518660119309e-01
7.921502244461173237e-02 2.403725200775940762e-01
1.006927656862867393e-01 3.316858649017620508e-01
1.602484842120557029e-01 4.723595607957425946e-01
1.260352582907675323e-01 3.762388142752332021e-01
1.006381858447595590e-01 3.802827084538474289e-01
6.729409883325197794e-02 5.514402872751210660e-01
1.684292782745683975e-02 6.215837979251404022e-01
6.797604400932848179e-03 8.125161640421247888e-01
-4.699024181219857432e-02 8.713505743410967508e-01
-8.059171413738273893e-02 8.440749931630436853e-01
-6.673404795477147489e-02 6.680804197395409094e-01
-8.268121888435128741e-02 6.277484564394689714e-01
-9.148402879173794799e-02 5.520095946614770321e-01
-1.153108968394415401e-01 5.141765479434852182e-01
-1.519879661065080545e-01 5.390529715620528961e-01
-1.958085188480285788e-01 4.264182863824407810e-01
-2.366350780740353321e-01 3.723303311166934471e-01
-2.799798260438753350e-01 2.380885992922761318e-01
-3.105523884190424799e-01 2.049320688862943662e-01
-3.455694755847776856e-01 1.763790914404670951e-01
-3.829588856386773044e-01 2.111135922798498266e-01
-3.674599355045794491e-01 2.155066957650043913e-01
-3.187117788557674025e-01 1.312500267229246842e-01
-2.300957940065693208e-01 3.077669733675290620e-01
-1.816345564793235834e-01 4.933321757744510427e-01
-1.670976971932146282e-01 3.279760975582090010e-01
-2.588856586854891839e-01 5.056696413942317614e-01
-2.802658428836035109e-01 4.720035193079151203e-01
-2.492926034724951556e-01 5.155913355627098626e-01
-2.005986570128508728e-01 5.502025391544309585e-01
-2.038477750981899650e-01 5.453265365620526550e-01
-1.765711099427212938e-01 5.905744533144027253e-01
-1.475702602137086705e-01 6.911511879664133939e-01
-1.690167471666649268e-01 7.492541769201039870e-01
-2.051773052824540922e-01 6.818432064856354557e-01
-2.199765471151013396e-01 5.808183907539158364e-01
-2.154290039855850936e-01 6.392846082411371977e-01
-1.213571644976575575e-01 8.396894201834796956e-01
-1.201217389718878398e-01 8.976261043830491282e-01
-1.726054932947148901e-01 8.685360329488954756e-01
-1.215543442007477049e-01 8.076088661875757690e-01
-1.035011746530887927e-01 6.233977693322585445e-01
-1.228353326146912061e-01 6.021180201817768474e-01
-6.957958537482955563e-02 5.236239291488234970e-01
-6.256729489038186098e-02 5.714861944766862489e-01
-1.597204190202684559e-01 6.520515168242422277e-01
-1.578642225733038196e-01 5.374734656231138219e-01
-1.488945050291493599e-01 5.852983555714256214e-01
-2.317106417723634737e-01 6.219979413491332210e-01
-2.780248522233992325e-01 6.746216262252954232e-01
-2.385849781620406618e-01 9.265477660250999170e-01
-2.368821393091893046e-01 8.810094958534525622e-01
-3.088279472712278095e-01 8.944633352323093645e-01
-3.390518663136268263e-01 9.532689708512368520e-01
-3.778459566092445820e-01 8.454546885120193256e-01
-2.939720960696477481e-01 5.749207493431984783e-01
-2.283533165954155786e-01 4.957644465096777142e-01
-2.388943134231985843e-01 3.744741784255764538e-01
-3.235335741684965960e-01 4.060323948480806244e-01
-3.580921691280526953e-01 5.552498762039369540e-01
-4.163307655219080083e-01 6.616480743809944887e-01
-4.108319084834071155e-01 7.760487534909155105e-01
-4.144990980916575252e-01 9.584851229261796002e-01
-4.218238384491685977e-01 1.047131280666802056e+00
-3.645456369930286655e-01 9.623842069903285612e-01
-3.977080919152992111e-01 8.419013383645282955e-01
-3.659996260932749101e-01 8.296738855575973570e-01
-3.886700525282332785e-01 7.832690255574437099e-01
-3.351483447561354190e-01 7.653461153656921923e-01
-3.473759182706117055e-01 7.221648712521318014e-01
-3.218667594533343723e-01 6.756276877188801544e-01
-2.248827886466395753e-01 6.912758793357691722e-01
-1.873909849243143577e-01 5.711234800081657070e-01
-2.155034690684602683e-01 7.530217751567682694e-01
-2.098052746037640803e-01 7.277171071356780541e-01
-3.135588731988707134e-01 6.485440987718704697e-01
-2.220064667054096053e-01 5.581770183701130206e-01
-2.421800052559522631e-01 4.780850189976297293e-01
-2.699071698783555018e-01 5.037476354215668639e-01
-2.740161388766269579e-01 5.268193182861091728e-01
-2.916219157119886440e-01 3.711240485577812498e-01
-2.223054993601761842e-01 4.980366830556612889e-01
-2.283321747549673375e-01 5.324089606024445809e-01
-1.978278835263725388e-01 4.759569631809026924e-01
-1.200145261872714170e-01 4.387072459153710247e-01
-1.445371082510002458e-01 6.212849807371060296e-01
-6.111081575945637168e-02 7.426012053285280246e-01
-7.770000306008956192e-02 8.553699319582739324e-01
-1.328647277264603521e-01 7.235720342481309908e-01
-1.043356334214104592e-01 8.698423095471924382e-01
-1.378094130949885088e-01 7.299318483935031132e-01
-1.862867669169306628e-01 6.885592692968333095e-01
-1.714935762084028592e-01 7.874865664232516549e-01
-1.725197950311547213e-01 7.188039335427340859e-01
-1.228069373433523792e-01 6.599263425458885557e-01
-1.382981307201667787e-01 7.176081820153890067e-01
-8.987788145665856487e-02 7.636799684764059570e-01
-1.431393983020467775e-01 8.435603675502690857e-01
-1.883996733184772898e-01 8.952476903666106711e-01
-1.604058999312866773e-01 9.102377723277327304e-01
-1.694492855205202986e-01 8.943286645863369744e-01
-1.139762877041622657e-01 9.274065146092157486e-01
-1.094944164623301713e-01 9.942836048477000643e-01
-2.754555209626638468e-02 1.092944743973878641e+00
1.636462703365644533e-02 1.065443070703247619e+00
3.820826214535414864e-03 1.002079817571675635e+00
-4.388791531265871793e-02 9.769160144632614839e-01
-9.837712643431836823e-02 1.109366237087169749e+00
-8.784595177603463090e-02 1.134286607662015278e+00
-1.863930495831749856e-01 1.113583632481434327e+00
-2.049555731550089799e-01 1.128527235139160645e+00
-2.483682363333679644e-01 1.034305148058585644e+00
-2.819254634354698696e-01 1.133498304656700206e+00
-3.014547747355944551e-01 1.144875557698083357e+00
-2.561791588292220978e-01 1.106112977544416731e+00
-2.008211503711304080e-01 1.112913753423199648e+00
-1.804847973417913198e-01 1.195125478214235759e+00
-1.291182671149155858e-01 1.062867852865736040e+00
-2.131892836829195059e-01 1.079937580359695559e+00
-2.069719941868907453e-01 9.644311021016973573e-01
-2.018183324785934318e-01 9.256278353600688735e-01
-2.267502804911337988e-01 8.949776776477015305e-01
-1.480962192708267233e-01 8.602416757119742963e-01
-1.568533599581397597e-01 7.665426711855468644e-01
-1.136598823795599844e-01 7.617765127643358891e-01
-8.752037267902532114e-02 8.506847846096202703e-01
-4.184595212240798529e-02 9.121546962739950359e-01
-7.460150514253212350e-02 9.964654876985092891e-01
-8.295934274189531443e-02 1.046033424627806463e+00
-4.604158703072415426e-02 1.000681886617251548e+00
-1.056712694589685420e-01 1.038891820460602800e+00
-2.002510405148344441e-02 9.252598294911597021e-01
-2.709235351417344298e-02 8.340196069537839652e-01
5.079531616373483133e-02 9.160465908566914894e-01
5.876706286424945858e-02 9.047991396863569458e-01
6.038081262568018026e-02 8.898074592739406707e-01
4.747441419378503613e-02 1.032657044591405393e+00
6.535261628305526205e-02 1.095597361796150304e+00
6.227119009031879121e-02 9.720037359748204819e-01
3.650723106660461181e-02 9.997903620267635239e-01
-5.450795834024309283e-03 8.703743871499839413e-01
6.367417845673406518e-02 9.313007028024827827e-01
1.409093775769834633e-01 9.868432597336249668e-01
1.278236754074925929e-01 1.013313296791445772e+00
1.415018516038880625e-01 1.130168475530124006e+00
8.578677379184240781e-02 1.221356871801394739e+00
1.031779348804505170e-01 1.183378928785618234e+00
1.155719214701656367e-01 1.092113266178545539e+00
1.853315135598719854e-01 1.005075913169019453e+00
1.779006579512433239e-01 9.408450772933945050e-01
1.741017606754328428e-01 9.331979777093327710e-01
1.884745739087378413e-01 1.081115762640918021e+00
1.677519692430822218e-01 1.144429645643239679e+00
1.111639961229971690e-01 9.982407472526761971e-01
1.217453378223899429e-01 8.583575966028385018e-01
9.673474314705214627e-02 8.705417090546633263e-01
1.865716212569137888e-01 8.237923257455970205e-01
2.269582964623671761e-01 7.538099260067573359e-01
3.318108871000929327e-01 7.116549603571500349e-01
3.477063947261384569e-01 6.390491824905282225e-01
3.482830305770243107e-01 5.096902414371651258e-01
2.813555882204913927e-01 5.927724229646740284e-01
3.367955414449839702e-01 6.843699588199014805e-01
3.831105727435791253e-01 6.251689292893355399e-01
4.477397134051006589e-01 6.419992564913984401e-01
4.020186275180320790e-01 4.607578278147310136e-01
3.349589382296257467e-01 6.565948340773312131e-01
3.728376119319417592e-01 5.645633919276588086e-01
4.533996064876082421e-01 4.988730325529267540e-01
4.789041173886490754e-01 5.667453086125519013e-01
4.773670872902584517e-01 7.246655794754195412e-01
4.965054801331671985e-01 7.001950821295891414e-01
4.277042880967778515e-01 5.462471714700118941e-01
4.225993496238327762e-01 6.262872077687460237e-01
4.299794970254556259e-01 5.870437080014894171e-01
3.595938564232475931e-01 5.931488821206045703e-01
3.022528471999761934e-01 7.437716967737135754e-01
3.173776259788392284e-01 7.016242791421313241e-01
3.408046509704863447e-01 6.559747276018579321e-01
3.273330871433819955e-01 6.611508665061613943e-01
2.543478774173866808e-01 3.770295264632272381e-01
1.546587881877838910e-01 3.784929220309191100e-01
2.069343535991183258e-01 2.805605590158818941e-01
1.858831897768268848e-01 2.150378399626100001e-01
1.688823281342922422e-01 2.266347732774935952e-01
1.307113313991528081e-01 1.628617830121298349e-01
1.356497850778896341e-01 4.272170032295280473e-02
1.206895186843367773e-01 2.953880843184566313e-02
1.380891861881202165e-01 1.032447270545540086e-01
1.613297621830412087e-01 2.214321259011718945e-01
1.815678252304365470e-01 2.595634118363687182e-01
1.738459420890795804e-01 2.942461411134285054e-01
2.193979260285085220e-01 3.025305328665697790e-01
2.569720390858558079e-01 3.017480851997186297e-01
2.089980524139692097e-01 2.770655671760801075e-01
2.429589696523065390e-01 3.402379749633007711e-01
3.083943846145799084e-01 3.322525825886863959e-01
3.232553090235930071e-01 4.668047894591630387e-01
3.059322358841102818e-01 3.907687591111025371e-01
3.172551020536565347e-01 3.545689910971785430e-01
3.623253774227158663e-01 3.560301984396452846e-01
2.955124002487552470e-01 4.850877269591182261e-01
3.276401425837895398e-01 3.724988510156291843e-01
3.899323935832006982e-01 4.035255618859117099e-01
4.926254896239087300e-01 3.483901797017555646e-01
4.340567567298428964e-01 2.536967352653903274e-01
4.235972020411638561e-01 1.634964269352736088e-01
3.657699858222499545e-01 -8.278498592676541978e-03
2.958966818692354006e-01 3.602569519393954839e-03
3.518645048422979760e-01 4.078063695568651670e-01
3.644633139048317205e-01 4.508585971711742690e-01
3.433109188019073388e-01 3.315520701084889166e-01
3.090192359338806982e-01 3.253193287901799402e-01
3.724267373283442484e-01 3.422417009527849441e-01
3.732091149273943365e-01 3.885854203702185372e-01
3.888943190075203615e-01 2.728781047070268362e-01
4.130097206092858131e-01 3.550363841362509376e-01
4.412323940832850733e-01 2.416876167109484608e-01
4.367490763927666109e-01 3.339577363475003668e-01
3.753646016793460438e-01 2.461076583469197776e-01
3.647195740122463059e-01 2.168783229580294458e-01
3.901869106750776584e-01 2.269919746870842636e-01
3.973149406054589106e-01 2.145351882338279170e-01
3.797998679091197927e-01 1.490479061563756424e-01
3.702182337798138878e-01 9.281301741770875413e-02
2.780322740980127882e-01 3.093931665776027407e-01
2.802180860443569954e-01 3.134699818911494962e-01
2.887558307125089874e-01 3.408023275072712410e-01
2.551682048864187813e-01 3.176095475932255163e-01
2.720427046713848052e-01 3.469457785391367177e-01
2.937111089930144470e-01 1.912472582795162190e-01
2.890847895309902604e-01 3.012735255132480416e-01
3.170361496927819878e-01 2.132053029310428394e-01
2.808359831438267395e-01 4.575524737102623640e-02
3.080771136820500966e-01 -1.199796266999664796e-01
2.856564277632723803e-01 -1.515657105108591252e-01
2.749200950273155697e-01 -5.117975493427172340e-02
1.812772686819929258e-01 -1.406786245691569737e-01
1.536316589878804761e-01 -2.131766089999371783e-01
1.473701739413326439e-01 -6.248298501005875027e-02
1.855409534033316821e-01 1.396567294156713518e-02
1.688402256601556906e-01 1.349214992354888787e-01
1.831558711870718836e-01 1.458282937718536898e-01
2.004491236741603455e-01 1.921011195941845495e-01
2.460511608965823271e-01 1.601319574796563616e-01
2.620260896784817883e-01 1.611152391449852672e-01
2.451407987625216500e-01 2.372614909743545053e-01
2.826211802763849978e-01 3.562543178051302273e-01
2.750460972777599156e-01 3.225562446065201594e-01
2.727229694072111910e-01 4.091462633966997942e-01
3.305009857084775238e-01 4.948827526012921085e-01
3.227747381891146183e-01 6.120328926554230442e-01
3.000412193225973079e-01 4.631392069184038229e-01
3.294874942239202076e-01 4.550234466547402046e-01
2.575281678796064178e-01 5.614489519601385537e-01
2.308131546908224196e-01 5.247641382301371227e-01
2.328469749612594175e-01 6.485819657649689596e-01
3.060285264445437581e-01 5.858195947416063865e-01
3.524746478559503959e-01 6.030802941002673112e-01
3.620689685714328920e-01 5.289956773173385418e-01
3.548707276674353817e-01 3.430558700632669877e-01
3.713444189308976462e-01 3.879777122311416360e-01
4.068003611117990137e-01 3.049258059681368427e-01
4.229312794586886914e-01 2.524886541233625215e-01
4.960679835851646846e-01 2.477170233378873099e-01
5.150208116711344486e-01 3.491399614534617113e-01
5.117572042274046717e-01 3.268371078809103603e-01
4.993076777091220442e-01 5.856709513500096831e-01
5.221267702018782542e-01 6.291448812645490385e-01
5.152635218324589372e-01 6.293199126118057540e-01
4.894717098612857420e-01 4.136944905306992881e-01
4.755079420032944926e-01 4.852879411165413881e-01
4.630508676319933792e-01 4.819624212664220808e-01
3.794840347191948959e-01 3.430647858662830840e-01
3.444983456930038601e-01 4.026903718041984215e-01
3.085574480827557031e-01 2.543399324020251262e-01
3.100885775689608548e-01 1.872424969799778571e-01
2.564340506261059138e-01 1.340679721508272193e-01
2.925522056281811834e-01 2.404305443060528180e-01
2.834138121707562852e-01 4.808206949789419760e-01
2.371598736814590214e-01 4.340062485582420471e-01
1.866168896326594051e-01 4.269771828853619611e-01
2.325903316234891327e-01 5.988124721270962070e-01
2.645052110088551012e-01 6.844576496746653804e-01
2.450498325397469368e-01 1.006354571765616601e+00
2.688994436440197977e-01 9.353481083432033660e-01
3.092925593470256529e-01 1.044370593336194641e+00
3.514883354855203312e-01 1.034118093696167140e+00
3.267954427943685070e-01 9.879713499761297868e-01
2.722136802497797659e-01 8.396337357093496268e-01
2.957667345028691108e-01 9.952823566143343959e-01
2.361603540434691062e-01 1.055132739347944604e+00
2.809241892643914440e-01 9.688177891021895194e-01
3.541422731307349858e-01 1.008426460378214262e+00
2.880580178740885233e-01 9.371162365734582167e-01
3.209825378001228691e-01 1.112924338440504979e+00
3.174806787553807186e-01 1.055827023905167250e+00
3.093415289782377453e-01 1.076099454362119623e+00
3.254735718120881915e-01 1.148946874805786500e+00
3.284326216548974497e-01 1.005234576221245124e+00
3.376769473868418969e-01 1.025852778232666962e+00
3.929050903428953911e-01 1.056705324452290595e+00
3.159987793942300449e-01 1.182594898625784818e+00
2.692865423331792241e-01 1.274468298852153181e+00
2.304562169171175123e-01 9.591271991983405520e-01
2.117288105744561943e-01 7.324831887414444687e-01
2.580067107867050624e-01 6.902737538843213283e-01
2.597718296723663389e-01 5.245251938831323457e-01
2.165332321487784539e-01 5.225330128715726108e-01
2.061843468693585202e-01 1.778396930537340936e-01
2.317747315706464584e-01 2.988995392391088357e-01
2.167657761304721542e-01 2.077391978387504445e-01
1.631818415535744582e-01 8.305392454476258346e-02
1.862656171978789299e-01 6.003225874476769697e-02
1.789837303862234774e-01 -6.374841314563424455e-02
1.202433801014026471e-01 -1.492813884021827464e-01
1.787764751403375652e-01 -6.940536471815929309e-02
1.640751670792046923e-01 -1.997984329710148499e-01
2.118794677140540539e-01 -4.213569186437357006e-01
1.983553983179803526e-01 -3.255748905515684077e-01
2.427715484720338046e-01 -3.834246196292251385e-01
1.921952351449852381e-01 -4.752174934778704007e-01
1.330673637862061498e-01 -3.067084915850614713e-01
1.546806802679219772e-01 -3.985200755919328097e-01
2.201974249307651066e-01 -3.885610287271158425e-01
2.827387155879623748e-01 -5.007853917631801544e-01
2.533951894954947215e-01 -6.484813040641121962e-01
2.505963035898434166e-01 -7.486202398707874073e-01
3.230971784273630187e-01 -8.669431026523506389e-01
4.142102884541502550e-01 -7.687335798562631162e-01
3.444387886292644696e-01 -9.257634686415027181e-01
3.522265363158878504e-01 -8.874942558718502683e-01
3.130738182263304581e-01 -7.719657344023216350e-01
3.848180629710170608e-01 -7.799997866883523479e-01
4.157294831288425585e-01 -7.932718422407379899e-01
3.673591194911274838e-01 -6.586276151619399055e-01
3.178603389544368829e-01 -7.754236842697318499e-01
3.349515303204678718e-01 -7.922945082538059847e-01
2.961827025345105668e-01 -7.961185267377002273e-01
2.861355210809274907e-01 -8.753043969438761840e-01
3.451878659894921375e-01 -8.564154181740248895e-01
3.736303329079852520e-01 -8.548628576284746927e-01
4.038018303367116868e-01 -8.785340391719539399e-01
4.083243002334937533e-01 -7.887377810319573523e-01
3.919653254791486408e-01 -6.004583098110897188e-01
3.682953374204127051e-01 -5.087730730423464243e-01
4.469204826965207933e-01 -5.253980184824845745e-01
4.470846341821895220e-01 -5.950094000848327180e-01
4.469421753092331917e-01 -5.034705471660183562e-01
4.604209918470310581e-01 -5.574069126253430317e-01
4.423284600854451298e-01 -6.311485765210123056e-01
4.455835942247443615e-01 -7.343181739506363659e-01
4.204679783684598382e-01 -7.687988385968484994e-01
3.969450406451581204e-01 -8.077415382304197200e-01
3.643592066786449646e-01 -9.526887262061438655e-01
3.807481013284509386e-01 -9.731476453018401696e-01
3.617951247420467253e-01 -9.968220036166576259e-01
4.042948194500937120e-01 -9.225065362117819134e-01
3.192482251917744263e-01 -8.639235960160763783e-01
3.258703037198668606e-01 -8.520763299376701294e-01
4.221346944613295626e-01 -6.907331787799183553e-01
4.925981735319576171e-01 -5.667544625012214121e-01
5.176072433995978495e-01 -6.019367434961024887e-01
5.881294460804814550e-01 -5.650237376530693467e-01
5.325090182103265901e-01 -5.864488624955671581e-01
5.392037998796926912e-01 -5.442818383938986537e-01
5.477154190996347261e-01 -6.753521614820012786e-01
5.676594502717058344e-01 -8.620295124663347464e-01
6.130103815322359706e-01 -8.311315974318663757e-01
5.924877906080070478e-01 -8.352939834269954567e-01
6.111622715231552760e-01 -8.500281589321133646e-01
5.964928509634992437e-01 -9.446484102519407955e-01
6.707746928289818333e-01 -9.842910673774803998e-01
6.479243894150457095e-01 -8.774040662138868907e-01
6.378975519657926752e-01 -9.012081660987981691e-01
6.147521845896765091e-01 -9.304678687372075485e-01
5.949329604981051789e-01 -1.034680855563986812e+00
6.319155882699742932e-01 -9.408732903164291894e-01
6.561052657359240925e-01 -9.034020792030148517e-01
7.356635439195384762e-01 -8.230016358568795765e-01
7.982957752928125927e-01 -8.727000140043558174e-01
7.283499379853476396e-01 -8.438507180474642544e-01
7.076130859950605645e-01 -6.841381586051979991e-01
6.271775786337434599e-01 -7.645720777898585840e-01
5.896677960055441980e-01 -8.112063246466273414e-01
5.759695230442017921e-01 -7.563786577029286695e-01
4.686532089937878176e-01 -7.295390573469954232e-01
4.949492511291099239e-01 -8.097735448244005596e-01
5.453810947110230289e-01 -9.632625863813781830e-01
5.168112090462574360e-01 -9.581301246076708855e-01
4.928041151231714601e-01 -9.534747480695144883e-01
4.421295956736854271e-01 -7.625499399958398650e-01
4.885608828341205800e-01 -7.974857839880673538e-01
4.338900387630247879e-01 -8.049507420896703236e-01
3.587291127792209267e-01 -8.017491063324573286e-01
3.209333014600049272e-01 -7.693713901082124274e-01
2.959626083537869046e-01 -5.562942293051319487e-01
2.894640920193307654e-01 -5.934918616040469885e-01
2.575413702114838221e-01 -5.254532871111442516e-01
2.326088864725592009e-01 -7.264670513015181186e-01
2.361723732709512524e-01 -6.611295395768279626e-01
2.820906928381884393e-01 -6.845114387499654507e-01
2.159256131079977936e-01 -6.694023678050303738e-01
1.080290363474584042e-01 -7.168872485652921789e-01
4.417257182210126282e-02 -6.286837195222534369e-01
7.572688351486214775e-02 -6.564444651010253873e-01
5.812116350930084802e-02 -5.380248363964170721e-01
9.187628621965468478e-04 -4.671408147471863281e-01
1.222117474024778452e-02 -5.290528753010512730e-01
-3.943432669047835376e-02 -5.394663362316051147e-01
-1.477610546267713876e-01 -6.153776379219836334e-01
-7.474495391435627412e-02 -4.091737646324437594e-01
-5.395832430210954767e-02 -4.644161344804799696e-01
-7.136202012434257613e-02 -5.891452114824835551e-01
-9.356284837621486883e-02 -7.284595175207962958e-01
-1.228080514967582748e-01 -7.759750018107723912e-01
-7.562768912819105294e-02 -8.078660101654807635e-01
-1.187098479136255574e-01 -8.310733809990863419e-01
-1.208929493234131292e-01 -9.462594537714527076e-01
-1.330809351401854301e-01 -9.645013938981061852e-01
-1.615028687316188150e-01 -9.222456185253397054e-01
-1.752695860377150860e-01 -1.062181494562366435e+00
-1.177727440094292893e-01 -1.176110153656460433e+00
-1.267034637430266286e-01 -1.086636104864696639e+00
-6.595287832725245381e-02 -1.144224494062619835e+00
3.415395029688654549e-02 -9.192712742154501848e-01
3.264955164192581694e-02 -1.110147212206559431e+00
4.775918512360990964e-03 -9.322277862097596568e-01
7.171307724270349626e-02 -8.859025964483624449e-01
1.094551700743133793e-01 -8.525366069827615689e-01
6.279987147210207288e-02 -8.614076753240438311e-01
5.749203983965853193e-02 -8.279877857887787407e-01
1.763569917355816558e-02 -9.997384403639324457e-01
-1.294856064721875560e-02 -9.420736025677564074e-01
2.156680839266962579e-03 -8.196279128309040818e-01
-3.056894536145918131e-03 -8.863362328083737030e-01
1.186494925856174457e-02 -8.980708885258140706e-01
7.823989036712469813e-02 -8.073570673841092837e-01
6.160953529220448283e-02 -7.032104865682766714e-01
5.884448115994755923e-02 -6.668841465138114488e-01
1.011978756237825183e-01 -5.504432036252356886e-01
1.731498088797696622e-01 -2.326780540518960105e-01
1.114177641051461443e-01 -1.078929571841844154e-01
1.680375642246320078e-01 -2.356886293871025551e-01
1.364358767306362852e-01 -1.019930798100469882e-01
1.004208042037184612e-01 -1.159997420911645927e-01
3.263570676871786758e-02 -8.931954350723059211e-02
-4.249673640578897904e-02 -4.772880298727426307e-02
1.269602637283627489e-02 -1.710838095236853484e-01
1.344340381759479355e-03 -2.422019300030049394e-01
6.047539010887318517e-02 -3.093040543884530424e-01
1.194381660073247919e-01 -3.527255150157816432e-01
1.121288687863895295e-01 -3.769370689312286360e-01
7.104645827608117858e-02 -3.074361679479316045e-01
1.048608818267268011e-01 -3.140452996879314895e-01
4.468563492633306072e-02 -1.668405805335661241e-01
1.765353369402628547e-01 -2.285848767492561218e-01
1.685777383405036023e-01 -1.338339193478105815e-01
2.005877094433427543e-01 -8.180402353277863026e-02
2.366556778431066488e-01 -2.806918745339184174e-01
3.157466122783826323e-01 -2.666865254992045742e-01
3.336565124269614824e-01 -2.840400790180734880e-01
2.297333428032610758e-01 -3.037045459420901206e-01
2.320536000770656304e-01 -3.889710347362441700e-01
1.923327216263885642e-01 -3.459178809342711713e-01
2.232478762804017691e-01 -4.072268627561945742e-01
1.931810966925029405e-01 -5.201727051438773675e-01
1.680407061408473179e-01 -6.308812692454371929e-01
1.729209401878243069e-01 -6.225006922069483695e-01
1.438634799293293520e-01 -6.051664884525640442e-01
1.247569269607670395e-01 -6.017028183657467943e-01
1.318304350696062333e-01 -6.611751945365190730e-01
1.667241212681237483e-01 -7.061129701523390922e-01
1.883449391618985391e-01 -4.892056325259172000e-01
1.965904183486618662e-01 -2.819500710514895037e-01
1.369720395246582512e-01 -1.993810274362588508e-01
1.574567969559503289e-01 -2.897377741904699766e-01
1.012729389799034707e-01 -2.505332920113587103e-01
1.138373065249566884e-01 -2.779958672735994840e-01
1.325699114740114537e-01 -2.477188819250974727e-01
1.567282435547867336e-01 -9.676916289915285518e-02
2.283872184419131757e-01 7.720177236246612840e-02
1.997476066073695100e-01 -1.443538101477010449e-01
2.217340408163848142e-01 -1.136769907107574445e-01
2.375552960576976791e-01 -1.471370084297192737e-01
2.228349987741759242e-01 -1.307621397403690711e-01
1.826215495551047618e-01 -2.036289181046271879e-01
1.713751187312324564e-01 -2.288919976882081708e-01
1.565933020163260136e-01 -3.053388418163471840e-02
1.599801946525644114e-01 1.355610404319842477e-01
1.964186295216734657e-01 2.399009505661593156e-01
2.218928362907753304e-01 3.617062312622173481e-01
2.282971579462591827e-01 3.569630884491489797e-01
2.777868143315337379e-01 3.065932134369933060e-01
2.482233254465557870e-01 4.756486909078936343e-01
2.218567510731029313e-01 4.857122654524144711e-01
1.386649693470901612e-01 5.155699861382880833e-01
4.671037240631174814e-02 4.889295201010061542e-01
2.962784006257470140e-02 5.085158531828810613e-01
-6.831325468448409821e-02 5.910752757653270351e-01
-1.348267225213241327e-02 6.023312111649197220e-01
6.074213212564276432e-02 6.388282153619496695e-01
5.259772851331846744e-02 6.619567895824238768e-01
5.076945689924219907e-02 6.270762491981118902e-01
3.815269951300202800e-02 5.813073946541620352e-01
7.108299365833241346e-02 8.408118821100871720e-01
1.454593234860015460e-01 6.493680107326761375e-01
1.874481139040204414e-01 5.561443802875184472e-01
1.706448746117886772e-01 4.758614134153466013e-01
1.417814209814185766e-01 4.163329871649064651e-01
1.847974740044454056e-01 4.786861085804012816e-01
2.250075084970259709e-01 4.958732655971514469e-01
2.385539432949259908e-01 4.513074850721549569e-01
2.480715823651108987e-01 4.687028515778327575e-01
1.393641041393852698e-01 4.841640393931297970e-01
9.115963593910687834e-02 2.069275501303330378e-01
4.914604915615911063e-02 2.308384189985235868e-01
5.225863024836571030e-02 1.069648595260406648e-01
1.289980360086794009e-02 1.981121820996302185e-01
-2.662902032012000320e-02 1.164886054063604681e-01
-4.312509990290131628e-02 2.028983024592375117e-01
3.617230510431877766e-02 4.270609308138521021e-01
-3.645752014827016718e-03 4.045680348531057180e-01
-6.443207233102828113e-02 5.004294252283858491e-01
-1.950075812673912334e-01 3.486068815559818512e-01
-2.487805688307365426e-01 4.293398839264728206e-01
-2.349177103393190469e-01 3.985036462424829673e-01
-2.521570896820689578e-01 3.857448531623900445e-01
-2.825939202796829974e-01 2.312405234974498069e-01
-2.833715916377659849e-01 2.563330868447021849e-01
-3.187884056692429913e-01 8.305037507795198781e-02
-3.383068910872639168e-01 6.649639354699976579e-04
-2.341040865618961297e-01 2.712463424838874870e-02
-2.408005404653671411e-01 3.598803930960531999e-02
-2.484307324137249584e-01 1.557031947555100326e-01
-2.710327906282085086e-01 2.970186570689580807e-01
-2.610680381212364676e-01 4.150548869455720213e-01
-3.173871847961447501e-01 3.419246956381194469e-01
-3.923446872659221429e-01 2.690545810218393230e-01
-3.665088859728874993e-01 4.137532838859806494e-01
-3.717532726631627149e-01 3.442086580893698455e-01
-3.796081505898734054e-01 5.154504916171809281e-01
-4.086087251332422565e-01 7.110126342359304186e-01
-3.784856620266278115e-01 7.734090173092019738e-01
-3.626138435477969657e-01 6.403030429870704143e-01
-2.755969877360454623e-01 6.241807657997480163e-01
-2.518900236377070168e-01 6.430115101693723023e-01
-2.768444566534340456e-01 7.433527951678194912e-01
-2.867723332586892271e-01 7.961458467306770093e-01
-2.741321117599752610e-01 8.049679096900954622e-01
-3.208514040359164987e-01 7.940315458122517711e-01
-3.565697031805812878e-01 6.817815098661166306e-01
-3.759693459162983253e-01 9.267252575082638444e-01
-4.103899125421729965e-01 1.063247980258982484e+00
-3.887360570005279903e-01 9.480138759443779151e-01
-3.318892409580909697e-01 8.838153885125730191e-01
-3.537281399527769654e-01 1.005822928807198924e+00
-3.440723768584236786e-01 9.252306872789122227e-01
-2.888311000916252147e-01 9.427109572239874558e-01
-3.316140101444404742e-01 1.073678403850568452e+00
-3.034969665651459092e-01 1.060963561718758497e+00
-2.541763337093937425e-01 1.150013231772009537e+00
-2.426403157782976161e-01 1.027657272684558087e+00
-2.113432648839540795e-01 8.923067579854518927e-01
-1.709210622973477700e-01 1.053670892928701752e+00
-1.701612587724975201e-01 1.066112409072635936e+00
-1.314868857172062366e-01 1.019755446379391417e+00
-6.091655089487611752e-02 8.965825021983486742e-01
-1.091820078381325054e-01 8.668568573999304583e-01
-1.043166371576972201e-01 7.949160052080583849e-01
-3.541976432660721985e-02 8.551465116108564191e-01
-2.928912095017590853e-02 8.418054201636383516e-01
-1.265043562278915512e-01 9.707020873021829921e-01
-9.380637498562667542e-02 8.690168540623190996e-01
-1.804344687932449565e-01 7.269313393685652436e-01
-1.764248137919012249e-01 6.790687727453549316e-01
-1.292133152334107304e-01 8.215481157612312124e-01
-1.788296134067967891e-01 6.926721933146914312e-01
-1.748982077890103848e-01 6.099298824201127012e-01
-1.725487471878664747e-01 7.549702939159498305e-01
-1.673584028477537733e-01 6.740103100388928903e-01
-1.768058419474036747e-01 6.325094970734796984e-01
-1.086933328353526379e-01 5.573544752189125706e-01
-9.021853524669518065e-02 4.148381740183053057e-01
-7.751206944453449543e-02 4.300568917210159658e-01
-9.824686071871953363e-02 5.659094769616366261e-01
-1.242649758949779804e-01 6.003350148502504258e-01
-6.289828154791142489e-02 5.572406516434045276e-01
-7.418127007249177007e-02 5.409353639402012526e-01
-1.072695372480108877e-01 6.186171995715631367e-01
-7.648185575129244629e-02 7.310405247230689074e-01
-1.265642199913544486e-01 6.947005890369832848e-01
-1.862710911995222873e-01 8.167448558921652779e-01
-1.981975167932084336e-01 8.213315719941762794e-01
-2.248776365378738762e-01 7.026419609508912645e-01
-2.007993529999285154e-01 6.860455375861286287e-01
-2.269451725703365008e-01 6.555223181406245603e-01
-2.388550375780676416e-01 5.986616695489287432e-01
-2.434011246661294814e-01 5.692415783314046518e-01
-2.069637921166385397e-01 6.804677947475428201e-01
-1.822151206191253425e-01 7.212619882433990437e-01
-2.143095756569471655e-01 6.336027061136466632e-01
-2.722905126280845689e-01 5.472990021329365851e-01
-2.508693401758641528e-01 5.929419743643146168e-01
-2.363405291242107464e-01 4.806045620977228983e-01
-2.035609922922373971e-01 2.824062231835612335e-01
-1.932250822394392109e-01 1.845614580773234370e-01
-1.124616501867397866e-01 6.742439164748198488e-02
-1.832224516671928649e-01 1.365538275650372002e-01
-1.722138975879130285e-01 1.398598709179504074e-01
-1.316058390023519820e-01 1.068423693183422618e-01
-1.713214909840009847e-01 4.440764534220701526e-02
-1.021735226416625869e-01 -1.005856782944465622e-03
-1.094148957441143932e-01 6.680686721011818742e-03
-1.375316737235273978e-01 1.537179533294414369e-01
-1.317009816330090843e-01 9.009814287914175157e-02
-1.620733910586641124e-01 8.733656985374257942e-02
-1.791066171999663448e-01 -4.841180930469625443e-02
-1.321869670851704703e-01 1.135935289444818530e-02
-1.287430697870349250e-01 -1.301679451469062720e-01
-8.423197555894051947e-02 -2.308212382063576373e-01
-9.909658593244635716e-02 -1.558503770330119109e-01
-1.408809706865546407e-01 2.847634879508251227e-02
-1.304048856708450443e-01 -1.593516548310454917e-01
-1.274844308757790423e-01 -2.823773120724286656e-01
-1.088881480639991434e-01 -2.313826535462211731e-01
-1.602821474769429710e-01 -4.264402643748940180e-01
-1.400851690904035829e-01 -4.681320524617968992e-01
-8.198343946123251569e-02 -4.814339586253492120e-01
-1.271236071344142293e-01 -3.029891634638367526e-01
-1.769509465030409956e-01 -2.895551071728332815e-01
-2.158726162901838108e-01 -3.228152082715983751e-01
-2.937310455822654820e-01 -2.511051386772823468e-01
-3.997106495806702076e-01 -2.567575062731765057e-01
-4.076281280461631074e-01 -1.152009968095612236e-01
-4.086234592543779853e-01 -2.084514708363076896e-01
-4.141432167207242387e-01 -3.343694859566397337e-01
-4.163705666597311006e-01 -2.758958456412049509e-01
-4.106155736585252458e-01 -3.372281786879501864e-01
-3.754239519702839423e-01 -4.043379815538677424e-01
-3.170480679839673965e-01 -4.449934042507992515e-01
-2.917982160745132281e-01 -2.585928659214775660e-01
-2.196915184914607910e-01 -3.344512528958085151e-01
-1.584295872401605965e-01 -1.868863519935032858e-01
-1.428841045108139307e-01 -2.400667550442668607e-01
-9.193926962322244989e-02 -1.459253955044436390e-01
-1.601309178475451844e-01 -1.034843497117585165e-02
-1.548605010111128999e-01 -3.373654810520433645e-02
-1.224687130894893533e-01 -5.645959174223411092e-02
-1.145031451909931941e-01 4.290668024918228157e-02
-1.118671877294381556e-01 1.534187290910830059e-01
-1.157520116784864078e-01 8.277292511926008511e-02
-1.227932986911813296e-01 -6.435874869751924410e-02
-1.201351089394087218e-01 -4.576420884313098236e-02
-1.273882888144100001e-01 1.032802619456570509e-01
-7.354441097971650687e-02 -2.187940830652561341e-02
-5.712580279630385949e-02 1.267549820775396019e-01
-7.528562507115207914e-02 1.115481872157461779e-01
-1.215597770299342573e-01 1.719861664591346706e-01
-1.318135379840361388e-01 1.438676792249965197e-01
-8.514344488799444055e-02 2.987015797299330533e-02
-4.886572818133879531e-02 -1.404283622759269767e-01
-1.217527784105353894e-01 -2.412871118357617917e-01
-1.128458474996188315e-01 -4.286304339235471605e-01
-1.071478841323177944e-01 -3.917170796550553669e-01
-6.353882207686425976e-02 -3.738286282853230391e-01
-8.012474984131989775e-03 -2.759377536881523763e-01
-3.249216793794000580e-02 -1.889750825373712750e-01
-5.310816837299619370e-02 -1.633589549792064943e-01
-6.425935183973084663e-02 -3.158414618741617330e-01
-7.022823259028690424e-02 -2.342207618943056291e-01
-1.326760825073050876e-01 9.873255535471858746e-03
-1.459297905357338776e-01 1.065266477073344292e-01
-1.396678588623039563e-01 1.602073764487606522e-01
-1.445810846303291208e-01 3.541920289611807382e-01
-1.025099899670924714e-01 3.216233616719965660e-01
1.685689316371986879e-02 3.340533499989266630e-01
4.330764242482174065e-02 2.463836956624874952e-01
2.505426737444638174e-03 2.656073254092982117e-01
4.287646005585648429e-02 3.321505989939999015e-01
7.854014036760985362e-02 3.706685412030383264e-01
4.964209016025405291e-02 2.056774825251131977e-01
-6.693014119951483376e-03 2.833490323906463493e-01
5.122042535772254601e-02 1.700335490683525519e-01
6.070156748824910575e-02 1.971266611096173793e-01
6.900165278429121196e-02 1.814116327269481022e-01
9.703287360433193731e-02 1.026112243922361889e-01
1.664269828068692114e-01 1.915766160722848221e-02
1.635946680264609432e-01 -1.174683058432775817e-01
2.483764613362751672e-01 -1.626444913136788351e-01
2.424454179804758081e-01 6.339359722361109784e-02
2.349520983938764296e-01 9.679117322707365967e-02
2.162418496451770922e-01 4.408949626511721176e-02
2.249556218055299428e-01 9.896700694471372017e-02
3.146454072086193321e-01 1.036031552328058603e-01
3.214484120931575539e-01 1.125619378605656057e-01
3.225210176288423325e-01 2.575325156437436869e-01
2.920098241910963344e-01 2.587475425364916815e-01
3.253132163760696915e-01 3.144066945383556244e-01
3.045390875864090741e-01 3.106615315085347606e-01
2.872131297364007296e-01 2.699825830552768369e-01
3.990741302017511982e-01 2.161673716211648666e-01
3.933561278768863967e-01 2.698431365029806406e-01
4.236153210945207137e-01 3.275951230561457983e-01
3.274303362719268584e-01 3.941950594638087835e-01
3.263755967141019343e-01 4.324155236794067769e-01
3.232200954535484061e-01 4.588301702414304684e-01
2.796609275830824193e-01 6.006501745380582458e-01
3.077643993258774024e-01 7.542258503225799382e-01
2.509202876056594866e-01 6.225271816990176621e-01
2.183908350834146417e-01 5.245347484090266965e-01
2.402098835896190610e-01 5.860252783473584026e-01
2.027665333455800911e-01 3.676740860405687816e-01
2.320860382918286113e-01 4.335777376320789633e-01
2.796730989268825796e-01 3.954990787674479424e-01
3.929405097629219412e-01 2.868819640892545930e-01
4.506389897168198710e-01 4.011001068020855209e-01
4.247940422677518035e-01 4.242170561756656300e-01
3.725818729621497849e-01 4.248510276739917990e-01
3.576320029719833871e-01 3.602379510418322051e-01
4.093549404618323506e-01 3.274263715200130265e-01
4.374638320721483398e-01 2.648739314351173380e-01
4.447205966809728572e-01 2.412017064769969577e-01
3.820367526863008845e-01 2.264436155126250683e-01
3.712946785661007665e-01 2.972268109608574571e-01
3.304343745633430141e-01 2.618634553388214381e-01
3.273556795135332265e-01 3.027142375395168727e-01
3.067946627590932840e-01 3.136209606059620625e-01
3.446202787615970098e-01 2.199368084794967038e-01
3.947466028429500451e-01 1.631661430084118403e-01
4.190947296400932554e-01 2.972908889124692422e-01
4.273734110361039340e-01 3.075102018721264652e-01
4.283954602860484129e-01 4.487310273896987223e-01
3.917059197684693017e-01 3.181290612080250879e-01
4.329284878004129866e-01 2.585531718509727073e-01
4.633866197714272550e-01 3.304810553386650085e-01
4.947112450375347192e-01 3.722730125439360216e-01
5.030476072404708177e-01 3.998401818889109616e-01
5.176157249403995353e-01 3.290774929093011614e-01
5.757720688167494716e-01 5.693759686431755229e-01
5.801775944798777118e-01 5.986824183913488362e-01
5.722514345261571211e-01 6.529105039503121377e-01
5.531886318209299214e-01 8.808129699479924080e-01
6.165925793092915663e-01 9.231062940426800756e-01
6.381275783889347464e-01 8.604534369335672395e-01
6.851643082110614458e-01 8.255736246475092743e-01
6.839216830351243503e-01 6.917882562434134464e-01
6.396281815702640206e-01 7.547622443614957488e-01
7.017257652538244628e-01 8.132717168935550411e-01
6.181333421366062009e-01 6.065331049902513705e-01
5.675481100489869757e-01 4.243872901824990995e-01
5.615641287727782816e-01 5.052129578369681795e-01
6.451229858358782376e-01 4.670102851571913960e-01
6.470974835841221129e-01 4.349346547041861299e-01
6.924385355345507032e-01 4.730758519419254737e-01
6.841844290825629393e-01 3.814113810137665372e-01
5.835599209927313513e-01 2.286235854616019414e-01
5.969907024847888044e-01 3.099802246261055827e-01
5.102414708274101152e-01 5.017864448788913467e-01
6.016123671075709334e-01 2.197952057828305716e-01
5.588737307969223744e-01 1.698454173779463672e-01
6.135309433104969568e-01 1.730774450757659455e-01
6.660071354307776081e-01 1.842018078779418533e-01
6.094901265135290735e-01 4.056553283083703665e-01
5.745244031739193957e-01 2.008374669792000744e-01
6.110096623368629354e-01 2.432822912274286986e-01
6.667391302990304247e-01 3.073388614876361169e-01
6.973376872403462823e-01 5.593614431477650362e-02
6.646984099775415933e-01 1.254192133059734426e-01
6.285010626144331702e-01 9.068014978290039885e-02
5.926534249928692155e-01 7.310159156198213493e-02
6.406535237306336672e-01 6.832478327803778728e-02
6.834979863902054253e-01 2.039465419631494858e-01
6.740210691228865070e-01 2.514001793369214921e-01
6.648986851334354187e-01 2.414213485578403373e-01
6.039151082828660977e-01 2.516288424158722448e-01
6.618033743049059892e-01 2.863073242613792257e-01
6.423583109125103885e-01 8.408956951242568811e-02
5.421682630078106246e-01 6.380869930368794629e-02
4.764666870944803678e-01 1.092294897843425761e-01
4.763644178600358603e-01 1.905498190918636647e-01
4.444820263594618237e-01 -3.036067486665500192e-02
3.309066345328505188e-01 -3.260724309090863582e-02
3.266520605120764031e-01 -1.477067811937099184e-01
3.088913458359799358e-01 -3.094577333994459334e-01
3.812450833133482764e-01 -2.584495499864190582e-01
4.970064438791500505e-01 -2.050044740200630267e-01
5.750881773254236107e-01 -3.364604350484121653e-01
5.992204825335066820e-01 -3.029430155309542627e-01
6.180360786041751986e-01 -1.847389635903155525e-01
5.474970214323753304e-01 -9.230037746327754422e-02
5.529255071694436641e-01 -2.512274006045629449e-01
6.114114511968966603e-01 -2.247772769789909697e-01
5.666939877647205748e-01 -1.905572756628960973e-01
5.493417218993985607e-01 -1.421339603961124798e-01
5.479408604226381208e-01 7.680348719931601176e-02
5.194500264065609052e-01 2.281745879900041185e-01
4.722020041689568570e-01 1.385894978183099258e-01
4.803665471841839230e-01 1.199489250185217237e-01
5.021362440829144624e-01 1.297039687618882220e-01
3.750612133782639246e-01 2.219951266276664614e-01
3.795275099370752359e-01 2.415936176337204477e-01
3.508356527358650889e-01 1.777283557568573036e-01
3.638039219222214404e-01 2.136560359400942744e-01
3.273632631459618691e-01 2.862211108893984446e-01
3.385753048591401693e-01 3.294581843140783617e-01
4.166589411662083853e-01 3.371216324372787176e-01
4.244322206990053803e-01 2.169629172182368226e-01
4.407810663897351877e-01 7.407200150538195693e-03
4.818448395914302629e-01 -3.137974976205578498e-02
4.428755250120129938e-01 9.647674448535190073e-03
3.805679971395467542e-01 -4.988047253714690543e-02
2.816087474837632443e-01 -1.765046387738242462e-01
2.002856117744173103e-01 -1.304689207561577358e-01
2.335986848310500630e-01 -2.355553660251466785e-01
1.443198052639750872e-01 -3.624492381658457330e-01
8.555184509518176661e-02 -4.577434094657359953e-01
8.851125635913703604e-02 -5.886762461203650654e-01
6.423199135722172659e-02 -6.311352386781100554e-01
1.999829471574236101e-02 -6.268480168321215462e-01
2.503318290333943555e-02 -5.680036627172592167e-01
6.937760219432060477e-03 -5.277016651276116299e-01
3.792026057337573308e-02 -4.653858977551131315e-01
1.327864931511676394e-01 -2.434515075816067742e-01
1.904734015698532068e-01 -3.934281437347766919e-01
2.343402559011821262e-01 -1.666742121886674588e-01
3.060541176644382411e-01 -1.449942427838872561e-01
2.847352479726313890e-01 -1.948053171269836237e-01
2.845406040468685949e-01 -1.780372673011311468e-01
2.847764476315079452e-01 -1.933716623926157729e-01
2.754040060443804228e-01 -2.051980995605397762e-01
3.141772143712942000e-01 -1.589740955726616500e-01
2.699382850845654103e-01 -2.866683270290444341e-01
3.190713195253697676e-01 -2.656885047941987543e-01
3.340077899202311129e-01 -3.188754037240262296e-01
3.034054084944685648e-01 -3.701322127169616727e-01
3.333616585698938595e-01 -5.008187510744401827e-01
3.302972913340019301e-01 -7.490403765091762089e-01
3.557385432489801880e-01 -7.472333508684547709e-01
4.001507734348587197e-01 -5.707764666133308129e-01
3.981734330515998566e-01 -6.752049334306055028e-01
4.198550534470286699e-01 -6.424283775466848034e-01
4.236754755530272032e-01 -6.541315581669113755e-01
3.919701029563859573e-01 -7.026770096802690269e-01
3.555854692231368297e-01 -6.666966243338104947e-01
3.422437486496280323e-01 -6.479664185282545397e-01
3.266179270549697256e-01 -5.606281870477467510e-01
3.594112856136999490e-01 -4.778735053313564185e-01
4.256919776379758380e-01 -3.714073333131518995e-01
4.512454970541375232e-01 -2.877704470115240998e-01
5.058111301147047989e-01 -2.699225946084427563e-01
5.520261219994014867e-01 -2.807872285261129308e-01
4.748758077264008115e-01 -3.491480731638000878e-01
3.693040164188250429e-01 -3.547224687314853298e-01
3.098361682060954414e-01 -3.843822848802753156e-01
3.650063776337859056e-01 -3.369126262280877637e-01
3.982312436844359094e-01 -2.396687735833312738e-01
4.444235611872798808e-01 -1.042270983340040647e-01
4.616012599040989484e-01 -6.242151645435110169e-02
4.874364683322030545e-01 1.631210056395202557e-01
4.930656684871951856e-01 2.530331552254886374e-01
3.912734631977765609e-01 1.121398685288197139e-01
3.752279966689687218e-01 1.083250978744046411e-02
3.715487857980628306e-01 -8.377549898830372044e-02
3.921330103058574545e-01 4.892127089513731431e-02
3.472047748022752955e-01 -5.033071025244227614e-02
3.949923123425322924e-01 -1.881110035670765512e-01
4.409918440266533679e-01 -1.396718624642897533e-01
3.712160936954043144e-01 -1.395866053765871251e-01
3.761576258058221822e-01 -2.456954276984945063e-01
4.060802627602195791e-01 -2.352138043801892398e-01
4.124499298636734035e-01 -2.058589665737881602e-01
3.729033022224778615e-01 -2.364678496409564623e-01
4.463581370870777221e-01 -2.232698641166496190e-01
4.892138983207358627e-01 -2.614870717178979231e-01
4.477557769437749968e-01 -2.691629290167021349e-01
4.976618514312123875e-01 -4.474158296013364677e-01
4.888892871437526266e-01 -4.571516569135911090e-01
5.497635236941682546e-01 -3.229224952936066706e-01
5.318521773992223034e-01 -7.335748371259814826e-02
5.327338582924749932e-01 -1.301729539940406633e-01
5.059410080731566728e-01 -1.394802319036650140e-01
5.543539501824373827e-01 -1.151610426356555750e-01
5.502013715072443523e-01 -9.945737932369033696e-02
5.668882094553117090e-01 -2.754757020854751715e-01
5.797481401663862055e-01 -2.469830378143208494e-01
5.502792528524702576e-01 -2.942397658445015662e-01
6.225996261444349811e-01 -4.208592670263865410e-01
5.686317170539888499e-01 -4.954132960336606328e-01
5.475862490942319249e-01 -5.920671610293147813e-01
5.702194679547821776e-01 -5.933286571142670773e-01
5.055227633301994095e-01 -5.148951043062759414e-01
5.372804375522136633e-01 -4.986037403922998767e-01
5.742896730161924923e-01 -5.510821066245876754e-01
5.174618446569980712e-01 -6.228252706108883263e-01
5.136196329711274489e-01 -6.027211789301992750e-01
5.578308743916424728e-01 -4.040252855963510359e-01
5.691732120337090750e-01 -3.955417250194167567e-01
5.344828937949535064e-01 -3.634669240319595152e-01
5.699969887295027737e-01 -3.040800657162324727e-01
5.787775006117937826e-01 -2.719594942289800810e-01
4.991762804984462565e-01 -4.496484291373118447e-01
4.488889091644739371e-01 -5.517933049974650395e-01
4.060703040226928406e-01 -5.934595614997431046e-01
4.551849194171252444e-01 -4.623444710900119770e-01
4.796033372768627179e-01 -4.972142019148004799e-01
3.889721702500386069e-01 -5.027368586461083977e-01
4.334502123627576586e-01 -4.339822213377174664e-01
3.767373404995496000e-01 -3.717511790596428889e-01
3.824929142469067900e-01 -2.894227402720858100e-01
3.106630333987664416e-01 -3.384126443811829588e-01
3.845829251482004718e-01 -3.494035819528904518e-01
3.909915744461460174e-01 -4.069999119072491012e-01
3.549552818832278911e-01 -3.465390146248235603e-01
3.862100622467946609e-01 -3.186317162910027867e-01
3.714137383838085338e-01 -3.270323088277626855e-01
3.365901015993434386e-01 -4.837070346403613552e-01
3.361798292460491666e-01 -4.453182822267097163e-01
3.426944376606927967e-01 -4.672606736930544069e-01
2.548877927485227457e-01 -3.037576774346272268e-01
2.374207979108973465e-01 -4.351466968513710842e-01
2.255669792347296254e-01 -4.231424604270965228e-01
2.580849548575099295e-01 -5.501719433021279304e-01
2.648930614101505654e-01 -2.786774675604471452e-01
2.681540132018599976e-01 -2.303976020317446138e-01
2.876944151478388889e-01 -2.764017288093634228e-01
1.616716539713775325e-01 -3.692499072054513665e-01
1.061179354232973659e-01 -4.172975520345035827e-01
1.362227457897093874e-01 -3.857266882655719376e-01
1.142137484559582611e-01 -4.193540295690614816e-01
1.927446365494156766e-01 -5.193620925133819455e-01
1.252177168660468243e-01 -4.483263381004315429e-01
1.066338637001367634e-01 -3.183295557056741165e-01
9.518137621807132298e-02 -3.461785795844724012e-01
1.025345782871360800e-01 -2.123125275239059195e-01
5.293711343683765724e-02 -2.704567969578808295e-01
3.020533327550993172e-02 1.198365887223812321e-02
1.794790113171882417e-01 3.783582024904478397e-02
1.338908847325866458e-01 9.447319583427149503e-02
1.751621644635004138e-01 -1.328745072877847710e-01
1.619320446446890494e-01 -2.024918812645555011e-01
8.236795636697456791e-02 -2.914199878249692510e-01
1.078262171835083355e-01 -2.409193735289096860e-01
1.800164568131716880e-01 -3.960072787820742568e-01
9.560177750499566918e-02 -6.058516854443869448e-01
2.128619801211489859e-02 -6.481679750602943324e-01
-2.682339654343071644e-03 -6.470952428725721406e-01
-2.870775246377069156e-02 -6.606544550782379455e-01
2.264003599550464332e-02 -6.573212050652493810e-01
3.395223372994863459e-03 -6.294134084257242412e-01
2.902914680582195650e-02 -7.699372329389794212e-01
1.124870804353547832e-01 -6.371390432429286932e-01
4.494241511702962155e-02 -6.053081409086989995e-01
5.583312355562057572e-02 -8.224191007857779567e-01
-1.207239760360445668e-02 -8.111981437980855247e-01
9.890424430732269387e-03 -7.699695308654511683e-01
1.761310597393449251e-03 -7.276779447737540263e-01
1.047404666759799326e-02 -7.266386278994687586e-01
3.295824186124367283e-02 -8.168447661269063742e-01
1.358753375395716986e-02 -9.588491576200253164e-01
3.644215462615053164e-03 -8.162237881953838814e-01
4.577385684730690685e-02 -7.836401779480040020e-01
-2.056217830487498677e-02 -6.868066043308428403e-01
5.822775075740180273e-02 -7.465617453168621465e-01
1.216622786841729531e-01 -8.634241138675448068e-01
8.717939525463624939e-02 -9.391030386926777496e-01
8.522818802329985843e-02 -8.313227657323885023e-01
1.165099890115417064e-01 -9.013454553396491598e-01
1.550337551999999008e-01 -9.081077423624704936e-01
1.874700233237736324e-01 -9.772769123163995708e-01
1.834139894958445316e-01 -9.479515251329975190e-01
2.051485975732731393e-01 -9.182943179854003990e-01
1.618318093521228240e-01 -1.109519316709743020e+00
1.612421359540403276e-01 -9.899347286946861280e-01
2.081263530689600738e-01 -8.838769528906391670e-01
1.814932334086213905e-01 -9.771961447763423125e-01
1.751586813563816014e-01 -1.085125179725656697e+00
2.053725477930521126e-01 -8.953366455310453054e-01
1.998740521223096867e-01 -9.150735618840322161e-01
2.164264105969364582e-01 -8.525861469777307189e-01
1.831891348154954524e-01 -7.090013099442141753e-01
2.158980543035247390e-01 -6.570553899584700153e-01
2.354081350646853310e-01 -9.119795942536164102e-01
2.342905496982356506e-01 -8.761695369357324070e-01
2.771918494247813669e-01 -9.524122791269084010e-01
2.928407889784002127e-01 -9.239933027333747662e-01
3.043104403506534106e-01 -1.050758491163491515e+00
3.415524915868269340e-01 -1.109027266674775358e+00
3.762870724470690487e-01 -1.277860378502285066e+00
2.687903906030943979e-01 -1.074851531508166813e+00
2.659395870446021881e-01 -1.175570923153136160e+00
2.875610331154455634e-01 -1.181412271354778332e+00
2.125832576213320113e-01 -1.086909992125218771e+00
2.110793712422344703e-01 -1.082642080664564466e+00
2.572085392111500557e-01 -1.199054724962808960e+00
2.457246960649682177e-01 -1.117518979673337576e+00
2.011883853810471356e-01 -1.061997045155793185e+00
2.491330652424583181e-01 -1.185351175899942877e+00
2.180197844867499402e-01 -1.003584008799834226e+00
1.624512055040897018e-01 -1.118544622104591157e+00
1.311247210186149426e-01 -1.268250326935610017e+00
9.553335418073653773e-02 -1.315689608651668951e+00
1.466307132547958192e-01 -1.401913906118411601e+00
1.227078465287136239e-01 -1.343792883358523316e+00
7.296823451623654644e-02 -1.254699916145024297e+00
1.008323600365988310e-01 -1.182351488316997878e+00
2.016374737609502032e-01 -1.195605033151732277e+00
2.131242226289458142e-01 -1.136870427408095630e+00
1.930603081930379605e-01 -1.031333849999729324e+00
7.816406438545019097e-02 -9.640602010162777624e-01
8.872495073193184534e-02 -6.656283466896129042e-01
1.159170697911520720e-01 -7.673342745129747566e-01
7.823068791793570675e-02 -9.267076094952541032e-01
4.887853128197087310e-02 -1.003120849486197175e+00
8.652839792682098796e-02 -9.616322999078038558e-01
4.649830102061735387e-02 -1.046730883916771493e+00
1.074524904808611125e-01 -9.488816501312629104e-01
2.209564041427776182e-01 -9.102828743302949777e-01
2.133630346894236363e-01 -1.149483369470461369e+00
2.107885312837317893e-01 -1.265965393384263393e+00
1.570068514985319130e-01 -1.370952614169814510e+00
2.141796995992414909e-01 -1.328718862504594034e+00
2.988587965301235383e-01 -1.318561335267183221e+00
3.571831955474835119e-01 -1.216165356846467205e+00
3.618160798507115694e-01 -1.209999786015713674e+00
3.871632888501056469e-01 -1.319611396550438354e+00
4.424383114171267506e-01 -1.330432861864164762e+00
4.664785086454785179e-01 -1.526569798969327874e+00
4.939767088882344725e-01 -1.645664538918312658e+00
4.790126732529244591e-01 -1.772929581574406832e+00
5.282047377678485978e-01 -1.766215585479582018e+00
4.920969426717213269e-01 -1.736169753550121930e+00
5.210305046241965332e-01 -1.739759946289964665e+00
4.300165619603831257e-01 -1.585926607401016097e+00
5.007105690707002177e-01 -1.656824210521252727e+00
4.520246592968385491e-01 -1.739459558145347140e+00
4.030594249713548294e-01 -1.798843711659190880e+00
3.275623345396472819e-01 -1.726380306842322243e+00
3.729110001478500025e-01 -1.577378404113178867e+00
4.178073579937063298e-01 -1.611923555816656695e+00
3.958952838927033979e-01 -1.602854188295976368e+00
3.461509640624886863e-01 -1.556060309328062718e+00
3.154935630747781605e-01 -1.516261679314344857e+00
3.135875066292018731e-01 -1.532503078212889447e+00
2.812348592945550507e-01 -1.547055788549886790e+00
3.605415943096837994e-01 -1.531920724202100681e+00
3.375668870027147550e-01 -1.527558828272427727e+00
3.003814547522805634e-01 -1.418268136428928461e+00
2.413476537135268996e-01 -1.403154541163271318e+00
2.042505111386297423e-01 -1.417759338170208716e+00
1.972030039086389297e-01 -1.544077579384302457e+00
2.290269209323797517e-01 -1.388719262330592397e+00
2.060041741267553683e-01 -1.431743320881517567e+00
2.285465390135452968e-01 -1.457274170453086048e+00
2.333423594910578880e-01 -1.406793154257373279e+00
2.415091909837160378e-01 -1.262190185927636765e+00
2.035214953511444991e-01 -1.274551984117160863e+00
2.520774588782896952e-01 -1.158649605099786539e+00
1.916195128855211205e-01 -1.249184033817965611e+00
2.505803197958509920e-01 -1.183843197470347830e+00
3.371871900645128095e-01 -1.131459688088843007e+00
3.395013377742875926e-01 -1.178519126902150438e+00
2.736484339431486945e-01 -1.238948788111282395e+00
3.470489863594419244e-01 -1.107212296897826409e+00
3.335471470372202707e-01 -1.065644574085829799e+00
3.063248414693882093e-01 -9.847741771159352897e-01
3.636124169093505887e-01 -7.369048838282415970e-01
3.771664912730054997e-01 -7.794882719795568349e-01
4.533913818175785981e-01 -7.458778452187946328e-01
4.002981202366959756e-01 -8.309634351284369558e-01
4.593769505822214438e-01 -8.856393046362337484e-01
4.563814615556382459e-01 -9.572397635198230947e-01
4.585203579846973132e-01 -1.001462472613327215e+00
4.344574938416305154e-01 -8.674375050525300335e-01
3.753793590930610824e-01 -8.695739056343578799e-01
4.443387452080052036e-01 -8.875793553337754105e-01
4.678119221471791489e-01 -8.960267473553166218e-01
4.805320307956602588e-01 -9.769634746982895912e-01
5.087236274857640517e-01 -1.018744790243576004e+00
4.612459520657615775e-01 -1.030811816457247954e+00
4.564216116162952974e-01 -1.067020191621516956e+00
4.949523607382793622e-01 -1.064751891185829802e+00
5.304698103055450753e-01 -1.095742559039605935e+00
4.914194955519697317e-01 -1.043138292487470586e+00
4.931177174210481517e-01 -9.707268130103494652e-01
5.406992523409652751e-01 -1.067401808940244834e+00
4.724811254063236432e-01 -9.432818663508948376e-01
4.908104972874971494e-01 -8.199700967057835799e-01
4.718259410151216526e-01 -8.884035546231232594e-01
4.610138285798477398e-01 -7.976876580019558460e-01
4.650737440883027651e-01 -7.928415886173837412e-01
4.202672442900423633e-01 -6.994015705017050388e-01
4.126724958018698208e-01 -7.404765858768416198e-01
3.676751385625386948e-01 -9.069092513388329335e-01
3.105460914185890209e-01 -7.417754580160235145e-01
3.145854975429761557e-01 -7.925165757204523098e-01
2.419553669945320173e-01 -7.510935120770617646e-01
3.064641234947456661e-01 -8.046571451119889362e-01
3.024199811524747594e-01 -9.579322308492246307e-01
3.312687752008364739e-01 -1.099627126404421062e+00
4.167855006762099523e-01 -9.986777161221533916e-01
4.629065959451054146e-01 -1.005774214826945734e+00
4.809021799440159062e-01 -9.275685829936833882e-01
4.123152397603619956e-01 -9.142876726156199396e-01
3.909884754860957767e-01 -7.915964458339266319e-01
3.176097293895327467e-01 -8.649070423368676597e-01
3.305875193451317529e-01 -9.150898928361458351e-01
3.982242667452170481e-01 -6.401269763144806779e-01
4.033333882322864272e-01 -6.076715226744792142e-01
4.298642460735692117e-01 -5.366968283322333111e-01
4.075406460811673015e-01 -6.622825454765657316e-01
4.373417747147123613e-01 -5.667614934074814981e-01
4.762989650475024095e-01 -5.518352815969995717e-01
4.976295001313374433e-01 -4.627673520825129061e-01
5.340990806987722106e-01 -3.548827425563716442e-01
5.314687626144320998e-01 -4.602803720292847900e-01
4.876319719030358102e-01 -4.205730137042323347e-01
4.702732169933497297e-01 -2.743696430507220896e-01
4.312713898867335804e-01 -3.682840351651174848e-01
4.556478326956807101e-01 -4.076318451775111651e-01
4.848908486952412389e-01 -5.477202398862376365e-01
4.725284586135006237e-01 -5.009377275117260497e-01
5.368123815601155702e-01 -2.996536571285838280e-01
5.122161779349694299e-01 -2.471807752819564774e-01
5.008756419761410950e-01 -2.939921003027246016e-01
5.408994903353024908e-01 -3.921814921588811509e-01
5.839280244928155561e-01 -2.332705200981064209e-01
5.985625434653454313e-01 -3.197844092583835840e-01
5.599253863557277500e-01 -3.741799056400770263e-01
6.441059632042508420e-01 -4.475424921337108897e-01
6.814123378856600244e-01 -3.654902361546102374e-01
7.032591788107344088e-01 -4.125152818795976839e-01
7.344430669748098772e-01 -3.793928544113350232e-01
7.117739272776227866e-01 -4.007720782564790918e-01
7.198324048294165722e-01 -2.953562797708064180e-01
6.546363831590815696e-01 -2.713799388440317206e-01
6.499996136203006758e-01 -2.103812778077957246e-01
6.591366677290091403e-01 -2.143503194842303894e-01
7.137079812361815101e-01 -1.593477096289638850e-01
7.177909993449353987e-01 -1.328649555025439022e-01
6.750163132965074642e-01 9.851773296807198044e-03
7.090731003200404503e-01 2.519451472430315336e-02
6.795226015574068468e-01 -2.328781411817017200e-02
6.221648116686986363e-01 -2.386192357676732156e-01
6.254287962662083977e-01 -2.621872107468057322e-01
5.988286886296174671e-01 -2.380512745635319227e-01
5.591963235095742668e-01 -3.476468443121984997e-01
5.579893476002955044e-01 -3.693054616449372163e-01
5.175449761593720055e-01 -3.677490713978711079e-01
4.879433741354554099e-01 -3.912006275091671204e-01
4.905437077399659729e-01 -3.531945477647296383e-01
4.105715348388977448e-01 -3.403246053839172891e-01
3.499447076685235358e-01 -2.653005338427762427e-01
4.110550322299624249e-01 -2.360610531785684585e-01
4.345716082832416505e-01 -2.216795063864853144e-01
3.941034368886602857e-01 -2.871974071301263143e-01
4.191352237870356601e-01 -3.651386901667080798e-01
4.363866204308178287e-01 -3.041947302461558422e-01
4.202916981443434175e-01 -2.590696359434093710e-01
4.394697542790673706e-01 -3.048052933288192268e-01
4.565169479316574797e-01 -3.161027749863553615e-01
4.925244089587080820e-01 -2.478147987003583852e-01
5.039437912764381799e-01 -1.537177677161127298e-01
4.905924965660820591e-01 -5.523091864107126936e-03
3.632496166625244771e-01 -6.267720557791305047e-02
4.199682373177238137e-01 -7.585646431872584972e-02
3.840864001368095026e-01 -3.224556679758134869e-01
3.141097953968807199e-01 -2.473158757562858578e-01
3.374790576477567083e-01 -1.315013607128747430e-01
3.022520370522155941e-01 -2.398294269132787426e-01
2.872393827792248944e-01 -4.061369384825138096e-01
2.566193852271269615e-01 -1.319849320842884643e-01
2.897624719442998820e-01 -8.921696611039051095e-02
3.126604417351155352e-01 -8.996244610859277513e-02
3.142736690267733946e-01 -1.424406380315296206e-03
3.215398027464345110e-01 -2.036269091180398227e-01
3.224010486101361872e-01 -2.382513901020716363e-01
2.602596724702717634e-01 -3.142838666187952046e-01
2.095645265758279974e-01 -3.610261519192748958e-01
1.130044557770939068e-01 -3.993760595249472578e-01
1.336925677783942223e-01 -5.670021517033633218e-01
1.517223521700561684e-01 -7.408828130850604321e-01
8.549543367379895675e-02 -7.776113246834851500e-01
5.025620138397784292e-02 -7.491200186404037842e-01
5.045235875503658457e-02 -5.594354501298712812e-01
1.013607416688280805e-02 -6.820195215547804057e-01
-8.574328344174989014e-02 -5.111320591864199070e-01
-7.788917005457869636e-02 -4.899756909733655186e-01
-6.036830592513962868e-02 -3.940541766254493927e-01
4.908000256725490729e-02 -3.564162134958400729e-01
1.486163967194503721e-01 -3.343857310819912110e-01
1.345450599322977892e-01 -1.851573085328160062e-01
1.613492313016097190e-01 -1.579288116258539265e-01
1.466842717973291244e-01 -2.666312859361628096e-01
1.491512648118907824e-01 -1.253523263141371191e-01
1.273981122793552134e-01 -1.952298765569573935e-01
1.144083299906664547e-01 -3.278515747964992899e-01
1.206656959581215161e-01 -5.817513262115796557e-01
1.287932251729866640e-01 -6.639576196365395422e-01
1.414525695346939005e-01 -6.365700877003653835e-01
4.041255809140001376e-02 -7.221047127645185970e-01
-3.281367006980499823e-03 -7.353648753221806444e-01
2.199773080708892700e-02 -6.825530369603450831e-01
-2.333731797821172321e-03 -9.559945011880712773e-01
4.721370143282221932e-02 -9.260884543997276452e-01
5.535153629046906526e-02 -1.020933776362800138e+00
4.359768473179080617e-02 -8.905743260474494605e-01
2.071417320108085922e-02 -8.988016034666246323e-01
4.737893938961176832e-02 -9.032025519313212625e-01
1.203909177689550802e-01 -9.700998048640014915e-01
1.234586741953384165e-01 -9.160261412215888743e-01
1.496404854025886189e-01 -8.325341299094904945e-01
1.773676875164623412e-01 -8.674371977239415665e-01
1.692892154502748658e-01 -6.089911381673041024e-01
1.181479035785998333e-01 -6.850667681930912023e-01
1.364925917376365039e-01 -7.432872680870009630e-01
2.055990469668125264e-01 -7.918672514411781993e-01
1.161939191244487635e-01 -8.721562187203169003e-01
1.827710970549686342e-01 -1.043069618451578418e+00
1.669678318000607786e-01 -9.509974171730346537e-01
2.205899471610909268e-01 -9.528368687134731729e-01
1.790478630455262787e-01 -9.054806185695692955e-01
1.940946673016341051e-01 -9.115986731556954270e-01
1.920086357129720811e-01 -9.113254114905517955e-01
2.129819168889320602e-01 -9.421381111701775390e-01
1.499767896437942949e-01 -8.734162972312464746e-01
2.234753021302251508e-01 -8.956566234088043643e-01
1.796162114985366542e-01 -1.019977996748135940e+00
1.284824338930097287e-01 -1.090560078659182697e+00
9.993312007970087119e-02 -9.006942280741191409e-01
1.818010200702736556e-01 -8.812047622972530858e-01
2.316468481133534540e-01 -8.249156381952305050e-01
1.767206326620327506e-01 -7.571011307460900897e-01
1.408432602336326944e-01 -8.208770272623090447e-01
1.969564241078912425e-01 -6.853230478042817708e-01
2.116386589273057950e-01 -7.931897513394901011e-01
2.499364865782021383e-01 -7.705483611586402271e-01
2.176897528887845878e-01 -7.748484067393232033e-01
2.070392584774198574e-01 -7.765070470617679854e-01
1.457385968295850098e-01 -7.261020732645500075e-01
1.436965039523891985e-01 -9.128572263678624843e-01
1.737940729450793698e-01 -9.010188841830044648e-01
2.029039590457077102e-01 -8.464939068663910327e-01
1.730700536012345914e-01 -7.476664739414765615e-01
1.171304724273035530e-01 -7.606316393452374758e-01
1.123073831442530923e-01 -7.363884849392560161e-01
9.521936626877249010e-02 -4.467324600865033024e-01
6.778887368450013662e-02 -5.270938270450582497e-01
7.561551925387344220e-02 -6.885713705737750434e-01
6.708461483967545491e-03 -6.183571083833776516e-01
3.387408267539655099e-02 -7.898982206313703847e-01
7.666884278007789211e-02 -7.199582643268049864e-01
1.309147295427461333e-01 -7.611923455397000549e-01
1.358557108166113525e-01 -6.969990563705799058e-01
1.172988751755705827e-01 -8.240032369649894495e-01
1.244585372141911173e-01 -5.641385630025403941e-01
9.355811556787026195e-02 -3.619966688755622553e-01
5.702272380697993859e-02 -3.139319765535580897e-01
3.938900791891553066e-02 -3.308880419481606827e-01
9.504933799594547650e-02 -2.786838552297264959e-01
8.080596995357662571e-02 -3.037816046114626967e-01
8.475127524688691460e-02 -3.558659881443969608e-01
4.722237456745663475e-02 -3.296570164676085879e-01
2.161214518552471639e-02 -3.877936933491373250e-01
-2.912219962191020528e-02 -5.362877569131230260e-01
-7.339794492690027150e-02 -6.073496495564696396e-01
-7.413041687840213334e-02 -6.475709191924963193e-01
-4.974336049915036029e-02 -5.565833620990203734e-01
-4.149920580899233574e-02 -5.287317616888433935e-01
3.583404444383521403e-03 -5.323105197695471302e-01
-5.423438334645901832e-02 -5.919101884819335524e-01
-1.526899643390385863e-01 -6.597755137183471952e-01
-1.309164882716919998e-01 -6.938569997126866618e-01
-1.123244726845153418e-01 -7.643511424794304787e-01
-1.133383279570416985e-01 -6.885838871946392548e-01
-4.462318573961557289e-02 -6.099318540260566524e-01
4.606096936507395739e-02 -5.892981536158863332e-01
3.420953634471246563e-02 -6.512782936733665373e-01
9.956201517135296331e-02 -6.161588191541794712e-01
1.180349970046253028e-01 -5.984027215969917046e-01
5.336759985597959444e-02 -7.634354245009604689e-01
1.274107849787812774e-01 -5.777640936057601984e-01
1.185154401408957114e-01 -5.968915050859201488e-01
4.155062065302435326e-02 -6.333232700425655004e-01
-1.716170243100295645e-02 -4.560477515398865811e-01
-2.727014926131790876e-02 -4.466651180873606464e-01
-1.655540527216631946e-03 -3.386998748662058412e-01
6.530576100340674747e-03 -4.077219919003529647e-01
-6.373257017422334636e-02 -3.215602616110381784e-01
-4.866227935590862475e-02 -1.141232162132335692e-01
-5.161360029158879731e-02 -1.748597599131987701e-01
-1.465702621701001906e-01 -1.363230137674506515e-01
-1.871966939929020080e-01 -2.526199386088569254e-02
-1.971981544953103904e-01 4.984675857634993795e-02
-1.984130950110781222e-01 1.257581971229921880e-01
-2.538643856655832254e-01 5.874986972013128417e-02
-2.689786159791197617e-01 1.666001718018887967e-01
-2.765703561937542521e-01 7.235296385034670208e-02
-2.400515240598360966e-01 8.420579196850956627e-02
-1.994788504776792981e-01 9.015209465890601515e-02
-1.808879284159103373e-01 -1.476233759942856549e-01
-1.620125888909062228e-01 -1.253139885586794511e-01
-1.691334001516048846e-01 -1.325234592758219032e-01
-2.067313978827765020e-01 -1.248231461709791296e-01
-1.969600050841882610e-01 -8.783101019873754134e-02
-1.785077210198567077e-01 -3.050864682198207306e-02
-2.701616082166578003e-01 1.695779946401388127e-01
-2.886143457731252249e-01 1.934824915984577620e-01
-2.055672676562013135e-01 1.220414415606365516e-01
-1.388029194436071201e-01 1.353730178956225050e-01
-1.223748042825298088e-01 2.223286611029854920e-01
-1.497437708397757195e-01 2.661419384692650381e-01
-2.251245004135396521e-01 2.282864132962459935e-01
-1.988430197408288247e-01 2.785817419331024780e-01
-1.427407195997059675e-01 3.018314616823967733e-01
-2.144194208446955074e-01 3.773803557611179471e-01
-1.339693894171064548e-01 3.576151148136264557e-01
-1.272865019972795331e-01 4.989753159693677276e-01
-7.935122113413936584e-02 5.217439668666341568e-01
-1.120668634671759811e-01 4.209882225278891443e-01
-2.190632492680449905e-01 5.031248305267974619e-01
-1.947790043612654121e-01 3.759924555126402668e-01
-1.725854626997594399e-01 4.056330063703522115e-01
-1.351914319199758185e-01 4.171609453030849513e-01
-1.544900452698745319e-01 5.665187691905346767e-01
-1.177797586972051808e-01 6.997421098559086783e-01
-1.579223116097057400e-01 8.573700847478445963e-01
-1.769751543703199648e-01 9.533816941854792448e-01
-2.345589828843998303e-01 1.098927170839199885e+00
-2.512226964646922522e-01 1.165804696823059761e+00
-2.654023193496585775e-01 1.028350574472062018e+00
-2.008070776405003754e-01 9.254440966012904557e-01
-2.375317983898042329e-01 8.827863164733232848e-01
-2.697373982615461352e-01 8.591288116716241374e-01
-2.409774204704376033e-01 8.435418085462239590e-01
-2.711568535897124210e-01 8.998250465058662551e-01
-2.704680028541687764e-01 1.054316281846105818e+00
-2.671227557940327735e-01 1.064595517300868543e+00
-2.727193752157725526e-01 1.252085200601786186e+00
-2.800158574624109775e-01 1.216210785880848189e+00
-2.961280230363679822e-01 1.174205788087935742e+00
-2.794112019977924577e-01 1.281085748069424213e+00
-3.038860498396106502e-01 1.262014945106094466e+00
-3.219007207743430077e-01 1.302574324761659907e+00
-3.639858747551699691e-01 1.391843959541119391e+00
-3.655798277038084798e-01 1.348688044164408906e+00
-4.160656635927933999e-01 1.493749133624908465e+00
-3.851126818712976574e-01 1.341775151156153756e+00
-3.588945093557406874e-01 1.281282471169961745e+00
-3.450836700381297861e-01 1.315119381410967625e+00
-3.107704544276315151e-01 1.152675952947509463e+00
-2.507259933050460243e-01 1.108004416608508569e+00
-2.244681975269062768e-01 1.216408827801920722e+00
-2.561047383416589218e-01 1.239862776867709737e+00
-3.457113909005162800e-01 1.238479548086526938e+00
-3.091556175980571530e-01 1.205443433980816659e+00
-2.062473325231782284e-01 1.022834150910657103e+00
-1.874485676937670264e-01 1.027336292646090499e+00
-2.031866433787365422e-01 7.297642889106960018e-01
-2.198323094515897136e-01 8.428580692164608923e-01
-2.556700183011780814e-01 8.662617229163235288e-01
-2.976994789158362575e-01 7.955141451641578598e-01
-3.455494891828362336e-01 9.483775093028092851e-01
-3.537966140391531344e-01 9.964590267002731983e-01
-4.493173796580085533e-01 1.006364112567988078e+00
-4.205181354888813394e-01 9.819041268205342954e-01
-4.202622301130651272e-01 9.214282704910469191e-01
-3.794584109211630585e-01 9.970923400150873972e-01
-4.507317549240093535e-01 1.098746002802181154e+00
-4.909615316111795025e-01 1.290855906410644849e+00
-4.132670903106965277e-01 1.188969304396894966e+00
-3.664459061428805842e-01 1.053822874558691058e+00
-3.069692166538371403e-01 1.067082367756569949e+00
-2.826593697880210310e-01 1.283833417446034186e+00
-3.253463618783819511e-01 1.327437841699596666e+00
-3.445353201919937325e-01 1.358152373611057007e+00
-3.140960271038951146e-01 1.270060577140938785e+00
-2.700183291385938600e-01 1.450110421349999124e+00
-2.581694519103794883e-01 1.451886467511625867e+00
-2.400565400370723856e-01 1.422151026488549741e+00
-2.594040780532113621e-01 1.418107512359468192e+00
-3.348961531958781768e-01 1.334955961421484760e+00
-3.518422259508060534e-01 1.435753075518860111e+00
-3.001950873783559848e-01 1.356652826589663352e+00
-3.171236479303857769e-01 1.276942701001678060e+00
-2.883206758141400039e-01 1.228837256355281848e+00
-3.254307992123554039e-01 1.219011504241357624e+00
-2.935238456923365269e-01 1.319860022363717134e+00
-3.029157828218865256e-01 1.191576543166839475e+00
-3.219429932469375921e-01 9.219154560157574174e-01
-2.706750507002337880e-01 1.035383433165265599e+00
-2.104921886963596611e-01 9.118036984601777251e-01
-1.924761570568828961e-01 7.756051538112143096e-01
-1.719815424000555870e-01 7.136972658199152164e-01
-1.553041611384664844e-01 7.247459821516781808e-01
-1.789996698912856288e-01 6.532584718088699782e-01
-1.587864781390382896e-01 8.954638238808638739e-01
-1.412057970178946797e-01 8.875178608816169934e-01
-1.329796471168483707e-01 8.340507300134545332e-01
-1.710097720295266355e-01 8.613980934239694465e-01
-1.805415771306106698e-01 9.136367058004554176e-01
-1.951453504300922071e-01 9.014108671296008346e-01
-2.132311535685849080e-01 8.367270434914320099e-01
-2.281454795176958983e-01 6.786752426615937361e-01
-2.394583520570330859e-01 7.270792546311815041e-01
-3.271397800027341374e-01 6.988264898564002792e-01
-3.313007436807091644e-01 5.536191706838055060e-01
-3.635981173734838534e-01 4.427627160926184136e-01
-3.065724562428788214e-01 4.138889055251701588e-01
-3.853446192696030614e-01 1.039339732526090576e-01
-3.657670013044968527e-01 2.392885682054195218e-02
-3.531328675605244216e-01 -3.368801794169121733e-01
-3.063547682249419535e-01 -4.077721573887336248e-01
-3.180440535041733074e-01 -4.597470681187163510e-01
-2.889761374500430802e-01 -4.657527788262959545e-01
-2.419487146121735432e-01 -1.439520255310752783e-01
-2.488793589393709371e-01 -1.759076355073354303e-01
-2.876371372247435443e-01 -2.369634557811091113e-01
-2.678902971522369447e-01 -3.392150947009032746e-01
-2.446389580805931330e-01 -3.143963582574679227e-01
-2.295013351411686886e-01 -2.819094955146092540e-01
-3.022324065922731284e-01 -2.664948599810315066e-01
-2.795572528706189996e-01 -1.789497256323781260e-01
-2.964005773494755580e-01 6.698339485415069627e-02
-3.314581761705781560e-01 1.120794683292811178e-02
-2.646429598743110789e-01 1.437118872126500468e-01
-2.567338187696321938e-01 1.649729118290769181e-01
-2.900174284111344813e-01 7.779824800487578074e-02
-2.385488464587854074e-01 1.234753580556115921e-01
-1.911667928610201461e-01 -1.112805162073903370e-01
-2.207995568663178310e-01 -7.300714602880559179e-02
-2.888309322686715697e-01 -2.692841296795510653e-01
-3.067408820600626140e-01 -1.202897575832740373e-01
-3.459069854222797114e-01 -1.599301240552003234e-01
-3.839147655495555589e-01 -1.672514786906569295e-01
-2.730025252301003791e-01 -1.740268375539949230e-01
-3.185074823489385532e-01 -1.290043865897467223e-01
-2.148937600792528713e-01 -2.408101339893078119e-01
-2.801395520563426667e-01 -3.044984883400232434e-01
-2.083183465084176844e-01 -1.766810841325643644e-01
-1.012065400184752051e-01 -3.321316534971264778e-01
-7.607433403491627166e-02 -3.389437791316726178e-01
-6.621140529245192474e-02 -3.671585311836314536e-01
-7.945769253314169389e-02 -4.311927280584217925e-01
-6.866115049216899024e-02 -4.296516016936446913e-01
6.753907020766780622e-03 -4.538695078976732189e-01
4.322385836401014536e-02 -3.472218421395208421e-01
1.167238530863005941e-01 -3.774400733410127051e-01
1.657718701105887482e-01 -3.982878968830259048e-01
1.195837978879163016e-01 -3.630115500451293609e-01
6.095668345626123474e-02 -3.316112867002737885e-01
1.133025316428495355e-01 -4.020415514669106738e-01
9.858541506729937010e-02 -1.782814928970639090e-01
2.812818345605029580e-02 -1.399997012510990624e-01
6.624563138219418529e-03 -1.048578901725068513e-01
-1.208339276450224806e-02 -2.333492336288683910e-01
2.387533564054022950e-03 -1.311140682918295330e-01
-5.407110393437381674e-02 -1.589709044397516757e-01
4.451519732882809610e-02 -1.173184509227078870e-01
1.678501867582360071e-02 -2.856616630732301820e-02
2.401558538918300775e-02 1.150606433365371772e-01
4.178954999367753831e-02 2.072485393140018894e-01
8.914971167036941924e-02 1.320730461929577326e-01
5.032514669597206586e-02 1.843109441911605639e-01
7.829096703681093228e-02 2.794124169449914152e-01
1.565600097472927832e-01 2.654533340221475468e-01
2.381719987162814189e-01 1.611038865069831516e-01
2.501892289378070400e-01 1.601381693115890292e-01
2.484171572566552522e-01 6.081688194072550069e-02
2.813730392984447604e-01 7.323506087073770876e-02
2.898844954594894108e-01 -1.536058474698660803e-02
2.715342485277169038e-01 2.767221382708841271e-02
2.511481533012476230e-01 3.534241888943485260e-02
3.358022167775142064e-01 1.221235233167643763e-01
4.144191444350244780e-01 8.189025136854582998e-02
4.348563974101786189e-01 1.787557517219029446e-01
3.585790441575792409e-01 2.054743790229723865e-01
2.801157808947924988e-01 5.780797129052747674e-02
2.557343408148730624e-01 -1.575458540557607423e-02
2.974484002855934395e-01 5.739013844859050528e-02
2.132468347047170587e-01 3.028908668294773635e-02
2.231375946609584771e-01 -6.836971350474768672e-02
2.015755034127780232e-01 -6.907094013850428871e-02
1.623123115758450807e-01 -3.472346597401004126e-02
1.359506353086512853e-01 -1.291194559537909847e-01
1.219602980669544229e-01 -2.266809106132312290e-01
1.391299402851518263e-01 -4.051591421991490582e-02
1.762744380851140324e-01 -2.596138724082413390e-02
1.992964213247597483e-01 5.239357502570277103e-03
1.901812430231277495e-01 -7.717421899383773709e-02
1.267273046750862775e-01 -3.066114312318562463e-01
7.087015171569090166e-02 -3.470371654584805676e-01
1.182341681096500952e-01 -4.561076960134146652e-01
4.505465176118007842e-02 -4.796156733575178133e-01
5.102481882996516560e-02 -4.486063766924179852e-01
6.860099384771464748e-02 -5.397169161824335593e-01
2.453117798278370981e-02 -4.080410378182697251e-01
1.474027751920514197e-02 -4.728556929108986284e-01
1.208859111426504457e-02 -4.995432180888288443e-01
6.074077269044968891e-02 -4.742182921921010985e-01
2.436890512584486551e-02 -3.617994390338378774e-01
-4.811925539750976089e-02 -6.906612602365652664e-01
-3.646049205879885180e-02 -4.883260930291096757e-01
-8.580082885383158442e-02 -6.897471842427739253e-01
-7.354489844776920804e-02 -6.967081813362338005e-01
-1.292486167347770554e-01 -7.756433403054983078e-01
-1.518537887496178573e-01 -1.017343959099308082e+00
-1.620011454631740400e-01 -1.156878228742313608e+00
-2.024463935796659841e-01 -9.798710785970226045e-01
-1.883594274247276934e-01 -1.007159508156758365e+00
-1.016858743513169294e-01 -9.773990174235319683e-01
-7.260168838897967936e-02 -7.928267587471967692e-01
-7.896305183564476804e-02 -7.081926355409408069e-01
-5.765991378222308505e-02 -7.506151782085038748e-01
-6.210130997887619575e-02 -6.444248641252727783e-01
4.401721142580569679e-03 -4.664042650183590766e-01
3.419355546194925016e-02 -5.075198929938082859e-01
-9.054690490790377744e-03 -4.025786256357399839e-01
-5.420257567679892530e-02 -3.340694675408140690e-01
-7.157730886253793612e-02 -3.621814000498532748e-01
-8.563910906072527696e-02 -3.226277954533375847e-01
-5.892100887645795870e-02 -3.100430961001520713e-01
-3.576758402647746415e-02 -4.443066723246872352e-01
-3.558847277087077987e-02 -4.408894369553092996e-01
-1.172242716377648597e-01 -5.588204792671698229e-01
-2.205553676827906595e-02 -5.273693114183630737e-01
-2.241820630251005822e-02 -3.634628647769255205e-01
-7.985888142240747667e-02 -2.409313354075703906e-01
-1.059271472013921245e-01 -2.326106456556334967e-01
-1.634642872234551292e-01 -2.395356590341084502e-01
-1.712832026154521292e-01 -2.351417186533017178e-01
-2.424148918091005855e-01 -2.116211684105507307e-01
-2.940518502109853993e-01 -2.603078232143573589e-01
-3.015628499814830277e-01 -2.114307407361368796e-01
-3.443898702357165442e-01 -2.903477138235091015e-01
-3.187070029104807634e-01 -1.080783833337151389e-01
-3.561800140371071399e-01 -7.151322152209574345e-02
-3.355407499110077962e-01 -2.638385078305174880e-03
-2.829188908143245307e-01 -2.120287317379667552e-02
-2.671352611505043440e-01 5.050596944393913323e-02
-1.957163434356691267e-01 -5.532885880105661847e-02
-1.505191498142283701e-01 -9.250570446335973362e-02
-1.474365410852562508e-01 -2.360904974073881890e-01
-1.527709207004134817e-01 -3.016567316782374775e-01
-1.340591362731629599e-01 -4.344124201648288386e-01
-1.410871153619573659e-01 -4.912203229519851444e-01
-1.928448538210720264e-01 -3.790055711417368856e-01
-3.028760078331802497e-01 -2.996148899477604766e-01
-2.860766425203196128e-01 -2.938856243027116455e-01
-3.414074740943203179e-01 -2.911703792529245494e-01
-3.697648127359156600e-01 -2.995807126795986264e-01
-3.348812463844520471e-01 -3.158324023888291476e-01
-3.504601156760497327e-01 -2.584103430738307616e-01
-3.369961636843228359e-01 -4.545358758275268585e-01
-3.733375556862926214e-01 -4.654738275383776269e-01
-4.822443351870073780e-01 -5.077844213315789723e-01
-5.016063663526076910e-01 -4.159318570044687746e-01
-4.427522026435095626e-01 -3.814566303150414006e-01
-4.530341650383243879e-01 -4.545133836997041765e-01
-4.613294146712231258e-01 -3.325445993070220707e-01
-3.574716426335514674e-01 -3.533776185619266763e-01
-3.810764753779318226e-01 -2.832414353882397595e-01
-4.308955484678231862e-01 -4.327873547212892635e-01
-5.248041184685796612e-01 -4.666047451999325579e-01
-5.045413152731165196e-01 -3.421291406959898751e-01
-5.334973458525595902e-01 -4.470178395920114123e-01
-5.604632387680106298e-01 -3.953552009598386152e-01
-4.731177923499630400e-01 -2.957015304382908383e-01
-4.469243494961175345e-01 -3.392741236864141863e-01
-4.128477261074889881e-01 -3.843358474909684963e-01
-3.910872714861413080e-01 -3.139073082092728173e-01
-3.806238753016489840e-01 -3.613379672508390539e-01
-3.009985353319656887e-01 -1.811848236031000370e-01
-3.806965714731045392e-01 -2.448852061869493113e-01
-3.051440395202776878e-01 -3.179448365567468793e-01
-2.994538744050394552e-01 -4.451696967044042053e-01
-2.303405546100008028e-01 -4.210017911149906422e-01
-2.439159102237554722e-01 -5.175887555747271662e-01
-2.576201109613507900e-01 -5.472191006004301084e-01
-2.371540127225850447e-01 -5.547550823051593527e-01
-2.165546049658328420e-01 -5.866133786097504910e-01
-2.214721593334471883e-01 -7.629928048086277448e-01
-2.705451795932549142e-01 -8.890400872206060123e-01
-2.695350619499941591e-01 -9.993390670863204761e-01
-3.367853546112303809e-01 -1.036489573012784771e+00
-3.833169695629897733e-01 -9.954328847400675251e-01
-3.699829367786917622e-01 -1.087739084384020671e+00
-3.717789701618938736e-01 -1.085819343534665915e+00
-4.016590454579221925e-01 -1.196681277787991382e+00
-4.556505812021061641e-01 -1.165610370452527356e+00
-4.929176426034000968e-01 -1.281455434439426444e+00
-5.253400230807229176e-01 -1.314064045362129063e+00
-5.553812109275396702e-01 -1.331026316792534692e+00
-6.026225559307932800e-01 -1.067718101782365370e+00
-6.199059889537520407e-01 -1.007874113549704465e+00
-6.049161757221735991e-01 -8.841995913385124473e-01
-5.543307014104508212e-01 -1.050247342104397408e+00
-5.416572637961235559e-01 -1.064269675782060443e+00
-4.745431849356736009e-01 -1.103773946984306420e+00
-4.693793482064124722e-01 -1.026749774126900272e+00
-5.310203315720196660e-01 -9.987938517930413651e-01
-4.906041620227195033e-01 -1.171274034309025325e+00
-4.608972390544878728e-01 -1.163606004423386020e+00
-3.943710091411846697e-01 -1.095361276760501212e+00
-4.220287016153088100e-01 -1.238361364280259558e+00
-4.151745579594340319e-01 -1.242182036832663261e+00
-4.273870097381181621e-01 -1.347524446522858188e+00
-3.925504557810262085e-01 -1.302593060157137383e+00
-4.182308298286313009e-01 -1.123024007765107690e+00
-4.699142092334526732e-01 -1.071214597331671126e+00
-4.711807876460532563e-01 -9.368045714547006408e-01
-4.496770269017745236e-01 -8.829968150326948928e-01
-4.615701414976088324e-01 -9.683498137687662766e-01
-4.238617679047690934e-01 -9.353064294948955082e-01
-4.808757620220005524e-01 -7.340334238500128006e-01
-4.686068297214343037e-01 -6.938856493783277513e-01
-4.464470956457909923e-01 -5.935444624032449878e-01
-4.398050600183719960e-01 -3.940463320701501626e-01
-5.142758215558504986e-01 -4.644476685666297788e-01
-5.314909291216391996e-01 -6.211567562443083279e-01
-4.256220628225803049e-01 -6.008157977687699214e-01
-3.462673253298230724e-01 -6.010195206403657897e-01
-3.591795093652145887e-01 -4.557788202048488335e-01
-4.239970648874953896e-01 -2.510649800732800974e-01
-4.249305136578389597e-01 -1.479130101669822728e-01
-4.012678453583398142e-01 -2.553256865628574790e-01
-4.486324262148576048e-01 -2.276115731939291065e-01
-5.039230614900704897e-01 -2.913855433936179962e-01
-4.660507129537923565e-01 -2.472948102139642668e-01
-5.315204712082884919e-01 -2.722131483417397635e-02
-5.328517640034078351e-01 -8.518947222419195886e-02
-5.572013954908967559e-01 2.756245548679175927e-02
-5.777854896910977756e-01 3.306204810219093987e-02
-5.130753630186060121e-01 1.562501914644080503e-01
-4.505032043172669254e-01 1.700221212071588717e-01
-5.329355314450284764e-01 1.896834352580444305e-01
-5.957721790201292444e-01 1.271663225268150343e-01
-5.270162635711205246e-01 1.433788073002215391e-01
-5.063110889125229663e-01 1.960002589628676573e-01
-5.249592220471754889e-01 3.398652855670336592e-01
-5.594894569604782486e-01 3.290651505427367174e-01
-6.071171224042730685e-01 2.903328729517061779e-01
-5.749297944340674427e-01 3.551382716732130462e-01
-5.587295319568633678e-01 3.982265393811618148e-01
-6.038954097418303135e-01 4.199849125292600682e-01
-5.179468914471480057e-01 3.584747015512927404e-01
-4.132501071959220340e-01 2.802233744488046296e-01
-3.954747636335673167e-01 4.082242181029576145e-01
-4.128491576323592427e-01 4.395781442667821004e-01
-3.908303648734073321e-01 2.079454250980655172e-01
-3.058544549953495229e-01 1.742326877851474165e-01
-2.398679944142978193e-01 2.560659156477665954e-01
-2.998442555125959696e-01 1.948937131159400038e-01
-2.536335321202647375e-01 4.105804560869311115e-02
-1.730032444741533282e-01 -4.370360242057208522e-02
-1.534456987896507807e-01 -6.735114347707285565e-02
-1.579514961136812834e-01 1.344726831446838022e-01
-1.538154792324538389e-01 2.749004446584719930e-02
-1.451217755082741812e-01 -6.140582359495172504e-02
-1.437474520568722547e-01 7.102524119831232774e-02
-1.899138148694974881e-01 3.049293910842498789e-02
-1.463663158668296604e-01 5.695465563471411446e-02
-1.508072124817357307e-01 7.882257557945823723e-02
-2.127445232169912215e-01 1.772127891792697058e-02
-2.391437980926072182e-01 2.590042368778809612e-02
-2.607070670588416683e-01 8.627437571201733435e-02
-2.515679285441907442e-01 7.570273064227367454e-02
-2.779691868465589133e-01 -6.671154460870570846e-02
-2.179065627037563291e-01 8.939985016957076314e-02
-1.727158839991081996e-01 7.908303211488240669e-02
-1.586936644099689320e-01 6.132744488832243823e-02
-2.106415884649429082e-01 -2.526894191385711114e-02
-2.583539480937032118e-01 1.193716432201661765e-01
-2.771669664894710339e-01 1.036117687244714064e-01
-2.337938775842345329e-01 9.880635936498183280e-02
-2.101741946794004334e-01 8.849188724891660085e-02
-1.668324228748538363e-01 2.156422716221680358e-01
-2.147416092877049987e-01 2.979087884515511098e-01
-2.088940505316235763e-01 1.909836701542191317e-01
-2.526578342482160844e-01 2.828695459136417178e-01
-3.131054747139420114e-01 2.237104209553493761e-01
-3.444534650352534810e-01 2.323807888014537415e-01
-3.587278481484180714e-01 2.623840896916486143e-01
-3.601163073008242788e-01 3.416137972017729285e-01
-3.827244709243653453e-01 2.527346438659328065e-01
-4.555744215037373923e-01 1.082163971220889698e-01
-4.615380751797211190e-01 8.177037017107291472e-02
-5.413733197335832692e-01 -9.420831546052596539e-02
-4.936028403275360965e-01 -8.945705828358835321e-02
-3.922809960434628374e-01 -1.609529450922311256e-01
-3.888282054288130229e-01 -8.470145709852941462e-02
-3.908945669128729428e-01 -7.039143960945160039e-02
-3.415895891323598166e-01 -6.692809077263743578e-02
-3.398598698466310797e-01 -9.062912646994546184e-02
-3.946176650624858562e-01 -4.461380765767380963e-03
-3.705566152872392105e-01 1.392085348073122432e-02
-4.369792113860158644e-01 -2.336704691606211748e-03
-5.033567048586838899e-01 -3.762474918516272616e-04
-4.892196381827734197e-01 -1.059077415504808134e-01
-5.618630836892875013e-01 -7.220990709912930572e-02
-6.000564256846451228e-01 -1.180746924634393236e-02
-5.650114798312936282e-01 -1.623153109469025190e-01
-5.634282982536096274e-01 -1.436773360984444636e-01
-5.458780852801549122e-01 -1.444342455211429788e-01
-4.964695461104078889e-01 -1.683465791282876822e-01
-4.334642984459821657e-01 -5.209052380775705537e-02
-4.566019890757438970e-01 -1.948906174901770816e-01
-4.632004070769591975e-01 -2.016220116470056056e-01
-4.937723368303899574e-01 -8.402631545938872570e-02
-5.719739692567806788e-01 -1.328328610440553947e-01
-4.797442813803194372e-01 6.414097574396046553e-02
-4.526074217922971266e-01 8.359081875991558608e-02
-4.731716469866520391e-01 9.840914965052040275e-02
-4.372669390318770777e-01 6.534686030530648115e-02
-4.866907996035838568e-01 -1.758177131782652503e-02
-5.180099332612738694e-01 -4.436563024719394899e-02
-5.975043121326197859e-01 -9.284810015018793439e-02
-5.344967934615668659e-01 -3.742627863337359001e-02
-5.693174117491200947e-01 -3.167619929587306427e-03
-5.319639667276476747e-01 -5.364261296611471524e-02
-4.970588402194840993e-01 5.430012696411796319e-02
-4.191303554008398158e-01 4.259274795689815818e-02
-4.208080110253660244e-01 1.826770376843789012e-01
-4.427248283325173062e-01 3.746082321659846559e-02
-4.013520130174819123e-01 -4.465419359089115026e-02
-4.529581307469677798e-01 1.201583002107333292e-01
-4.562980134029010482e-01 1.524868347457778994e-01
-5.099795766083208282e-01 1.845234693256301295e-01
-5.153118030571807173e-01 2.065071343914890445e-01
-5.078538736416944310e-01 7.761558815164928959e-02
-4.915014078383452834e-01 9.551057437774065906e-02
-3.866528192656631946e-01 1.969707986175006365e-01
-3.645896706177219615e-01 1.117471084959991007e-01
-3.412406121610211396e-01 9.678518331466734459e-02
-3.240738385487805240e-01 2.423292975044811781e-01
-3.175378313474992442e-01 1.589463670333928214e-01
-3.486175279639235902e-01 1.472833375821637758e-01
-3.498731787935213111e-01 6.743136755428369433e-03
-3.353290966536534579e-01 1.564241274309141894e-01
-3.850335945567155416e-01 1.016567401647291424e-01
-3.476337504131777889e-01 1.127785447904297578e-01
-3.790141988927488437e-01 9.581255915455508254e-02
-3.961932145311207187e-01 5.518036060283613292e-02
-4.183245145759628691e-01 -1.119825443343473309e-01
-4.605884334895246068e-01 3.398898187484153399e-02
-4.096378778754072858e-01 -2.792465409743385973e-02
-3.621272084156380022e-01 1.393850583986304681e-01
-3.502865734952460008e-01 1.402384960651700541e-01
-3.285330197008169972e-01 2.571986425335275883e-01
-2.628496221218138418e-01 2.854809743139072320e-01
-2.495140126715112427e-01 3.312060523136359236e-01
-2.540101206328084227e-01 2.199603130347240754e-01
-2.940708391656127185e-01 2.835335491439487932e-01
-3.277124190634824741e-01 3.461918777434271899e-01
-2.795327488640337865e-01 3.771251497424791821e-01
-2.815161191791238915e-01 2.136523077451821795e-01
-2.619557646221751801e-01 1.583428257792038329e-01
-2.696165845069680156e-01 8.223016775237457221e-02
-2.884475588680733837e-01 2.568542486159462734e-02
-2.113065484099867775e-01 -1.943354312928155525e-01
-1.446345729738913732e-01 -1.898509027753650935e-01
-1.902696407606293272e-01 -1.409934280529613060e-01
-2.383618744608560491e-01 -1.163584524516590446e-01
-3.035184959422164153e-01 -1.550360854606074035e-01
-3.837667836646966313e-01 4.181083827853993018e-02
-3.880157141003178212e-01 1.627772140930538458e-01
-4.611370860404470085e-01 2.078019390778607367e-01
-4.240669321024561622e-01 3.329873438329640223e-01
-4.405012268832760314e-01 4.195964542120554364e-01
-4.184695397025201546e-01 3.154471351829344350e-01
-4.194802853194348202e-01 1.737709300631352094e-01
-4.027077008067329045e-01 7.062734767713951811e-02
-4.404470594911223946e-01 4.725758459072387785e-03
-4.509020017868647368e-01 -3.689868413236610523e-02
-4.866542021108679617e-01 -2.627693147012237496e-02
-5.011191462856997569e-01 -1.899621362255007329e-01
-5.604438601156793709e-01 -1.541148912049433717e-02
-6.380757316801690671e-01 -5.956215603573641187e-02
-6.459118944881179214e-01 -2.697941152376041180e-02
-6.661442917929727425e-01 6.633246943000416229e-03
-5.990808108703133961e-01 8.778588134080281269e-02
-5.703140297601585473e-01 2.308137897760149104e-01
-5.861497205347725448e-01 3.410936456623557822e-01
-6.842527011419264893e-01 2.225274605105764247e-01
-6.554849382986368544e-01 2.527230751824894317e-01
-6.449692658564823988e-01 2.417904063845865148e-01
-6.399234360741062888e-01 2.186462970289189678e-01
-6.463161022234406028e-01 2.312723755220900124e-01
-6.980417151454590963e-01 1.456843047172592942e-01
-6.973249164387168575e-01 1.683727088045671727e-01
-6.733056144666493825e-01 -5.068595353475621734e-02
-6.524608599750798543e-01 3.360116740867167412e-02
-5.893088417194379813e-01 -1.436222727987934988e-01
-5.170020287584098373e-01 -3.888104375627587372e-01
-4.297376908508817595e-01 -4.650753742642378952e-01
-4.552506516253360669e-01 -5.564317465730928003e-01
-4.298904142271994799e-01 -6.665228889332921458e-01
-4.463739102588727969e-01 -8.147343186635210843e-01
-4.833871235092572771e-01 -8.072915260382472757e-01
-4.119856805897781360e-01 -8.001889554915831981e-01
-3.142836373623105750e-01 -7.536055425094146942e-01
-2.686410431988038860e-01 -8.985150039740449346e-01
-2.764908995218476329e-01 -7.770627725559515753e-01
-3.005148213952680281e-01 -6.603124660501045184e-01
-2.920959929756329343e-01 -6.577475652176912879e-01
-3.279948131839215408e-01 -8.246068483507523750e-01
-2.994735119239285148e-01 -9.807080049432217450e-01
-3.070787352307927098e-01 -8.066726444157589215e-01
-3.816359369968845283e-01 -9.475941969245452734e-01
-3.051957846616122350e-01 -8.130997278703024911e-01
-2.565998213983822773e-01 -6.847968331165412703e-01
-2.080717100405273523e-01 -6.894592918377615565e-01
-2.618536762009889274e-01 -6.500829923364054297e-01
-2.583898137928000160e-01 -6.220915105989460736e-01
-2.180583154419293568e-01 -5.521159375401286651e-01
-2.570977666071361245e-01 -4.568681132542410372e-01
-2.090182761683229695e-01 -3.407767843458496815e-01
-2.512807678326119953e-01 -3.404480051704368293e-01
-2.574060263198569287e-01 -3.801755515952821018e-01
-2.198792697113401695e-01 -5.000053304668778953e-01
-2.394030658504323894e-01 -3.468784283531343160e-01
-2.309008736262558037e-01 -4.566534684468187000e-01
-2.207084549839066490e-01 -4.146141069883293451e-01
-1.459344600779048373e-01 -3.547623994872865505e-01
-1.176502209399571813e-01 -1.353910615784943428e-01
-8.928051796068933732e-02 -1.048880936163262834e-01
-1.880565439057807486e-01 -1.730518813761176278e-01
-1.394337729789643099e-01 -2.562117890069773862e-01
-1.275494446604099885e-01 -3.000833883925561052e-01
-9.379729563911029522e-02 -3.277964386460130441e-01
-1.116227242783843498e-01 -4.816411927156847850e-01
-8.969630001037307010e-02 -5.180638705010706113e-01
-1.132220978660148231e-01 -6.242176629371821717e-01
-1.427738269685841499e-01 -7.546026523900293270e-01
-9.954486591884906255e-02 -5.818310278429832394e-01
-1.661148622538992092e-01 -5.663472065199230965e-01
-1.086035383781741720e-01 -5.743253712220722784e-01
-1.038113389447722495e-01 -5.080390717816004598e-01
-9.053466525376972773e-02 -5.171999967062037573e-01
-1.153316689869409717e-01 -4.047551477031194889e-01
-1.327064657200998921e-01 -3.526758072290240298e-01
-5.318607995790153309e-02 -4.265165165863831209e-01
-2.620515794792492581e-03 -3.097016800932914093e-01
-8.779053306538148194e-02 -2.220009522686307579e-01
-1.829798133983792652e-01 -3.078677439771113633e-01
-1.397216805904033521e-01 -2.800852585047514109e-01
-1.915244768522218477e-01 -4.031635625711373905e-01
-2.180616612773058627e-01 -3.811289920554886135e-01
-2.320926035740449034e-01 -4.818979383257628868e-01
-2.190335335796146365e-01 -5.671349975008872502e-01
-3.129345003670046532e-01 -5.673003170704077336e-01
-2.919228300690011046e-01 -6.045513742772099519e-01
-3.081013570452108552e-01 -4.366835233297350349e-01
-3.519225210904593504e-01 -6.028033200000393332e-01
-3.455469403252193206e-01 -6.347163828561520615e-01
-2.791173260048954718e-01 -6.199369550965456721e-01
-3.376347584850889483e-01 -6.929927833878148924e-01
-3.841873857269311188e-01 -7.271913695219668350e-01
-3.622272354528719429e-01 -7.317107709707730834e-01
-3.490591038180657080e-01 -7.231265295955998651e-01
-3.541097527660884148e-01 -6.706677410479650048e-01
-3.586103704480616550e-01 -7.024797441861992953e-01
-3.425266836897808420e-01 -7.850919523946215950e-01
-2.659601391443520146e-01 -7.159676937668728591e-01
-2.289417801170855471e-01 -7.372310114785954882e-01
-2.109070885618496427e-01 -6.579067488714073209e-01
-2.160782262869904158e-01 -6.445282158944444229e-01
-2.180824917655180828e-01 -6.163474918760423193e-01
-2.295349440368660843e-01 -5.808820755311231432e-01
-1.322382771786740907e-01 -4.900604355965486048e-01
-1.136268434629463392e-01 -4.178648973394155086e-01
-5.273876668674210705e-02 -3.743741773578654897e-01
-1.781411768833858489e-02 -4.549266079925480821e-01
-5.480945517401565603e-02 -4.174287042144420035e-01
-5.849434086005191741e-02 -1.115599237307436931e-01
-1.056964919105092549e-01 4.150654000733111637e-03
-1.517161310185652923e-01 3.760987966675385930e-02
-1.990263700381495748e-01 5.836667619150820441e-02
-1.421615463098633014e-01 1.624095343440583594e-01
-1.746374073944338412e-01 1.662652721056442351e-01
-1.386273744396313290e-01 1.769759963599009667e-01
-1.786599584673844721e-01 2.397634599643669873e-01
-1.514059185840215815e-01 2.342665271622272338e-01
-1.880296812553143571e-01 2.191197959453519972e-01
-2.668634303057865198e-01 5.283618829094917091e-01
-3.008090673314431918e-01 6.928090473604464616e-01
-2.577143379437376591e-01 5.597661043263695291e-01
-2.659109774924550695e-01 5.141088096780832561e-01
-2.111383710934421343e-01 6.221557076016940302e-01
-1.812910424860650904e-01 6.655526400447431268e-01
-5.531431769289518741e-02 5.858119630983515957e-01
-7.888165730420190758e-02 6.313292834550532362e-01
-1.032634269471240235e-01 6.774605342447249656e-01
-1.597319069804836733e-01 6.490617679697332498e-01
-2.372840295467011362e-01 6.923438512578659054e-01
-2.800643640846789961e-01 6.125367334081797122e-01
-2.877733329423488584e-01 5.800925434350653331e-01
-2.166147111998074637e-01 2.445743361914454184e-01
-3.134022392926670286e-01 1.990626344481186694e-01
-3.439228008752428511e-01 1.802861991916318296e-01
-3.396450825922284200e-01 1.613456394655504444e-01
-3.334975977561174809e-01 1.130972612800404398e-02
-3.481392602259648639e-01 5.498043192708141486e-02
-3.044274917266094338e-01 9.562830002240910177e-02
-2.763428324385203139e-01 2.089123041932204328e-01
-2.792845172235648432e-01 1.085707791016816831e-01
-3.032777338755761054e-01 1.096780027877165969e-01
-2.934753372338140820e-01 9.245226909888282218e-02
-2.591938883616562439e-01 2.145975271039759213e-01
-2.804834702730485407e-01 1.835283939240386630e-01
-3.048511750901885531e-01 2.540778344493450080e-01
-3.106720677007550613e-01 1.650854821209236378e-01
-4.029743624507626243e-01 4.139901788846731545e-01
-3.733206462552433047e-01 5.462978767457246088e-01
-3.652267690969883129e-01 4.523437520986097748e-01
-3.244807761786621669e-01 4.918314082246497687e-01
-3.331068737046111727e-01 6.271192233608988698e-01
-3.838417858019068651e-01 5.162894374730260250e-01
-4.047095093707890889e-01 6.095157209804715759e-01
-3.651361622865244572e-01 5.254251050281437685e-01
-2.962135464998063572e-01 5.110965820516991664e-01
-3.366586360455352533e-01 4.850151989680324682e-01
-2.744465653309697273e-01 5.519333638930489228e-01
-2.681547645084654818e-01 7.502402630256298499e-01
-2.930310367437660712e-01 6.165581687335981442e-01
-2.640851857029760663e-01 6.647189047011071716e-01
-3.063220699233300537e-01 4.304115223287018344e-01
-2.876288291154153742e-01 1.599298242877440490e-01
-3.262151488240926933e-01 9.019267726232292615e-02
-2.804294424926293550e-01 1.061342826769605258e-01
-2.381582296641918117e-01 1.520650565968693635e-01
-2.114507317523544594e-01 1.797633754929386096e-01
-2.660265115513854584e-01 3.177400021719894996e-02
-2.620365051362747999e-01 1.226453504350097923e-01
-3.355653591608835917e-01 2.010520940301705195e-01
-3.152118970126471242e-01 1.045864789759730351e-01
-2.665052729745179261e-01 1.727816314214497273e-01
-2.303357266515986268e-01 4.616652702101831096e-02
-2.495471880468731196e-01 1.431187187841601594e-01
-2.567306088770336392e-01 1.450301942865520055e-01
-2.317329292157770670e-01 6.999752937175689194e-02
-1.478468099699469240e-01 1.273672933549089281e-01
-1.533263030768147739e-01 9.178349229994678393e-03
-1.407316622336921841e-01 3.285805344859750454e-02
-1.528820920717665344e-01 1.192389702232445892e-01
-1.278625124263777224e-01 1.065541415076621534e-01
-1.110183755039273745e-01 1.353297246740841620e-01
-1.249207413939346784e-01 1.503097023207752847e-02
-1.695174269918574284e-01 4.611191899275694089e-02
-1.576490803967362797e-01 8.672839006067897816e-02
-1.279873350396153742e-01 -4.448180470693549604e-03
-8.108014810446265153e-02 -5.134158473968086084e-02
-1.004700406699480242e-01 -1.673538764579260985e-01
-1.281067479179566482e-02 -1.689961318995431838e-01
-1.333660035856766221e-02 -1.645964217983825195e-03
-2.148800440504903056e-02 9.771979254922344427e-02
-1.020531895716882687e-01 2.184065973682643991e-01
-7.111087841792194941e-02 2.583787704354524317e-01
-6.932014782311314571e-02 2.751501736850914259e-01
-1.127441417739192264e-01 2.633516171113905457e-01
-1.141397865730535977e-01 2.242593655137375408e-01
-1.098924249335885006e-01 1.537793924871740381e-01
-9.562429163097699303e-02 8.439258769091349810e-02
-6.603962991941988991e-02 8.216748054175507243e-03
-4.428593521588393422e-02 1.241357962474129856e-01
-3.211231999533413484e-02 2.289596390624656919e-01
-2.646945301743739570e-02 2.858726183486531847e-01
-2.038253299260974621e-02 3.165055282969465589e-01
7.130028775609392744e-03 2.814077462681890407e-01
-4.109795719121558943e-02 1.396449022436875576e-01
-1.528419440566990972e-01 1.608957084413240313e-01
-1.842975051515277629e-01 2.502314884816370100e-01
-2.131242822813931015e-01 1.700407602451099176e-01
-1.409597125348179270e-01 1.444353176894780100e-01
-1.374987139097539612e-01 -2.035854627974240105e-02
-1.404586021672995788e-01 -1.566154360943102994e-02
-1.484359069551681454e-01 -8.842249247390718270e-02
-1.100540430256692626e-01 -7.638064920551365655e-02
-1.277468821130227639e-01 -4.123438955419899549e-02
-1.038918016100237041e-01 -4.962874326652252921e-03
-1.735585520470280252e-01 -2.461831102107464586e-02
-1.724159727809750076e-01 -1.386150279572942630e-02
-1.459414295171144182e-01 -1.026233393702460917e-01
-1.783697373945281328e-01 -2.285867657791894325e-02
-1.293553618010162554e-01 3.316572755294117103e-02
-1.566582266913362220e-01 4.676618876240263428e-02
-1.616718844090218876e-01 2.111464769854659862e-01
-2.217417337745724581e-01 2.694965940048653641e-01
-2.562021954128047008e-01 2.800312131678459049e-01
-2.318239676511836544e-01 3.374016237133172780e-01
-2.202391050330119449e-01 2.694586197079481549e-01
-2.016765799346245946e-01 2.834662695947903766e-01
-2.371242723551684473e-01 2.771260547696017262e-01
-1.727586467536680881e-01 2.848210693780079961e-01
-1.503479536206856204e-01 3.994971762262696235e-01
-1.555509133014881251e-01 4.184122676890257297e-01
-1.635223718841526397e-01 4.443202877660363814e-01
-1.876106328621284514e-01 4.786181634659884554e-01
-2.093203684973015122e-01 3.995360606253468005e-01
-1.956259304282659817e-01 4.726490220380055729e-01
-2.330696020661686130e-01 5.600745676912420867e-01
-2.600788724806050167e-01 7.084912465809951598e-01
-2.475286929420756621e-01 5.601122512282404875e-01
-2.542860616732828816e-01 7.245399858887640043e-01
-2.986503000020633847e-01 6.183409406166933131e-01
-2.743474310265659466e-01 7.179922138570890011e-01
-2.265735719632916700e-01 6.003053416644406060e-01
-1.873630623770404513e-01 4.168955938892835444e-01
-1.270037115996566490e-01 5.158418558948836274e-01
-5.569261294195360090e-02 6.404651350259242815e-01
-5.459780057131457393e-02 7.849496653083152253e-01
-1.506453848269956042e-01 7.680519276063988432e-01
-1.745581783437268331e-01 7.614947732777626044e-01
-3.995973881120098992e-02 8.092977959247533715e-01
-1.183262585396175487e-01 6.600391792770969879e-01
-9.590159676510059961e-02 5.121993102924123908e-01
-1.110196959461059729e-01 5.758106409664943692e-01
-1.431759383500741389e-01 4.595843281269721969e-01
-1.496625638348029197e-01 5.216293063636097127e-01
-1.244720792807043341e-01 4.864560156827855142e-01
-5.724069992370917070e-02 3.487495519563187929e-01
-8.096174700560304638e-02 2.126378437089896656e-01
-4.590093345309596840e-02 4.619841862004105959e-01
-1.448254117470690674e-02 5.900964840094214958e-01
-7.977849987629598294e-02 5.981299674506374009e-01
-7.659502688099005530e-02 3.174527245628490646e-01
-7.640991480218527199e-02 1.613525722839367904e-01
-9.889049320219711614e-02 2.367168812390577637e-01
-1.206535445119132077e-01 9.987793869032751681e-02
-8.106453268033388115e-02 1.637929154641124541e-01
-5.153636817538703035e-02 2.302901320803749097e-01
-1.573072421801435805e-03 3.133443327076594342e-01
6.377058200414970068e-02 5.003573817784928712e-01
1.166669513546828574e-01 5.000896053987138323e-01
1.307288357031073378e-01 5.106654776532342233e-01
9.392420905541024045e-02 3.525191861811417526e-01
1.178087972713178361e-01 2.671013139716160723e-01
1.312007880083234934e-01 3.195929211902119871e-01
9.391027718636682509e-02 3.436179422157787933e-01
7.755506775301387878e-02 2.521446908388106922e-01
2.407860976815023174e-02 2.761769853449708156e-01
6.200595317703500031e-02 1.391901132994413370e-01
8.731044492890759068e-02 -3.848585301871204623e-02
1.036978221025309926e-01 8.676821621128934237e-03
6.160275970017178165e-02 1.755414703416802169e-01
1.027993063814724578e-01 8.411419741392213434e-02
8.424133758042560982e-02 1.641064368603724066e-01
3.387519809544160126e-02 2.064316757988121365e-01
6.888616835559360774e-02 9.212105901921267825e-02
6.917860832389090275e-02 1.382679924165341467e-01
4.187572676054161780e-02 1.170142081160097519e-01
1.042050709152796406e-01 1.655780256158616015e-01
1.453375099107544477e-01 2.124533809630148595e-01
3.785679187049449668e-02 2.511131761027232123e-01
4.784710498107269672e-02 3.610813060613740633e-01
9.686853563427838543e-02 2.671914263980891824e-01
1.102066609845447492e-01 1.356151444857785493e-01
9.102011523911644753e-02 1.537230604742650386e-01
3.352337794646165214e-02 2.061921767311082065e-01
6.179842356382997393e-02 1.536006217606889490e-01
1.247445595928497603e-01 2.034813946721565903e-01
1.158133330423927604e-01 2.518709322829059127e-01
1.308282559058263350e-01 4.540699024493126124e-01
1.422744516205893539e-01 4.651980504826130902e-01
1.927419776795694095e-02 3.857521585283785748e-01
-2.180836296146485692e-02 2.997707758934312627e-01
-4.918602181299884524e-02 3.510247013476446853e-01
-3.109838120130680589e-02 2.708580047556921055e-01
-5.222662666937413767e-02 8.573650647993910634e-02
-9.786393122653797016e-02 1.056299850808636864e-01
-2.295247156114037235e-02 1.431570996488562841e-01
-7.719891951226742766e-02 6.943452851883964716e-02
-9.234818652164744623e-02 2.138640039106978197e-01
-6.008772826939604017e-02 2.165705738459809959e-01
-5.816418666410119731e-02 2.271883187768919676e-01
-9.386348297919129557e-02 1.378299507758672937e-01
-6.957034264358648301e-02 1.590944412318698042e-01
-1.038270466451062801e-01 2.014163345280732542e-01
-1.583539956059651366e-02 3.759207205789968920e-02
3.797968140102748330e-02 7.198606448007011105e-02
1.012556333065644520e-01 4.330827280270622970e-02
3.187676384857836276e-02 2.661729912341793125e-01
1.013012579254746054e-01 3.978643522743170458e-01
1.557430417475656192e-01 4.286767002667481452e-01
1.422802360526662646e-01 3.066735854536515316e-01
9.805579571669460759e-02 3.872058383062974563e-01
9.582141104709039625e-02 6.331617129299442759e-01
1.494844197258121121e-01 8.091815759232399152e-01
3.748560582521814899e-02 8.446069217572966803e-01
4.794580509907907240e-03 9.141883604895783000e-01
-3.569147453300718087e-02 1.026289996201698695e+00
-7.263947473443591041e-02 7.862197476331107548e-01
-4.550587819740108120e-02 7.237004273287886980e-01
-1.146716294567695638e-03 7.141562434415614780e-01
6.334486896389614208e-02 7.617789696003167688e-01
-3.975303801597245001e-02 7.920463127199822706e-01
-9.394612880466425564e-02 8.572539899168624133e-01
-1.533065294613348006e-01 9.366479944037980898e-01
-9.112677570162525109e-02 9.116042974783594710e-01
-9.124625646019136893e-02 8.340373157042801910e-01
-6.243861609333938717e-02 7.959554676194063871e-01
-6.153643489554581902e-02 7.284555543931693355e-01
-2.150293015718367229e-02 7.953715312500458934e-01
9.174813134877352755e-03 8.791244744701653957e-01
-7.607584197880934429e-02 7.667299558022344641e-01
-1.013033678140872612e-01 7.098110153573572445e-01
-1.900860704496298847e-01 8.017326898903116561e-01
-2.520300415117768811e-01 7.952040853375235141e-01
-3.303542109507859870e-01 8.116321607258579762e-01
-3.110743352374066850e-01 7.415288839473628268e-01
-2.945679472503753837e-01 8.373877273990706360e-01
-3.136636918742485847e-01 6.646492178152700880e-01
-3.353423545270014516e-01 4.935432577759089057e-01
-3.708968107125062419e-01 4.672846068231061301e-01
-2.814019808063706884e-01 2.447335934518068967e-01
-2.774410973771094802e-01 2.475006168303954812e-01
-2.968456559817497786e-01 2.446933465618903458e-01
-3.838965512676325575e-01 3.829102715734589157e-01
-3.906069144906376134e-01 3.749543969974351021e-01
-3.471508327333483468e-01 3.892373492770442311e-01
-3.414402190741100962e-01 4.162152926023450772e-01
-4.147009308403722949e-01 4.132744133963589528e-01
-4.574782937074431399e-01 6.724063528833814640e-01
-4.253274397717902722e-01 5.785558484329214046e-01
-3.501413118212830522e-01 6.456163191792055889e-01
-3.589138034893323281e-01 8.279081642308097067e-01
-4.042831675642389322e-01 8.448162455024627038e-01
-4.127371404167024527e-01 7.652409280550025450e-01
-4.114788699178631437e-01 6.564091678578870548e-01
-3.318958650268538646e-01 6.127502499573839190e-01
-4.275342078164057202e-01 7.433239060622756078e-01
-4.080960820306880898e-01 7.733909141822176148e-01
-4.665995653811385036e-01 8.051553499805570446e-01
-5.134697901374120077e-01 8.632351377634521761e-01
-4.867886748890954407e-01 9.562039727547217982e-01
-5.127763892680994307e-01 9.638149000842490821e-01
-5.409265596770821416e-01 1.096035809771906289e+00
-5.521419618780137872e-01 1.060094119446574501e+00
-5.396194881470476323e-01 9.660663329491674389e-01
-4.899377238238710741e-01 8.923286972167651099e-01
-5.277917077147809000e-01 1.040227793628774489e+00
-4.532952859684845626e-01 1.000078417818656806e+00
-5.403251303868986666e-01 9.544802597100358055e-01
-4.568553046168547516e-01 1.098032648834576852e+00
-5.082296176453660053e-01 1.052464780230022212e+00
-4.270999538662762496e-01 1.081069474858160184e+00
-3.683065368256615013e-01 1.017394201508820650e+00
-3.682016655644141934e-01 8.471735739969180612e-01
-2.965337517337683360e-01 7.610650226805225627e-01
-2.723459184847093484e-01 8.999968170170782322e-01
-1.728219205307450768e-01 6.754666602748753412e-01
-2.321928103592368620e-01 5.161663532745586203e-01
-2.775513927781539381e-01 5.208466780505426330e-01
-2.993519839146815409e-01 3.196870480628574707e-01
-3.034447290925803009e-01 3.321758785342180387e-01
-2.705983896742971129e-01 3.150171624674890647e-01
-2.680194614400352449e-01 2.945575552465296565e-01
-2.431530367019227312e-01 2.803080880028799848e-01
-2.412485699147551843e-01 4.932119474422342886e-01
-2.182520219646995052e-01 4.172803744100394008e-01
-2.174536726766116146e-01 3.010379843272971145e-01
-1.348416914705878322e-01 3.851602941311402239e-01
-7.559854554979883456e-02 3.071676225081846345e-01
-4.048451929648957254e-02 2.801240738238445771e-01
-9.348046420523120625e-02 3.716186384444681856e-01
-1.894802337266004444e-01 2.810655816600985957e-01
-2.231004059871261325e-01 3.168740497888885566e-01
-2.359929350305369766e-01 2.232817465816244740e-01
-3.050254657926183555e-01 2.224440935842971201e-01
-2.495724455646678996e-01 6.828188656237499377e-02
-2.596740704840156955e-01 8.242276002182713501e-02
-2.200537144886098306e-01 -1.494395586414236365e-02
-2.709368975039669336e-01 8.799168053342348861e-02
-2.113761502959626004e-01 7.762202695460088120e-02
-1.559717799544617645e-01 5.244755106566328928e-03
-2.208140627051626559e-01 1.034426202295176192e-02
-2.362276800801396681e-01 6.030995481807609193e-02
-2.262061534596725709e-01 1.731244516917695986e-03
-2.488041390480836834e-01 -1.693820605721573225e-01
-2.039486298722380242e-01 -2.692715770601626923e-01
-2.097595414752609910e-01 -3.047813291983786366e-01
-1.481296504900812550e-01 -3.955049998923428900e-01
-1.748433634908747036e-01 -3.863273628858999165e-01
-2.414162417846713593e-01 -4.066864524556318417e-01
-1.527690076319263013e-01 -4.749361416294040628e-01
-1.763095904202811037e-01 -6.765998685677819813e-01
-1.725818504213648963e-01 -8.602404170550782547e-01
-2.305640965858071212e-01 -6.898429442375575427e-01
-2.392615233251547124e-01 -6.600083497194244586e-01
-1.823281404379883119e-01 -6.500064959127239694e-01
-1.894421368404781703e-01 -6.759605640203807386e-01
-1.776595139439061666e-01 -5.376537642308408804e-01
-1.856283176576360994e-01 -5.114160318527543048e-01
-1.822052541305471951e-01 -4.434133792691952181e-01
-2.796374701802137874e-01 -6.088742090947395491e-01
-2.800855659699088562e-01 -7.369427242455535154e-01
-3.114819389692340401e-01 -7.854454072246263019e-01
-2.243358929861095641e-01 -7.178394323152158529e-01
-1.648580502928713720e-01 -6.783577185252779307e-01
-1.457861513116799623e-01 -5.910913031022615449e-01
-1.812022349276263544e-01 -4.322774308977659352e-01
-1.627622057400591737e-01 -3.969634538023649739e-01
-1.876173028065886705e-01 -4.595703111028898724e-01
-1.301836175778858240e-01 -3.851192981085991285e-01
-2.051539575259151982e-01 -4.032289039294519872e-01
-2.198321257626595082e-01 -3.424769964558463387e-01
-1.879245736895965857e-01 -1.604750806972108645e-01
-2.037998386863478228e-01 -1.155308173979907593e-02
-2.846726943895562245e-01 -7.407202899790200912e-02
-1.688466179052767746e-01 -1.817284599492887676e-01
-2.024858373240323028e-01 -2.696194246741610012e-01
-1.982766751640869796e-01 -2.900991608173061898e-01
-1.891386982138345552e-01 -1.394304547031922914e-01
-2.701192586982666954e-01 -5.814534010977745471e-02
-2.503368301722443956e-01 -1.238303227134064100e-01
-2.552396476768256095e-01 -1.940648445327952665e-01
-2.580178132923204304e-01 -1.114826323200874963e-01
-2.495547084422462814e-01 -1.134180209754494656e-01
-2.268585537766257820e-01 -1.816018866537759124e-01
-2.011132049838115499e-01 -1.143563201746849167e-01
-1.646032699628372786e-01 -1.472320012529736988e-01
-2.134804034048082000e-01 -2.468426657946564684e-01
-1.970971476365972475e-01 -4.804263946689535381e-01
-2.158709197540552294e-01 -3.935495399278534645e-01
-1.957813029106771907e-01 -8.394534745679038679e-02
-2.153180732279121878e-01 -8.034315924352790350e-02
-2.329158162289533818e-01 -1.905972884166026449e-01
-1.733448958716559130e-01 -1.246930251804128365e-01
-2.301336882636287329e-01 -1.742397719398566247e-01
-2.460608311675455684e-01 -1.828194634072712321e-01
-3.056397827013433988e-01 -2.702080624751831972e-01
-3.407021511552278392e-01 -5.626295167869066471e-02
-3.478641540368211382e-01 1.311986891245315312e-01
-3.792695331285985683e-01 1.246420916365097026e-01
-4.287254996372574234e-01 1.668067988830593817e-01
-5.007129719223186726e-01 1.653267468785101502e-01
-4.377486754334213859e-01 2.542888097243798939e-01
-4.293203978674418608e-01 1.363796422380810225e-01
-3.933698963803826665e-01 8.667243807603088046e-02
-4.058461679200339733e-01 -1.495388617521394015e-02
-4.248559198816870275e-01 6.306360354837066418e-03
-4.354351978165935666e-01 1.677388192614551188e-01
-4.171048421911580650e-01 2.968626925087975432e-01
-3.869598628923501815e-01 3.456298231120290554e-01
-3.412877313187697159e-01 5.377286080671137558e-01
-3.258957816198075896e-01 5.196194300102418007e-01
-2.652987689359768142e-01 6.140434143621480434e-01
-2.004555272480519623e-01 5.950737748102461477e-01
-2.464411944091110807e-01 6.300249062766358765e-01
-1.505743550705431477e-01 7.667971255685381848e-01
-1.747950090816538515e-01 6.613904857649184343e-01
-1.941323834656737413e-01 7.438317477140088396e-01
-1.316325196761520266e-01 6.986337956743666755e-01
-2.837559891728441697e-01 6.223722937163299607e-01
-3.421319765063161600e-01 5.929328395575033106e-01
-3.630420028175540548e-01 5.562686281117934506e-01
-4.147114526902183629e-01 5.939924127971866197e-01
-4.034511951594806911e-01 5.113761640992433577e-01
-4.258299846129001698e-01 5.153827664390350227e-01
-4.444502430278250982e-01 6.873238921504124521e-01
-4.350181030504307600e-01 6.525655385863735614e-01
-3.922442084820678132e-01 7.145844695279766068e-01
-3.638314730891145654e-01 6.769231875273403753e-01
-3.817308270529762848e-01 9.338042040800202948e-01
-3.609426704976566591e-01 7.957958076600482045e-01
-4.144139072346669783e-01 6.210461402429371391e-01
-3.748351416146428750e-01 7.387393525127132765e-01
-3.089361950482483188e-01 9.250536022848535600e-01
-3.180326094021995176e-01 8.528421560185219796e-01
-3.325224231483604465e-01 8.765689228480276762e-01
-3.016229641794924698e-01 9.596660053901000520e-01
-2.725639952136239552e-01 9.497950211996426528e-01
-2.620625587847512095e-01 9.037927935986432848e-01
-2.236140428954955517e-01 1.052270717090109997e+00
-1.969038750618770928e-01 1.161463262210908676e+00
-1.869372690240440338e-01 1.021676751196227917e+00
-2.217118600375919679e-01 1.100640757117405055e+00
-2.754756447891900106e-01 1.110245477408238202e+00
-2.876756963055830396e-01 1.082375009428011570e+00
-2.293172237472105857e-01 1.098559389030920652e+00
-1.838556395478353200e-01 1.109625570825107710e+00
-2.007113375502055652e-01 9.537894389169356835e-01
-2.166129936334264816e-01 8.650192008891496309e-01
-2.352237839585433199e-01 9.453668254513089009e-01
-1.184451415736804958e-01 9.834339186321481296e-01
-1.149487194734057499e-01 1.077609116694598246e+00
-9.190491716660327548e-02 9.783018758102537404e-01
-5.885236458210752614e-02 1.067592290222314944e+00
-3.046779027165007203e-02 1.096056637328012284e+00
-2.871635021486456177e-02 9.392685818408939014e-01
1.305805451278286081e-02 8.579106895423924684e-01
-3.577182047697423373e-02 1.031751944023933554e+00
-2.734179568192225684e-03 9.256059281023758523e-01
-5.322035543289740933e-02 8.145069462179462816e-01
-1.462657383907651210e-01 9.465928237573948412e-01
-9.339640686152619886e-02 9.421896995497381910e-01
-9.992946234110733350e-02 9.868078879790466162e-01
-1.144776439313502925e-01 9.959524060746069996e-01
-8.290560476991550021e-02 1.029056486590216757e+00
-1.102725076046974506e-01 9.133384283130284720e-01
-1.007977638619855509e-01 9.794914170535039544e-01
-2.018124331591716891e-02 1.171067908958258297e+00
1.017357272701854484e-02 1.250990920776374971e+00
-6.004818367659883749e-03 9.409932404638928771e-01
3.891198084230095694e-02 9.611891557939240549e-01
7.447158956189582624e-02 1.119800399956982773e+00
5.187757752265806377e-02 9.611397579282455750e-01
4.549128546461197325e-02 1.039120965662939877e+00
7.347963416534007697e-02 9.844527676130886418e-01
8.432832202031557978e-02 1.004169569650501304e+00
8.921179815805070634e-02 1.059628607555357371e+00
1.386870233064907421e-01 1.055873860521362673e+00
1.773410160325908647e-01 1.007311594256223186e+00
1.680708446956655777e-01 8.856972942913065028e-01
1.896608680101707078e-01 8.074311775476153974e-01
1.474916557146592755e-01 7.765039768285004751e-01
1.036454840620275875e-01 7.179388117766697386e-01
1.534899117761655551e-01 7.373425381670537515e-01
1.515325616029308819e-01 8.029929323083362380e-01
1.110786967054271795e-01 8.500838314867145140e-01
1.386347190251999428e-01 8.098369045339027794e-01
1.213075747608405724e-01 7.348199155444832265e-01
1.694618839323258630e-01 7.769219645942819774e-01
1.547302979611451523e-01 8.414556920353365443e-01
2.282928566358303768e-01 7.272275511326695696e-01
2.336137171937772983e-01 6.550100972833147184e-01
3.321163609492051583e-01 4.921025254458906151e-01
3.127122349067504303e-01 5.051484275750016684e-01
3.103660894396904069e-01 4.310798078370280950e-01
3.425981885690857487e-01 5.520402278621343584e-01
3.429260889557894099e-01 5.701654107179344733e-01
3.556666914652250044e-01 4.290107046972773119e-01
2.857072161565679114e-01 4.929443890848273502e-01
2.165042221054228055e-01 4.476263454712847145e-01
1.519099862666374312e-01 5.304067098084530585e-01
1.404770507440451233e-01 6.987155726170701797e-01
7.945431434217702094e-02 8.270001585187110038e-01
1.176227082124047807e-01 7.600925271177592091e-01
1.272453143106967721e-01 6.946731248960705818e-01
2.378866987435906966e-02 6.818462876955817542e-01
-1.123124807358344551e-01 6.325930821162715212e-01
-1.021398918553140245e-01 6.042997303771682205e-01
-6.115170342730666397e-02 6.765208943152731802e-01
-2.617643540348753989e-02 7.293404025195158180e-01
-1.266437896718859701e-01 6.968070016958941570e-01
-1.616265281504800366e-01 6.368949332407237707e-01
-1.579720818457928389e-01 6.304339135044031428e-01
-2.413439978872062297e-01 7.920665054539943739e-01
-1.984352057437172856e-01 8.192407188230732551e-01
-2.171260738563219328e-01 8.438446849047901432e-01
-2.003211397385858128e-01 6.694942238703052162e-01
-1.736167493564443332e-01 6.849749513137207702e-01
-1.019040480858742076e-01 8.282187630342273676e-01
-7.829631641470080616e-02 6.901696889922595002e-01
-2.175655615265234544e-02 6.267524994341212574e-01
-5.344342610340097055e-02 5.453408041004927931e-01
-4.928754834163600468e-02 5.454230217885129850e-01
-1.501276005176450934e-01 7.271222970003915487e-01
-2.310212965027994558e-01 7.713163993788304529e-01
-2.333594257858591647e-01 8.979292550531071671e-01
-2.141522688590845880e-01 1.137500820992294104e+00
-2.154684780172100300e-01 9.927153624505665741e-01
-2.518877671027467957e-01 8.624101319181850522e-01
-2.087647980803979397e-01 8.482112149157788883e-01
-2.154584034035530726e-01 6.199561674869832339e-01
-1.744663696525704799e-01 3.858528844172491867e-01
-2.427847776443401995e-01 3.665013355071068957e-01
-1.771513297818870236e-01 4.877265565225931132e-01
-1.951623232427157351e-01 4.794951408638996604e-01
-2.396688862600276360e-01 6.208691177722666099e-01
-2.591075302132470615e-01 8.235921620342985250e-01
-2.496172816733497057e-01 7.941634029745032741e-01
-2.559328940487795578e-01 8.410227581994976775e-01
-3.106771735717346328e-01 8.671224133603513406e-01
-2.619689035976478508e-01 7.531179889286055973e-01
-3.027590317559699096e-01 7.300625195916176091e-01
-2.376068251831487121e-01 5.907054470304007321e-01
-2.224326155378053838e-01 2.753467830065877697e-01
-2.236712815614808891e-01 2.133646755600324962e-01
-2.758141442501844121e-01 2.461742389665737551e-01
-1.299585070203813364e-01 7.503634279862306244e-02
-1.666407656698275508e-01 1.440781006842105638e-01
-1.359629687782398788e-01 1.947985208913277644e-01
-1.340783055394381973e-01 2.322096136300526581e-01
-1.441163921573820339e-01 4.523921284785206165e-01
-1.092500935863727901e-01 4.102651639220417645e-01
-1.949882973999088331e-02 4.381169727430997418e-01
-4.823499662328047111e-02 3.144464617690505559e-01
-2.211943685021864475e-02 3.906451235237363706e-01
7.467284549763975043e-03 4.630593814124856489e-01
3.920056500590100856e-02 2.945936557278509005e-01
-4.898697368596276192e-02 3.420146970549229892e-01
3.661312767759423298e-02 1.020088493931814722e-01
1.219112091855429486e-02 -2.987213757752588128e-02
-2.720601691149104884e-02 -5.154891183592356929e-02
-9.649994057717538321e-02 -1.248951107394102727e-01
-6.251704552989187369e-02 -1.989744253789558215e-01
6.914394528726680589e-02 -2.336964985577315024e-01
3.492656242941463707e-02 -3.395005389057320633e-01
2.903908142838907552e-02 -1.979451607609692132e-01
9.672870267283989465e-02 -1.924782183554406556e-01
8.997813144702104804e-02 -2.855957889063256983e-01
6.689399235218786155e-02 -2.075009542728345480e-01
1.039729046963516756e-01 -2.647052271974702498e-01
8.709019879494486749e-02 -2.726860434004837463e-01
8.926614331442306316e-02 -3.757575463890785450e-01
6.340387598764249399e-02 -3.165208243850119452e-01
1.355367761911484281e-01 -1.367789121641548866e-01
1.639839460022868289e-01 -1.284324860145033553e-01
1.909815751175050202e-01 -1.005405145975889619e-01
2.078012771000509740e-01 -1.819889639845925222e-01
1.474478926706569992e-01 -2.982076537122311244e-01
1.330787700340380075e-01 -2.111313830591867169e-01
7.466041718322627418e-02 -2.993658889235896736e-01
6.784329103842162700e-02 -3.964089396015939570e-01
8.228840002769359507e-02 -5.370004218620620939e-01
1.362128305636559622e-01 -5.332218999118234493e-01
1.694010712870145652e-01 -4.623115399116536350e-01
1.480668140050391268e-01 -2.903827828587164372e-01
1.435026353377988340e-01 -1.456744017307292083e-01
1.412061745357331977e-01 -2.326022823858538979e-01
1.749076205630758774e-01 -2.293822499451112495e-01
2.468149151614316139e-01 -2.536346621849823735e-01
2.798067118450033863e-01 -4.597047852740010487e-01
3.488741515749544941e-01 -4.678495929702123357e-01
3.983563427366755283e-01 -4.276496711782328264e-01
4.347923139740240694e-01 -5.375733429680052966e-01
4.259419483085007396e-01 -5.690924887800613563e-01
4.299431723699981833e-01 -6.805948840319642201e-01
4.874738181132292625e-01 -7.103528936355052448e-01
4.958886304978192272e-01 -5.608507930245322237e-01
4.411805822244785347e-01 -5.455393292745236433e-01
4.988846699814648566e-01 -7.173777661851891141e-01
4.340995506480722632e-01 -7.242343692945327760e-01
3.467700373441591766e-01 -6.322504391564104376e-01
3.687647521990310429e-01 -6.532960462949358726e-01
3.098430013516644266e-01 -8.730185633667872924e-01
2.806863485084385434e-01 -8.672495404538599351e-01
2.922867858079603032e-01 -8.203356685758249611e-01
1.878297792321734772e-01 -6.394685636978898469e-01
2.177687957087492965e-01 -5.086396188855842881e-01
2.697023403501835892e-01 -2.071267618547381617e-01
2.692715543703771419e-01 -3.336132648523046917e-01
3.651399413205507760e-01 -3.173982542492704839e-01
3.449157669593586606e-01 -2.692084862410388801e-01
3.701441645745970344e-01 -3.746901533819962937e-01
3.212043809394396487e-01 -5.267506329864640735e-01
2.652001447973352244e-01 -4.899702295480415914e-01
2.770777130670237232e-01 -6.708507514685351225e-01
2.377685747086168977e-01 -6.097102439449308964e-01
2.494778327694453235e-01 -5.958123168419904303e-01
2.471607164279632229e-01 -5.364413085529410319e-01
2.182152890043760896e-01 -5.889614383920591667e-01
2.513671856703958429e-01 -6.787562759732117534e-01
1.649949662854842680e-01 -6.966163036617748494e-01
2.030296794475593136e-01 -8.010383931243800770e-01
2.991999606347732210e-01 -6.294778220289009019e-01
2.870378694827801502e-01 -6.778831089015536771e-01
2.467207484991571498e-01 -5.722784047521256579e-01
1.519853110048111078e-01 -5.311515683804014509e-01
1.481578952431595875e-01 -6.324969842127963204e-01
8.966491415874683346e-02 -5.881426713445816468e-01
4.378306536288326112e-02 -5.516831119306050413e-01
3.702470838645512824e-02 -3.988549114640783655e-01
-3.124994238671630065e-03 -5.153734974676804637e-01
2.624892374747165441e-02 -5.796387907423902197e-01
5.690259136012738861e-02 -5.605588483627672591e-01
7.284045550221482368e-03 -4.753997668828898737e-01
2.400502960232497873e-02 -5.615938135746775250e-01
2.061129796643863116e-02 -5.254283677749096437e-01
3.765964547002715462e-02 -7.043936369426810895e-01
7.566738538261161273e-03 -5.806234079721576125e-01
1.925314184963081501e-02 -5.993515178150458089e-01
1.253091019739080263e-02 -6.865486684641332049e-01
4.178211444591289903e-02 -7.753226412584608429e-01
1.192182518994647777e-01 -8.522381410532036128e-01
1.389940862073585914e-01 -7.109682863528461461e-01
9.185872107353960925e-02 -4.640535842169789538e-01
5.350990413926851735e-02 -5.223199939257089364e-01
-8.065394226894978535e-03 -3.200762086659739714e-01
-5.569054359834450102e-02 -5.305751697758724905e-01
-7.444015913079303493e-02 -3.188060690503469186e-01
-1.291304870057913279e-01 -2.569061084443671206e-01
-8.803390055311764717e-02 -1.081054473613383693e-01
-1.194721363925035917e-01 -5.526989259246230246e-02
-8.854392327475646418e-02 1.055934047353338651e-02
-8.676968175582852605e-02 -6.752261942283413476e-02
-1.198519583776311848e-01 1.607689391426405656e-01
-1.598103444139677420e-01 1.073866828530835316e-01
-1.633375391357700379e-01 1.571738347091855559e-02
-1.208433907632301962e-01 1.145339417515702646e-02
-1.316563556991158790e-01 1.988289687796935268e-01
-1.077124096094295436e-01 2.339292487783438956e-01
-9.115197758046873766e-02 2.203031693364488619e-01
-1.169441673920720431e-01 1.365601399177307496e-01
-6.901145608046538316e-02 2.816813080602655894e-01
-5.295375233651511415e-02 3.800594565046935269e-01
-3.651850200372382116e-02 3.254210570648498058e-01
-3.591094441898123185e-02 1.922150382078720299e-01
-7.201152540214336706e-02 1.001364417625862369e-01
-8.600236054053823909e-02 -6.694269031682541227e-02
-9.843278846990982656e-02 -2.155624612586157229e-01
-1.061027022394677999e-01 -1.648038460139807371e-01
-9.092601056980210983e-02 -1.660847805658599297e-01
-1.144434740720481070e-01 -3.550499595511726336e-01
-1.324193786868940181e-01 -4.184599094953656562e-01
-2.265686417748244974e-01 -4.917364351248568188e-01
-1.784361808466902732e-01 -5.142979656350172846e-01
-1.287650718034166197e-01 -4.922452358135182560e-01
-1.011859763058572254e-01 -7.004171340560136905e-01
-1.094354653909654779e-01 -7.148691148910062410e-01
-1.253851696650575831e-01 -6.543080913863066339e-01
-1.557193836639837181e-01 -5.845700547638438271e-01
-1.206917385060394532e-01 -7.633178316901870764e-01
-9.286815618503499459e-02 -8.612411579405655493e-01
-1.764016456166421498e-01 -9.560534271600638068e-01
-8.226633477296499408e-02 -9.456176290525768469e-01
-9.423928995795777253e-02 -9.065071957614746490e-01
-1.515456524444315778e-01 -1.031550902629295718e+00
-8.332110283304827725e-02 -9.607332947269856538e-01
-1.448166167799757043e-01 -1.062693442925601639e+00
-1.122835155151906267e-01 -1.031842106549597515e+00
-1.565046088035436933e-01 -1.007985724407655104e+00
-1.411520640819822481e-01 -9.392669173705631147e-01
-2.355598056989098299e-01 -8.800612304207475756e-01
-2.290364873230196496e-01 -8.623808444743896739e-01
-2.234625178978308091e-01 -7.791393199047522700e-01
-2.071298156028430482e-01 -7.810749092793493054e-01
-2.304672872214677537e-01 -8.260161247128414708e-01
-2.056343686324825504e-01 -6.116256195662025386e-01
-1.890614870905031331e-01 -4.346812092704550601e-01
-1.600450750836677760e-01 -3.418492591450413287e-01
-1.961449656065236136e-01 -3.315395869041878885e-01
-1.221835866541738647e-01 -3.350922697983413356e-01
-1.954540540470551813e-01 -3.805714991059620522e-01
-1.562090764940042842e-01 -2.939248552496338540e-01
-1.468937929272388643e-01 -2.137862134065507402e-01
-5.974437094650873747e-02 -1.851349694270453816e-01
-8.842950788047881927e-02 -1.650763465250927320e-01
-1.366893430320000324e-01 -6.714816907491352738e-02
-1.934422342613674184e-01 -2.187926947531021182e-01
-1.903518572590178759e-01 -3.005001869472951892e-01
-1.555766046784463064e-01 -2.250365773534659941e-01
-1.746347219818257523e-01 -2.261634601637274589e-01
-1.626777613852686821e-01 -2.305034600566362446e-01
-1.371587210952807112e-01 -2.772687623605193386e-01
-8.899717989223357439e-02 -4.474150557305945908e-01
-6.960621352681281571e-02 -5.624493101782638282e-01
1.387324127986866440e-02 -5.711681438715238146e-01
-2.869015419010931267e-02 -5.700354020891903462e-01
-1.450773015599843285e-03 -5.057006295736585777e-01
-6.048596562323628467e-04 -3.912948418986135213e-01
5.487694173888984367e-02 -2.470962709856118489e-01
2.608650894201834658e-03 -2.785973911700790340e-01
1.679461608758725522e-02 -1.982806971602899537e-01
2.787615634662262212e-02 -9.864790133972148323e-02
4.980834614358289891e-03 3.092677743095466336e-02
-1.071692249154888726e-01 4.403211877053479079e-03
-1.317541194378441805e-01 -3.167072102375383114e-02
-8.271288988300687373e-02 -3.692749543595841982e-02
-4.637187726153236406e-02 -2.757347234217352033e-02
-5.907275273085581951e-02 -1.261154758762803585e-01
-1.023664088758898666e-01 1.893132255425569732e-02
-1.972941178085400593e-01 -1.220306121260802262e-02
-1.455292823616145537e-01 -3.242518480716032048e-02
-1.613115655273783255e-01 -4.990636278567107953e-02
-2.315946143155048764e-01 -9.817821644497634614e-02
-1.862398292108422004e-01 -1.500426719532854947e-01
-1.893798200056982239e-01 -1.705468636064672583e-01
-2.391539931264403673e-01 -1.941169618055405277e-01
-2.502979793761512806e-01 -2.848935035071065158e-01
-2.310714527805566576e-01 -3.932362792708746779e-01
-2.198359514435281326e-01 -3.724462160274860656e-01
-1.984415748591359385e-01 -2.199249669079159919e-01
-1.809827122574814429e-01 -1.509063765894161635e-01
-1.813795231201565661e-01 -6.419150156529471185e-02
-1.241833787476068068e-01 4.243135413014355317e-02
-1.402722658214153317e-01 1.204632791753516841e-01
-1.827234023691647058e-01 1.134439701123414052e-01
-2.108982925459501334e-01 2.813158396466472477e-01
-2.891352988960801396e-01 1.053178287028634641e-01
-2.659748026281175681e-01 1.170392042983445929e-01
-3.221554804226952062e-01 3.716623779325439747e-01
-3.207455854049256483e-01 2.262319559311438411e-01
-3.895889583352061813e-01 1.820854911105025398e-01
-3.123315037089824941e-01 2.563645289355330203e-01
-3.145275556846456322e-01 1.635680870858374492e-01
-3.760047579706284893e-01 3.110329949923720805e-01
-3.681859637228994675e-01 1.002921762257536487e-01
-4.013598633427174489e-01 2.410827062413344879e-01
-3.678271387623418542e-01 3.655524682243240786e-01
-3.799344891567461024e-01 3.504168730460405223e-01
-3.668710708789991726e-01 4.224724400984424255e-01
-4.218248763946330637e-01 3.256319691576680109e-01
-3.657266268013090182e-01 3.600328002310075326e-01
-3.663846150149253633e-01 2.875234404818034495e-01
-3.739823035022308839e-01 2.978697182743479943e-01
-4.751435730286421300e-01 3.997232512946442551e-01
-4.571475587868936707e-01 4.987193380426243605e-01
-5.009174377146861090e-01 4.837672710284082744e-01
-4.976310051132525336e-01 6.197815315134750369e-01
-4.235250071924158699e-01 7.042427101060735328e-01
-3.654686479067089655e-01 8.385478121695583154e-01
-3.139464002821903965e-01 7.593737732235790183e-01
-3.456372439361740101e-01 6.264038338322636124e-01
-3.995533410970411592e-01 5.960749153717245230e-01
-3.824899576827772152e-01 6.064235737110428293e-01
-4.414364382210489435e-01 5.908608071655208072e-01
-4.007541711047700739e-01 5.973390695236945325e-01
-3.964554265523215215e-01 6.899296478711176572e-01
-3.171701894875251226e-01 6.730021495763727213e-01
-3.782700176715833029e-01 6.993198791197872133e-01
-3.999008243569102117e-01 5.294696840410560990e-01
-3.741579528401036137e-01 5.164419791432941498e-01
-3.522458840504689159e-01 6.126671488205713834e-01
-3.823313849031520495e-01 7.147854970555391763e-01
-3.334685088848776680e-01 6.927992085032954606e-01
-2.583921057157802514e-01 6.065146582862437352e-01
-2.530600021784372711e-01 5.265118621753480666e-01
-3.339137600395831185e-01 5.409249247871893429e-01
-2.805140428417141618e-01 7.096610698221510471e-01
-2.466641228355218596e-01 6.678744386411132883e-01
-2.704225388689448506e-01 7.903263231283293999e-01
-2.985963575344902088e-01 8.815673588752593881e-01
-2.736500744909303728e-01 9.953372439287744289e-01
-2.862991507705312522e-01 1.020557361313086719e+00
-3.647683418565808022e-01 1.089851297430830090e+00
-3.667781521223835717e-01 1.088279860625601003e+00
-3.874196019549605574e-01 1.167259192372657406e+00
-4.477170127758037799e-01 1.064499221370389881e+00
-3.784325182448710079e-01 1.065247516322473054e+00
-3.567027339991556412e-01 1.000101805248161391e+00
-3.165724358364012114e-01 1.078365676264647188e+00
-3.225779031057426360e-01 1.052695771528445734e+00
-3.865093913362226963e-01 1.033727083734960583e+00
-3.408802364546175689e-01 1.049499349070539989e+00
-3.308429966350525664e-01 1.110879924411205089e+00
-3.075074661979559365e-01 1.238322896362526127e+00
-2.698778624449061914e-01 9.523386878537231093e-01
-2.482215143448907313e-01 1.058461138202889007e+00
-1.694328901691468658e-01 1.099933861498442411e+00
-1.652430007741095552e-01 1.199212436705207052e+00
-1.610895876518882164e-01 1.226056818388624237e+00
-1.626910723717306662e-01 1.125959980446825881e+00
-1.556479890907832564e-01 9.593288316628780787e-01
-7.769657750336891877e-02 8.963227835316343040e-01
-1.305076439219171325e-01 9.294224962105401833e-01
-1.118084444565412422e-01 7.551095138579717592e-01
-5.591824524086046883e-02 6.131815107104432450e-01
-6.347816650277582351e-02 7.916620965097936891e-01
-7.262550061883576991e-02 7.302762172346998204e-01
-4.757393350577157620e-02 7.181599745618909569e-01
-3.968990230934721364e-02 7.052203864349364526e-01
-1.669908914160355556e-02 5.116375511210419225e-01
1.736849974784283879e-02 5.772671323502712726e-01
-3.386756050223573011e-02 6.592433747165776792e-01
-3.078133692007756217e-02 7.591009600285186787e-01
-1.065953347559957937e-03 7.683092039152702446e-01
-8.251761763447914080e-03 8.509300618170071440e-01
-6.210736714267219016e-02 8.126839200592737011e-01
-4.656485377040874701e-02 5.504161953697621623e-01
-1.890876483568046731e-02 5.228312430915438291e-01
8.850293262872502287e-02 5.092780483304065742e-01
7.630873248951505761e-02 5.593707419850992846e-01
-4.857333670208255350e-03 5.043259583291550552e-01
-3.887059996650536753e-02 4.547281799853808426e-01
-1.287712100747084865e-02 3.541352791481341411e-01
-4.818822873497118076e-02 2.839583171115768745e-01
-1.576709815226656208e-01 2.418988496060494597e-01
-1.389363133267696448e-01 1.256507306967388771e-01
-9.843835003434672770e-02 1.505590930117670645e-01
-3.234967028158761138e-02 2.952565500245389885e-01
-3.151224521555661545e-02 2.813338865196551297e-01
-6.379635478062145593e-02 3.225716797311932726e-01
-7.629543641243990981e-03 2.939116436474328853e-01
-3.506011419510077221e-02 3.651753012811265187e-01
-3.598212365245827271e-02 2.948841148533845047e-01
4.200414456359750914e-02 1.581866037002524483e-01
1.142462468541348766e-02 9.023546326550074825e-02
-6.604627012335637787e-03 1.561078445268517523e-01
-1.275982813727003645e-02 1.278530329561321233e-01
5.394216771100118074e-02 -6.143546699274332612e-03
2.486848620773359983e-02 4.769625038020087332e-02
5.171980113775377641e-02 1.488742180333012810e-01
1.565579972753803617e-01 7.268441487801236001e-02
1.279879080049018958e-01 2.959532265289036013e-01
1.140449764172597330e-01 1.992487646791378242e-01
1.022643852006816373e-01 1.532955894195509317e-01
5.358310436368593499e-02 -5.539637665034119474e-02
5.841071131571550640e-02 -9.894736414987684303e-04
8.488898023520734248e-02 -1.107222480257515768e-01
2.352541919409069371e-02 -2.004041858465780979e-01
-3.140755916233980288e-02 -1.392161392859885827e-01
-1.016215572309183968e-01 -2.020131826034929357e-01
-9.846042999381146577e-02 1.891421780432792077e-02
-5.922315635682984247e-02 -1.061221846068179098e-02
-5.044270659672911439e-02 -1.042436758806530514e-03
-2.000672398514385941e-02 -2.338198356966680533e-02
-1.597423928050985611e-02 -1.125273716710240707e-02
-1.116950568021433075e-02 -1.550671930713639346e-01
-5.876058061959858053e-02 -2.456390389397697382e-02
-3.297296525848696092e-02 6.309967787457057553e-02
5.600367328101388265e-04 7.347606364704800663e-02
1.060771726666649706e-02 -3.863610990657069533e-02
-6.347985801191657895e-02 -2.423327662601476584e-03
-1.074460577509850356e-01 1.049388508882972693e-01
-5.549489673538336720e-02 -5.686677772610151949e-02
-8.000232597643242016e-02 4.624281496943169478e-02
-1.208957234485111831e-01 1.075231391070180231e-01
-1.476662759220090382e-01 5.665476368206470714e-02
-1.248016829478668099e-01 -1.268985774004828815e-01
-1.848508886014985086e-01 -1.216651070168175974e-01
-1.410533819032523117e-01 -7.704229608965883214e-02
-8.386141549780851134e-02 -1.353182859243907965e-01
-7.617994358469808158e-02 -7.693338339710878437e-02
-7.477984500586891403e-02 6.043566482595250089e-02
-1.075287347880766603e-01 1.368739086160470630e-01
-1.371823828580710225e-01 1.093062435439280528e-01
-6.675160492566251103e-02 8.416461504069200350e-02
-1.260579151300776635e-02 9.227578871467800870e-02
2.331703433128112443e-02 1.749216176666902878e-01
5.145045878561330110e-02 2.559258257200412445e-01
8.273070009759000976e-02 2.653113649497932935e-01
4.438554868699921135e-02 3.080852654161239101e-01
-2.643021932903768384e-02 4.826305490051868707e-01
2.045808591008314858e-03 4.261339495385010334e-01
-4.646212558215587901e-02 3.364228180672533819e-01
2.073204454212774356e-02 3.804305938550661126e-01
1.210170330268250244e-02 3.258123682092035067e-01
6.862909709856684914e-02 2.504247817124773956e-01
1.428511231556435501e-02 2.293506590008702051e-01
2.050180863095903486e-02 3.003838160146397596e-01
1.490492775505047884e-02 3.605001495348775231e-02
2.694250416058880521e-03 -2.853130536797053585e-03
1.256964836339808100e-01 9.719846476250955380e-02
7.028847796140358373e-02 1.781872914264997221e-01
4.473528739798379728e-03 2.629232482990994102e-01
-1.831364400199989723e-02 8.617890744424747118e-02
-2.312192334082755277e-02 1.582546772548279190e-01
3.137340277058371651e-04 1.661502550459040828e-01
-1.528488683436427138e-02 4.586960381776883366e-02
-8.772554626593714877e-02 2.158545976377641007e-01
-1.346913002655272251e-01 2.743373018644174599e-01
-1.939034964159600249e-01 3.436177993424903709e-01
-2.237745588110577055e-01 2.567081439517964747e-01
-2.133077043479131019e-01 2.007470721988685869e-01
-2.273495486855145464e-01 9.619587340532792519e-02
-1.814640365365007835e-01 1.136363801127291684e-01
-1.635846646696554607e-01 1.119049278973238692e-01
-8.155671640545601730e-02 -3.587373588943319758e-02
-2.263234232167186250e-02 -5.725974853039307588e-02
-5.793442643429237704e-02 2.357572989915527467e-02
-1.561311976863895001e-01 8.746449498534986100e-02
-2.204646287404613270e-01 2.311126422647394318e-01
-2.579008270886328225e-01 3.054273841181173177e-01
-2.391802698172566244e-01 4.587417156529656759e-01
-1.686617706101039282e-01 4.132334074699935966e-01
-1.591516806214128554e-01 3.225875802968944939e-01
-1.494320374911300153e-01 3.915987307499010917e-01
-1.593080676343292257e-01 5.126481332040766503e-01
-1.799788630462398620e-01 4.975862671269923321e-01
-1.547561396145252233e-01 5.522137213098707864e-01
-1.127483611006546010e-01 5.610422655835995975e-01
-1.287734255635444858e-01 4.667867666256361181e-01
-1.465838645516948646e-01 5.798290171293316586e-01
-1.796278597573031099e-01 4.792920518145497577e-01
-2.240062750123529289e-01 5.325635504289456534e-01
-1.594371557544858597e-01 6.831401070176065238e-01
-1.604274564704096795e-01 7.112850970818181962e-01
-2.011097666659598382e-01 6.410489065835285327e-01
-2.045206605146369927e-01 7.063358906615790911e-01
-1.338152584894369834e-01 7.405182412626293287e-01
-8.695670220749210366e-02 6.556520471609225131e-01
-1.035567636526975449e-01 5.910372646857167123e-01
-4.857333408712336681e-02 5.122249150425709496e-01
-8.093556123879735997e-02 5.685381758328984514e-01
-5.655710837907233779e-02 6.544262068620672057e-01
-1.200444497181253067e-01 4.654449049163721375e-01
-2.483157254555626303e-02 3.942428006976613775e-01
2.443827612653766065e-02 3.917905596153204995e-01
4.097861425500780308e-02 4.503402222899843821e-01
1.263525302962079100e-02 2.874593358228570428e-01
-3.815302726270074912e-02 1.930845349826645074e-01
-5.177213165924280519e-02 1.026062183609484924e-01
-4.920360970853095844e-02 8.041740607487145309e-02
-1.408994879919873711e-01 1.668562965727692915e-01
-1.404795169571999847e-01 2.040171197131424863e-01
-1.373532688157126647e-01 7.900322180470915889e-02
-1.051512933512965264e-01 6.536092689214334506e-02
-1.602127286072240753e-01 -3.947042744873766051e-02
-1.212236808770276175e-01 -1.330094623308256951e-01
-1.939287767786244954e-01 1.032091167068890925e-01
-1.347483035392190720e-01 -5.506192677790118506e-02
-6.120328394760507495e-02 -4.863230124384113756e-02
-3.630532700414156738e-02 -1.569363425913429255e-01
-2.639402153285392780e-02 3.629612441845078696e-02
-1.348417229440900846e-02 4.536361592556577282e-02
4.561390828463503244e-02 3.443462728763826280e-02
8.873968076482735556e-02 -2.370969059418355507e-02
4.970216412081307489e-02 1.032893865892962754e-01
1.022408727422995101e-01 1.478753817122284431e-01
1.237186591459289164e-01 4.712776262185304488e-02
1.805732177883920264e-01 -1.538741246809437468e-01
1.173469339189086857e-01 -2.561390849773637624e-01
7.177115086503887964e-02 -4.575302346875039783e-01
8.405091971887844460e-03 -2.921579950769622180e-01
1.384464759347058677e-02 -3.675486102535450161e-01
4.016123695535504107e-02 -3.699251058359436795e-01
7.400995227684067923e-02 -2.722111998316371628e-01
7.307660245214189776e-02 -2.035128721611766112e-01
-1.659609646767229441e-03 -8.550031073143503357e-02
6.981162305353322273e-02 5.244767587842610879e-02
8.825561114439825494e-02 1.768445460918395828e-01
1.053179777249153709e-01 2.582410389565437114e-01
1.422853841306164213e-01 3.575961171549495443e-01
1.956247934976852454e-01 4.204055862441204994e-01
1.450229942190389698e-01 4.719731485471903576e-01
1.121200441255447711e-01 3.112380478054850297e-01
7.906298194126334944e-02 3.269120995868430302e-01
6.366486383481211042e-02 3.628487868972766206e-01
1.485169090882292875e-01 3.595816345799365821e-01
2.427216831762732951e-01 4.107973849210538875e-01
1.777324161469255870e-01 5.637810557428328817e-01
2.608105558206014751e-01 4.506191638754714068e-01
3.016810629032368185e-01 4.568523561949673351e-01
3.025886179114048447e-01 5.287832388470599110e-01
2.419257507490095993e-01 4.484386495701633835e-01
2.346492938413614893e-01 3.521267807366230684e-01
2.919447687617583997e-01 3.621561602322061479e-01
2.104694538374680679e-01 3.869072494945036689e-01
1.757189889677320538e-01 5.134770803385981797e-01
8.709643118581786303e-02 6.785317563188466572e-01
8.120566465552131463e-02 8.155766488759573773e-01
1.207796600284115202e-01 8.352414470427365067e-01
1.165657401365457757e-01 8.502608652274270540e-01
6.930432792244932416e-02 5.880609149351812004e-01
6.251088409667986123e-02 4.750847520133445467e-01
3.415889724923702742e-02 5.173003467205042893e-01
2.437366166634024472e-02 4.629272464119467134e-01
-2.896376421602559273e-02 4.458875254036282487e-01
-3.161516854779686941e-02 3.828000077774916243e-01
-4.794486371249147283e-02 5.023000100370713650e-01
-1.360728809009665585e-01 4.687180652597597863e-01
-1.067647884023090327e-01 4.420046241124088171e-01
-1.389449796560473793e-01 4.499432559068344828e-01
-1.619753796197402340e-01 5.077461788640129647e-01
-1.769668501723330456e-01 3.988796820302609736e-01
-1.193536051009565224e-01 4.635808952533521654e-01
-1.506710015784761270e-01 3.707234743875666982e-01
-2.503914794899130825e-01 3.879002201326945398e-01
-1.702002811146196282e-01 3.734773005981351646e-01
-1.757008261874530020e-01 3.483433823604312751e-01
-2.368285929810419466e-01 4.347683084629648254e-01
-1.382241227648673965e-01 3.834202856051927566e-01
-1.792480895852038569e-01 4.173620176870996290e-01
-1.992412091563269816e-01 6.217764414243426296e-01
-1.638989304918687384e-01 5.301017228370159540e-01
-1.491404280529023685e-01 4.411499383541400698e-01
-1.489177905661476231e-01 4.514575808140726676e-01
-1.586851176870545665e-01 4.546345206199152722e-01
-1.889203770900228507e-01 3.303297108448210451e-01
-1.889480080258327255e-01 2.413637663060851646e-01
-1.823991149919937105e-01 7.441004486754909664e-02
-2.017114414117052723e-01 6.248486165081335031e-03
-9.353865085938303792e-02 7.040595969806236198e-02
-7.641220518531574579e-02 -2.688374971217256937e-02
-1.402239291679222566e-01 1.663488846411747407e-02
-1.310378380129197384e-01 6.899609815991723794e-02
-1.067201382065505327e-01 -2.587729500306858166e-02
1.734959779017179737e-02 5.114033751139823031e-02
-2.434299446692766988e-03 -2.412840421282430592e-02
-8.323811810966292787e-03 -1.341226124431200706e-01
-2.627120719468536980e-02 -1.708285393304828093e-01
-1.842235811098380527e-04 -2.521738945865820147e-01
-4.533491305935661957e-03 -3.769959219234630399e-01
-3.962678520522235764e-02 -3.011375807207558597e-01
-6.562749808529397266e-02 -2.640609716604294666e-01
-1.239487260632624738e-02 -2.826650461665813907e-01
-6.537299775932656209e-02 -3.811203788147641824e-01
-5.285004301265554261e-02 -3.850351829656807334e-01
-1.702856146181992714e-03 -3.303107982023857359e-01
2.073826674011723138e-03 -2.998182741949595442e-01
2.833550030486282900e-02 -3.544657121724177351e-01
6.250581803369871514e-02 -3.438665069537239494e-01
9.613668295557364907e-02 -4.349612092526040641e-01
8.636808279400412514e-02 -5.595854865315385007e-01
5.094274845538546842e-02 -7.178459073209891850e-01
3.590699508124223921e-02 -8.286186456573766401e-01
1.059368744137625939e-02 -5.400646576178154135e-01
-7.629489310217962145e-03 -5.554038403825540815e-01
9.434488852279787618e-02 -6.322271697885041286e-01
1.504662360256865672e-01 -4.932328839134912934e-01
2.058751237507135401e-01 -3.159466734653942344e-01
2.489270932787014945e-01 -2.418120933112960225e-01
3.193218799895085058e-01 -2.848109861543378640e-01
2.654852002500244224e-01 -3.369607263586936186e-01
3.058028291096696605e-01 -5.493780980417302118e-01
2.770283277688970758e-01 -6.401415202103133417e-01
2.578393369032809246e-01 -6.415537310628526280e-01
2.678324812303919944e-01 -8.019767678379351450e-01
2.503591093990911176e-01 -9.328896173809207992e-01
2.371132805547391253e-01 -1.023895537882781870e+00
2.740010812933362794e-01 -1.020898390323781157e+00
2.320698779211713969e-01 -1.082509142057666685e+00
2.120965876630316327e-01 -1.067089018241053955e+00
1.828957275915709946e-01 -8.696942081883927145e-01
2.114065262373707177e-01 -9.787857859936037741e-01
1.793818782368944709e-01 -9.008551270759669327e-01
1.443111423391120474e-01 -8.368099921871745561e-01
1.820117037690124062e-01 -6.926114465597530412e-01
1.787726193547732600e-01 -6.467279521067598180e-01
1.304036443305884030e-01 -5.363072727040667509e-01
1.601247935500643982e-01 -5.343852224316659738e-01
2.079906421568250563e-01 -4.452191086614321058e-01
2.743107578313044859e-01 -4.023991204214062978e-01
2.393838364469235702e-01 -4.766263477932815018e-01
1.775856046237632158e-01 -5.503170417006142401e-01
1.710751696335363892e-01 -5.181653260301967157e-01
1.755807963325111409e-01 -4.049473880496312628e-01
1.943564498261170781e-01 -3.786247484270987007e-01
1.675460988793977257e-01 -5.085736096078194990e-01
1.158350888834529385e-01 -6.144555115478500529e-01
1.665073088721929495e-01 -4.621781173608443538e-01
1.274262821440920457e-01 -4.285302539090929952e-01
1.601276441064111433e-01 -4.711398072627532296e-01
1.109540239219252711e-01 -5.686498502671818445e-01
1.545010812922647248e-01 -6.265322848316545734e-01
1.442074615612690680e-01 -5.636588346962226881e-01
1.323196940538617083e-01 -5.713320988504136944e-01
1.222430516602511230e-01 -4.952645043186865714e-01
1.120284670530915794e-01 -5.761092714753144328e-01
1.194153470983577853e-01 -6.477206641862236491e-01
9.523275405404509064e-02 -6.672762514976262604e-01
1.261316936458173332e-03 -6.825163165186165504e-01
6.780431967236947612e-03 -5.898681306220197040e-01
6.505654934896198949e-02 -5.685242853241151417e-01
8.383661286737828511e-02 -4.838718329320258471e-01
8.267390680338104758e-02 -5.660330457635955881e-01
9.320893396510535056e-02 -5.131677526771829534e-01
6.968607674630226956e-02 -4.382978903779314872e-01
5.743758970237118622e-02 -3.916679078779909950e-01
4.505619949758760123e-03 -3.486252579794838491e-01
7.557919398234214103e-02 -3.757644241601631463e-01
1.052358752674429909e-01 -2.927718350272863201e-01
1.304093902857177412e-01 -3.311739405181119422e-01
1.579250866617376015e-01 -4.469093770920130049e-01
1.254169470758844940e-01 -3.668331358608328263e-01
1.456335082641332102e-01 -2.560244765471151318e-01
9.492553331052089316e-02 -2.074454656837585731e-01
7.100356520527754955e-02 -1.459817015086917191e-01
5.292758719128110023e-02 -1.260348960060351797e-01
5.744080405994606703e-02 -2.265055177294799105e-01
8.405581858983937615e-02 -3.607732503347241826e-01
1.277302602362714867e-01 -2.961171118597545338e-01
1.082932604452169628e-01 -2.317511439847273202e-01
1.255403668671191686e-01 -3.309473722039535382e-01
1.188668231455266427e-01 -2.941813026880029103e-01
8.006530309813120194e-02 -2.924596625335452171e-01
1.200195032923533217e-01 -1.904831347672923947e-01
9.581290694992375401e-02 -1.697099968256217395e-01
1.038592687022373007e-01 -7.572089159005243597e-02
1.061553404224218344e-01 -1.704437515324803698e-01
1.537323594695692297e-01 -2.306262193215354306e-01
1.320509652403905609e-01 -2.950905948546641011e-01
9.527643142739034010e-02 -4.232372171970175678e-01
5.348640977952163339e-02 -4.205142762198720852e-01
4.444501352580963738e-02 -4.327945071062003213e-01
5.675354525189894861e-02 -3.595321604839666896e-01
7.500039358683756319e-03 -3.766786245562845359e-01
-3.921447700784015666e-02 -3.889214599002955297e-01
-4.686877520317561663e-02 -3.351694084066679791e-01
-5.794761606117915242e-02 -4.283676246917211827e-01
-1.002586920953655869e-01 -3.198876176621894274e-01
-1.277219862052368093e-01 -2.363158875526470415e-01
-1.639257507363747757e-01 -3.109703083338180019e-01
-1.975754642729144472e-01 -2.962634226731863385e-01
-2.367647750299434750e-01 -2.203460120900913588e-01
-2.011958916322515445e-01 -1.666632293432628864e-01
-2.092900436370382367e-01 -5.022815042615524916e-02
-1.886963849947250194e-01 -7.116761068226745701e-02
-2.185944880270591639e-01 -1.456111496024212193e-01
-1.303561946381477377e-01 -2.904826225754923996e-01
-1.041052778673402512e-01 -2.640777751400052442e-01
-1.123827055540274067e-01 -3.333660530155234114e-01
-9.049659041117930069e-02 -2.583489140052238620e-01
-8.109991969631312470e-02 -4.043149652035199493e-01
-2.264763816118392503e-02 -4.694955487235282776e-01
2.034083671093641493e-03 -5.206845306309069166e-01
2.723991688327911942e-02 -5.208353718717491088e-01
-1.027087246444889634e-02 -4.543243442373094965e-01
-5.391310023927849832e-02 -3.311539020982432469e-01
-8.766881765001588445e-02 -6.089613321862711315e-01
-9.352966826677809598e-02 -5.851789205604585042e-01
-1.610630188319022715e-01 -6.709078364319075449e-01
-1.053757755778812477e-01 -5.383350939503760424e-01
-1.833492955947340908e-01 -4.012305196491881554e-01
-1.502945604322592776e-01 -3.930124457291364060e-01
-1.599659617485924556e-01 -2.705677039812479645e-01
-1.474384169233532438e-01 -4.654208587769687044e-01
-1.817212512811325342e-01 -6.100144294555565061e-01
-1.688207306304431721e-01 -4.985372624296667832e-01
-1.375026333913977605e-01 -4.523445019416524326e-01
-1.266259590644302213e-01 -4.436734309710886337e-01
-1.225208538938347691e-01 -3.675610693975125964e-01
-7.237783714579359984e-02 -3.681493751328721586e-01
-1.319179083941942887e-01 -6.007622430194412555e-01
-1.203818911449237722e-01 -6.160419952832784096e-01
-9.554682231552184823e-02 -4.225685372774184989e-01
-1.352862789397321630e-01 -3.123904579125735825e-01
-1.654202378749436431e-02 -3.986557710466704929e-01
8.241623992804390786e-02 -4.728067638852619381e-01
8.137361106861798477e-02 -5.332134416564745516e-01
5.236591749825997982e-02 -7.705272879908290351e-01
1.482076024216604226e-01 -9.721123674557742289e-01
1.211718336905391602e-01 -8.800511809877138436e-01
1.736486040669033282e-01 -6.473787423774096661e-01
1.222427413268660223e-01 -6.809990073160320234e-01
9.438010095141256828e-02 -7.709996242772385600e-01
1.485673372195439601e-01 -8.210066961339080871e-01
1.304622423924584051e-01 -6.757801301976832375e-01
9.841718712997289675e-02 -7.150083703998837414e-01
8.261373067470416387e-02 -6.640957809346874630e-01
5.772415904532474107e-02 -6.917058128293082087e-01
7.204689202701547446e-02 -6.349634477520065268e-01
1.026297513574811471e-01 -7.437640934613907184e-01
6.992455162216162923e-02 -8.112066961049931857e-01
3.545002169649721924e-02 -9.878420983446689618e-01
7.475006025537359045e-02 -9.898937057104785220e-01
1.027394171840072534e-01 -9.805070677081310082e-01
1.290792033347603618e-01 -8.746153793112901864e-01
1.555993887347482951e-01 -9.454901095583116977e-01
1.021318632225862721e-01 -9.517928280149619003e-01
1.235237872254543179e-01 -7.567727853578546382e-01
1.326782529119089060e-01 -7.634479662062418903e-01
8.774355506079870026e-02 -7.075424057303163483e-01
9.676107134741977756e-02 -7.817565123451405418e-01
1.007728732316102299e-01 -7.564251563878521267e-01
6.651511802961998510e-02 -7.875734951447510568e-01
8.140326311634665801e-02 -9.344890209722034324e-01
1.388906058085238870e-01 -1.016799357125497849e+00
1.937825452821564653e-01 -9.668036954433961716e-01
1.385557095010318818e-01 -8.783175578206173784e-01
2.825664197176392944e-01 -7.835603593467646011e-01
2.659460991373669425e-01 -7.297997251125005747e-01
2.945850084005857683e-01 -7.922759170476897372e-01
3.479047336316203887e-01 -8.893601820204719566e-01
3.777096547759134504e-01 -8.553795719970618272e-01
4.135948090661727417e-01 -9.422646032384752735e-01
3.943282358856742276e-01 -8.471524142420504555e-01
4.532017389276496444e-01 -6.631449980176442605e-01
4.086061471332982920e-01 -7.522183104631600115e-01
3.796426082668327151e-01 -9.130288821110709163e-01
3.627698699421801343e-01 -8.294348649453332500e-01
3.755375635461771222e-01 -8.150189172511290714e-01
3.587616198022857139e-01 -8.771527955925291220e-01
3.387495011259116229e-01 -7.139781561593704362e-01
3.330438683948321321e-01 -6.796059169552244317e-01
3.676574552976447086e-01 -6.274266700229713667e-01
2.974059903758418111e-01 -6.679625182511965686e-01
3.230284920750123301e-01 -5.996533692896646173e-01
3.490636806011724325e-01 -5.533470108821024747e-01
3.710369183970839702e-01 -6.277979537471612970e-01
3.657192587163143882e-01 -4.718207803223467556e-01
3.904837124551138183e-01 -4.416289872657386262e-01
4.237417951986179876e-01 -3.217661927155760493e-01
5.262311415216894828e-01 -2.953996678453748581e-01
5.638373893261701131e-01 -3.498184544883848890e-01
5.254790074390083277e-01 -4.143925698039121475e-01
6.234967791969011630e-01 -4.655029146019521447e-01
6.150684499980281217e-01 -5.042866481390807509e-01
5.931563969190941643e-01 -5.563416241181944333e-01
6.267808592960087966e-01 -5.840014993442016467e-01
6.254931449179400582e-01 -6.832621960137463812e-01
6.594732499647913970e-01 -6.903255659243795472e-01
7.311409048259055465e-01 -7.427102436702770483e-01
7.513206929548531532e-01 -7.480381496733381486e-01
7.168967130582830638e-01 -7.180326368740042042e-01
6.700276676870723369e-01 -7.256390953091277352e-01
6.607716147266408102e-01 -6.116577991603481257e-01
6.957915304057259442e-01 -3.523326805018200947e-01
6.737489211492211361e-01 -4.145679064917784928e-01
6.591453141166426777e-01 -3.859143727416921021e-01
6.330327894052978355e-01 -3.609657504076201895e-01
6.237576685683047240e-01 -2.665090997341004742e-01
6.605253779816041559e-01 -2.250926754790110729e-01
7.290435636563685762e-01 -1.959576040399444441e-01
7.930065693859245091e-01 -2.386011590677202254e-01
7.656122324355894015e-01 -1.080328508182617220e-01
7.666897121465076070e-01 -1.134863049880365515e-01
8.090854270086499378e-01 -6.579186984108487124e-02
7.760919314560559279e-01 -9.308123099956908120e-02
7.020183667164271446e-01 -1.942147959326227524e-01
7.367256483975758163e-01 -1.205141333741209936e-01
6.686013692908971962e-01 -8.067181037917836584e-02
6.430961544410093156e-01 -1.085522062294266982e-01
6.005134680676114112e-01 -1.803585625083016508e-02
5.856565377971022501e-01 -1.521147475426656848e-02
5.861111272864329980e-01 -1.600037822781032182e-01
4.651071130117314101e-01 -3.253182998804421966e-01
4.974323258379368395e-01 -1.783197557284350865e-01
5.200018961033139320e-01 -1.711175111806761684e-01
4.832634349369140381e-01 -2.403271191723538314e-03
4.826223868694322627e-01 2.721158154496494588e-03
5.151962395752200941e-01 -5.425843360189980952e-02
5.076929408040044001e-01 1.356687814973180084e-02
5.097935974203231524e-01 1.429570558808536396e-01
4.919538315565046838e-01 2.798218850650311951e-01
5.012503615885360864e-01 1.783269311197139828e-01
5.047429368580785836e-01 1.174910064663410858e-01
4.296505194630398927e-01 1.121175756209332047e-01
5.073426971315553313e-01 6.433170300332335945e-02
4.643633609461582101e-01 9.703984680093551141e-02
4.826116053524341365e-01 1.626649063534885142e-01
4.544212557605618041e-01 6.748209878261349215e-02
4.361000631602339195e-01 -1.442546681438197642e-02
4.549868247124064236e-01 -6.485748650259730297e-02
4.970826432996749977e-01 -9.625326053099859946e-02
5.578727905465682424e-01 -2.132853353223430060e-01
5.388904869757588090e-01 -2.984177623112794775e-01
5.144745522646706481e-01 -2.352951768976294933e-01
5.506581831877713773e-01 -4.060314906413993175e-01
5.209335894562161506e-01 -4.439817124034330931e-01
5.212694533138247932e-01 -3.981317479058010256e-01
4.534136627979610812e-01 -3.135785731228797335e-01
4.544041748149717508e-01 -1.298488460482888074e-01
4.286686413524516404e-01 -6.107344368290557046e-02
3.389257590855637159e-01 -1.489933927156636695e-01
4.344545786063555570e-01 -7.465165761325195937e-02
5.206967659697684381e-01 -2.600704390256632914e-01
4.635399852857718939e-01 -3.012069480207400507e-01
4.391490232439000940e-01 -3.925499071439079168e-01
4.422198119050113063e-01 -3.773089978673063172e-01
4.354353888975200371e-01 -3.760116697228826355e-01
4.388229464538106472e-01 -2.201229973601542822e-01
4.550424490775175079e-01 -1.503074695412577044e-01
4.203938115499589179e-01 -1.473714782830080339e-01
3.933924636991342760e-01 -1.025756148254438338e-01
4.191142575896740219e-01 -1.465394129260151890e-01
4.899870241441088847e-01 -2.865229465780262386e-01
5.385683771385656460e-01 -2.445227047421173194e-01
5.476612941672364121e-01 -9.768829455336619505e-02
5.165595669973099824e-01 3.360588272450178160e-02
5.175916820313646305e-01 2.100820955034184423e-01
4.988674326116275815e-01 2.371418837674151014e-01
4.679379180208164124e-01 1.554483653689575084e-01
4.685613006264445213e-01 1.057322749988938992e-01
5.378575857179179742e-01 1.073024721053180003e-01
5.775349696249499898e-01 1.045790452006683663e-01
5.666197109577983948e-01 2.096029628181468873e-01
5.359600316289094835e-01 3.631832486913207925e-01
5.372580590573724502e-01 3.482390483727962893e-01
5.295816568137975411e-01 3.643872344971534338e-01
5.725490950942034862e-01 2.827349513758520838e-01
5.848904568539570192e-01 1.638810810495645032e-01
6.086568219659902468e-01 2.328733989141019145e-01
6.683040229764519724e-01 3.173777568330222731e-01
6.586467676509774050e-01 1.970475145905823677e-01
6.216870237018922163e-01 9.978187654466302847e-02
6.354835917769238174e-01 1.101622161993112692e-02
5.878598155648941948e-01 1.013251808880757249e-01
5.809077314966880623e-01 5.589973788590419518e-02
5.315225890628569871e-01 -1.504097069863105374e-01
5.275424762349828489e-01 -6.117939387759604997e-02
4.912192736220840072e-01 -1.425331249736845052e-01
4.871083186251312092e-01 -1.972539483545871219e-01
5.652872821936438807e-01 -2.015515400628980491e-01
6.449543675094351336e-01 -1.896824710843419970e-01
5.294226957553874735e-01 -2.470852210487879674e-01
5.250397484620740185e-01 -2.262517621748959262e-01
5.755446795778105251e-01 -1.954562030308906184e-01
5.603821699936207823e-01 -1.249264223610548064e-01
6.239200154096643525e-01 -1.452945589783246338e-01
6.432572303509349609e-01 -1.584376611881005426e-01
5.980546579303114285e-01 -2.065818886517327702e-01
5.755545246093153322e-01 -1.512974949747742937e-01
6.132082744914052475e-01 -1.925905079821331745e-01
6.619681048301602200e-01 -2.901801857307447219e-01
5.645086254866487074e-01 -2.645654928414222784e-01
5.577997723101945082e-01 -4.587094792199168936e-01
6.047253871566644623e-01 -4.998674052061294892e-01
6.943544333851954242e-01 -3.738778349912632026e-01
7.292998230077225585e-01 -3.642746164288158672e-01
6.911324600365356119e-01 -5.957378991912783972e-01
6.752660392378785348e-01 -5.499769163297342223e-01
6.088201724000843473e-01 -6.752929572362403876e-01
5.735266366381590597e-01 -6.959665345588301744e-01
6.629510865172810741e-01 -5.475790148294708004e-01
6.686021746148630429e-01 -6.017731463611584175e-01
5.996694326365251682e-01 -5.745834272386969310e-01
6.418139697413158817e-01 -5.059137014154195811e-01
6.513654230853818117e-01 -4.096125345926048822e-01
5.843174577613987619e-01 -4.116857513264227664e-01
5.935531031607093055e-01 -4.177478968009025184e-01
5.139216858868986826e-01 -3.995099231967041975e-01
4.843267135461846729e-01 -2.805264179451018025e-01
4.354426045134869305e-01 -5.839901956492654644e-01
3.561398820703537416e-01 -6.698920864216029170e-01
3.635219236016786759e-01 -6.626934649345985751e-01
3.798898440738446292e-01 -6.665544455504414101e-01
3.839104973531914933e-01 -7.522158613923575210e-01
3.698591041811175595e-01 -7.430767686430732599e-01
4.366074950782459219e-01 -9.323274225982042251e-01
4.488649888463248083e-01 -1.219453663809540567e+00
3.999331123875158878e-01 -1.318134151841501733e+00
4.374750530189120412e-01 -1.478758292489259052e+00
4.873872693163428527e-01 -1.388765045141355126e+00
4.776992425938804132e-01 -1.305196296957516822e+00
4.453950702603581280e-01 -1.291987856483266084e+00
3.388831239413287455e-01 -1.284129921442590527e+00
2.763338735765332732e-01 -1.357208345818477824e+00
1.957224217478217010e-01 -1.550586226610433549e+00
2.018398969659627173e-01 -1.678012428041047555e+00
2.145960996036966606e-01 -1.623445820530558192e+00
2.184902405995644281e-01 -1.507626399901855985e+00
9.519503619658729876e-02 -1.287845718197243583e+00
6.909452484172484699e-02 -1.262248199157536943e+00
5.424673840936680702e-02 -1.345977259200608733e+00
-3.122835355847421862e-02 -1.425008438700528179e+00
-4.437248605363185161e-02 -1.389946402803477588e+00
-1.245949367173198458e-01 -1.153958684891867481e+00
-1.238765237931961916e-01 -1.023276675259120250e+00
-7.288423025571315328e-02 -1.041131552911996661e+00
-1.318846406001532023e-01 -9.303573910402543889e-01
-1.548603649960554884e-01 -8.800480646859696332e-01
-1.678698498501622061e-01 -8.872232067143607237e-01
-7.921962100311484567e-02 -8.557610967587213624e-01
-7.438758684907326169e-02 -9.470877884279655934e-01
-1.410636527749872526e-01 -9.433470016575341566e-01
-9.602181332921125301e-02 -8.212140933008802435e-01
-9.964748547746916929e-02 -7.950094195888579574e-01
-4.533416087141688144e-02 -7.716397118275102329e-01
-2.008365104445359456e-02 -6.697635633483552953e-01
7.736422037122470119e-02 -5.734265268025694473e-01
6.253251090939518364e-02 -4.805069821512547579e-01
8.759397874703370168e-02 -4.638421297878934646e-01
1.344505091713502354e-01 -4.137771708029376327e-01
9.903180219248752802e-02 -4.008260764505080509e-01
1.023894219349266999e-01 -3.219273474971646731e-01
8.999593070105324499e-02 -3.543475865037674644e-01
3.698450802945180138e-02 -4.273301147222036689e-01
6.676008778361675056e-02 -3.929388506611072307e-01
-1.595357761647864248e-02 -3.867544403185373958e-01
-5.820434903534798393e-02 -2.355938353560363685e-01
-2.967874523042624349e-02 -2.962897706146744858e-01
2.132895109816485349e-02 -3.466579733335696245e-01
1.210913270553409526e-01 -4.950767438399142906e-01
4.206227375593475648e-02 -4.491479263017226220e-01
5.228849996712390397e-02 -3.480788345770944869e-01
1.716566060126070020e-02 -3.801146474299815781e-01
4.371931426455748226e-02 -3.943939790195848394e-01
6.608665139870333050e-02 -4.320364931980624768e-01
1.223108142261041253e-01 -5.390644367413104376e-01
8.278282542655501786e-02 -4.976170724949937618e-01
1.451081376591343286e-01 -3.297021925539562748e-01
1.756970065944944981e-01 -1.988359884262756727e-01
1.252452325152483836e-01 -3.137381160999250240e-02
1.792914003503020826e-01 9.414811421249228568e-03
2.237935999343180493e-01 -3.420821798788850621e-02
2.646129988480002138e-01 1.656530132904136116e-02
1.448548384704592129e-01 -4.233838508961355884e-02
1.727152150188664415e-01 -2.133933119313902727e-01
1.379516691691540786e-01 -2.307305684610220231e-01
7.982281333808145807e-02 -2.883262017530367483e-01
2.796575091371472643e-02 -2.698661935561930680e-01
-4.654795734005803820e-03 -3.898294851402270278e-01
-5.184777134122058040e-02 -3.147906691822299763e-01
-9.894523817263953247e-02 -3.369901856539083140e-01
-7.780784221803445366e-02 -4.609199501385798925e-01
-8.922320958891608034e-02 -4.822938842387771707e-01
-8.956666388508138787e-02 -4.812337365570864001e-01
-1.525785318832124926e-01 -4.627233828095160817e-01
-1.394486596453280713e-01 -3.856398642863165804e-01
-1.280343436655906331e-01 -3.715072649742388045e-01
-1.390267781338852260e-01 -3.457526128312295999e-01
-3.700726727233802360e-02 -3.184404383738131949e-01
-7.682377132525322616e-02 -1.577598868953863087e-01
-7.680636135077784088e-02 -1.905868746307341488e-01
-1.455291242233765492e-01 -1.928805194305787951e-01
-7.719518267739997053e-02 -1.507149006567798100e-01
-6.475240682117414104e-02 -1.237752014307170190e-01
-5.843146410260085383e-02 1.250053333786583787e-01
-5.350619344461369359e-02 9.629180412568758007e-03
-1.363778829877695387e-01 4.588146858469977635e-02
-1.480433241720313653e-01 2.558235215105642002e-02
-1.249832551151627558e-01 -2.093061972988724193e-02
-1.077080413011951426e-01 -5.619128307593321617e-03
-1.660873108770314910e-01 -1.768246297546502144e-01
-2.116324539267179228e-01 -6.792923057649241647e-02
-2.066146217134366969e-01 6.281529316024526965e-02
-1.677873604288130371e-01 7.620376503970283100e-02
-1.276511327284714226e-01 -1.246821440955028781e-02
-8.261728037003782110e-02 2.914700946233674816e-01
-1.943370044751629305e-02 5.223462568485650603e-01
-5.006183719556897560e-03 4.812918725357687166e-01
-5.969860797001351471e-02 5.370788281287531829e-01
-6.955545672802398993e-02 6.255267721152985017e-01
-3.581756076495818536e-02 7.215060486352793401e-01
-8.767926690003671059e-03 7.834564904837796329e-01
-4.779721638168017706e-02 7.273146900162438255e-01
-3.378476823275859686e-02 7.575750259924254326e-01
-1.251572797814868854e-01 7.045772520619080215e-01
-1.633855723999547427e-01 6.188361789220694353e-01
-1.303545510357294879e-01 5.324410709130378283e-01
-8.113256209196220703e-02 4.046185615722636131e-01
-7.122151088905513683e-02 4.823801321707493761e-01
-8.661083684504378155e-02 4.494689743735782450e-01
-1.392037552168176040e-01 3.130720720599413642e-01
-1.061657166646217398e-01 3.886150915173698372e-01
-6.091670227809296845e-02 3.159662843792879761e-01
-1.138406914104572870e-01 3.931690824457657052e-01
-5.707936429752147323e-02 3.991403345848003603e-01
-6.701171119602049309e-02 5.226625042310842906e-01
-1.131499381286526495e-01 6.399636565848723091e-01
-1.809237095252633765e-01 4.155591686077608760e-01
-1.131748022605193194e-01 5.066932070161560553e-01
-1.340401727182002900e-01 5.454368486002761918e-01
-1.642553163729026378e-01 5.056774390628362426e-01
-1.193584000870436534e-01 5.763920089048126805e-01
-1.483266378510878780e-01 6.631103297699670884e-01
-1.305085201393725580e-01 7.252599734006739407e-01
-1.490827159569093063e-01 7.459530674682511853e-01
-2.174071938063702469e-01 6.107402497361749116e-01
-2.151154942244523083e-01 4.113217925940304553e-01
-2.649253419431029100e-01 3.643900491305809286e-01
-3.047253828893851102e-01 3.589956449617466294e-01
-3.771654621744896518e-01 2.481596780642570388e-01
-3.671778246775306287e-01 3.280313973225054691e-01
-3.224485115465637319e-01 3.068133900192513419e-01
-3.394536098054751760e-01 2.855399334690417179e-01
-2.383547458745574610e-01 4.806856834373176568e-01
-2.461234190621509610e-01 3.736865859388039390e-01
-3.146347519761808487e-01 5.078861372516657591e-01
-2.638837609439642629e-01 6.620866778504795880e-01
-2.296760918449572419e-01 5.793290218688242899e-01
-2.314143928311634679e-01 5.067048557907900541e-01
-2.879360872515815961e-01 4.988027982098822144e-01
-2.812950714050579948e-01 4.102215080654350032e-01
-3.071711272424372252e-01 3.658936381046976050e-01
-2.934187420806494417e-01 3.814951516168786361e-01
-2.984592223053000315e-01 3.927001837985515387e-01
-2.851582306055879812e-01 3.046147363698596955e-01
-2.623717916698806718e-01 2.354750467913470646e-01
-1.582413136209845361e-01 1.873288901993656330e-01
-1.722015714761433725e-01 1.472583568981051805e-01
-8.777910172871768169e-02 3.386309911831235642e-01
-1.385611886402272064e-01 3.290418079703952836e-01
-1.518026447936272338e-01 2.537270857311675343e-01
-6.470935271510261377e-02 2.830603894434037815e-01
-6.942710532133737622e-02 3.826140470105836022e-01
2.506508181762082121e-02 5.543773750789841026e-01
3.285820703960244671e-02 5.836223880990203394e-01
-5.162384345484812703e-02 7.044251400071801505e-01
-7.254625918318213795e-03 7.542974077355462104e-01
-9.131008569902471228e-02 5.807374168145772453e-01
-1.397024599621354279e-01 4.220580333414414298e-01
-1.805620005904929881e-01 4.313835039296262108e-01
-1.761596139454833787e-01 4.836188063389256220e-01
-2.222306073837888862e-01 6.412393635560584837e-01
-3.417220232827359316e-01 7.449901818480637594e-01
-2.797833985691525749e-01 8.629222380723926555e-01
-3.365228790151070237e-01 7.945302180000922698e-01
-2.423865230909686697e-01 8.242814371532057871e-01
-3.312983669121424835e-01 8.105890087040060754e-01
-3.312943171306984569e-01 8.565250297652133860e-01
-2.919792558211243838e-01 9.811025102150618959e-01
-3.005770271594557785e-01 1.052687353086898092e+00
-2.826207673900177353e-01 1.136276389300312051e+00
-3.064668769871724541e-01 1.206921814302925888e+00
-2.767070778684291299e-01 1.104545998342567614e+00
-3.056506821471626223e-01 1.085409346362756988e+00
-2.971570377653307560e-01 1.070033051414479131e+00
-3.500530886348891535e-01 1.067974347342907748e+00
-3.345267713146783950e-01 1.054908997221085443e+00
-2.876655407739671655e-01 1.053147518387156145e+00
-3.375737960191746989e-01 8.489355467482254669e-01
-3.595058638722440358e-01 8.789908699715850426e-01
-3.659697870106812245e-01 8.112055375367214216e-01
-3.658075922984532213e-01 8.282467407139617599e-01
-3.761179220141948609e-01 8.666968083282624580e-01
-3.787275119679848756e-01 9.148361135912470576e-01
-4.206686270981808695e-01 1.037129935777872713e+00
-3.894818936952396671e-01 1.035786399265679947e+00
-4.713696664549527071e-01 1.317909595004934875e+00
-4.794514337678132399e-01 1.315822553774637305e+00
-5.109835508496995971e-01 1.464405051012773740e+00
-5.316314153202323922e-01 1.203757906192935989e+00
-5.489676053675013323e-01 1.064506889855362015e+00
-6.026763135670928362e-01 1.129223821254986992e+00
-5.085425598247099721e-01 1.105799794330569519e+00
-5.291583295758168770e-01 1.076816282092628363e+00
-4.423166363026455050e-01 1.029477644846856332e+00
-3.726527238831331967e-01 1.141130116316283694e+00
-3.341124376623102465e-01 1.255054645442646111e+00
-3.336788383336816155e-01 1.309769025636860817e+00
-3.220702725822607304e-01 1.197424129914697488e+00
-2.991782151828902836e-01 1.386550300383658785e+00
-2.430402101726932551e-01 1.328285256239212453e+00
-2.144354072124154964e-01 1.300757255853754124e+00
-1.652920587486244042e-01 1.398192994347500662e+00
-1.754147155476974695e-01 1.468756077539126625e+00
-2.274709951997653246e-01 1.386921995704928356e+00
-1.951049894970866283e-01 1.082479357507102113e+00
-2.795333600324848566e-01 1.108679593656795026e+00
-2.557472610011232161e-01 1.104608896488098235e+00
-2.829466143550749546e-01 1.092076799430373946e+00
-2.559644533627498109e-01 1.139344136124284201e+00
-2.416954204325127420e-01 1.158009547253777693e+00
-2.337786306422948990e-01 1.333115715000618096e+00
-2.438668795178942084e-01 1.059564873404353236e+00
-1.492404695736068987e-01 1.026213281670715682e+00
-2.066244371515333356e-01 1.006076569331853632e+00
-1.608139479624910440e-01 1.211483974887921367e+00
-1.182199992223167823e-01 1.302259053986031256e+00
-1.395884609994043901e-01 1.416049768846353585e+00
-1.068035766284842480e-01 1.303477652088644856e+00
-1.113412156928767632e-01 1.222318383645525808e+00
-9.817585651510471467e-02 1.149093614904082683e+00
-1.125292897150925731e-01 1.270737333420099979e+00
-6.204537333912280711e-02 1.364614964423577437e+00
-6.420021617395164915e-02 1.408749050798114411e+00
-9.607632149572863101e-02 1.341004019971655969e+00
-1.325509888557711846e-01 1.374096556340174358e+00
-1.105903905613227489e-01 1.275971490535056319e+00
-1.130337554452398446e-01 1.167089435219882176e+00
-2.206956424102178571e-02 1.161561826617219850e+00
-1.648737350039559957e-02 1.285463708416699991e+00
-2.043404733640814472e-02 1.330645144727353957e+00
-7.654947526081334885e-02 1.299516219171263254e+00
-5.950650090459484731e-02 1.138503183566331289e+00
-3.013486662942741617e-02 1.063166311821258425e+00
-1.166564232863272765e-01 8.895299702920556051e-01
-1.225077991861899668e-01 9.552174371487990312e-01
-2.056508513169746921e-01 9.970712066286960829e-01
-1.752583002945330981e-01 9.940299696439532928e-01
-1.663471814270957583e-01 9.863513566151159706e-01
-1.370272930549080170e-01 1.035188988786676756e+00
-1.126177296408396034e-01 1.056549306152704704e+00
-8.251615801997280730e-02 1.241643042693812315e+00
-6.894043577794604916e-02 1.218440102760883992e+00
-3.895849154637635869e-02 1.048952674450073896e+00
-4.397334263565990525e-02 1.069146694842007639e+00
1.957556531029205904e-02 1.132313329896477816e+00
-1.819172573995228581e-02 1.063742014200824038e+00
1.456309084683536301e-02 1.060725967431219052e+00
-6.192325697397603468e-02 1.143107407622674376e+00
-2.668191417382204805e-02 1.130046812433018077e+00
4.700628588066618763e-02 1.026725909523053870e+00
7.616987388967472183e-02 9.832531487096205502e-01
1.187396884936329500e-01 1.178146286742141058e+00
8.258722624923692246e-02 1.082212990050813284e+00
1.040241245924125035e-01 1.101572949845851745e+00
1.295796390506024909e-01 1.026296453662290942e+00
1.333413700214681474e-01 8.327936255237968766e-01
1.805787315253975511e-01 8.428605993236304439e-01
1.731584698959829638e-01 7.726148935412008312e-01
2.031064884884423993e-01 9.360802925981269729e-01
3.015797577455363032e-01 1.088106390400375822e+00
3.016415132126495369e-01 9.712063697377102400e-01
2.915862540024385385e-01 8.633782250413675197e-01
3.121422326039437478e-01 7.997588561984937394e-01
3.257149350979853808e-01 8.004165681352815032e-01
3.544036190589636148e-01 7.240304904279353249e-01
3.498445947351584429e-01 8.464660752719767034e-01
3.268573765637170503e-01 9.567835510016720058e-01
2.856678311711453033e-01 1.007826559945341760e+00
2.580816379498627744e-01 1.153570661503828143e+00
1.826547919027201039e-01 1.251744563845847535e+00
1.971254188694766540e-01 1.376589315091831800e+00
1.992756846740596499e-01 1.397429826131278086e+00
1.445881532824515592e-01 1.349906464906135861e+00
1.270194154670278297e-01 1.349599939595614195e+00
2.249732699832467653e-01 1.362431520772185323e+00
1.476533064855195254e-01 1.397006933615554836e+00
8.948850752155468324e-02 1.394083500798182440e+00
6.638376829851014294e-02 1.282736600120134796e+00
2.909972501297005548e-02 1.346154421039465587e+00
-7.137554178493241835e-03 1.374360661318742904e+00
-4.729286676959933156e-02 1.357464310002909569e+00
-2.503638595864239244e-02 1.323000316914583641e+00
-9.687350465688246426e-02 1.455018831843792215e+00
-7.737837175819843594e-02 1.351927897304916026e+00
-4.394506579241557603e-02 1.447448838895450285e+00
-1.023262648218560278e-01 1.512484674769040138e+00
-8.629703483173198353e-02 1.455814320096939785e+00
-4.385054316411903658e-02 1.552712638788206423e+00
-1.170202307507378636e-02 1.676663340087229059e+00
-6.643784356233136540e-04 1.690578439988861481e+00
5.604452489772301926e-02 1.626302797614441076e+00
1.488568107547280917e-01 1.709054235609402062e+00
2.276983790366270965e-01 1.647057901393082169e+00
2.926473554506938690e-01 1.588485584047174104e+00
3.221832685838338928e-01 1.781567994967837576e+00
3.849811962355204065e-01 1.646948201864915085e+00
4.075897093146254591e-01 1.607637463292137525e+00
3.320449915665505958e-01 1.611583187894430891e+00
2.990824975531284902e-01 1.618791761642761617e+00
3.065138675649639044e-01 1.513990535432246265e+00
2.994739531984131342e-01 1.454810828477628659e+00
2.899440861304214412e-01 1.447089467546241126e+00
3.057698057643108425e-01 1.512487769121333425e+00
3.138180536753897854e-01 1.561172629787381361e+00
2.710086685029126641e-01 1.432309611645832259e+00
2.511989924243315242e-01 1.266437546977397854e+00
2.871533330644763238e-01 1.383399102809813375e+00
2.275302921297918113e-01 1.370865792923784632e+00
2.602991064206170435e-01 1.474022847639056000e+00
2.792978766679007907e-01 1.477886519994581871e+00
2.926920331228363703e-01 1.324215732571438542e+00
2.864452850240650772e-01 1.230517949706087633e+00
3.286419900716171516e-01 1.239474425491573495e+00
3.532532698035033558e-01 1.186348888680344382e+00
3.507864510482456843e-01 1.136628121124500845e+00
3.733410893356455262e-01 1.099434170584697057e+00
4.013345372887793250e-01 1.079765796077919005e+00
4.241551081023207104e-01 1.208241476607788245e+00
4.780517834441129210e-01 1.163557531702993808e+00
4.578893960235865812e-01 1.267714433632925353e+00
5.111847690625509477e-01 1.248353536752879078e+00
5.292548641225075512e-01 1.144698187041502058e+00
5.465188069289843575e-01 1.120765511259403935e+00
5.832627314967707699e-01 1.065354888712055859e+00
5.539667648533612709e-01 1.113900575647553515e+00
5.588969915480387352e-01 1.140074187337344780e+00
5.356851409815632792e-01 1.212337252381539443e+00
4.759815833885938097e-01 1.307569531368760751e+00
4.764846988620881074e-01 1.332970146529599997e+00
4.386427993232046574e-01 1.380748025199478812e+00
4.919718952423420832e-01 1.478893469966094498e+00
4.980476023403588304e-01 1.374461571292443729e+00
4.909728534635337538e-01 1.349814254743785913e+00
5.136852723763570827e-01 1.480694607104514393e+00
4.876523325506265105e-01 1.303098765248857038e+00
4.415580208298824361e-01 1.387670503367693930e+00
4.621179483475942318e-01 1.387934277899153468e+00
3.941480677453989001e-01 1.451615936988502442e+00
3.552692547263081035e-01 1.538339311242943985e+00
3.890632325052213458e-01 1.588985543821726409e+00
3.774392731480921137e-01 1.554199352388189181e+00
3.999357102175771783e-01 1.542066776148565577e+00
5.060680829242018008e-01 1.550335330599529771e+00
4.280088013202052455e-01 1.491907751251601910e+00
3.853619753726695851e-01 1.451260137237919912e+00
3.380202206641552132e-01 1.372485784058449010e+00
3.168354371864104957e-01 1.384662011610498622e+00
3.805957596303102819e-01 1.418408246370292058e+00
4.122043611081345205e-01 1.341409951342018347e+00
3.601800017840658952e-01 1.278442081089677274e+00
4.638698386616615377e-01 1.145029079172747100e+00
4.296343369527047540e-01 1.081219378309917545e+00
4.410604086157090542e-01 1.008723593632418591e+00
4.093024902494734607e-01 8.879123644224982126e-01
3.676892601039294384e-01 1.027597080950841679e+00
3.970723625472478702e-01 1.101864001216436240e+00
2.860330562946189481e-01 1.132643205143254672e+00
2.739905562023290386e-01 9.789160754101022821e-01
2.828042705851414040e-01 9.255303594695039049e-01
2.996613045276975695e-01 1.163009397798907330e+00
2.625273471011405624e-01 1.151868335840750435e+00
2.546856213567000315e-01 1.189597121568509719e+00
2.211822396360321186e-01 9.808649568435564570e-01
2.502885977119695404e-01 1.079078932660025636e+00
2.362950097572373565e-01 1.158354094627425557e+00
2.118478952742851862e-01 1.180440934553591115e+00
1.768795025914720043e-01 1.078059057956087585e+00
2.702211863801908809e-01 9.731313498025764286e-01
4.146135950587808705e-01 8.787245284024857161e-01
3.726018524041749824e-01 8.955518927563692611e-01
4.756664920596204160e-01 7.910213054673743693e-01
3.790217007246606262e-01 6.946046391352480587e-01
3.561765480570376341e-01 6.114087613175107627e-01
3.949206589471691564e-01 5.230727813388862391e-01
3.559088193339751682e-01 5.570071634561415408e-01
4.070695389218531579e-01 6.329328073530053889e-01
3.949514032943972075e-01 7.575871885664839933e-01
4.131914820566002233e-01 7.246463831924300214e-01
4.086067647930579083e-01 8.124847885855108753e-01
4.235035966228447024e-01 9.531084945480174930e-01
3.864360355345981546e-01 1.060105491135533873e+00
3.863131326798777687e-01 8.779228658628787096e-01
4.311773323293997540e-01 6.862547131608603967e-01
3.829958306742218821e-01 5.897648755196570614e-01
3.652815539753828666e-01 5.810943710123567252e-01
3.899537335153473450e-01 6.809103860137133424e-01
4.730779085780841831e-01 5.929413006203347880e-01
4.573578798361069842e-01 5.533765947381956707e-01
4.558256356954929478e-01 5.259157545006474255e-01
5.056102701080744666e-01 5.704422638596842177e-01
4.912247740500370607e-01 6.494538487685922457e-01
5.031238256871993775e-01 7.734569409293287068e-01
5.103235376319968930e-01 7.997218600199604843e-01
4.753251108164784355e-01 7.102183230251570834e-01
4.472889532306483229e-01 8.758331530178220525e-01
5.572271094018357296e-01 1.063007349770679122e+00
5.882587434865034215e-01 1.084092048926921459e+00
5.552831013121346526e-01 1.066188900192666988e+00
5.521093078751441174e-01 9.664394481413161042e-01
5.487860812425775503e-01 8.117533818239092147e-01
6.542946063521342115e-01 8.323853106339128560e-01
6.569968513972885837e-01 7.199549896352970269e-01
5.772247098182303748e-01 5.263018424348147040e-01
4.790303492949266051e-01 6.047689750254334751e-01
5.067747929874468760e-01 6.219948694745900397e-01
4.766299019051755681e-01 6.077289173398697786e-01
3.991500933380221494e-01 6.651481662670459816e-01
3.548872053841517493e-01 5.582002544952541223e-01
3.790987301098899809e-01 5.766078024293340709e-01
3.282917722238284375e-01 8.337961185100528638e-01
3.408456652998466674e-01 7.374197265138610069e-01
3.667774473188569750e-01 6.793259996131266742e-01
3.466340611031707986e-01 5.130867885379644111e-01
3.376862050933052140e-01 5.028894107427505089e-01
3.185056426390990847e-01 6.323003655009549195e-01
3.326739745408208715e-01 5.707302954921664728e-01
3.051228255541157397e-01 6.800716108737210330e-01
3.266688858566675902e-01 6.611937988671306998e-01
2.394496132126793242e-01 6.146264174536357761e-01
2.919161948666819661e-01 7.042145485964474982e-01
3.082715576670541080e-01 6.428521924131505028e-01
2.581260295982352737e-01 5.565009857232289248e-01
2.610337200423584747e-01 5.714252606726685224e-01
2.230781436400913476e-01 5.424642675259279123e-01
2.509909414867423361e-01 6.311510124999419880e-01
2.536739458012919890e-01 6.816298566399855430e-01
2.977801608715387460e-01 6.881157120965546437e-01
2.832093220477021056e-01 5.778436690922994501e-01
3.279116543895935765e-01 6.259936641953552927e-01
2.888595224600833955e-01 6.248183942120110190e-01
2.623602639842200213e-01 6.441071966256297632e-01
2.185365096355883219e-01 7.599673124204353591e-01
2.781604382639355499e-01 7.523244950651051255e-01
2.838718083864838482e-01 8.404416563207638413e-01
3.435429001593577336e-01 7.799233087641739282e-01
3.435299853265054160e-01 6.809125617701083932e-01
3.779998721740381318e-01 6.971205451057410629e-01
4.275927295636964276e-01 5.472262729091932343e-01
4.695299329896120422e-01 5.344990190597699309e-01
4.575809175280838303e-01 5.899812102035716377e-01
4.104165399763004540e-01 5.892438145817303630e-01
4.057047017208004203e-01 4.747325463759654030e-01
3.779271424288348502e-01 4.104240978270896623e-01
3.522702158974077014e-01 5.751349578076510038e-01
3.553886326101647897e-01 5.379570919284557551e-01
3.711430612969277565e-01 6.264430085734494780e-01
4.201195850291093992e-01 7.383291420830894181e-01
4.513664012350928068e-01 6.883977136294883170e-01
4.540667031637045103e-01 5.608566291175066665e-01
4.255945685858379401e-01 6.114996456201657882e-01
4.168087604619594710e-01 6.721784454711204893e-01
4.499691914677719229e-01 6.952572514558924555e-01
4.539736468770335098e-01 6.634350857728272821e-01
4.537938003688846145e-01 5.748925232998263191e-01
4.201087656419236760e-01 5.979318294136658496e-01
4.224317613478906219e-01 6.579112489173865042e-01
3.917682650437326330e-01 8.361174994922555559e-01
4.330984366728867219e-01 9.438529915257203307e-01
4.108473893758065598e-01 8.441851700587549301e-01
4.174974235222604357e-01 9.474268294242731425e-01
4.433697215911933109e-01 7.416952847320487097e-01
4.102075972329226605e-01 5.577182596564050909e-01
3.812299692809381635e-01 5.163998141487141647e-01
3.753345596838186249e-01 7.027290815351081577e-01
3.285474810022647185e-01 5.644038424216025751e-01
2.682293246739628212e-01 6.061701146016522657e-01
2.648541776386769131e-01 6.819167394620383460e-01
3.333894863496297267e-01 4.406249246003544062e-01
3.267379767503513777e-01 3.330522938240427777e-01
2.708186469749164771e-01 2.205964016666570882e-01
2.591086866113821441e-01 1.368003121642436537e-01
2.794028118361152058e-01 1.053642905046229261e-01
2.880938291445523380e-01 2.779491092804488583e-01
3.170488053228626146e-01 2.654953156190009156e-01
3.186024107136484207e-01 2.642299034032810079e-01
2.745299238289454213e-01 4.238818152672642614e-01
2.315761308957957898e-01 4.027760549629780251e-01
2.216893464275551118e-01 4.577929841728196614e-01
2.406756376781240825e-01 4.830734351672903992e-01
2.474700490793985408e-01 6.418314316588991097e-01
3.069177857908134133e-01 7.298354284720226515e-01
2.307887075837761759e-01 6.050169711390848137e-01
2.555460570173039292e-01 6.624004028167884695e-01
1.777064081959945641e-01 6.352128521278620488e-01
2.091382368204345865e-01 6.907610229206009311e-01
2.113399689369123702e-01 7.049802633604457247e-01
1.857459570830192197e-01 6.666419488500899826e-01
1.557151812928385670e-01 4.962677330200541137e-01
1.813819597452532573e-01 4.024250653953972412e-01
2.019843588337926488e-01 6.707353411597810622e-02
2.349927136845837150e-01 4.414598515190255174e-02
2.379090381390120135e-01 4.158301652595308706e-02
2.569923500674640704e-01 -3.341070285610527740e-02
2.670708017398367162e-01 -2.642171836973339349e-02
3.519762201499183063e-01 -1.141837938301441535e-01
3.492198759372450723e-01 -1.605841842269721542e-02
2.823275298906229303e-01 6.181180432309752587e-02
2.795431523585310551e-01 -7.067461027904173299e-02
3.017071088256842448e-01 -1.305189528027980439e-01
1.974728493842297372e-01 -1.738081277397150737e-01
1.886457571713189285e-01 -2.846787998123683772e-01
1.253292286675180001e-01 -2.187138245692136218e-01
1.277680795422294624e-01 -1.921011415233197517e-01
1.118138665118545566e-01 -1.619440297668631457e-01
1.428549566287751760e-01 2.865025917658359234e-02
1.320762961253029166e-01 2.923182472829197534e-02
1.329457718086066442e-01 4.015163610153160700e-02
1.412417891460190089e-01 2.072207082898662109e-02
1.297319894181955813e-01 -3.993832436019583570e-02
1.459442214592927833e-01 -1.847910591770485778e-01
1.422755126789977953e-01 -2.095948710311605623e-01
1.423502275722023092e-01 -2.691998201848250227e-01
1.692869286746797597e-01 -1.883181176784481936e-01
1.200610776512366362e-01 -2.852475842645069148e-01
8.609847456696186063e-02 -3.185667559722644704e-01
1.132896436815757357e-01 -3.673195109188812646e-01
6.504130609098239535e-02 -3.716471832127749564e-01
-7.884571989451277796e-03 -3.739092585302165594e-01
8.065044394058706184e-04 -3.017261654615983058e-01
2.783838634702176171e-02 -3.447411213639060001e-01
-1.449429499089492646e-02 -3.815880393488756406e-01
-3.478217927089221825e-03 -3.099859003538992241e-01
-4.593635556007463067e-02 -1.976914296398039061e-01
-1.980793989153331602e-02 -3.774995029298272575e-01
-6.677489318705663590e-02 -2.543756795537882032e-01
-1.921202023014093735e-02 -1.775496285141144326e-01
-3.777873595818638519e-03 -1.798377018684696460e-02
-3.166450770256980934e-02 -1.647369665391423266e-01
-8.416001443627310619e-02 -4.102122128346172292e-02
-1.332692094401786986e-02 4.753008409272252432e-02
-5.365944271910890601e-02 9.206090570216726721e-02
-9.645531903626078374e-02 1.625444875285691482e-01
-9.483733206156068352e-02 2.212665324749650275e-01
-1.038391071143124206e-01 4.116809131378387221e-01
-1.439026181605744248e-01 3.476461376749133136e-01
-1.518013226345012734e-01 5.355599590086855821e-01
-1.097007486719327740e-01 6.730374494443889244e-01
-6.934667348304809908e-02 7.200213369422842069e-01
-1.636921415070494851e-02 6.347561745769670916e-01
2.797036100020572694e-02 7.105017333962302395e-01
-1.632617564138200486e-02 8.253544953480340673e-01
-5.737063507558048253e-02 7.877110089702992202e-01
-2.624384656603730159e-02 8.478663727198072486e-01
-7.175220467804865887e-02 9.285078481307886822e-01
-7.060025149861798299e-02 1.056651293171143591e+00
-8.101801605414277185e-02 9.834268315355850776e-01
-1.419220307358055044e-01 7.512232602281625482e-01
-2.038700627992042491e-01 8.269088600344562945e-01
-2.352531984256994724e-01 9.087650695458028283e-01
-2.153526320330703125e-01 7.911430162309849301e-01
-1.588000025726487574e-01 7.235803388781687495e-01
-1.010844301916971055e-01 5.514651907129151098e-01
-1.140323595880437246e-01 4.179716534471041856e-01
-1.434469002057613407e-01 1.878675945226322419e-01
-1.203393806109288866e-01 3.511842016933012234e-01
-1.614553695495679897e-01 4.817430937242548339e-01
-1.541478271665746025e-01 6.174588021333070609e-01
-9.735219837137869259e-02 7.397828039916701792e-01
-7.826487324533695777e-02 6.585019407668029068e-01
-7.626776021925946170e-02 6.541363495974099607e-01
-9.736949855406570875e-02 7.641640929417927719e-01
-5.389139458693759099e-02 6.533292443239404612e-01
-4.966400901829779585e-02 7.531759245348579324e-01
-4.547247479998695052e-02 8.541037036259024884e-01
-9.217444518486668514e-02 7.106008019496558026e-01
-1.300457636462556965e-02 6.865464549844643161e-01
-4.612541890411064188e-02 5.492996509525639448e-01
-3.578504072604860725e-02 8.136107793708720060e-01
-2.448001055149413505e-02 7.199477594421448412e-01
-2.051779524303345287e-02 7.100294066877327337e-01
-5.505485614813183937e-03 7.690826704164630545e-01
-1.737001120947728044e-02 8.219253144605401795e-01
-3.547371851655113650e-02 7.462374894151415639e-01
-6.989099726614228514e-02 7.544458545524427295e-01
-6.519465228823034808e-02 7.836095272853816907e-01
-6.017981277793663097e-02 8.615421906589837420e-01
-5.553483065097538501e-02 7.548351992082744655e-01
-4.560220222351404895e-03 9.353992883566961680e-01
3.985926591195893681e-02 8.921074997898378323e-01
2.010532842333188908e-02 8.571026759606097389e-01
1.110955729183920326e-01 9.531304962593144525e-01
1.519450423631062141e-01 9.776249066720713587e-01
1.337684934310316154e-01 9.509935806143259285e-01
5.647395319890903542e-02 9.262555564452090717e-01
1.318695543688126193e-01 9.031266982225998330e-01
1.434629872630880099e-01 7.207336997816812252e-01
5.880200300446884742e-02 6.175424916486207394e-01
6.816029449844560051e-02 5.835058955854491858e-01
3.976022844511400978e-04 5.261535196105201484e-01
-5.165534511910770815e-02 4.786881116675396064e-01
2.354008963363784374e-02 5.523670945158378753e-01
5.278272534431046464e-02 7.410070763243746805e-01
8.283819423214565381e-02 7.940657697409427840e-01
6.613236530839325389e-02 8.477218581378368478e-01
1.550491783445812899e-01 8.554304606470484185e-01
2.151907335461362147e-01 9.902827391836627191e-01
1.882263032195740093e-01 1.083112144289006151e+00
1.611536967454436642e-01 1.046638519456296601e+00
1.471207050743772726e-01 1.016151716939567740e+00
1.134395594866946105e-01 1.092148103742411669e+00
1.425100352541424364e-01 1.214023580809944880e+00
1.501301032809572722e-01 9.289645388637393086e-01
1.250968212008638780e-01 9.091691165103737982e-01
1.373759034451155214e-01 9.811502720001835653e-01
1.312046231437419275e-01 1.115219601613295808e+00
1.426570114045579429e-01 9.502068873597223631e-01
1.549509149365191074e-01 9.235326350725826527e-01
1.566547437636445772e-01 8.268931114244074676e-01
1.458076796264682062e-01 9.016050524717047487e-01
1.000551528235372051e-01 8.585650074917831054e-01
6.001031374048653583e-02 9.083215845796578369e-01
8.551245857835537700e-03 8.048249971584668927e-01
3.836166619162016678e-02 9.192317164842243038e-01
1.062455923284864323e-01 8.147223845001170250e-01
1.586615966357835528e-01 8.091982504176798985e-01
8.866605439998195837e-02 8.474780690877928846e-01
9.388839959888611864e-02 8.262967864486441272e-01
7.882074863194646341e-02 7.868284368018646502e-01
3.443677021018121814e-02 7.367815767369640945e-01
-4.465620957957720100e-02 7.878587436730920546e-01
-2.899446876910058424e-03 5.223261500373332922e-01
5.269439111568169527e-03 4.516081494072551328e-01
8.646367789598537884e-03 4.649328549684467182e-01
-5.304260201347790055e-02 4.981842583407748437e-01
-5.218046566339051145e-02 5.441257450369801907e-01
-6.579179871969897953e-02 3.977783323778667501e-01
-5.861553258843892056e-02 2.210625783824478607e-01
-7.019386636325108952e-02 3.187973858934579630e-01
-1.108357775982592719e-01 3.117019722404956172e-01
-9.600359740515801432e-02 3.422305362055569899e-01
-1.245304616692730626e-01 3.901144602967743236e-01
-1.311137134113053437e-01 2.924997875986648510e-01
-1.747180825406723925e-01 3.119733653850855215e-01
-1.979655742866511803e-01 3.926798708143506289e-01
-2.525327367668455669e-01 4.033074911112755623e-01
-2.311393931422232872e-01 3.560121917920360257e-01
-2.642725077144292278e-01 4.256847480782197657e-01
-1.996418189272968213e-01 3.896943282436284295e-01
-2.356689499603824012e-01 4.081278089289127053e-01
-9.355705023672550302e-02 3.655166889534433028e-01
-7.341583374529198069e-02 3.402423081292931251e-01
-5.729144212566586458e-02 4.119831137285266953e-01
-2.143844538379167941e-02 4.771561192460768153e-01
-1.305262886800809818e-01 5.945939797197395960e-01
-1.325639003640201596e-01 5.823466248513772259e-01
-1.873416733089849628e-01 5.669618350623409908e-01
-1.373356239334814211e-01 6.063449291807391228e-01
-1.745548022404044830e-01 4.933431799634561132e-01
-1.765256525545403909e-01 4.806703463855069303e-01
-1.127506797047837100e-01 3.804280466518583648e-01
-1.626840252354677108e-01 3.886732798797546962e-01
-1.937213443239949595e-01 6.558312518117108691e-01
-2.639043899701508655e-01 7.009585941856812941e-01
-2.676589212711648624e-01 5.347542944837855305e-01
-2.880397553135631283e-01 4.461339607937984675e-01
-2.498452851238873729e-01 5.355945551313219255e-01
-1.060698322736885468e-01 6.278351530059502750e-01
-1.424993390334695909e-01 5.773846350544699080e-01
-1.506125357421775057e-01 3.987565236630115639e-01
-2.043598490106085241e-01 3.907748976159671206e-01
-2.114877114645728196e-01 2.859123174815368373e-01
-1.198220150073691231e-01 3.135472910360138643e-01
-1.420565855104056752e-01 4.595019992685120958e-01
-1.564024097172358740e-01 3.852584867699781479e-01
-1.757853060742148865e-01 5.317405646743196268e-01
-6.974073577538349167e-02 5.164860559101013271e-01
-8.944792708773197099e-02 5.192025803812277962e-01
-1.547673387802208089e-01 2.955025506120622647e-01
-1.302120243221565332e-01 2.769192967457366761e-01
-4.196408150452889119e-02 2.500747053905598150e-01
-1.174004004938995205e-01 1.904028939201097281e-01
-1.807812635928489620e-01 1.754678141953499859e-01
-1.884947432035797843e-01 1.795616900517117420e-01
-2.120184499032640169e-01 8.103114092161500803e-02
-2.742595089245258855e-01 3.495780675655368874e-02
-2.923749306797543412e-01 1.340149969525323004e-01
-3.179910347639572366e-01 8.018912245525317006e-02
-3.499992488198034324e-01 7.456320274219478683e-02
-3.743744329433255080e-01 4.145167433805420354e-02
-2.849317432022658858e-01 -6.435519062906097654e-03
-3.214098934653585316e-01 5.865436692330918550e-02
-2.565849997652253633e-01 1.884883370544537251e-01
-3.082257364414306977e-01 1.930139667330443842e-01
-2.904007941377240165e-01 8.844659779175062519e-03
-3.046380267042357315e-01 -7.394176206500671644e-02
-2.677078995598173861e-01 9.382039984358540863e-02
-2.912093264225099065e-01 -3.919449688727667802e-02
-3.221829134647292703e-01 -1.573737094606168785e-03
-3.167968769487681802e-01 4.847894053343396181e-02
-3.587970666446283485e-01 1.023838993517108692e-02
-4.187309157971017548e-01 8.738022125304864551e-02
-4.304062428288660813e-01 1.241102823509591113e-01
-4.588998944367366772e-01 2.839773523108432007e-01
-4.506029225910961888e-01 3.185441046849676328e-01
-4.396296521557835346e-01 1.593196056680206973e-01
-4.832265513160922676e-01 1.708010787595173330e-01
-3.797167647080713082e-01 1.982410606832967215e-01
-3.319110666864836801e-01 2.187393048556597885e-01
-3.129320142778093672e-01 1.612449743453393813e-01
-3.572968954087916149e-01 3.091250040384437847e-01
-3.356199910708899670e-01 3.323474501063557462e-01
-3.235751872638311100e-01 5.447073311909618187e-01
-3.102924153894858761e-01 5.511386283350661053e-01
-3.116175714958687726e-01 5.828644194504559728e-01
-3.423912533883999298e-01 5.060512373781134166e-01
-3.698383216057172795e-01 6.161914232184327878e-01
-4.052903196607706704e-01 5.676842330432374517e-01
-3.579676490551872980e-01 3.729721450059708676e-01
-4.006833818034576389e-01 2.518219409155454946e-01
-3.767368393449690434e-01 2.526193872617153446e-01
-3.995274145179119607e-01 3.439479354912914899e-01
-4.232593813733838695e-01 4.309041214451247992e-01
-3.920625658914193012e-01 4.246391565359344811e-01
-3.895956568373055151e-01 4.228405817212437245e-01
-4.101856954557867030e-01 5.425438301374359007e-01
-3.969336349748482373e-01 6.272840918743948224e-01
-4.037509272603390098e-01 5.464445011750566072e-01
-3.732980374634051191e-01 3.307885066986993028e-01
-3.244981737307688352e-01 2.896734581099469352e-01
-3.262065180081805127e-01 2.559522312380092535e-01
-2.860757805218709371e-01 2.547317975680579716e-01
-2.862227849072100372e-01 1.568762215757162903e-01
-3.423660172539532143e-01 7.787661329966773238e-02
-3.027155342922855930e-01 9.250009597083372337e-03
-3.073509964297096442e-01 -3.950590387173089080e-02
-2.931614166215662509e-01 7.941347072837519339e-02
-2.606579039779149953e-01 1.263285382013893954e-01
-2.530039142714101130e-01 1.292593274468777642e-01
-2.268529309531596705e-01 1.781526320000905161e-01
-1.981061181310999342e-01 2.050900098189219478e-01
-2.961309965566393809e-01 1.608550132751131456e-01
-3.076938504732694701e-01 2.975193779106760639e-01
-2.758687245625896511e-01 3.197749389224679439e-01
-2.393533521840766065e-01 3.194378574864612519e-01
-2.765570607020614302e-01 2.382127041129155076e-01
-2.594871240091917164e-01 3.582893427347293436e-01
-2.775095268158219164e-01 4.689866643934179069e-01
-3.416103426758029804e-01 4.044339675830971870e-01
-2.905033421896666690e-01 4.418867579480715291e-01
-3.133510161094368862e-01 3.493755554088048276e-01
-3.157680997995404582e-01 3.078341714182422639e-01
-2.858312962525781376e-01 2.064699558793914314e-02
-3.550560374454451162e-01 4.097792624472851308e-02
-4.422072858342991353e-01 -9.774379925153067750e-02
-4.173555392587793844e-01 -1.865785244463503689e-01
-4.046079913548499274e-01 -3.414780111773516591e-01
-4.078182770851171424e-01 -3.446965928367927701e-01
-4.276718034887627140e-01 -1.798680796308806951e-01
-3.774848450816938872e-01 -2.008837530091380219e-01
-3.629073495845269726e-01 -1.415080860752332415e-01
-3.515666526851123352e-01 -1.267033904074766626e-01
-3.391196681251563150e-01 -2.071988724525227477e-01
-3.699591537362043048e-01 -9.689601873879744032e-02
-4.216343124741585568e-01 -5.617635928857245275e-02
-4.434459269767054290e-01 8.914855061568865979e-02
-5.219654838402109087e-01 2.416706628043106264e-01
-4.909819178381933935e-01 1.118811893158487836e-01
-5.598771068926128303e-01 -1.777186515625109875e-01
-5.293494954255365537e-01 -1.096580358347271494e-01
-5.791313013325685155e-01 -9.839235851815963940e-02
-6.464889082777991458e-01 -1.769002635646764188e-01
-6.488287062229901592e-01 -1.421690784218444525e-01
-6.334237472944868053e-01 5.385855704103162389e-02
-5.925637334246425247e-01 8.885500553539286972e-02
-6.179583980660230402e-01 7.183304838438367423e-02
-6.098411842742617051e-01 6.042807328084335433e-02
-6.245022621639931826e-01 -2.780006442503986375e-03
-6.355641827948094180e-01 -2.935440803493274964e-02
-6.571708152192569097e-01 -3.807266215642065438e-02
-6.525761972070929229e-01 -3.624670748730962622e-03
-6.665445841723892650e-01 -1.410001103482784734e-01
-6.915608950342603256e-01 -3.035985288715692954e-01
-7.117928976461020962e-01 -2.677154992128732980e-01
-6.737366741188880459e-01 -2.344553710263633517e-01
-7.333774363702195709e-01 -3.681806564100807422e-01
-7.245888766827885963e-01 -3.792287534099729740e-01
-6.663424851821538875e-01 -2.563699522203594094e-01
-6.008209251378101579e-01 -2.313113466788410955e-01
-5.210927336139222765e-01 -1.231062289400249032e-01
-5.298479067196114611e-01 -6.196818851861753824e-02
-5.769762647177809622e-01 -2.655232509044737066e-01
-5.928264271406863406e-01 -2.169151302217854904e-01
-5.224221397343558060e-01 -3.477301750492757249e-01
-5.134214803140717542e-01 -4.812899215824473775e-01
-5.302587166633472293e-01 -3.801395759060573476e-01
-5.041249379809811249e-01 -3.934627836927868660e-01
-5.269495707442725108e-01 -4.025743021912165931e-01
-5.026959766616652114e-01 -2.763964688233819800e-01
-4.571413790466656302e-01 -1.836036596308448510e-01
-3.968496574428305723e-01 -8.328884976939342211e-02
-4.427029009324114361e-01 -1.581876793570761719e-01
-4.010933411897939505e-01 -5.946470330054433318e-02
-3.976891694868435745e-01 -9.164603457774528339e-02
-4.981825032014816079e-01 -2.088247034740568220e-01
-5.510112259645767452e-01 -4.129638088210978442e-01
-5.844537787402230844e-01 -3.615926791470229218e-01
-6.002795159715700324e-01 -4.485245467334894043e-01
-5.081497460744798245e-01 -5.691340227388511641e-01
-4.828386597468473651e-01 -3.856094579678489565e-01
-4.874300902190141782e-01 -2.979397305617129676e-01
-4.338067878345192030e-01 -2.933220958710557880e-01
-4.136323084447898202e-01 -3.794160829610320751e-01
-4.147778502690891433e-01 -4.242038431896110184e-01
-3.494029958903460686e-01 -3.419169239648954250e-01
-3.000822155303133343e-01 -3.303768886716418329e-01
-3.225156598186425527e-01 -3.375482842397028449e-01
-2.905275705225722205e-01 -2.964933760717571865e-01
-3.155665128450163559e-01 -2.139640971097498956e-01
-3.539500943783284725e-01 -1.859765342150775103e-01
-3.382169889553555131e-01 -2.970027717083625340e-01
-3.516313717319777821e-01 -2.102118052279164373e-01
-3.284151637697794723e-01 -2.332292122434400372e-01
-3.340588349504760579e-01 -2.050956655716994204e-01
-3.351748310497165151e-01 -2.600954465619206291e-01
-2.927240766502965386e-01 -3.556861048087555099e-01
-3.366600978128817534e-01 -7.768297798677664678e-02
-3.474598373761696446e-01 -1.160920759012576964e-01
-3.235078460303113523e-01 -5.684983908947440628e-02
-4.007178720902882518e-01 -7.728616416649478071e-02
-3.982738781650853599e-01 -7.884800502530250887e-03
-3.694027732473942893e-01 -3.715312389977302315e-02
-3.998332256226740378e-01 4.035158228764076233e-02
-4.120505843878159991e-01 -3.909335767968841191e-03
-3.943938766625509906e-01 -8.670185128379570560e-02
-5.141392932833719343e-01 -8.624110929029024653e-03
-4.605888718046916575e-01 -6.148812818200761338e-02
-4.442876759241495832e-01 -5.373944843882309808e-02
-4.850719968057114473e-01 8.559812733109722904e-02
-3.961589593380136498e-01 2.482671931599405024e-01
-2.675217097340411021e-01 2.232645126067138441e-01
-2.462738798697182707e-01 3.251925084774544006e-01
-3.016460991941392611e-01 2.097607320192033387e-01
-3.125548185042856808e-01 2.058228402378644295e-01
-3.840371763727195575e-01 2.690433247352557733e-01
-3.633213164615669566e-01 4.108263007011933587e-01
-3.530413200710358357e-01 4.669710233820194012e-01
-4.072235114485963647e-01 6.895739647201823974e-01
-4.323810526091079187e-01 7.964652905414332240e-01
-3.660279231107805842e-01 9.267535066254665166e-01
-4.755572864237339048e-01 8.223827531576238803e-01
-3.602261444981641469e-01 6.356681676274669179e-01
-3.337535249463811637e-01 6.002640316411973487e-01
-2.745820061879122309e-01 5.142774831297763916e-01
-3.062331950363068045e-01 4.841849573818576280e-01
-3.695204742876446180e-01 3.920363601933377073e-01
-4.221402013627117422e-01 3.943274280327609405e-01
-4.192642139240171928e-01 4.650022199293523673e-01
-5.112133023276747013e-01 5.010265381972442977e-01
-4.817440441379474136e-01 3.594308640330906579e-01
-4.413637742686599141e-01 4.583870258782229423e-01
-4.961114101769178997e-01 3.752689856414087588e-01
-4.040711004923145389e-01 3.665734276423563420e-01
-4.436393566463692206e-01 2.509259306696686176e-01
-4.107764947646285192e-01 3.567855064330839321e-01
-4.023923151293122835e-01 4.381585796604516858e-01
-3.779290614809002191e-01 4.895326507765058732e-01
-3.366003276538249156e-01 3.506249265726132380e-01
-2.974002900646318115e-01 4.670558735087929070e-01
-3.192657754320142871e-01 5.719564893811350803e-01
-3.018395259067744307e-01 6.098213144997133295e-01
-3.533728761814812769e-01 5.375743256546476889e-01
-3.247724754936137104e-01 5.425797839628713204e-01
-3.398880404369304942e-01 5.973586895354707771e-01
-4.008304876962467955e-01 5.872787622752003722e-01
-2.989970157987488775e-01 2.492427600978924795e-01
-2.743306226304770279e-01 2.089698248901415423e-01
-2.102064082766164910e-01 1.502917931355759462e-01
-2.060639661088758401e-01 4.992605760297025297e-02
-2.011508487835728942e-01 3.011350462452606902e-03
-1.986832351557120124e-01 -1.026115810962111297e-01
-1.332845903028500034e-01 -9.869063777905072443e-02
-1.355266313784384002e-01 8.347433308458537815e-02
-2.436193428403007899e-01 1.454162562994368857e-01
-2.711207515526546930e-01 1.187285323004228649e-01
-2.224428645866515231e-01 2.097081988913920003e-01
-2.047113596851558304e-01 2.604579702637314087e-01
-2.129080574368331924e-01 6.327285505471777483e-02
-1.776480629827277280e-01 -9.403598061698631438e-03
-2.184747791579603471e-01 -9.019486606354138944e-03
-1.864850775916466474e-01 4.768246331349533518e-02
-1.434265432297818221e-01 1.086598716056949021e-01
-1.052435428347024693e-01 3.087151755364742067e-02
-1.686580201790565670e-01 6.620302114072136590e-02
-1.567756643261067340e-01 -1.416189028665437999e-01
-6.760024485770743663e-02 -2.116185848668569180e-01
-1.533767931325624723e-02 -1.697465409973075157e-01
-4.235593462471558268e-02 -1.003185798305086529e-01
-6.775667002047068566e-02 -1.396218182656419893e-01
-4.567561007639590887e-02 -9.546850655606176073e-02
-7.988810942919852276e-02 -2.155458790571262440e-01
-3.288397922577483701e-02 -3.686366789158651569e-01
-9.961592846235406418e-03 -3.794906205485198969e-01
1.523430267437103983e-02 -4.960790212994521942e-01
6.375945558556296577e-02 -4.767547704514509266e-01
7.616704938074700393e-02 -7.162126155479036083e-01
1.093679850359594030e-01 -7.446228116733260016e-01
1.197570714710265022e-01 -8.648814377191215153e-01
1.459475909315476605e-01 -9.522696385305718936e-01
1.044825946590136334e-01 -8.176325737096993285e-01
4.932793616294035843e-02 -8.069287797927398032e-01
5.024431996136118073e-02 -7.768373492818986259e-01
-5.807684877641550170e-03 -8.148381377873726850e-01
1.157785126952338567e-01 -7.361678623382980069e-01
1.216189778803222210e-01 -8.117130411539248414e-01
9.314481979912116183e-02 -8.230615404951180381e-01
3.089108525966096502e-02 -8.715894985735107570e-01
4.118818149843263970e-02 -9.676951771300636995e-01
1.017511477113733909e-01 -8.097097870683616083e-01
-3.298765976353508489e-02 -6.782203797855284044e-01
-5.364964828049696710e-02 -6.356921640841699528e-01
-4.668672679449913793e-02 -6.405534371016600170e-01
-7.404865823639118771e-02 -7.125737399228628810e-01
-5.435765071691053829e-02 -8.727974168325715043e-01
-7.177656375509411379e-02 -9.089243411986879240e-01
-4.434293024021643270e-02 -8.594411315031373899e-01
-5.342470175321453740e-02 -7.842688218337211525e-01
-8.439935505059294185e-02 -7.534017204624920971e-01
-1.532219706159045070e-02 -7.339075318039199880e-01
-7.456771023317798272e-03 -7.460072622036384438e-01
-1.575682469903805921e-02 -6.505956454777038767e-01
-1.164517184983187570e-01 -6.541366817061490258e-01
-1.160685776800804286e-01 -5.582537029948677620e-01
-7.249447562403528444e-02 -5.910804989391938991e-01
-4.061693182387260403e-02 -5.086167063455642179e-01
-6.978082949382720390e-02 -4.458105384326994103e-01
-1.257537474028889157e-01 -4.361336004504044461e-01
-1.143526768036919466e-01 -4.729806344091304626e-01
-1.674636356068565646e-01 -4.292057986572937467e-01
-1.379535075769571240e-01 -5.785904537746708876e-01
-1.440625617605581499e-01 -5.672801317893771955e-01
-2.148672080412993290e-01 -6.179806575168709237e-01
-2.116483463700800371e-01 -6.231908329552038328e-01
-1.830702244281721125e-01 -7.011494493307202092e-01
-1.815280256468707054e-01 -6.341300583701061644e-01
-1.177514786346386400e-01 -6.092560123702841501e-01
-7.684010683653279272e-02 -6.487127683585256488e-01
-8.151206582874867546e-02 -7.908745560772397765e-01
-5.157459774782795214e-02 -6.426637147406482065e-01
4.724877825304753948e-02 -5.977297991001495614e-01
9.760833256597330199e-02 -6.598739402975926094e-01
1.603193507826191078e-01 -5.605825801927151186e-01
1.772444479401496520e-01 -5.810531363204741728e-01
1.334064600254987187e-01 -6.373110143541067529e-01
1.719132552282897353e-01 -6.135637262061444108e-01
2.126118146029717104e-01 -6.123992653595635716e-01
1.450918727908542261e-01 -6.061405347748040073e-01
1.426853179424039386e-01 -4.929611339725736285e-01
8.647985690606720122e-02 -2.889501973466944706e-01
6.981697591348193233e-02 -2.999486221344599413e-01
1.270959302928465484e-01 -2.517864399802045572e-01
1.202970252007244528e-01 -2.950046117848953986e-01
1.426710034069783029e-01 -8.006408860042071862e-02
1.177170234407769744e-01 -6.353754198115653395e-02
6.420218017265831578e-02 -4.791283274225882627e-02
7.648835736902040439e-02 -2.416610988662505621e-02
3.299304359009076065e-02 -1.026299238181788420e-01
2.517345634117509195e-03 -1.295004923274054032e-01
-3.852679748537268106e-02 -5.213950679903951724e-02
-4.727673792874610703e-02 -2.552494216461628773e-01
-7.786144477828567390e-02 -2.050050227316333462e-01
-1.224100030531905248e-01 -1.845307069911390763e-01
-6.973321692040601594e-02 -1.407198931724213675e-01
-6.278794918748895060e-02 -2.695736240887149915e-01
-1.289389024932782735e-01 3.946844303016339151e-03
-1.526126483639888842e-01 -2.474181959728668501e-01
-1.561951336940299584e-01 -1.719568432553120196e-01
-2.153542362143854583e-01 -2.085615051858774049e-01
-2.973409621321033702e-01 -2.246366602200019769e-01
-2.868539380572674435e-01 -1.998814204247654214e-01
-2.023787804684526459e-01 -2.014770177180530419e-02
-1.510121669302986191e-01 -4.950689727754641056e-02
-1.568216394673942193e-01 -1.397080440502188603e-01
-1.213061648469906662e-01 -1.501728293134594328e-01
-3.250317735124874652e-02 -2.269305588024321807e-01
-2.566722706805919796e-02 -2.336439696626994300e-01
-6.596569468000391956e-04 -9.376190183992016980e-02
7.847602244616815048e-02 2.615067310318880400e-02
6.078697401527671101e-02 -9.154191648544610094e-02
4.273664637336535566e-02 -1.948410883638402868e-01
2.171894061393481873e-02 -2.618405986660795604e-01
1.100619469400374723e-02 -2.696866338486156867e-01
-1.151630270833592651e-01 -3.933127377632313348e-01
-1.120496726016069894e-01 -2.940945120702874727e-01
-1.071371616493286272e-01 -3.300230678219239211e-01
-1.345142096108840613e-01 -3.934402800328224981e-01
-1.579695206907927585e-01 -3.318810301846407684e-01
-1.398491427913747254e-01 -3.768176912675387791e-01
-7.528907675825373402e-02 -5.433993100032039614e-01
-6.957406180273502383e-02 -4.539957211565016082e-01
-5.241486765499731026e-02 -3.267499386497194624e-01
-5.988472355136713332e-03 -3.683509876121723869e-01
-8.507929808721749476e-02 -4.576855357735805097e-01
-1.175990672772327522e-01 -4.443222555004665009e-01
-1.448795939900392737e-01 -5.069824393873918478e-01
-1.215825247601341613e-01 -6.947285097328155246e-01
-1.388884912617295853e-01 -6.558376970980221987e-01
-1.872652568693994879e-01 -7.390241938929031917e-01
-5.487414103347590388e-02 -7.529805792213715154e-01
1.897813463084173369e-02 -5.095569557139901784e-01
-8.122200985859726746e-03 -4.785253245947925227e-01
3.147788071519916353e-02 -5.694681763688992371e-01
2.798644796786068853e-02 -4.180834083228522902e-01
1.097338637598367639e-02 -4.194407559155728382e-01
3.153002569914308689e-02 -2.883662126563437678e-01
6.186123558816217921e-02 -2.764710056488068890e-01
5.672154735318421515e-02 -3.919748520160739047e-01
1.557602502676547762e-01 -3.312506443499363407e-01
8.273442173180005355e-02 -2.715018428114202020e-01
4.652396992383014962e-02 -3.669225782004150171e-01
6.133324387814170775e-02 -2.156235984187010180e-01
1.281415256630974442e-02 -1.214770656572022878e-01
-2.224417679901339456e-02 -3.480448542488186192e-02
-3.104134909292537853e-02 5.089182454020797775e-02
-3.607719332192964312e-02 1.639685157150044259e-01
6.531959490069530472e-03 3.353621209898324795e-02
4.457444628912119594e-02 4.210267560857116481e-02
1.238859204849376838e-01 1.432744274826684983e-01
1.267191121986449287e-01 1.590100589184112734e-01
1.805724905012595360e-01 1.781367870337433323e-01
1.378538896329927210e-01 2.403513961866927950e-01
1.518624284791674217e-01 3.403528505311430585e-01
6.134187771753969731e-02 3.653408894948501628e-01
1.381896644688422604e-01 3.349000625062471537e-01
1.320596364193968586e-01 3.035097262206103430e-01
1.456415896044733482e-01 5.133624746868442612e-02
1.417929107825300072e-01 8.118620685606457721e-02
1.264322349895528330e-01 8.110980702496985162e-02
1.398392281063394194e-01 -2.117770959305931289e-03
1.430179395429424516e-01 -1.768445514813801744e-01
1.431724045422636260e-01 -2.288177007845845767e-01
1.525130998113979064e-01 -2.155730089983162179e-01
1.390407847786002404e-01 -1.159517219493006041e-01
1.290298252633701181e-01 -1.043192559872648251e-01
1.101140947857787433e-01 -1.428080560036991686e-01
1.033774442533793719e-01 4.436963771456189920e-02
1.183477062127682444e-01 2.360779294144063067e-01
1.102087014615226318e-01 7.301890004530284251e-02
1.014843541278305228e-01 -4.244883911038686841e-02
2.110691269879166332e-01 4.435792837827391699e-02
2.125082971835703383e-01 -1.074080572209221013e-01
2.103133844038329037e-01 -2.508994978278872856e-01
2.354883942721916479e-01 -1.103976226382102355e-01
3.084280197626629860e-01 -2.665944796104369741e-01
3.722282466501200537e-01 -3.176642104809735412e-01
4.293183407511342309e-01 -2.269497834316529794e-01
4.154063529797653032e-01 -3.503092178938435053e-01
3.823274898637548103e-01 -2.971398023108465791e-01
3.723741769255062839e-01 -2.102248647168492024e-01
3.999343417489103492e-01 -2.184496681231418991e-01
4.358186911930409524e-01 -2.949956951385722115e-01
3.966626168610127845e-01 -4.547825808282524029e-01
4.280722569307275904e-01 -2.199419024243948473e-01
2.968108216921450659e-01 -3.161184079819748249e-01
2.219421422677486100e-01 -3.228783013083605380e-01
1.620700044411689800e-01 -3.198366474957374805e-01
1.012456735659805762e-01 -1.578990858835620237e-01
1.158690200134621096e-01 -2.031267961805766908e-01
1.159425721012294769e-01 -9.574224180422000186e-02
1.256140711633426943e-01 -1.654402423649142806e-01
1.216675811944035179e-01 -1.954527552140135072e-01
9.481315357207364958e-02 -2.433868712472195273e-01
1.463138277995387482e-01 -3.551344110517096198e-01
1.176956109608088830e-01 -3.020900957543330989e-01
1.385461966697409952e-01 -3.818115916645028474e-01
8.188814627066598462e-02 -2.693000474463835836e-01
9.344343053031597957e-02 -3.051351107173781441e-01
1.251693126360835795e-01 -2.705256638860956131e-01
1.810476102574031521e-01 -2.836219127510932747e-01
2.554421929268007596e-01 -4.969301526930399726e-01
2.311149692938152256e-01 -4.483168892383177506e-01
2.107896843230918082e-01 -3.938109056934679386e-01
2.049968979241328371e-01 -2.574261807924124179e-01
2.737894195639886119e-01 -2.120984681332540867e-01
2.472256053004329990e-01 -3.435359348035080806e-01
3.086732442622676098e-01 -3.248199978267752863e-01
3.535741437609030702e-01 -1.146727303586630997e-01
4.133708739279432498e-01 3.516140775742247759e-02
5.124664253988004958e-01 8.496879772604894188e-02
4.508648662112240690e-01 -6.903035448277707042e-02
4.874585309742246464e-01 -6.890853311072034360e-02
4.745919708735469866e-01 -4.426269106977378381e-02
4.914285321521876804e-01 -2.216890383980286983e-01
5.197979357134011602e-01 -2.657343162170359707e-01
5.752176488254879816e-01 -5.462711417252821278e-01
5.471958278516066976e-01 -5.398326862117608371e-01
5.160315564170880887e-01 -4.519927995705277368e-01
5.534664694690516473e-01 -5.358655813494394016e-01
5.955918575721794728e-01 -6.465885591188129666e-01
5.325669326283833938e-01 -6.962092670579561604e-01
6.028755761726336537e-01 -8.747947909340446637e-01
6.288769291994297239e-01 -8.115589196978273412e-01
6.062467372342632554e-01 -7.673190980670940853e-01
6.687234508746904282e-01 -7.272377412017526632e-01
6.380924910460176180e-01 -5.967392878494317543e-01
6.575380865957756171e-01 -4.800038446842048168e-01
6.714924643682451677e-01 -5.999491897645802263e-01
7.066104235853782889e-01 -6.652690397176240777e-01
6.880256503310215876e-01 -5.527682420710712252e-01
6.448575903863230652e-01 -4.202167590821631604e-01
6.117426737220346133e-01 -5.138207731591410976e-01
6.036714921594255046e-01 -6.328962635109346424e-01
6.155264440594928610e-01 -7.389180349060497921e-01
5.747840366742573703e-01 -8.020145737441569667e-01
5.281456514300001404e-01 -7.349084702323918084e-01
5.095728093273045323e-01 -7.627355998320821673e-01
5.793990872399212844e-01 -6.867828391359229734e-01
6.494936999035003655e-01 -7.120970654848257642e-01
5.643051637425240408e-01 -5.725757832962302674e-01
5.281222225923736247e-01 -7.475290114815277276e-01
5.140802286714997171e-01 -7.763670891150544762e-01
5.887521467350379512e-01 -6.476427302116042339e-01
6.075625839825303798e-01 -7.646402559191223247e-01
5.570545780509145173e-01 -5.534250541666799750e-01
5.484091476789252351e-01 -4.412588852789531280e-01
5.673895260685496433e-01 -4.811427562513987954e-01
5.730604804171361977e-01 -4.301835483212580469e-01
5.646582634057382144e-01 -3.736093639712418368e-01
6.090349193366597635e-01 -2.660212883357591096e-01
5.068587782101259265e-01 -2.068205816674592856e-01
5.528637363218896761e-01 -2.484959632499391113e-01
5.332125497177804263e-01 -3.466982009728190040e-01
4.166673261396271477e-01 -2.216359733036977475e-01
4.429280521648918945e-01 -2.605737139288447635e-01
3.945616673069321512e-01 -3.350597487357882542e-01
2.753867114223048085e-01 -4.332806088098909991e-01
2.906895428146519245e-01 -4.071103475714527020e-01
2.308063378726790682e-01 -3.879381351036736980e-01
1.931206244129503313e-01 -5.101974569760463485e-01
2.386308456441258996e-01 -5.130943766819657803e-01
3.863115296178455393e-01 -3.447563641432934700e-01
3.294269769330837594e-01 -3.535056704889648627e-01
3.007571131997529568e-01 -2.643674074188234191e-01
2.704714288256619970e-01 -3.813595455173928173e-01
3.030344476009890764e-01 -3.719050501615047688e-01
3.304219016232249895e-01 -2.881669747473654120e-01
3.118900657292915657e-01 -1.816810521255850519e-01
3.554807061187331141e-01 -1.571959107715206194e-01
4.211379054638092478e-01 -1.341578428386451804e-01
3.789704743509715867e-01 -1.193395771460824262e-01
3.785539826816066711e-01 -1.837730768824441530e-01
4.160696199422944108e-01 -2.168643317773175649e-01
4.794679092234779283e-01 -1.820333318347309715e-01
5.360140631612960727e-01 -3.153978494406298183e-01
5.468731008141641814e-01 -2.049107818719040908e-01
5.012502046807901790e-01 -1.663151356639450962e-01
4.876731344921674260e-01 -2.127034445621214243e-01
5.284597918913203074e-01 -1.833585031594751336e-01
5.619610544655593287e-01 -1.180794720129820508e-01
5.414515694186730066e-01 -1.981631761985291895e-01
5.680193220952345357e-01 -2.325195887101863534e-02
6.237631794885371006e-01 -1.265859315537626872e-01
6.285694359995193103e-01 -2.230658927083566945e-01
6.135314400934822610e-01 -2.452462330765756149e-01
6.128565308968011438e-01 -3.301432062549147228e-01
6.654911789025443891e-01 -3.585045457416993209e-01
6.416463541474162202e-01 -4.393013568258564705e-01
6.708842584388656771e-01 -5.310119577137322189e-01
6.916042117810672352e-01 -4.163057623760830217e-01
6.758941514576991549e-01 -3.254692417529018722e-01
6.474421288025988819e-01 -4.380175393180631982e-01
6.295856154453441933e-01 -3.831236421363669042e-01
6.518289295200667688e-01 -3.214493689905817408e-01
7.210727094924769265e-01 -4.351634075554796643e-01
7.627839134625485906e-01 -4.603664515149229475e-01
7.619649727255168870e-01 -4.581309009639951135e-01
7.653242247016555089e-01 -3.410816429686246432e-01
6.860975488076577200e-01 -2.213393521812614673e-01
7.343247682943873089e-01 -2.201923594393172812e-01
7.917201679791766589e-01 -1.764201018710627178e-01
8.047379079020753334e-01 -2.370648781479252065e-01
7.774892803658697282e-01 -3.501158355894495311e-01
7.560382874169917500e-01 -2.338903371509054863e-01
7.698664684250752233e-01 -2.269054929978716606e-01
7.157149995621218119e-01 -2.062284682132035918e-01
7.186058375231919593e-01 -1.682631739142880223e-01
6.899261576635704607e-01 -3.429416770710432272e-01
5.152815849303135076e-01 -3.555817415501750234e-01
5.188412056641552583e-01 -3.950213327694180876e-01
5.037615020371249974e-01 -5.123295657819066928e-01
4.122598831539864284e-01 -4.100553335707848301e-01
4.239799906174155364e-01 -4.187171705230792740e-01
3.939928843344462916e-01 -4.744667964988545927e-01
3.727646142040627053e-01 -4.653285076161789990e-01
3.528639462076524347e-01 -3.669882056522117963e-01
3.394957009196949427e-01 -3.074297121595974680e-01
4.450666435959046430e-01 -3.363803524887740148e-01
4.121080928159887025e-01 -5.409559612132717188e-01
3.802119224785355800e-01 -5.692979018094589394e-01
3.684099240448990842e-01 -5.425263760173225647e-01
3.072973036127605306e-01 -3.937899842933857975e-01
3.326246232802702596e-01 -4.508901269205677353e-01
3.065967096707120088e-01 -4.413349216736371372e-01
3.741578346161496538e-01 -3.251520760344383532e-01
3.872534831089780027e-01 -4.112133232228861734e-01
4.091323210046239334e-01 -4.093550157389377886e-01
3.268119591197623519e-01 -5.706011550907411634e-01
2.853789357901338475e-01 -5.517549802612757848e-01
3.044389600235494209e-01 -3.142381793494561926e-01
2.825484805502226915e-01 -4.782675410838935215e-01
2.252899607733836462e-01 -5.933511227948145006e-01
1.422556674908736496e-01 -6.404649510780157096e-01
1.571456380460417857e-01 -6.978080997437796640e-01
1.462309890462549777e-01 -4.776868074236024220e-01
1.253102137930575399e-01 -3.178271181100121856e-01
8.137405203292691347e-02 -4.421177198551019538e-01
3.568935576443552082e-02 -5.718328912421826171e-01
4.062739373346768712e-02 -4.477378696793908874e-01
4.872981380854046057e-02 -6.593587296430412081e-01
1.140430641184496940e-01 -7.046716443609424285e-01
2.308384779776029294e-02 -7.171486725005580265e-01
4.275536594394265671e-02 -7.494882036878167675e-01
6.821778698542002584e-02 -6.066665593279322310e-01
6.271327563962532381e-02 -8.074194808899040066e-01
2.393644595091805327e-02 -7.438709080779393190e-01
-7.184110362853358966e-03 -7.584355958970483425e-01
9.299461795125963520e-03 -7.573512972940483756e-01
-2.542220174624493928e-02 -7.267479974125933273e-01
-9.373908091943519011e-03 -8.221378097179303790e-01
-1.988027256670314019e-02 -7.581550736343901642e-01
-2.139530357077878975e-02 -7.002265528439363118e-01
-2.368720948045572108e-02 -7.791327764976443415e-01
-8.784108080965044585e-02 -8.109032873531568653e-01
-3.784172792157770165e-02 -9.110906675735239713e-01
-6.462256324242186822e-02 -9.523800336535772626e-01
-2.973220045095495423e-03 -1.058968370413336135e+00
-2.712311862412718558e-02 -1.007539275802212808e+00
1.019381128986748125e-02 -1.088084573834148028e+00
2.193917403067738997e-03 -1.182764637342485825e+00
-3.979997960254354206e-02 -1.073790946287238368e+00
-1.007785452609750998e-01 -1.191831970947683672e+00
-4.006741553300913194e-02 -9.647295029825173618e-01
-7.692957237143832616e-05 -6.758875590815075496e-01
6.502640259187284118e-03 -6.225049108492980432e-01
-3.841020671886781479e-02 -6.224505682083399938e-01
3.020283906630476939e-02 -4.677004201362437996e-01
-4.010246278145607191e-02 -5.283167714131776771e-01
-8.837947984393043632e-02 -4.500812353804590771e-01
-8.780332306263598230e-02 -4.663932168473950424e-01
-3.634816812864138241e-02 -3.456385035194540212e-01
-6.505622345011931318e-03 -1.779500689569318839e-01
-1.251811514602990325e-02 -2.150348056668517915e-01
-1.933922439255215953e-02 -1.607603880988983658e-01
-9.751875877233218484e-03 -1.414740894292925433e-01
-6.341968725822869080e-02 1.173076308524007016e-03
-6.644807858393377009e-02 1.600964065159699301e-01
-1.119645565427571238e-01 3.135908880031691437e-01
-8.214125169855297781e-02 2.709506837220503339e-01
-9.584996186047457789e-02 3.098511731565994909e-01
-5.309109176703724620e-02 4.248782722382120070e-01
-5.211680437015527717e-02 2.725912268668270189e-01
-5.191206687559978689e-02 1.784076826728067666e-01
-1.273205051937638388e-01 1.377316531777731945e-01
-1.924703740070656255e-01 2.398605770900235634e-01
-2.400900777170287548e-01 2.637128947404789869e-01
-2.470320596747041519e-01 8.866439033761397415e-02
-2.591162588899233454e-01 1.075241907258639856e-01
-2.993927277011851351e-01 2.021817230557044209e-01
-3.082789383872426847e-01 1.058417483005053145e-01
-3.050664670949839730e-01 3.421976374677561383e-02
-3.219576383431550504e-01 1.086179284092103903e-01
-2.924268589668780338e-01 1.935728674233307967e-01
-2.743194117560839307e-01 1.557582833262908806e-01
-2.953068116674293919e-01 7.586680809017401494e-02
-3.449535687206520262e-01 7.230057640445980427e-02
-3.140460737437044125e-01 -2.754205064957297722e-02
-3.005943181975728185e-01 9.832954166590389400e-02
-3.259234132550349883e-01 8.993462203792909615e-02
-4.084892240418417919e-01 8.560304533255938542e-02
-3.245817927279457948e-01 4.259744019566649720e-02
-3.130693833006927274e-01 1.287295630597057872e-01
-3.269166503349587027e-01 -2.076176442378954712e-02
-3.580138663083856088e-01 9.048297051542970870e-02
-4.036100623036211754e-01 9.287720860334720829e-02
-3.871065939341825080e-01 -2.002932660099866757e-02
-4.349022414448867058e-01 -1.259473987764196841e-02
-4.309465763442623110e-01 1.965095593845636035e-01
-5.116185189641930808e-01 1.536867566518599626e-01
-5.584543289212660078e-01 1.664565538838446157e-01
-5.473827411588974012e-01 2.997435959721251875e-01
-5.473719094344525748e-01 2.416471092868613668e-01
-5.387264992797572427e-01 2.081584798607352682e-02
-5.818460231033032448e-01 1.774260082664474436e-01
-5.984997578912907290e-01 2.104493453905108002e-01
-6.447438772544652474e-01 2.568971268395130458e-01
-6.376434926086087529e-01 1.214101749015575049e-01
-6.183540150610963293e-01 1.891601062309879178e-01
-5.953533519278872976e-01 3.564404353870750941e-01
-5.711401807850595702e-01 3.634831575595188213e-01
-5.508055974003132071e-01 2.648906660688236658e-01
-5.874400040616820640e-01 2.035469017188988317e-01
-5.453051728596303160e-01 3.345662542388095906e-01
-5.136573769176547843e-01 2.214186016088218745e-01
-5.152296916336696064e-01 1.949214618966740864e-01
-4.986100995401397395e-01 1.103732163748017969e-01
-4.669480127001260916e-01 1.413879088456006516e-01
-4.478122812658298924e-01 -1.442605780689815154e-02
-3.888550129004964551e-01 8.449621413113271931e-03
-3.674679701603826287e-01 2.425057872259256050e-02
-4.324830453026265453e-01 -2.730720638913113757e-02
-4.220231860401609247e-01 -2.878996655969550886e-02
-3.734766983021455822e-01 1.141645447252335188e-01
-3.904924959483010438e-01 2.129909158013075232e-01
-2.992669693666201169e-01 3.481238179629524421e-01
-3.230496601831776560e-01 3.838217567608929182e-01
-3.206551901511758840e-01 3.493895360348613366e-01
-3.203679024764024552e-01 3.170075248277580138e-01
-3.697704645524066969e-01 3.164472108417182850e-01
-3.761793280393582739e-01 5.198600283377836639e-01
-3.759646163868384239e-01 4.262181375653937287e-01
-3.487471797480282687e-01 4.538176493891941665e-01
-3.930499420368853691e-01 4.334069762162066630e-01
-4.332283197369460881e-01 3.285747931627587826e-01
-4.401580657548142539e-01 2.667532688882844893e-01
-4.697895538247066072e-01 3.820681347667401195e-02
-5.212665524999192668e-01 -2.436253968617733967e-03
-5.908371965226515421e-01 -3.211160899339372127e-02
-5.525261476691747387e-01 -3.863593851930852835e-02
-5.804933805467715757e-01 4.064777124630319927e-02
-5.631370814424946358e-01 1.296973050120781290e-01
-4.809333078961465779e-01 1.390120356067835461e-01
-5.062901631904251909e-01 1.845537567146313118e-02
-5.830170448853277954e-01 -5.788980003575755484e-02
-5.221618161742818121e-01 -2.681785975994593896e-01
-4.931466190130293081e-01 -8.239759210100577880e-02
-4.153001955031969672e-01 -3.564720793670364540e-02
-3.318250126068564843e-01 -1.140035042718743480e-02
-3.133187198774795013e-01 1.952417250268172477e-01
-3.296039303331881887e-01 2.328355063954615778e-01
-3.204449448628144403e-01 2.218481397493366758e-01
-3.352653697254088794e-01 -8.073459144485076178e-02
-2.825980509683171937e-01 -1.781892483329645255e-02
-3.423245170025963624e-01 1.799937773078418013e-02
-3.299301652971422527e-01 -7.093665093535204969e-02
-3.485579447570201217e-01 -1.118992391060892599e-01
-3.425751637560511820e-01 -1.360261892692835040e-01
-3.406569282730876891e-01 2.972024018760277553e-02
-3.740403174290007349e-01 -2.429580185765473771e-02
-3.323567150688570004e-01 -3.658953146591917283e-02
-3.884401665911562107e-01 6.339560048193272623e-02
-4.072262954812788105e-01 1.652589991205000164e-01
-3.765483522087557655e-01 1.584013238500468213e-01
-3.032820545258251288e-01 8.821881993383988430e-02
-2.520586669949936853e-01 -8.048347334188994673e-02
-3.457359271840901305e-01 3.248522492941528783e-02
-3.369104659472940688e-01 2.600421757268614117e-02
-3.358151689804394491e-01 9.918376255141561626e-02
-3.058016265907734232e-01 1.792109258808292638e-01
-2.897118153924957973e-01 -2.560447966425957733e-02
-3.507463768435816198e-01 -1.108610286508562026e-01
-3.547711721924485806e-01 -9.840195447008827367e-02
-3.573712344868286706e-01 7.663905569558719655e-02
-3.973348393140022083e-01 -2.094213112409748501e-02
-4.216490894762906505e-01 1.462161491781821532e-02
-4.489566317059198175e-01 1.059718194214534920e-01
-4.366624900484126770e-01 -1.780595198885363828e-02
-3.888344450816942355e-01 -2.386997042308520722e-01
-3.934251510293848564e-01 -1.442828763404112868e-01
-3.813067630369634808e-01 -8.731861165492391108e-02
-3.581185080733917392e-01 -3.286152959407873109e-02
-3.310158239216348108e-01 -9.162594355952469183e-02
-3.581968625366980241e-01 3.179461076368370054e-02
-3.078900561602322949e-01 3.993626534390417454e-03
-3.120157029943493310e-01 -2.046024005489228137e-01
-2.326014988250381943e-01 -2.397984037774874844e-01
-2.269878118126059663e-01 -1.847933231123886355e-01
-2.071187306808773276e-01 -9.630666498297264788e-02
-1.801259568912986775e-01 -5.974329685689867137e-02
-2.712167673825742198e-01 3.195119533855086957e-02
-3.860687446154356106e-01 1.157725039621891883e-01
-3.571877937341326192e-01 2.626867452603419417e-02
-3.012507205052819548e-01 1.366657460280587266e-01
-2.666690466423508599e-01 1.270480194120329476e-01
-3.122547788365631627e-01 2.710057478880038007e-01
-3.409026283530444679e-01 3.422125407940766473e-01
-3.788676479013616261e-01 2.264157616560644459e-01
-3.724963133609582866e-01 1.559315847037256730e-01
-3.496960449235912427e-01 3.503985792803056276e-02
-3.349675643894471366e-01 -6.187823429678744602e-02
-4.054355374686564040e-01 -1.078428086548591236e-01
-3.761156009975391568e-01 -1.013251757009289850e-01
-4.230008960541036256e-01 -2.873113286344640693e-01
-4.004146351445619922e-01 -3.972124726784140858e-01
-4.584498595567766399e-01 -1.966950292165730585e-01
-4.474646594690086521e-01 -1.034649078566435287e-02
-3.971037087279314926e-01 -1.837060692692206731e-01
-4.054604603731863932e-01 -1.749420719456606932e-01
-3.449709654140523107e-01 -6.255365928203067416e-02
-3.482257179552936122e-01 -1.296848806024111234e-01
-2.684460835845708937e-01 -1.843428667943654009e-01
-2.556159635590888879e-01 -2.640077342448100550e-01
-2.755026725065690685e-01 -9.123844553715965144e-02
-2.040383408574760749e-01 -9.620807306690751237e-02
-1.644963569956034433e-01 5.717626702315915799e-02
-2.710732023548637626e-01 6.547508043880539974e-02
-2.263750970349856784e-01 1.081640596990515735e-01
-2.053577984589023686e-01 1.623867292339661872e-01
-1.656966945037618710e-01 1.208277958178432948e-01
-1.846148907784251891e-01 3.213340755459462850e-01
-2.152422218907980855e-01 2.661393366784748915e-01
-1.970565296231995833e-01 1.939245024542180507e-01
-2.164587838513638007e-01 2.157418653990389457e-01
-1.822699201242525269e-01 1.769101800632885413e-01
-1.796282485832074727e-01 1.518265034029911975e-01
-6.183382461138396680e-02 1.994976753828516525e-01
-6.204451200590156007e-02 1.897814365306339235e-01
6.044010238501745791e-02 2.799432222380926483e-01
4.352827173932780069e-02 2.114370236817297299e-01
-1.964994791189016848e-02 2.682097776921189003e-01
-1.962964082762770623e-02 2.277976999825084281e-01
-9.247338705932629799e-02 1.702888965166041435e-01
-1.057290299778941012e-01 1.764320454222341461e-01
-4.143574226510329805e-02 5.161411775673124813e-02
-4.359687893943158671e-02 -1.201762028514491432e-01
-6.806579729782047394e-02 -2.657319051724980896e-02
-4.927332734757722960e-02 -8.497391609459396117e-03
-1.072273668312663242e-01 9.530039512326901607e-02
-4.871160157839714289e-02 5.295634809462315684e-02
-4.931268697996613048e-02 -2.388893005739498726e-02
-1.361749846301815448e-01 1.485902135763138635e-02
-1.329997180517584476e-01 -1.939785018195744337e-02
-9.386682291025777447e-02 1.222311322851252491e-01
-9.739990201477345677e-02 1.649378990914146803e-01
-1.247145847799881191e-01 9.330651546880523728e-02
-7.277539149383638328e-02 -8.628346137605959199e-02
-1.101040110342415002e-01 -8.474851888938550459e-02
-7.064027537618666752e-02 -7.381749698300013596e-02
-1.152095662342256382e-01 5.278515932355014317e-02
-1.534381406791109903e-01 -8.725771904711185356e-02
-2.005133442858918480e-01 -4.216508084968523251e-01
-2.573991068265470972e-01 -6.002056957311301399e-01
-3.240363075431157425e-01 -5.687809735611120132e-01
-2.695863138088084865e-01 -6.292386132734055781e-01
-2.557929202129159973e-01 -6.433799106953609348e-01
-2.832052231536240638e-01 -4.707740168467838826e-01
-2.564370180616513117e-01 -3.592888552113360223e-01
-2.887546471869327225e-01 -3.059978341271522018e-01
-3.426076821465083300e-01 -4.415197297265395782e-01
-3.910437057129244609e-01 -4.578740450942426765e-01
-3.015095550521058043e-01 -4.584390269703050302e-01
-3.482844887203224715e-01 -2.025951673335976144e-01
-2.612475045817092001e-01 -1.584140486336983178e-01
-2.655887981476748871e-01 -1.999358722892368712e-01
-2.708622865618501296e-01 -4.946365893067253272e-02
-2.776010053340728922e-01 -2.548417209662186544e-01
-2.571954892829819705e-01 -2.200270320551923342e-01
-2.468543853508371466e-01 -1.624326498144642861e-01
-2.783166935441303003e-01 -2.635378085880878407e-01
-2.493656257404610610e-01 -3.056307630311936308e-01
-1.562583258451100687e-01 -3.329642578318766644e-01
-1.342619320271335459e-01 -4.527608586196843476e-01
-6.295396078898130021e-02 -3.424907800770141675e-01
-4.381979263139772207e-02 -3.954759533546049477e-01
-7.808515673547589131e-02 -4.261573450717504596e-01
-9.275481777569677400e-02 -3.792379663875064533e-01
-1.802128406849230757e-02 -2.906430375556268153e-01
-2.250847620117365708e-02 -3.866990248046807688e-01
1.435802424932777072e-02 -4.829308837388711639e-01
-5.304722699949288023e-02 -7.071924377917420124e-01
-4.064725906026970398e-02 -7.476419188909797509e-01
-6.138339244250850396e-02 -6.980037530571636673e-01
-2.907088342795944441e-02 -5.939927279570811347e-01
-1.873560045471078100e-02 -6.018613375351370420e-01
2.485181641630654012e-02 -5.699064994903915160e-01
9.532401860904837765e-02 -5.543904344320393918e-01
9.540343442195896306e-02 -4.510597352584301278e-01
5.673034054456890102e-02 -4.081497424107097816e-01
1.175824348954042087e-01 -4.710417975196637963e-01
1.808573337538122716e-01 -4.880922067905613115e-01
2.140058007524672234e-01 -5.948572471964258535e-01
2.745915700717233010e-01 -5.268428215369833634e-01
3.137429678633368302e-01 -6.122559969419608672e-01
2.555837045177191680e-01 -5.901398015153050958e-01
2.313618037707705910e-01 -5.795766277523768384e-01
1.792197572468461064e-01 -4.158176606326989821e-01
1.556086386009943312e-01 -2.771459297680005651e-01
1.911780542120876947e-01 -3.246170570453455473e-01
1.405254885201525084e-01 -5.462576827740135421e-01
1.266389266582657880e-01 -4.627110640602541403e-01
1.342025826279138467e-01 -4.071732386328671405e-01
1.533081772897507411e-01 -3.603976363080861889e-01
6.822012915551153855e-02 -3.964683264471010604e-01
6.903921008433404338e-02 -3.702641960999331627e-01
6.183479382518834722e-02 -5.034324493778938869e-01
3.558791278885950482e-02 -5.379206454578912000e-01
-3.754510938236907402e-03 -5.515060745406468179e-01
-7.190611233429267113e-02 -3.766598684642071815e-01
-1.519690750602715468e-01 -4.876981815618164351e-01
-1.159331964379173019e-01 -6.390468463210134953e-01
-6.957750925501583750e-02 -5.679041316829801511e-01
-8.592751738268086803e-02 -5.987456040300536131e-01
-8.330108130218945306e-02 -6.991601169000745131e-01
-3.881598344760166935e-02 -6.339176401161605856e-01
-2.642513051006525546e-02 -5.163887669368429911e-01
-7.138905337694111120e-02 -6.417839545049679462e-01
-1.140213782189503089e-01 -7.007352969191273928e-01
-2.037878388323607903e-01 -8.299244062566049074e-01
-1.850617727668626422e-01 -8.252753455190195986e-01
-9.396687382089202734e-02 -6.864992523513424594e-01
-1.039237190714590586e-01 -8.027109168466770583e-01
-1.258866064512656480e-01 -9.584624815973969980e-01
-1.201750994514263204e-01 -9.623647513809258092e-01
-1.151143691041813799e-01 -8.083810751059570254e-01
-2.807708648986243505e-01 -6.428317645726289165e-01
-2.778697536522030109e-01 -4.972884361900997696e-01
-2.724831115008338189e-01 -6.001405593055825216e-01
-3.473929261202822749e-01 -5.609193122089888295e-01
-3.652655750304942828e-01 -6.446101310011038699e-01
-3.328860110643984682e-01 -6.838726784737759745e-01
-3.105711031874227035e-01 -6.374312533553956328e-01
-2.951636413926289060e-01 -6.774534173815541793e-01
-2.341104507367693377e-01 -6.224791993892877517e-01
-2.174893971688499905e-01 -6.244845226124476900e-01
-2.414489709561177810e-01 -5.596104770907768255e-01
-2.423049615076305896e-01 -4.537177192422214844e-01
-3.021357781788394647e-01 -3.451050522785877872e-01
-2.852750834953854953e-01 -1.509106688214267300e-01
-2.459140787390290961e-01 -5.074627640005814622e-02
-2.224280287941917400e-01 -1.444643245132209985e-01
-2.291166046706171189e-01 -1.936824554740340654e-01
-1.608439727849179102e-01 -1.759311987506316233e-01
-2.075922627901033435e-01 -2.412085171333708256e-01
-2.612582658751295139e-01 -1.535968039993716172e-01
-2.076233832904211540e-01 -1.667944133677212726e-01
-2.819602907173064388e-01 -4.501615801282751739e-02
-2.805738675793446602e-01 -2.805459483626201456e-01
-2.738873830484398475e-01 -1.103041528255796488e-01
-1.910769140324433124e-01 -9.286714044462879292e-02
-2.108215471747651726e-01 -1.556531911063663565e-01
-2.936819394641781433e-01 -1.827558322077292019e-01
-2.754791576297764832e-01 -3.234456891194626982e-01
-2.867879769807522017e-01 -3.028231727348766888e-01
-2.258416696051017136e-01 -3.772095729120379937e-01
-1.819715860558070997e-01 -3.427656180995605761e-01
-1.676186819420346363e-01 -5.156237893469136635e-01
-1.408787835409461009e-01 -6.215407647909453326e-01
-1.599409025954435237e-01 -6.362690980971260624e-01
-1.002204221309620225e-01 -6.155898425563665066e-01
-2.189628512207070221e-02 -6.540961648464935774e-01
1.141306147913374869e-02 -5.652422972808882617e-01
9.236974172906782521e-02 -5.045425088709298844e-01
8.596211862552702310e-02 -7.179417595601111923e-01
9.954796329329877735e-02 -6.886839240037643251e-01
1.469701659647605907e-01 -5.416240028623858782e-01
1.311678755935886120e-01 -4.159013644301845503e-01
1.225028766708226580e-01 -4.095919118117044011e-01
9.351928656821781316e-02 -4.719528837470839955e-01
8.696448958752475700e-02 -6.163898602828635775e-01
9.029374201184488247e-02 -5.205914508042492894e-01
1.105847108679803015e-01 -5.688143449615148395e-01
7.281513316447400797e-02 -4.481686438311058840e-01
1.194765726530067212e-01 -4.828888104790137192e-01
2.110754177784046615e-01 -3.519099345182015171e-01
1.778861929716333834e-01 -4.080299187811642359e-01
2.501538044762681157e-01 -3.963240779754532706e-01
1.751190841125359610e-01 -4.194139116231679898e-01
1.532481597175735788e-01 -4.392855423332688858e-01
1.139815809590551676e-01 -3.958504739580250842e-01
9.161184724030566051e-02 -4.672356196359249703e-01
9.848603899192022448e-02 -3.945609514143564311e-01
8.728416564544218270e-02 -4.405323257055545061e-01
1.150861746126044943e-01 -4.429562925170797971e-01
1.681926484733945459e-01 -4.649887381962158894e-01
1.913425407265373079e-01 -2.768429784808441596e-01
1.541202924268270102e-01 -3.399786175177862968e-01
1.304154568911885803e-01 -4.078280522095313332e-01
7.521983266784568190e-02 -3.866386066802147137e-01
2.991635401475563338e-02 -2.827746619850237675e-01
2.559695261583770989e-02 -3.047583344773501235e-01
1.357842784845710721e-03 -2.249783548250018361e-01
-4.794292207327265770e-02 -2.915354082284474790e-01
-1.524434177653397754e-02 -4.166751139676005966e-01
1.535329972443368225e-02 -4.417070230205679682e-01
-1.796211048615137945e-02 -4.709864333227399835e-01
4.017930283897054589e-02 -4.463267199025354737e-01
5.086679835849373943e-02 -4.595382850326366064e-01
9.410244495311002877e-02 -4.470122124490878424e-01
2.291038243041707001e-02 -4.753617476652514662e-01
5.982933396504623580e-02 -4.924059230924743846e-01
6.836402150971175595e-02 -3.541555216918916837e-01
1.651746731363444853e-01 -4.264015115292124625e-01
1.762979528737366741e-01 -4.251593971439066588e-01
9.911001619180456745e-02 -3.158470243370866126e-01
1.092878610221476310e-01 -2.628526147219747977e-01
1.032686563329385798e-01 -2.497480001032886809e-01
9.066541613066150807e-02 -4.156262088055129311e-01
8.162444028487744752e-02 -4.491251601939461602e-01
5.147600778534044963e-02 -3.480276586999781485e-01
2.289967844077565873e-02 -2.559692047958680439e-01
8.428428382453931333e-04 -2.854871980212995708e-01
6.883681929389977305e-03 -2.441036191581393844e-01
-1.332623408524896344e-02 -1.907487643251445375e-01
-1.107702601157721511e-01 -1.080732168656111380e-01
-5.727158793919082808e-02 -1.090149903171862417e-01
-1.173104584499448794e-01 -1.686802243020975312e-02
-8.764078201295480430e-02 -1.054825588362775651e-01
-8.194415365980153854e-02 -1.559408073974742626e-01
-1.189696385668388978e-01 -1.917766459337669205e-01
-1.192398545480019834e-01 -2.237291188951138488e-01
-9.741189063806701687e-02 -9.943521886098363738e-02
-7.565387692426628341e-02 -9.581228424807228250e-03
-8.954396696743965878e-02 -4.330553349140201652e-02
-8.956506152993543024e-02 8.702023996760052671e-03
-4.476903078441479833e-03 3.505709419528688087e-02
-6.780223135900988185e-02 -7.544105701593473157e-03
-1.520533566282080695e-01 -1.682234847768832378e-02
-1.923991115523683015e-01 1.372956405170750183e-01
-2.054642939244981370e-01 -6.864547296516992914e-02
-1.958153978253143745e-01 -1.628791725966294568e-01
-1.654926759912057899e-01 -1.532160402459131210e-01
-2.129394978858498155e-01 -1.343805510342894194e-01
-2.574810689888434867e-01 -2.762922736737175589e-01
-2.256314613491700038e-01 -9.442456288577574797e-02
-2.137664766459171639e-01 -1.009873519323830487e-01
-1.227723965135037038e-01 -2.284706900126688978e-01
-1.553681946112035750e-02 -2.054580169578401061e-01
-3.694653919815840681e-02 4.282208616914712218e-02
-2.877042069173822367e-02 1.170352239732011523e-01
-4.804472780091458700e-02 -2.626933139394875549e-02
-5.336343361507352168e-02 1.321922720842604315e-01
-5.049087050793261977e-02 1.477984333744334355e-01
-1.645570646615327481e-01 3.894261668360531337e-01
-2.360696324005297497e-01 2.761765307133020597e-01
-2.490683502203222821e-01 3.320811104007862502e-01
-2.712419124868851728e-01 2.568065948876760429e-01
-2.367331806142569106e-01 1.746781919011962114e-01
-1.639001277158311232e-01 2.318088996465366980e-01
-1.457505944868286163e-01 2.711630530684289164e-01
-2.126837364636496031e-01 3.337175732346454593e-01
-1.416717351856163210e-01 4.058555759525449003e-01
-2.178621365167467960e-01 4.845269659397439255e-01
-2.565317685411918625e-01 4.271925171101809138e-01
-2.765247982867680143e-01 5.843290924182311663e-01
-2.976944395029295087e-01 6.062841957453578567e-01
-2.985282987294560764e-01 5.518331468495049075e-01
-3.812760065971323997e-01 4.936196843156592795e-01
-3.993330856724520705e-01 5.105107226131048170e-01
-3.810346795973563738e-01 4.700653735187562132e-01
-4.045000023070490780e-01 3.603225109881241228e-01
-5.027467549443007666e-01 4.743814538088955146e-01
-4.297658361717435760e-01 5.941322724297642965e-01
-3.922850048896128761e-01 5.602862864833476619e-01
-4.268982308633497702e-01 5.870605072232926158e-01
-4.346781687237313285e-01 6.446762693432031011e-01
-4.042521459360439162e-01 7.138745226722642556e-01
-3.626285726124295339e-01 7.986156837904569983e-01
-3.404874709253976617e-01 8.126240230428026790e-01
-2.560547958712893757e-01 8.895092873925225518e-01
-2.881591284419919852e-01 1.024032357769140589e+00
-2.680644644820520672e-01 1.048697605337747696e+00
-3.366744470226322727e-01 1.005770958390326264e+00
-3.405868086562123809e-01 1.068210327879319799e+00
-2.534245532347313423e-01 1.063821107579029812e+00
-2.331909453556748613e-01 1.125297686059531843e+00
-1.942069029145348513e-01 1.214761782920634303e+00
-2.168053900602379680e-01 1.184190731237253713e+00
-1.323835403744773043e-01 1.091817007366278736e+00
-9.565025528232937169e-02 1.098939302881049240e+00
-7.763160602656901665e-02 1.090790998863797601e+00
-1.509528407268978523e-01 1.146219250484785679e+00
-1.390660456795519695e-01 1.147710946334802307e+00
-8.446535706999477866e-02 1.251766739843516607e+00
-1.212625835825779791e-01 1.160600439763470382e+00
-1.568276053059160513e-01 9.435747490520913772e-01
-1.617606471366767884e-01 9.841104129372365561e-01
-1.380313648368818868e-01 8.878942455240363962e-01
-1.132569889213333875e-01 1.100577673760689157e+00
-1.332069536036795954e-01 1.067304151291910141e+00
-3.549415491644243581e-02 1.169371412955134470e+00
-1.119525608877383061e-01 1.101748526120741367e+00
-6.460264142796395825e-02 1.116436922209667504e+00
-1.102901213506948253e-01 1.041696142498054867e+00
-1.818759619543883210e-01 1.135178981322721548e+00
-1.085989919044348523e-01 1.208294055280979773e+00
-1.120884519699000686e-01 1.084860279266273819e+00
-9.870445980087381999e-02 1.112309718314155038e+00
-1.413536182724831058e-01 9.741086829477442199e-01
-1.908841666920335911e-01 1.015801830394298833e+00
-1.719454760491355150e-01 1.060931606756451151e+00
-2.190056733708651004e-01 9.866832301980493769e-01
-1.748598023925223566e-01 9.571025559387486004e-01
-2.209906258550859981e-01 9.676731808879728280e-01
-2.476765182165521773e-01 9.358603566694584375e-01
-1.841094123539654126e-01 8.463205267036129076e-01
-1.013349891469526587e-01 8.216936043638831677e-01
-6.099016891000795526e-02 7.321076652366023119e-01
-7.165849827623786694e-02 7.497761553117204825e-01
-2.349598693458727905e-02 8.760522168535052057e-01
-8.448550602392361497e-02 9.783035137071868226e-01
-9.918821751927602015e-02 8.030786564473342271e-01
-4.862491978363336215e-02 5.854150347103128649e-01
-5.689512881378609721e-03 4.021615086833144614e-01
3.762282917233537860e-02 3.730545438218071941e-01
2.033129160858298048e-02 3.762194124387626681e-01
3.976240055295716946e-02 4.616254977518815528e-01
3.228082424593371746e-02 4.235991604623862705e-01
5.101248058236729221e-02 5.464111056106141229e-01
9.197322169254554258e-02 6.028257412911288693e-01
7.781757575020728512e-02 5.340030772372971191e-01
1.200215484925653969e-01 5.829732877172050243e-01
1.459711936684674194e-01 8.130550149738446919e-01
1.588768440866250575e-01 7.699954841737703948e-01
1.400001389314423916e-01 6.573663822504602905e-01
1.332343950062805926e-01 7.473094265421071913e-01
1.248530572245377390e-01 7.620136803374925050e-01
1.102952727650451797e-01 6.676807332801275585e-01
1.521674110532167667e-01 4.775190180767505121e-01
1.951503175826596326e-01 4.497752065127194609e-01
1.741420854949770058e-01 4.883181208293063680e-01
1.038540722052286591e-01 4.116101758112898357e-01
4.051609519066137755e-02 4.671980359582920683e-01
2.467147632032934759e-02 4.592169987432805911e-01
2.319776038366833104e-03 6.325153431825499828e-01
6.541550508854565571e-02 4.629383363627024295e-01
5.714148509333698278e-02 5.113750537723414924e-01
9.625821189912447950e-02 5.723289715892464491e-01
2.480395383194664016e-02 6.102122585751874606e-01
6.071870776847809736e-02 5.070033200180766864e-01
6.381790940849654814e-02 5.842291127980762111e-01
5.100302989079638638e-02 7.714617054489234516e-01
2.647423878616148030e-02 7.792803339773569649e-01
5.136507500291969536e-03 7.080988171793930475e-01
-3.633843276747516365e-02 7.350655206801870456e-01
-7.620756096535553914e-02 8.267559592366745536e-01
-2.289491420386033371e-02 6.602011458233708607e-01
-9.706761148011650020e-02 7.483563969181362685e-01
-1.340246534531545630e-01 6.231336053441390854e-01
-1.296848653189968947e-01 3.780828119188720526e-01
-1.744414916320951858e-01 4.348346015283763855e-01
-1.788887246998037694e-01 1.872836211828474151e-01
-2.000210682714793631e-01 7.632189051591212192e-02
-2.202788054646170890e-01 1.358538284431109744e-01
-1.805613967193706315e-01 1.279422736596245447e-01
-8.493188515339362976e-02 2.784191927885232842e-01
-7.873757043324000615e-02 1.695094592481856677e-01
-7.135523811655722359e-02 3.040800857128362344e-01
1.191336718834953845e-02 3.652055148692527897e-01
-5.328219241691614649e-02 3.568281402003369296e-01
-1.127125304048755272e-01 2.279320941180276450e-01
-1.646445348807986098e-01 2.765810685328051743e-01
-1.935662825786291230e-01 1.386982532297616200e-01
-2.355298503666174437e-01 6.101524622976847723e-02
-2.658772994217377672e-01 2.420357284739811377e-01
-2.384042605326635589e-01 1.512824197951649907e-01
-1.694179406919327779e-01 1.410141808424108523e-01
-1.720801444600535690e-01 1.417370154438870600e-01
-2.461026206077153167e-01 -2.152782752026285995e-02
-2.399314619369306012e-01 -1.256119412695852477e-01
-2.087089634185799736e-01 -1.309034557539812127e-01
-2.344828086005107948e-01 -5.846061824573860199e-02
-2.370688127540530044e-01 6.062137309254582440e-02
-3.429922507349897343e-01 7.728316431510230677e-02
-3.032875993798914704e-01 1.935891366347264886e-01
-2.377935405004539537e-01 5.475729256155054125e-02
-3.089779978245307257e-01 -6.070240818306901764e-02
-2.260834896529103077e-01 -1.135031670602991705e-01
-2.240886951858064857e-01 -1.345148727271932576e-01
-2.974345722542521275e-01 -1.788295688793040683e-01
-2.594415768480449191e-01 -1.159488338908281901e-01
-2.570194912415628141e-01 -2.243026889581244965e-01
-2.622154661437662848e-01 -2.469633234184232251e-01
-3.202535092701583874e-01 -2.534770551221610657e-01
-3.433522212233440785e-01 -1.156308121133187983e-01
-3.725501317622449404e-01 -1.862037554289018570e-01
-2.751430274741729631e-01 -1.707966754047287594e-01
-3.060243305237558276e-01 -2.029786421885013958e-01
-3.141575794652786136e-01 -2.023804319592454881e-01
-3.197322363214355478e-01 -1.218359771275264875e-01
-3.679834212379267666e-01 -9.925869788252619785e-02
-3.728467815031633048e-01 -1.340829356502756531e-01
-3.375340582986756655e-01 5.870366581027358643e-02
-2.917721799364703661e-01 8.978104772929637600e-02
-3.637212674752650088e-01 -3.264471780107090770e-02
-3.022857068511810019e-01 3.064969125597374194e-02
-3.407604083516910798e-01 -2.579352641817952430e-01
-3.805162422800195676e-01 -1.928253054194375149e-01
-3.531915800298010000e-01 -1.569970807445087713e-01
-3.057410744129630542e-01 -2.050806537991057554e-01
-2.194285611062042340e-01 -2.061719584163998753e-01
-2.225827357478825930e-01 -1.023785786137173526e-01
-1.885362031971703767e-01 -2.640725728502520409e-01
-1.633842138946972056e-01 -3.565587769067971036e-01
-1.502050636570579356e-01 -2.992991352955527429e-01
-1.502444079419063550e-01 -3.508549091211841664e-01
-1.756855677250051262e-01 -5.404811099926272178e-01
-1.850098535557028190e-01 -4.105569448325548931e-01
-1.462243600501036966e-01 -4.069203931302424748e-01
-1.524615755367080272e-01 -4.523309794291986430e-01
-1.742396469536978965e-01 -4.762312599837195126e-01
-1.146945058829001440e-01 -2.816040889322505847e-01
-5.254419622329836725e-03 -2.339886273191450483e-01
-1.765498653713984401e-02 -1.861860849875046631e-01
-7.138543515675535578e-02 -2.398030458779888408e-01
-2.850755992486575519e-03 -3.206126108506761607e-01
-5.605715585173453794e-03 -2.050802802322617135e-01
-1.204056035162289970e-02 -9.607331372020869176e-02
-8.063575051256130499e-02 -2.072682769736719499e-01
-3.471660182653338311e-03 -3.278819865800572941e-01
1.058813916630796728e-02 -3.602554372672424066e-01
1.296105717229889022e-02 -1.300012482658471358e-01
-6.397492370899399150e-02 2.756491783656608852e-02
-1.477727427091656276e-01 -1.621714105588669894e-02
-1.573732612597836256e-02 8.853995411194592186e-03
1.834063674355218554e-02 -5.429235735615019209e-02
-2.066196459678499089e-02 -6.046010433968526665e-02
-1.878768899418188296e-02 -4.657220150076678278e-02
-1.818790664944070629e-02 7.187746477095460773e-02
7.634442812636690889e-02 9.495035642309371249e-02
1.234463601788793885e-01 1.123472460151104801e-01
1.667450768841309827e-01 -1.870752469468989210e-02
1.242019827308404045e-01 -2.901799837547552191e-02
1.088751000557331844e-01 -1.590393573145903461e-01
9.084876803371870480e-02 -1.563463046669953116e-01
1.699270515741931054e-02 6.361164473928937468e-02
5.365150125031500905e-02 3.772872050847366626e-02
9.791015084049808914e-03 -6.552238147541723789e-02
-8.354127982940702524e-02 -3.532567984235222835e-02
-9.885520574625437928e-02 -7.446145446617205566e-02
-7.633244869766828145e-02 -1.540432445915335125e-02
-1.293932556348118545e-01 1.876877943419707206e-01
-1.050184685164075871e-01 1.663662588354295757e-01
-1.412801134461234009e-01 1.450806128875473944e-01
-1.229762660252738532e-01 2.121586157591540123e-01
-8.289942920550757988e-02 2.085476969356309662e-01
-9.386801109946632526e-02 2.620640727619659160e-01
-8.508262942469969892e-02 3.049025333398748816e-01
-1.194348343219168024e-01 2.816165132875130817e-01
-1.483462482677851968e-01 4.516209801306499960e-01
-1.426688465532399419e-01 4.287606245985973175e-01
-6.373764474050545858e-02 5.623796483114368305e-01
-7.279754029577840957e-02 6.388401208372010975e-01
-5.188765673812552326e-02 7.059999486503614197e-01
-5.983554150769115204e-02 6.925812731076851358e-01
-7.946597092383958505e-02 4.687882794005650555e-01
-4.110750731301853617e-02 6.727516211338397945e-01
-8.834389433626310684e-02 8.179505068294291581e-01
-1.191072266419007375e-01 7.964999520408579947e-01
-1.264440100393771638e-01 6.760968720110265284e-01
-2.069336337502092338e-01 7.111392897481049191e-01
-2.078269034927004710e-01 8.438638539825953355e-01
-1.388605847861951736e-01 8.380098897557788362e-01
-1.503840310192267882e-01 7.023731297435706900e-01
-1.482888269022118455e-01 5.221827615807463907e-01
-3.580581716002247117e-02 5.957383851558064602e-01
-5.766409772737354777e-02 6.034397962910307278e-01
-4.643985595182908988e-02 5.613501599700779776e-01
-1.312510186272559387e-01 5.996825394976854628e-01
-9.821446444822701238e-02 4.655142107816574448e-01
-1.064837096058779964e-01 3.853811201379017115e-01
-1.371695056002272817e-01 4.824899341920246276e-01
-1.091053174629055683e-01 5.292040442814340828e-01
-6.598889791025175366e-02 4.194343593753500077e-01
-7.310206781644375262e-02 3.275602403395650453e-01
-5.655418519881004469e-02 3.734702719720717212e-01
-3.057335929393792048e-02 5.376319702055033511e-01
-6.867902400401144913e-02 5.071173316323180913e-01
-9.944385299838021108e-02 4.537298130405862384e-01
-1.302711296873688973e-02 5.183300461467031939e-01
-1.091162100388647360e-01 3.782811310673931948e-01
-1.348330648985511804e-01 3.875498592040207968e-01
-1.528818078760506294e-01 4.133703110573410111e-01
-1.800210617997832774e-01 4.905060363220495323e-01
-1.757128871943905157e-01 5.701782836770225016e-01
-1.974564508388885753e-01 7.111201116209092676e-01
-1.796268706634348011e-01 6.745905014273386735e-01
-1.202197063732105276e-01 7.092773076438869673e-01
-8.919310212318566633e-02 6.813608580921907132e-01
-7.602333322413137862e-02 5.793080839657679393e-01
-8.315288116533557650e-02 5.249006777145168723e-01
-1.258947856889277850e-01 5.224174367881044834e-01
-1.005756103077571906e-01 5.821667468258171496e-01
-2.358125661069097878e-02 6.040892746412337422e-01
-9.420804455570808145e-02 8.194303960067669257e-01
-1.226477685521229904e-01 7.016862303612894092e-01
-1.595352140639600402e-01 5.782265376442239369e-01
-1.536249726934767745e-01 6.528108258297706801e-01
-2.754882184988506344e-01 7.578821305170073686e-01
-2.933397157880747175e-01 9.029338596984759491e-01
-2.657577447878685106e-01 1.012127322465800949e+00
-2.948084453910627123e-01 1.003874083879819468e+00
-2.218988556432454073e-01 1.018434133919744244e+00
-2.744552874686048138e-01 9.876077449494438110e-01
-2.470845214786101807e-01 8.740700541117460975e-01
-1.689411924748494276e-01 8.175860654984177245e-01
-1.801260302446176242e-01 7.704971285888035926e-01
-1.615565048905032441e-01 7.554823593770813028e-01
-1.690681935643622569e-01 7.526056012639766868e-01
-2.002155853647921702e-01 8.092097488496894364e-01
-2.463545549484229824e-01 6.821155634653113253e-01
-2.726746474903080086e-01 6.659795857894051929e-01
-2.852115685829602620e-01 6.868730200555521748e-01
-2.472461479529637352e-01 6.959495396093806630e-01
-2.120785379728383768e-01 7.081900436297828838e-01
-1.464943201232932757e-01 4.668528572615168737e-01
-2.340451637632806337e-01 5.918857902875129806e-01
-1.836523306448431814e-01 5.171422827013100187e-01
-2.132631222438581831e-01 4.100039226593666930e-01
-2.538555127033778613e-01 3.478841941537650362e-01
-1.977708303117688138e-01 2.577645752588153538e-01
-2.700595016939043580e-01 1.797416651006699395e-01
-2.003735754335482788e-01 1.195283316730509360e-01
-1.843397221760952331e-01 1.233838774584376935e-01
-1.922211814768568228e-01 -4.143103023431844723e-02
-1.495376576874502816e-01 -2.098414294234531366e-02
-1.854754189657059071e-01 2.733332453061647696e-02
-9.196701834186246649e-02 -9.374587653781890628e-02
-8.553412350328941371e-02 -4.496570761941714317e-02
-1.872387463214104930e-02 3.731287766724680072e-02
-5.739501646437918103e-03 -1.026929104058949549e-01
1.027170477159592039e-02 -3.632645047737612098e-02
7.195926453804125933e-02 -1.009843528130610901e-01
2.019647343607632040e-02 8.044499471794598622e-02
-1.972767568066998572e-02 -1.643845728863078948e-02
1.694405610121527128e-02 -6.063485571110364264e-02
1.028020933672343651e-01 -1.755147254102941146e-01
1.914957314275481104e-01 -1.665510576509672269e-01
1.640613571143263172e-01 -8.618893659237893135e-02
1.507368875052222945e-01 -1.687189890577963647e-01
1.487234378330125895e-01 -3.101898282614703461e-01
1.984124468488608073e-01 -4.016866945433053004e-01
1.605220362749746332e-01 -2.571416857863011440e-01
1.967638786305501986e-01 -2.952848967584832951e-01
2.652819952780402502e-01 -2.887462366830802485e-01
2.657460270767492139e-01 -3.590845217952015611e-01
2.373445471085296188e-01 -1.899316091487960878e-01
2.782593046050134689e-01 -2.245506063929936791e-01
3.084999782474596164e-01 -1.235827917707658097e-01
3.397181287138929529e-01 -6.426505292214904075e-02
3.221889369926470015e-01 -6.926044768082470493e-02
3.390491506311821279e-01 -7.578275206114427898e-02
3.262201801388105449e-01 7.932231720063045999e-02
3.091004789266372788e-01 7.164221716248790617e-02
3.443283533588197276e-01 4.481574061046573326e-02
3.071886900222012828e-01 -4.850342960179440666e-02
3.723965855096636468e-01 2.431434046897255896e-02
4.067026190850403511e-01 1.241762099696041566e-01
4.064113357697655138e-01 2.492298126725949192e-01
3.295777989002948716e-01 1.900516849795984564e-01
3.685446045133836668e-01 3.080608565549027844e-01
3.970853887670269811e-01 1.178636684374639865e-01
3.935779874767318942e-01 7.520860791791930677e-02
3.759224106241725871e-01 2.500017883696392662e-01
3.933176158794357558e-01 3.204091531800324355e-01
3.743897043911084133e-01 5.104258789939459806e-01
3.801223927336584985e-01 5.810481546630584804e-01
4.138672110959569217e-01 5.497538133342367850e-01
3.669856030029777783e-01 4.242487789705574608e-01
3.496139855126715323e-01 3.606196366825378252e-01
3.350852795566179876e-01 3.717063614458850362e-01
3.524690751344556339e-01 3.007995774010780998e-01
3.576626005424147769e-01 1.737616155172969634e-01
3.591873311153299664e-01 2.315478566976548469e-01
4.046127167562151294e-01 2.701015609856329824e-01
3.963816825584829395e-01 3.303177783017071101e-01
3.806731939796464959e-01 3.158347461507194920e-01
4.366534336456643350e-01 4.418679789752339993e-01
