0.000000000000000000e+00 0.000000000000000000e+00
5.000000000000000104e-03 -3.579616062814519085e-03
1.000000000000000021e-02 -7.124424893294952627e-03
1.499999999999999944e-02 -1.060539487434742495e-02
2.000000000000000042e-02 -1.405802972485106772e-02
2.500000000000000139e-02 -1.748145467669055472e-02
2.999999999999999889e-02 -2.087940204415733927e-02
3.500000000000000333e-02 -2.423571463079541091e-02
4.000000000000000083e-02 -2.757671022589347834e-02
4.500000000000000527e-02 -3.086854314069364946e-02
5.000000000000000278e-02 -3.410748430802920672e-02
5.499999999999999334e-02 -3.732022944667906517e-02
5.999999999999999778e-02 -4.052282399514640227e-02
6.500000000000000222e-02 -4.370739931456155830e-02
7.000000000000000666e-02 -4.686201143824315213e-02
7.499999999999999722e-02 -4.996043560676841078e-02
8.000000000000000167e-02 -5.303371185429747725e-02
8.500000000000000611e-02 -5.605504571781332740e-02
9.000000000000001055e-02 -5.905145641217971614e-02
9.500000000000000111e-02 -6.203978374674824076e-02
1.000000000000000056e-01 -6.500293690371432287e-02
1.050000000000000100e-01 -6.794667354265497561e-02
1.099999999999999867e-01 -7.085911541325762286e-02
1.149999999999999911e-01 -7.374630809186903668e-02
1.199999999999999956e-01 -7.661125038562771605e-02
1.250000000000000000e-01 -7.945011733914812690e-02
1.300000000000000044e-01 -8.227281750265227900e-02
1.350000000000000089e-01 -8.507277250896051746e-02
1.400000000000000133e-01 -8.785228195971871157e-02
1.450000000000000178e-01 -9.060703650621612648e-02
1.499999999999999944e-01 -9.333506264083983595e-02
1.549999999999999989e-01 -9.603088496480192970e-02
1.600000000000000033e-01 -9.870965684265187168e-02
1.650000000000000078e-01 -1.013802628582632231e-01
1.700000000000000122e-01 -1.040489570456681750e-01
1.750000000000000167e-01 -1.067005605557025671e-01
1.800000000000000211e-01 -1.093338525618092472e-01
1.849999999999999978e-01 -1.119468425959851132e-01
1.900000000000000022e-01 -1.145452950674307607e-01
1.950000000000000067e-01 -1.171338083924191864e-01
2.000000000000000111e-01 -1.197255701498684405e-01
2.050000000000000155e-01 -1.223191799772861132e-01
2.100000000000000200e-01 -1.249280403089761543e-01
2.150000000000000244e-01 -1.275322929686429074e-01
2.199999999999999734e-01 -1.301369876476304033e-01
2.249999999999999778e-01 -1.327142198482245405e-01
2.299999999999999822e-01 -1.352677682172743756e-01
2.349999999999999867e-01 -1.378209702131177050e-01
2.399999999999999911e-01 -1.403726770677349578e-01
2.449999999999999956e-01 -1.429311219058934657e-01
2.500000000000000000e-01 -1.454883684410327727e-01
2.550000000000000044e-01 -1.480344214715581530e-01
2.600000000000000089e-01 -1.505736180270584590e-01
2.650000000000000133e-01 -1.531217078505985874e-01
2.700000000000000178e-01 -1.556479781930548700e-01
2.750000000000000222e-01 -1.581590590736029478e-01
2.800000000000000266e-01 -1.606738406131201780e-01
2.850000000000000311e-01 -1.631902903326439558e-01
2.900000000000000355e-01 -1.657140947872055847e-01
2.950000000000000400e-01 -1.682416741410815431e-01
2.999999999999999889e-01 -1.707520772939273013e-01
3.049999999999999933e-01 -1.732573791003331198e-01
3.099999999999999978e-01 -1.757499074575003817e-01
3.150000000000000022e-01 -1.782169382152407888e-01
3.200000000000000067e-01 -1.806724611914909129e-01
3.250000000000000111e-01 -1.831161956934969082e-01
3.300000000000000155e-01 -1.855604070095298042e-01
3.350000000000000200e-01 -1.880029994713600383e-01
3.400000000000000244e-01 -1.904334254248891134e-01
3.450000000000000289e-01 -1.928628929189748487e-01
3.500000000000000333e-01 -1.953092032818654622e-01
3.550000000000000377e-01 -1.977609956559974735e-01
3.600000000000000422e-01 -2.001981872902161286e-01
3.649999999999999911e-01 -2.026347088571849309e-01
3.699999999999999956e-01 -2.050582492190412276e-01
3.750000000000000000e-01 -2.074943056441226341e-01
3.800000000000000044e-01 -2.099203817493088542e-01
3.850000000000000089e-01 -2.123348945783593567e-01
3.900000000000000133e-01 -2.147423276765145217e-01
3.950000000000000178e-01 -2.171686613837577051e-01
4.000000000000000222e-01 -2.195846583219681070e-01
4.050000000000000266e-01 -2.219898212326401055e-01
4.100000000000000311e-01 -2.243948884242774056e-01
4.150000000000000355e-01 -2.267810008744778894e-01
4.200000000000000400e-01 -2.291608414161483975e-01
4.250000000000000444e-01 -2.315356592491225607e-01
4.300000000000000488e-01 -2.339043929315844927e-01
4.350000000000000533e-01 -2.362599480374345251e-01
4.399999999999999467e-01 -2.386104955957376594e-01
4.449999999999999512e-01 -2.409588468728942889e-01
4.499999999999999556e-01 -2.432896214902732779e-01
4.549999999999999600e-01 -2.456262868057164928e-01
4.599999999999999645e-01 -2.479619812407241608e-01
4.649999999999999689e-01 -2.502881019512079863e-01
4.699999999999999734e-01 -2.526043136328034455e-01
4.749999999999999778e-01 -2.549081515858850344e-01
4.799999999999999822e-01 -2.572332290040280633e-01
4.849999999999999867e-01 -2.595712898009005509e-01
4.899999999999999911e-01 -2.618991884498717004e-01
4.949999999999999956e-01 -2.642192878800960765e-01
5.000000000000000000e-01 -2.665321882071554072e-01
5.050000000000000044e-01 -2.688433957641244709e-01
5.100000000000000089e-01 -2.711521718160448957e-01
5.150000000000000133e-01 -2.734791515780748972e-01
5.200000000000000178e-01 -2.758059608921274997e-01
5.250000000000000222e-01 -2.781379475124651779e-01
5.300000000000000266e-01 -2.804601702563031540e-01
5.350000000000000311e-01 -2.827714675712417747e-01
5.400000000000000355e-01 -2.850844622172806764e-01
5.450000000000000400e-01 -2.873956811295693137e-01
5.500000000000000444e-01 -2.897076701931503018e-01
5.550000000000000488e-01 -2.920243483959324426e-01
5.600000000000000533e-01 -2.943289834369886004e-01
5.650000000000000577e-01 -2.966385392309370816e-01
5.700000000000000622e-01 -2.989508491973076332e-01
5.750000000000000666e-01 -3.012619545891965234e-01
5.800000000000000711e-01 -3.035749640274348904e-01
5.850000000000000755e-01 -3.058785494326936583e-01
5.900000000000000799e-01 -3.081990161550638430e-01
5.950000000000000844e-01 -3.105148292439476321e-01
5.999999999999999778e-01 -3.128340975765834808e-01
6.049999999999999822e-01 -3.151612397085514217e-01
6.099999999999999867e-01 -3.174924799708633838e-01
6.149999999999999911e-01 -3.198248138571938570e-01
6.199999999999999956e-01 -3.221646450736654343e-01
6.250000000000000000e-01 -3.245100964432804935e-01
6.300000000000000044e-01 -3.268536813566091936e-01
6.350000000000000089e-01 -3.291910923771860231e-01
6.400000000000000133e-01 -3.315418575233476384e-01
6.450000000000000178e-01 -3.339098450291599351e-01
6.500000000000000222e-01 -3.362997666284359144e-01
6.550000000000000266e-01 -3.386898929136064051e-01
6.600000000000000311e-01 -3.410650238400238510e-01
6.650000000000000355e-01 -3.434422332369667097e-01
6.700000000000000400e-01 -3.458225427246351402e-01
6.750000000000000444e-01 -3.482047925847118197e-01
6.800000000000000488e-01 -3.505835260844850088e-01
6.850000000000000533e-01 -3.529744698484039711e-01
6.900000000000000577e-01 -3.553614016056559910e-01
6.950000000000000622e-01 -3.577442456275268245e-01
7.000000000000000666e-01 -3.601211324111737722e-01
7.050000000000000711e-01 -3.624866709363575579e-01
7.100000000000000755e-01 -3.648778199489265406e-01
7.150000000000000799e-01 -3.672655698951362013e-01
7.200000000000000844e-01 -3.696468970124225928e-01
7.249999999999999778e-01 -3.720496815875393715e-01
7.299999999999999822e-01 -3.744538293042622423e-01
7.349999999999999867e-01 -3.768810567186079985e-01
7.399999999999999911e-01 -3.793040968771799748e-01
7.449999999999999956e-01 -3.817334421293549496e-01
7.500000000000000000e-01 -3.841598766535904708e-01
7.550000000000000044e-01 -3.865697133733281277e-01
7.600000000000000089e-01 -3.889961158364871330e-01
7.650000000000000133e-01 -3.914202169528457897e-01
7.700000000000000178e-01 -3.938400988752727705e-01
7.750000000000000222e-01 -3.962521757170381353e-01
7.800000000000000266e-01 -3.986695461745062286e-01
7.850000000000000311e-01 -4.010772077627582366e-01
7.900000000000000355e-01 -4.034784592529509495e-01
7.950000000000000400e-01 -4.058726125618715708e-01
8.000000000000000444e-01 -4.082667296351505382e-01
8.050000000000000488e-01 -4.106634319195556215e-01
8.100000000000000533e-01 -4.130795131492732697e-01
8.150000000000000577e-01 -4.155086309403628886e-01
8.200000000000000622e-01 -4.179441788750032361e-01
8.250000000000000666e-01 -4.203761197584522935e-01
8.300000000000000711e-01 -4.227974644650956404e-01
8.350000000000000755e-01 -4.251785085255310181e-01
8.400000000000000799e-01 -4.275423955105704388e-01
8.450000000000000844e-01 -4.299128311020145587e-01
8.500000000000000888e-01 -4.322825002653939985e-01
8.550000000000000933e-01 -4.346427302532642201e-01
8.600000000000000977e-01 -4.370006235535812134e-01
8.650000000000001021e-01 -4.393465140585871564e-01
8.700000000000001066e-01 -4.416842860675506688e-01
8.750000000000001110e-01 -4.440160821396021418e-01
8.799999999999998934e-01 -4.463380863416500643e-01
8.850000000000000089e-01 -4.486682161836662019e-01
8.899999999999999023e-01 -4.509941404167419621e-01
8.950000000000000178e-01 -4.533114514780747784e-01
8.999999999999999112e-01 -4.556348793666802899e-01
9.050000000000000266e-01 -4.579736515053994261e-01
9.099999999999999201e-01 -4.603018402198486569e-01
9.150000000000000355e-01 -4.626209015364452504e-01
9.199999999999999289e-01 -4.649395718729371629e-01
9.250000000000000444e-01 -4.672470536042143130e-01
9.299999999999999378e-01 -4.695415818628443372e-01
9.350000000000000533e-01 -4.718621487011902538e-01
9.399999999999999467e-01 -4.741838380313245227e-01
9.450000000000000622e-01 -4.764937422290358437e-01
9.499999999999999556e-01 -4.788222698786806508e-01
9.550000000000000711e-01 -4.811553153930152593e-01
9.599999999999999645e-01 -4.834922946475046501e-01
9.650000000000000799e-01 -4.858156578420680938e-01
9.699999999999999734e-01 -4.881144990994501498e-01
9.750000000000000888e-01 -4.904255266152515724e-01
9.799999999999999822e-01 -4.927626945980204121e-01
9.850000000000000977e-01 -4.951000956145122922e-01
9.899999999999999911e-01 -4.974361505885886992e-01
9.950000000000001066e-01 -4.997790592705312340e-01
1.000000000000000000e+00 -5.021140239575221376e-01
1.005000000000000115e+00 -5.044477137607681350e-01
1.010000000000000009e+00 -5.067614574644961900e-01
1.015000000000000124e+00 -5.090645863015986761e-01
1.020000000000000018e+00 -5.113724359676313780e-01
1.025000000000000133e+00 -5.136613058565641099e-01
1.030000000000000027e+00 -5.159384494810335120e-01
1.035000000000000142e+00 -5.182301589980715661e-01
1.040000000000000036e+00 -5.205307038691171506e-01
1.044999999999999929e+00 -5.228266338150995285e-01
1.050000000000000044e+00 -5.251330028650512682e-01
1.054999999999999938e+00 -5.274485703554976368e-01
1.060000000000000053e+00 -5.297621681783364345e-01
1.064999999999999947e+00 -5.320720359362340890e-01
1.070000000000000062e+00 -5.343786253863845870e-01
1.074999999999999956e+00 -5.366681011271829949e-01
1.080000000000000071e+00 -5.389362520533613754e-01
1.084999999999999964e+00 -5.412086416423261825e-01
1.090000000000000080e+00 -5.434696838738474201e-01
1.094999999999999973e+00 -5.457260420505898324e-01
1.100000000000000089e+00 -5.479824708794572841e-01
1.104999999999999982e+00 -5.502202355825170921e-01
1.110000000000000098e+00 -5.524603630502969986e-01
1.114999999999999991e+00 -5.547074147424301271e-01
1.120000000000000107e+00 -5.569471302200953433e-01
1.125000000000000000e+00 -5.591953441733099606e-01
1.130000000000000115e+00 -5.614545093682277166e-01
1.135000000000000009e+00 -5.637081825389277379e-01
1.140000000000000124e+00 -5.659685119279255217e-01
1.145000000000000018e+00 -5.682495782423194752e-01
1.150000000000000133e+00 -5.705276118462934143e-01
1.155000000000000027e+00 -5.728066835289786773e-01
1.160000000000000142e+00 -5.750857572751507663e-01
1.165000000000000036e+00 -5.773695770746967160e-01
1.170000000000000151e+00 -5.796464237679840314e-01
1.175000000000000044e+00 -5.819302226171332304e-01
1.180000000000000160e+00 -5.842054355832754231e-01
1.185000000000000053e+00 -5.864645579371324802e-01
1.190000000000000169e+00 -5.887258980806182596e-01
1.195000000000000062e+00 -5.909809598466249092e-01
1.199999999999999956e+00 -5.932371927629799258e-01
1.205000000000000071e+00 -5.955027667051774332e-01
1.209999999999999964e+00 -5.977677604151599988e-01
1.214999999999999858e+00 -6.000128775759370203e-01
1.219999999999999973e+00 -6.022574965250085954e-01
1.225000000000000089e+00 -6.044949447903313899e-01
1.229999999999999982e+00 -6.067287105112254553e-01
1.234999999999999876e+00 -6.089412126828011029e-01
1.239999999999999991e+00 -6.111519767094204525e-01
1.245000000000000107e+00 -6.133654307940933359e-01
1.250000000000000000e+00 -6.155631366867829746e-01
1.254999999999999893e+00 -6.177579687337065861e-01
1.260000000000000009e+00 -6.199865748515601682e-01
1.265000000000000124e+00 -6.222092190850626592e-01
1.270000000000000018e+00 -6.244509047228323784e-01
1.274999999999999911e+00 -6.266826318238056803e-01
1.280000000000000027e+00 -6.289195113616703470e-01
1.285000000000000142e+00 -6.311589421556775825e-01
1.290000000000000036e+00 -6.334207557551548851e-01
1.294999999999999929e+00 -6.356753939261318154e-01
1.300000000000000044e+00 -6.379281713585188696e-01
1.305000000000000160e+00 -6.401932909947771755e-01
1.310000000000000053e+00 -6.424687176902472707e-01
1.314999999999999947e+00 -6.447313516607791062e-01
1.320000000000000062e+00 -6.469757919133448665e-01
1.325000000000000178e+00 -6.492406291230899962e-01
1.330000000000000071e+00 -6.515145718335257907e-01
1.334999999999999964e+00 -6.537868407777424062e-01
1.340000000000000080e+00 -6.560522811481480643e-01
1.345000000000000195e+00 -6.583175727557560863e-01
1.350000000000000089e+00 -6.605645464993825655e-01
1.354999999999999982e+00 -6.628198104860480999e-01
1.360000000000000098e+00 -6.650871699249621960e-01
1.365000000000000213e+00 -6.673468619753780695e-01
1.370000000000000107e+00 -6.696025271555163805e-01
1.375000000000000000e+00 -6.718849143557038550e-01
1.380000000000000115e+00 -6.741879202208332922e-01
1.385000000000000231e+00 -6.764973960643679840e-01
1.390000000000000124e+00 -6.788232041135187078e-01
1.395000000000000018e+00 -6.811417882322173822e-01
1.400000000000000133e+00 -6.834654773816808415e-01
1.405000000000000249e+00 -6.857858118336073172e-01
1.410000000000000142e+00 -6.881123363241681279e-01
1.415000000000000036e+00 -6.904521075582131795e-01
1.420000000000000151e+00 -6.928008391594840942e-01
1.425000000000000266e+00 -6.951599094431929471e-01
1.430000000000000160e+00 -6.975187888271753289e-01
1.435000000000000053e+00 -6.998771518091189137e-01
1.440000000000000169e+00 -7.022363990795298383e-01
1.444999999999999840e+00 -7.045686904082578694e-01
1.449999999999999956e+00 -7.068954038766623871e-01
1.454999999999999849e+00 -7.092354825290826392e-01
1.459999999999999964e+00 -7.115835669922134787e-01
1.464999999999999858e+00 -7.139008704401946792e-01
1.469999999999999973e+00 -7.162249002875005210e-01
1.474999999999999867e+00 -7.185340186757604997e-01
1.479999999999999982e+00 -7.208515874190946082e-01
1.484999999999999876e+00 -7.231672910013239308e-01
1.489999999999999991e+00 -7.254895914818982883e-01
1.494999999999999885e+00 -7.278133927158851879e-01
1.500000000000000000e+00 -7.301411245791527005e-01
1.504999999999999893e+00 -7.324635141001213379e-01
1.510000000000000009e+00 -7.347967189111428432e-01
1.514999999999999902e+00 -7.370936156947253126e-01
1.520000000000000018e+00 -7.393968040769626215e-01
1.524999999999999911e+00 -7.417102541591784615e-01
1.530000000000000027e+00 -7.440100964467406541e-01
1.534999999999999920e+00 -7.463054518833758255e-01
1.540000000000000036e+00 -7.485943367931322534e-01
1.544999999999999929e+00 -7.508831495299082004e-01
1.550000000000000044e+00 -7.531709502221184405e-01
1.554999999999999938e+00 -7.554452862144496184e-01
1.560000000000000053e+00 -7.577258495858938403e-01
1.564999999999999947e+00 -7.600023379262699219e-01
1.570000000000000062e+00 -7.622798503041523510e-01
1.574999999999999956e+00 -7.645727216126698700e-01
1.580000000000000071e+00 -7.668534828481553545e-01
1.584999999999999964e+00 -7.691446385384963502e-01
1.590000000000000080e+00 -7.714594976240546353e-01
1.594999999999999973e+00 -7.737684369061059719e-01
1.600000000000000089e+00 -7.760671970282408960e-01
1.604999999999999982e+00 -7.783559701310397427e-01
1.610000000000000098e+00 -7.806647150147369985e-01
1.614999999999999991e+00 -7.829758436822500389e-01
1.620000000000000107e+00 -7.852811931740836249e-01
1.625000000000000000e+00 -7.875438231692992730e-01
1.630000000000000115e+00 -7.898060226629737279e-01
1.635000000000000009e+00 -7.920337776550040454e-01
1.640000000000000124e+00 -7.942708694850969531e-01
1.645000000000000018e+00 -7.965164171931798931e-01
1.650000000000000133e+00 -7.987662702198984332e-01
1.655000000000000027e+00 -8.010299267853804306e-01
1.660000000000000142e+00 -8.032711426448204683e-01
1.665000000000000036e+00 -8.055089782041003899e-01
1.670000000000000151e+00 -8.077366592777064369e-01
1.675000000000000044e+00 -8.099617463149939578e-01
1.680000000000000160e+00 -8.121707652308891578e-01
1.685000000000000053e+00 -8.143572014789279834e-01
1.690000000000000169e+00 -8.165611951167450755e-01
1.695000000000000062e+00 -8.187739136636035253e-01
1.700000000000000178e+00 -8.209938462417211147e-01
1.705000000000000071e+00 -8.232406528828174475e-01
1.710000000000000187e+00 -8.254705942525814022e-01
1.715000000000000080e+00 -8.277166722126999554e-01
1.720000000000000195e+00 -8.299373614275775690e-01
1.725000000000000089e+00 -8.321626965175866752e-01
1.730000000000000204e+00 -8.343778393498972878e-01
1.735000000000000098e+00 -8.365907695076808537e-01
1.740000000000000213e+00 -8.387772200928473865e-01
1.745000000000000107e+00 -8.409707263490748819e-01
1.750000000000000222e+00 -8.431830294756967881e-01
1.755000000000000115e+00 -8.454078151159827303e-01
1.759999999999999787e+00 -8.476424890546345736e-01
1.764999999999999902e+00 -8.498471326222507560e-01
1.770000000000000018e+00 -8.520842975051188262e-01
1.774999999999999911e+00 -8.543121385532496115e-01
1.779999999999999805e+00 -8.565510984543641682e-01
1.784999999999999920e+00 -8.588032367705163983e-01
1.790000000000000036e+00 -8.610633246321603984e-01
1.794999999999999929e+00 -8.633205478250944864e-01
1.799999999999999822e+00 -8.655905518410138555e-01
1.804999999999999938e+00 -8.678803351985776571e-01
1.810000000000000053e+00 -8.701578107188130407e-01
1.814999999999999947e+00 -8.724532230708530456e-01
1.819999999999999840e+00 -8.747276435249580206e-01
1.824999999999999956e+00 -8.769966100178323565e-01
1.830000000000000071e+00 -8.792618288556494077e-01
1.834999999999999964e+00 -8.815526394986918923e-01
1.839999999999999858e+00 -8.838396809042422531e-01
1.844999999999999973e+00 -8.861262719126143939e-01
1.850000000000000089e+00 -8.883813100372255356e-01
1.854999999999999982e+00 -8.906621361607615084e-01
1.859999999999999876e+00 -8.929558040651582873e-01
1.864999999999999991e+00 -8.952344401533420815e-01
1.870000000000000107e+00 -8.975159078077072916e-01
1.875000000000000000e+00 -8.998156316911375407e-01
1.879999999999999893e+00 -9.020989390891072102e-01
1.885000000000000009e+00 -9.044197492620649204e-01
1.890000000000000124e+00 -9.067239086229326173e-01
1.895000000000000018e+00 -9.090218938743823696e-01
1.899999999999999911e+00 -9.112988248754229081e-01
1.905000000000000027e+00 -9.135746214507382001e-01
1.910000000000000142e+00 -9.158664940813090460e-01
1.915000000000000036e+00 -9.181455396082374154e-01
1.919999999999999929e+00 -9.204402826020307016e-01
1.925000000000000044e+00 -9.227477582347333174e-01
1.930000000000000160e+00 -9.250784611728640749e-01
1.935000000000000053e+00 -9.274094336875592370e-01
1.939999999999999947e+00 -9.297583296260828467e-01
1.945000000000000062e+00 -9.320974752717189338e-01
1.950000000000000178e+00 -9.344009022454902169e-01
1.955000000000000071e+00 -9.367261443903582840e-01
1.959999999999999964e+00 -9.390332451920446744e-01
1.965000000000000080e+00 -9.413226382702083450e-01
1.970000000000000195e+00 -9.436298846842517962e-01
1.975000000000000089e+00 -9.459547794809880505e-01
1.979999999999999982e+00 -9.482509613665812687e-01
1.985000000000000098e+00 -9.505982682244074056e-01
1.990000000000000213e+00 -9.529557264507954040e-01
1.995000000000000107e+00 -9.552968986672143448e-01
2.000000000000000000e+00 -9.576652144244290898e-01
2.004999999999999893e+00 -9.600366320129622988e-01
2.010000000000000231e+00 -9.624102162029032348e-01
2.015000000000000124e+00 -9.648167702073292551e-01
2.020000000000000018e+00 -9.672231959277641788e-01
2.025000000000000355e+00 -9.696184412198625147e-01
2.030000000000000249e+00 -9.720261327240270477e-01
2.035000000000000142e+00 -9.744077681280612913e-01
2.040000000000000036e+00 -9.767596038760538724e-01
2.044999999999999929e+00 -9.790996134645540971e-01
2.050000000000000266e+00 -9.814166721137468352e-01
2.055000000000000160e+00 -9.837299895299383978e-01
2.060000000000000053e+00 -9.860515577796706843e-01
2.065000000000000391e+00 -9.884146586405927470e-01
2.070000000000000284e+00 -9.907868198195229903e-01
2.075000000000000178e+00 -9.931560199386744170e-01
2.080000000000000071e+00 -9.955086010630832538e-01
2.084999999999999964e+00 -9.978692817089994671e-01
2.089999999999999858e+00 -1.000179007069552872e+00
2.094999999999999751e+00 -1.002452217615533492e+00
2.100000000000000089e+00 -1.004733164870858619e+00
2.104999999999999982e+00 -1.007002846553075814e+00
2.109999999999999876e+00 -1.009273345699914115e+00
2.114999999999999769e+00 -1.011581022227721505e+00
2.120000000000000107e+00 -1.013896376011293787e+00
2.125000000000000000e+00 -1.016229391093231404e+00
2.129999999999999893e+00 -1.018613161527488042e+00
2.134999999999999787e+00 -1.021017234505139815e+00
2.140000000000000124e+00 -1.023420340192798594e+00
2.145000000000000018e+00 -1.025846251812721155e+00
2.149999999999999911e+00 -1.028219707863008203e+00
2.154999999999999805e+00 -1.030613406921106145e+00
2.160000000000000142e+00 -1.033029417358859003e+00
2.165000000000000036e+00 -1.035451591002118477e+00
2.169999999999999929e+00 -1.037876754166313642e+00
2.174999999999999822e+00 -1.040300132397498967e+00
2.180000000000000160e+00 -1.042778639756811287e+00
2.185000000000000053e+00 -1.045240467859338551e+00
2.189999999999999947e+00 -1.047727130365579518e+00
2.194999999999999840e+00 -1.050257012207804097e+00
2.200000000000000178e+00 -1.052769213825751171e+00
2.205000000000000071e+00 -1.055274841334508773e+00
2.209999999999999964e+00 -1.057784053185365059e+00
2.214999999999999858e+00 -1.060278660076494628e+00
2.220000000000000195e+00 -1.062743217427381648e+00
2.225000000000000089e+00 -1.065233301734311189e+00
2.229999999999999982e+00 -1.067705904846149689e+00
2.234999999999999876e+00 -1.070154093797507144e+00
2.240000000000000213e+00 -1.072621048760350471e+00
2.245000000000000107e+00 -1.075084301544627419e+00
2.250000000000000000e+00 -1.077528025684391988e+00
2.254999999999999893e+00 -1.079952229697783039e+00
2.260000000000000231e+00 -1.082374613583499290e+00
2.265000000000000124e+00 -1.084792234502943931e+00
2.270000000000000018e+00 -1.087186878390398626e+00
2.274999999999999911e+00 -1.089605548776314325e+00
2.280000000000000249e+00 -1.092064379482150738e+00
2.285000000000000142e+00 -1.094535728961577359e+00
2.290000000000000036e+00 -1.097009379249903605e+00
2.294999999999999929e+00 -1.099468758184432238e+00
2.300000000000000266e+00 -1.101964074621197609e+00
2.305000000000000160e+00 -1.104455925412061168e+00
2.310000000000000053e+00 -1.106941792590731000e+00
2.314999999999999947e+00 -1.109468195295546744e+00
2.320000000000000284e+00 -1.111995096603756172e+00
2.325000000000000178e+00 -1.114540737437799134e+00
2.330000000000000071e+00 -1.117106138715043162e+00
2.334999999999999964e+00 -1.119658369381364427e+00
2.340000000000000302e+00 -1.122169804177871599e+00
2.345000000000000195e+00 -1.124660191802014264e+00
2.350000000000000089e+00 -1.127153706022791191e+00
2.354999999999999982e+00 -1.129647905099492089e+00
2.360000000000000320e+00 -1.132123140720789678e+00
2.365000000000000213e+00 -1.134605797495930268e+00
2.370000000000000107e+00 -1.137074752543703271e+00
2.375000000000000000e+00 -1.139557824787558182e+00
2.380000000000000338e+00 -1.142028395676430330e+00
2.385000000000000231e+00 -1.144525411564299544e+00
2.390000000000000124e+00 -1.147020035591594933e+00
2.395000000000000018e+00 -1.149478399133087470e+00
2.399999999999999911e+00 -1.151927266711625597e+00
2.404999999999999805e+00 -1.154373559097801927e+00
2.410000000000000142e+00 -1.156868568850603518e+00
2.415000000000000036e+00 -1.159355409006316062e+00
2.419999999999999929e+00 -1.161830041741291231e+00
2.424999999999999822e+00 -1.164301113823335454e+00
2.429999999999999716e+00 -1.166736173178223979e+00
2.435000000000000053e+00 -1.169153098122917234e+00
2.439999999999999947e+00 -1.171577177091926325e+00
2.444999999999999840e+00 -1.173986751822516661e+00
2.450000000000000178e+00 -1.176395240852135649e+00
2.455000000000000071e+00 -1.178808324047206035e+00
2.459999999999999964e+00 -1.181246961084838842e+00
2.464999999999999858e+00 -1.183683391724882128e+00
2.469999999999999751e+00 -1.186122866961239142e+00
2.475000000000000089e+00 -1.188578040412092029e+00
2.479999999999999982e+00 -1.191053678169122110e+00
2.484999999999999876e+00 -1.193547276523273082e+00
2.490000000000000213e+00 -1.196058612048747083e+00
2.495000000000000107e+00 -1.198580700555043066e+00
2.500000000000000000e+00 -1.201120788577874299e+00
2.504999999999999893e+00 -1.203660626452282223e+00
2.509999999999999787e+00 -1.206220533333762335e+00
2.515000000000000124e+00 -1.208778015694420560e+00
2.520000000000000018e+00 -1.211343064192208274e+00
2.524999999999999911e+00 -1.213881706845571617e+00
2.530000000000000249e+00 -1.216397672652602902e+00
2.535000000000000142e+00 -1.218937872390733590e+00
2.540000000000000036e+00 -1.221532604430147551e+00
2.544999999999999929e+00 -1.224141299341103384e+00
2.549999999999999822e+00 -1.226736071636734149e+00
2.555000000000000160e+00 -1.229340677633534495e+00
2.560000000000000053e+00 -1.231926792862329201e+00
2.564999999999999947e+00 -1.234570990834811921e+00
2.570000000000000284e+00 -1.237222070198096713e+00
2.575000000000000178e+00 -1.239896678705737942e+00
2.580000000000000071e+00 -1.242596437451181313e+00
2.584999999999999964e+00 -1.245331840133931500e+00
2.589999999999999858e+00 -1.248082055291765524e+00
2.595000000000000195e+00 -1.250833489743538252e+00
2.600000000000000089e+00 -1.253554681428497020e+00
2.604999999999999982e+00 -1.256276240384099241e+00
2.610000000000000320e+00 -1.258992478292831896e+00
2.615000000000000213e+00 -1.261723780215598500e+00
2.620000000000000107e+00 -1.264436416599827639e+00
2.625000000000000000e+00 -1.267168289017434057e+00
2.629999999999999893e+00 -1.269907190470065395e+00
2.635000000000000231e+00 -1.272654335389590274e+00
2.640000000000000124e+00 -1.275383921128614206e+00
2.645000000000000018e+00 -1.278142119562988066e+00
2.650000000000000355e+00 -1.280899009667157973e+00
2.655000000000000249e+00 -1.283616854584335387e+00
2.660000000000000142e+00 -1.286310016200242323e+00
2.665000000000000036e+00 -1.289013019584272168e+00
2.669999999999999929e+00 -1.291757444807344779e+00
2.675000000000000266e+00 -1.294509032872817711e+00
2.680000000000000160e+00 -1.297293378242471373e+00
2.685000000000000053e+00 -1.300085039091294359e+00
2.690000000000000391e+00 -1.302856415392410927e+00
2.695000000000000284e+00 -1.305639605253448687e+00
2.700000000000000178e+00 -1.308394524382576529e+00
2.705000000000000071e+00 -1.311169016353609384e+00
2.709999999999999964e+00 -1.313924726526322972e+00
2.715000000000000302e+00 -1.316689668274069414e+00
2.720000000000000195e+00 -1.319425334772884373e+00
2.725000000000000089e+00 -1.322138603175528671e+00
2.730000000000000426e+00 -1.324857131066413674e+00
2.735000000000000320e+00 -1.327593802075598406e+00
2.740000000000000213e+00 -1.330358055956576191e+00
2.745000000000000107e+00 -1.333132871951684395e+00
2.750000000000000000e+00 -1.335882926201281240e+00
2.755000000000000338e+00 -1.338670260436759740e+00
2.760000000000000231e+00 -1.341411716264736986e+00
2.765000000000000124e+00 -1.344153615445012884e+00
2.770000000000000462e+00 -1.346907070648588833e+00
2.775000000000000355e+00 -1.349696056445425008e+00
2.780000000000000249e+00 -1.352458567896211772e+00
2.785000000000000142e+00 -1.355177998752582269e+00
2.790000000000000036e+00 -1.357883458121765363e+00
2.795000000000000373e+00 -1.360577001620292492e+00
2.800000000000000266e+00 -1.363286586288384283e+00
2.805000000000000160e+00 -1.366013909002336435e+00
2.810000000000000497e+00 -1.368720313599171234e+00
2.815000000000000391e+00 -1.371352049536287865e+00
2.820000000000000284e+00 -1.373958308885810498e+00
2.825000000000000178e+00 -1.376582347100262282e+00
2.830000000000000071e+00 -1.379236343426444744e+00
2.835000000000000409e+00 -1.381884486549983082e+00
2.840000000000000302e+00 -1.384477733825475232e+00
2.845000000000000195e+00 -1.386980377651505947e+00
2.850000000000000533e+00 -1.389532963410043953e+00
2.855000000000000426e+00 -1.392107557387330496e+00
2.860000000000000320e+00 -1.394658659404331313e+00
2.865000000000000213e+00 -1.397237793278089724e+00
2.870000000000000107e+00 -1.399855650747127589e+00
2.875000000000000444e+00 -1.402468980631510709e+00
2.880000000000000338e+00 -1.405094841242931381e+00
2.884999999999999787e+00 -1.407728903770517181e+00
2.889999999999999680e+00 -1.410366081961853535e+00
2.894999999999999574e+00 -1.413033165025917137e+00
2.899999999999999911e+00 -1.415736983057071630e+00
2.904999999999999805e+00 -1.418407991394209589e+00
2.909999999999999698e+00 -1.421112151517249123e+00
2.915000000000000036e+00 -1.423792028782790098e+00
2.919999999999999929e+00 -1.426457664565581540e+00
2.924999999999999822e+00 -1.429121968538862975e+00
2.929999999999999716e+00 -1.431778233484564566e+00
2.934999999999999609e+00 -1.434436586604796560e+00
2.939999999999999947e+00 -1.437102291474440019e+00
2.944999999999999840e+00 -1.439792989438364090e+00
2.949999999999999734e+00 -1.442467878734741138e+00
2.955000000000000071e+00 -1.445097525114906301e+00
2.959999999999999964e+00 -1.447705285156819732e+00
2.964999999999999858e+00 -1.450358467120559824e+00
2.969999999999999751e+00 -1.453028559984460122e+00
2.974999999999999645e+00 -1.455697144954350319e+00
2.979999999999999982e+00 -1.458380828507185978e+00
2.984999999999999876e+00 -1.461080030701156662e+00
2.989999999999999769e+00 -1.463808371463144464e+00
2.995000000000000107e+00 -1.466486119538221722e+00
3.000000000000000000e+00 -1.469183241161265085e+00
3.004999999999999893e+00 -1.471896840875707158e+00
3.009999999999999787e+00 -1.474609163136878509e+00
3.014999999999999680e+00 -1.477316420776906725e+00
3.020000000000000018e+00 -1.479977774941361401e+00
3.024999999999999911e+00 -1.482678283225628446e+00
3.029999999999999805e+00 -1.485407592147032885e+00
3.035000000000000142e+00 -1.488141619095537216e+00
3.040000000000000036e+00 -1.490887855156154407e+00
3.044999999999999929e+00 -1.493610892110446065e+00
3.049999999999999822e+00 -1.496371733095894774e+00
3.054999999999999716e+00 -1.499166168712703140e+00
3.060000000000000053e+00 -1.501967891331003058e+00
3.064999999999999947e+00 -1.504774955558899396e+00
3.069999999999999840e+00 -1.507607825872126606e+00
3.075000000000000178e+00 -1.510454413764978909e+00
3.080000000000000071e+00 -1.513294266595165416e+00
3.084999999999999964e+00 -1.516157605502481021e+00
3.089999999999999858e+00 -1.519047828968070890e+00
3.094999999999999751e+00 -1.521914485841400433e+00
3.100000000000000089e+00 -1.524709192657613288e+00
3.104999999999999982e+00 -1.527471382978436099e+00
3.109999999999999876e+00 -1.530180464848101440e+00
3.115000000000000213e+00 -1.532911538774785365e+00
3.120000000000000107e+00 -1.535702370155267671e+00
3.125000000000000000e+00 -1.538484416716604519e+00
3.129999999999999893e+00 -1.541294716287254341e+00
3.134999999999999787e+00 -1.544146675666749235e+00
3.140000000000000124e+00 -1.547037287300764286e+00
3.145000000000000018e+00 -1.549953181822802062e+00
3.149999999999999911e+00 -1.552889593171169258e+00
3.155000000000000249e+00 -1.555798351205873287e+00
3.160000000000000142e+00 -1.558675506646058473e+00
3.165000000000000036e+00 -1.561509010400837338e+00
3.169999999999999929e+00 -1.564338582396785249e+00
3.174999999999999822e+00 -1.567188970896325362e+00
3.180000000000000160e+00 -1.569943026688475740e+00
3.185000000000000053e+00 -1.572684787023076014e+00
3.189999999999999947e+00 -1.575472992399391980e+00
3.195000000000000284e+00 -1.578285375363441823e+00
3.200000000000000178e+00 -1.581119024017668018e+00
3.205000000000000071e+00 -1.583940222135753473e+00
3.209999999999999964e+00 -1.586777111108380600e+00
3.214999999999999858e+00 -1.589626866140601003e+00
3.220000000000000195e+00 -1.592466562974267585e+00
3.225000000000000089e+00 -1.595348253699559127e+00
3.229999999999999982e+00 -1.598190756151891101e+00
3.235000000000000320e+00 -1.601046603861053130e+00
3.240000000000000213e+00 -1.603874025752441312e+00
3.245000000000000107e+00 -1.606697319061492157e+00
3.250000000000000000e+00 -1.609487765295903428e+00
3.254999999999999893e+00 -1.612299365592700040e+00
3.260000000000000231e+00 -1.615041627870533070e+00
3.265000000000000124e+00 -1.617800634327751563e+00
3.270000000000000018e+00 -1.620615835272684491e+00
3.275000000000000355e+00 -1.623423526013398011e+00
3.280000000000000249e+00 -1.626278071198717035e+00
3.285000000000000142e+00 -1.629130063676897722e+00
3.290000000000000036e+00 -1.632031928386824982e+00
3.294999999999999929e+00 -1.634975869695383777e+00
3.300000000000000266e+00 -1.637894459475347952e+00
3.305000000000000160e+00 -1.640797535720009748e+00
3.310000000000000053e+00 -1.643663352019478774e+00
3.315000000000000391e+00 -1.646635140092649330e+00
3.320000000000000284e+00 -1.649628893006548358e+00
3.325000000000000178e+00 -1.652639258901577035e+00
3.330000000000000071e+00 -1.655631154244939118e+00
3.334999999999999964e+00 -1.658553535883648511e+00
3.340000000000000302e+00 -1.661542397265342696e+00
3.345000000000000195e+00 -1.664559306780182268e+00
3.350000000000000089e+00 -1.667560362993744105e+00
3.355000000000000426e+00 -1.670535796963877884e+00
3.360000000000000320e+00 -1.673502216575623036e+00
3.365000000000000213e+00 -1.676446223336222285e+00
3.370000000000000107e+00 -1.679407809406669116e+00
3.375000000000000000e+00 -1.682477518226714874e+00
3.380000000000000338e+00 -1.685512897574698687e+00
3.385000000000000231e+00 -1.688544430282443054e+00
3.390000000000000124e+00 -1.691567020538833122e+00
3.395000000000000462e+00 -1.694528548463681394e+00
3.400000000000000355e+00 -1.697421364828003654e+00
3.405000000000000249e+00 -1.700280234628237075e+00
3.410000000000000142e+00 -1.703142283988502204e+00
3.415000000000000036e+00 -1.705986719945782992e+00
3.420000000000000373e+00 -1.708849960067211571e+00
3.425000000000000266e+00 -1.711700338260933041e+00
3.430000000000000160e+00 -1.714599228662668784e+00
3.435000000000000497e+00 -1.717498102328592235e+00
3.440000000000000391e+00 -1.720428627352657669e+00
3.445000000000000284e+00 -1.723314506713183425e+00
3.450000000000000178e+00 -1.726158101895924224e+00
3.455000000000000071e+00 -1.729006510764800719e+00
3.460000000000000409e+00 -1.731899817374368045e+00
3.465000000000000302e+00 -1.734714206184759577e+00
3.470000000000000195e+00 -1.737515867511828738e+00
3.475000000000000533e+00 -1.740340441819613337e+00
3.480000000000000426e+00 -1.743143761342390796e+00
3.485000000000000320e+00 -1.745964738168540586e+00
3.490000000000000213e+00 -1.748813864832252651e+00
3.495000000000000107e+00 -1.751658549222687045e+00
3.500000000000000444e+00 -1.754462195183226658e+00
3.505000000000000338e+00 -1.757269155133460936e+00
3.510000000000000231e+00 -1.760031839942098442e+00
3.515000000000000568e+00 -1.762791873126498210e+00
3.519999999999999574e+00 -1.765487043443111359e+00
3.524999999999999911e+00 -1.768208823947995167e+00
3.529999999999999805e+00 -1.770930555977036081e+00
3.534999999999999698e+00 -1.773589816416461407e+00
3.540000000000000036e+00 -1.776278688683915030e+00
3.544999999999999929e+00 -1.779014091167328671e+00
3.549999999999999822e+00 -1.781794412087063240e+00
3.554999999999999716e+00 -1.784543119265278754e+00
3.559999999999999609e+00 -1.787262186052032131e+00
3.564999999999999947e+00 -1.789941364221713016e+00
3.569999999999999840e+00 -1.792578788779072285e+00
3.574999999999999734e+00 -1.795231480041190375e+00
3.580000000000000071e+00 -1.797900838545424262e+00
3.584999999999999964e+00 -1.800510057926460350e+00
3.589999999999999858e+00 -1.803174380255981424e+00
3.594999999999999751e+00 -1.805807535768152672e+00
3.599999999999999645e+00 -1.808499451610338316e+00
3.604999999999999982e+00 -1.811142938613045761e+00
3.609999999999999876e+00 -1.813836675683544897e+00
3.614999999999999769e+00 -1.816508610491830211e+00
3.620000000000000107e+00 -1.819175571468021335e+00
3.625000000000000000e+00 -1.821814593055020914e+00
3.629999999999999893e+00 -1.824446455029624214e+00
3.634999999999999787e+00 -1.826995189850158852e+00
3.639999999999999680e+00 -1.829452339399748828e+00
3.645000000000000018e+00 -1.831844312870025249e+00
3.649999999999999911e+00 -1.834224277172072037e+00
3.654999999999999805e+00 -1.836602269760550854e+00
3.660000000000000142e+00 -1.838947419321992127e+00
3.665000000000000036e+00 -1.841311280468614253e+00
3.669999999999999929e+00 -1.843694197321373185e+00
3.674999999999999822e+00 -1.846092139877367977e+00
3.679999999999999716e+00 -1.848541448503564277e+00
3.685000000000000053e+00 -1.851006282109682655e+00
3.689999999999999947e+00 -1.853464034641217006e+00
3.694999999999999840e+00 -1.855961156637539133e+00
3.700000000000000178e+00 -1.858427774282993106e+00
3.705000000000000071e+00 -1.860936852064029035e+00
3.709999999999999964e+00 -1.863487873229600966e+00
3.714999999999999858e+00 -1.866046122059749957e+00
3.719999999999999751e+00 -1.868587338449949842e+00
3.725000000000000089e+00 -1.871167347381350154e+00
3.729999999999999982e+00 -1.873844298765901417e+00
3.734999999999999876e+00 -1.876452042614903171e+00
3.740000000000000213e+00 -1.879070060952508614e+00
3.745000000000000107e+00 -1.881747485690393296e+00
3.750000000000000000e+00 -1.884488938891523135e+00
3.754999999999999893e+00 -1.887210884313205828e+00
3.759999999999999787e+00 -1.889919062348945245e+00
3.765000000000000124e+00 -1.892630561863747340e+00
3.770000000000000018e+00 -1.895322765213537819e+00
3.774999999999999911e+00 -1.897954546435021150e+00
3.780000000000000249e+00 -1.900571014367836264e+00
3.785000000000000142e+00 -1.903105428831147528e+00
3.790000000000000036e+00 -1.905618421873881640e+00
3.794999999999999929e+00 -1.908120699693266475e+00
3.799999999999999822e+00 -1.910601982077127392e+00
3.805000000000000160e+00 -1.913073882109193713e+00
3.810000000000000053e+00 -1.915594775921490411e+00
3.814999999999999947e+00 -1.918093310540481600e+00
3.820000000000000284e+00 -1.920605387272009690e+00
3.825000000000000178e+00 -1.923058757592469581e+00
3.830000000000000071e+00 -1.925451840275716586e+00
3.834999999999999964e+00 -1.927895771162291938e+00
3.839999999999999858e+00 -1.930378590085432888e+00
3.845000000000000195e+00 -1.932885851999328386e+00
3.850000000000000089e+00 -1.935455083076703664e+00
3.854999999999999982e+00 -1.937983218093300986e+00
3.860000000000000320e+00 -1.940530132766594917e+00
3.865000000000000213e+00 -1.943071436359094406e+00
3.870000000000000107e+00 -1.945699328366601311e+00
3.875000000000000000e+00 -1.948308652429618260e+00
3.879999999999999893e+00 -1.950937077614845805e+00
3.885000000000000231e+00 -1.953451744044010230e+00
3.890000000000000124e+00 -1.955862666638928937e+00
3.895000000000000018e+00 -1.958289392133449880e+00
3.900000000000000355e+00 -1.960761153361444409e+00
3.905000000000000249e+00 -1.963199902015713594e+00
3.910000000000000142e+00 -1.965626930022871699e+00
3.915000000000000036e+00 -1.968124517483453850e+00
3.919999999999999929e+00 -1.970592701282623205e+00
3.925000000000000266e+00 -1.973093286935067026e+00
3.930000000000000160e+00 -1.975595680620648054e+00
3.935000000000000053e+00 -1.978063455686025485e+00
3.940000000000000391e+00 -1.980538760130783338e+00
3.945000000000000284e+00 -1.982920543340259467e+00
3.950000000000000178e+00 -1.985341263123937772e+00
3.955000000000000071e+00 -1.987787329422021187e+00
3.959999999999999964e+00 -1.990227623020575320e+00
3.965000000000000302e+00 -1.992661754149026132e+00
3.970000000000000195e+00 -1.995110307713701792e+00
3.975000000000000089e+00 -1.997509862730123764e+00
3.980000000000000426e+00 -1.999900033654440357e+00
3.985000000000000320e+00 -2.002191105987420006e+00
3.990000000000000213e+00 -2.004450400624512074e+00
3.995000000000000107e+00 -2.006742616543446545e+00
4.000000000000000000e+00 -2.009005591917689237e+00
4.004999999999999893e+00 -2.011244914283390361e+00
4.009999999999999787e+00 -2.013481187584404530e+00
4.015000000000000568e+00 -2.015696373011191866e+00
4.020000000000000462e+00 -2.018054336155427730e+00
4.025000000000000355e+00 -2.020327536542528613e+00
4.030000000000000249e+00 -2.022520400497065829e+00
4.035000000000000142e+00 -2.024678778834460680e+00
4.040000000000000036e+00 -2.026854509391643244e+00
4.044999999999999929e+00 -2.028955390557669158e+00
4.050000000000000711e+00 -2.031091719943765028e+00
4.055000000000000604e+00 -2.033224033927366836e+00
4.060000000000000497e+00 -2.035369993429805291e+00
4.065000000000000391e+00 -2.037527388763275216e+00
4.070000000000000284e+00 -2.039710163544593335e+00
4.075000000000000178e+00 -2.041943243419083842e+00
4.080000000000000071e+00 -2.044188794752526128e+00
4.084999999999999964e+00 -2.046524710254448376e+00
4.089999999999999858e+00 -2.048842908824125342e+00
4.095000000000000639e+00 -2.051166033970719393e+00
4.100000000000000533e+00 -2.053467205285576913e+00
4.105000000000000426e+00 -2.055801586281235327e+00
4.110000000000000320e+00 -2.058108542310299161e+00
4.115000000000000213e+00 -2.060392719058325994e+00
4.120000000000000107e+00 -2.062765682654430055e+00
4.125000000000000000e+00 -2.065124482997051203e+00
4.130000000000000782e+00 -2.067521707639087492e+00
4.135000000000000675e+00 -2.069817861239356294e+00
4.140000000000000568e+00 -2.072177037328158722e+00
4.145000000000000462e+00 -2.074437663786162123e+00
4.150000000000000355e+00 -2.076762195819098267e+00
4.155000000000000249e+00 -2.079130477365894514e+00
4.160000000000000142e+00 -2.081568808901027801e+00
4.165000000000000036e+00 -2.083953286429374607e+00
4.169999999999999929e+00 -2.086295327081608253e+00
4.174999999999999822e+00 -2.088643676132250881e+00
4.179999999999999716e+00 -2.090914515631511872e+00
4.184999999999999609e+00 -2.093277981390729625e+00
4.189999999999999503e+00 -2.095689627609798933e+00
4.195000000000000284e+00 -2.098205938083730349e+00
4.200000000000000178e+00 -2.100690480240497315e+00
4.205000000000000071e+00 -2.103147720286387745e+00
4.209999999999999964e+00 -2.105518586479201204e+00
4.214999999999999858e+00 -2.107813913186308952e+00
4.219999999999999751e+00 -2.110101981347376920e+00
4.224999999999999645e+00 -2.112288146303677561e+00
4.229999999999999538e+00 -2.114439738748788322e+00
4.234999999999999432e+00 -2.116649937441535734e+00
4.240000000000000213e+00 -2.118908721056942834e+00
4.245000000000000107e+00 -2.121232561722146581e+00
4.250000000000000000e+00 -2.123534537730389360e+00
4.254999999999999893e+00 -2.125751700192131111e+00
4.259999999999999787e+00 -2.127974581107895169e+00
4.264999999999999680e+00 -2.130277126409896304e+00
4.269999999999999574e+00 -2.132594193009355266e+00
4.275000000000000355e+00 -2.134839492258360671e+00
4.280000000000000249e+00 -2.137077529184777003e+00
4.285000000000000142e+00 -2.139340021035172068e+00
4.290000000000000036e+00 -2.141601159278205380e+00
4.294999999999999929e+00 -2.143747450916170472e+00
4.299999999999999822e+00 -2.145831380944029032e+00
4.304999999999999716e+00 -2.147807230643939302e+00
4.309999999999999609e+00 -2.149816404416158733e+00
4.314999999999999503e+00 -2.151806033337037238e+00
4.320000000000000284e+00 -2.153734961123022540e+00
4.325000000000000178e+00 -2.155699289793560069e+00
4.330000000000000071e+00 -2.157727716167457288e+00
4.334999999999999964e+00 -2.159771683370260043e+00
4.339999999999999858e+00 -2.161856822431218461e+00
4.344999999999999751e+00 -2.163867307759728575e+00
4.349999999999999645e+00 -2.165881510211737027e+00
4.355000000000000426e+00 -2.167905692260549966e+00
4.360000000000000320e+00 -2.169915520147692956e+00
4.365000000000000213e+00 -2.171949070091547807e+00
4.370000000000000107e+00 -2.173994216625651621e+00
4.375000000000000000e+00 -2.176139059972380885e+00
4.379999999999999893e+00 -2.178315013356337815e+00
4.384999999999999787e+00 -2.180549923696554870e+00
4.389999999999999680e+00 -2.182771927638953446e+00
4.394999999999999574e+00 -2.185064725123772256e+00
4.400000000000000355e+00 -2.187402660728609671e+00
4.405000000000000249e+00 -2.189693107159616847e+00
4.410000000000000142e+00 -2.192031215110407327e+00
4.415000000000000036e+00 -2.194386657868107715e+00
4.419999999999999929e+00 -2.196860157142589642e+00
4.424999999999999822e+00 -2.199361187960806596e+00
4.429999999999999716e+00 -2.201746890197753714e+00
4.435000000000000497e+00 -2.204100663028697671e+00
4.440000000000000391e+00 -2.206449415935260561e+00
4.445000000000000284e+00 -2.208855853734093877e+00
4.450000000000000178e+00 -2.211255629745327855e+00
4.455000000000000071e+00 -2.213563930147440573e+00
4.459999999999999964e+00 -2.215821998276205296e+00
4.464999999999999858e+00 -2.218030917316217820e+00
4.469999999999999751e+00 -2.220378669018532758e+00
4.474999999999999645e+00 -2.222781175214656901e+00
4.480000000000000426e+00 -2.225284865786563149e+00
4.485000000000000320e+00 -2.227817132608892248e+00
4.490000000000000213e+00 -2.230312791241431114e+00
4.495000000000000107e+00 -2.232771675906660036e+00
4.500000000000000000e+00 -2.235307634175280889e+00
4.504999999999999893e+00 -2.237826724913119403e+00
4.509999999999999787e+00 -2.240406862620771378e+00
4.515000000000000568e+00 -2.243002165752503885e+00
4.520000000000000462e+00 -2.245570347323138094e+00
4.525000000000000355e+00 -2.248046768693779285e+00
4.530000000000000249e+00 -2.250477393725062836e+00
4.535000000000000142e+00 -2.253024833667617965e+00
4.540000000000000036e+00 -2.255562008716581079e+00
4.544999999999999929e+00 -2.258104687617655149e+00
4.549999999999999822e+00 -2.260579712386959539e+00
4.554999999999999716e+00 -2.263004189449588477e+00
4.560000000000000497e+00 -2.265386266462500409e+00
4.565000000000000391e+00 -2.267707237045473612e+00
4.570000000000000284e+00 -2.269916443421500674e+00
4.575000000000000178e+00 -2.271995169975929763e+00
4.580000000000000071e+00 -2.274035053993082922e+00
4.584999999999999964e+00 -2.275927589140425145e+00
4.589999999999999858e+00 -2.277786597885667952e+00
4.595000000000000639e+00 -2.279732915960794859e+00
4.600000000000000533e+00 -2.281698098541213859e+00
4.605000000000000426e+00 -2.283743558735512380e+00
4.610000000000000320e+00 -2.285826068630084862e+00
4.615000000000000213e+00 -2.288000866883175721e+00
4.620000000000000107e+00 -2.290204218427798200e+00
4.625000000000000000e+00 -2.292368925197393548e+00
4.629999999999999893e+00 -2.294521099948814591e+00
4.634999999999999787e+00 -2.296656731049783406e+00
4.640000000000000568e+00 -2.298742768036648343e+00
4.645000000000000462e+00 -2.300862583323628474e+00
4.650000000000000355e+00 -2.303035074628095646e+00
4.655000000000000249e+00 -2.305224051360970083e+00
4.660000000000000142e+00 -2.307514952176640044e+00
4.665000000000000036e+00 -2.309836663758392028e+00
4.669999999999999929e+00 -2.312158664508275674e+00
4.675000000000000711e+00 -2.314454478327881759e+00
4.680000000000000604e+00 -2.316661246456637624e+00
4.685000000000000497e+00 -2.318851571484390028e+00
4.690000000000000391e+00 -2.320987891021099703e+00
4.695000000000000284e+00 -2.323145495976372210e+00
4.700000000000000178e+00 -2.325273662615579884e+00
4.705000000000000071e+00 -2.327434640412901601e+00
4.709999999999999964e+00 -2.329522651439894787e+00
4.714999999999999858e+00 -2.331631443198858289e+00
4.720000000000000639e+00 -2.333666187526544533e+00
4.725000000000000533e+00 -2.335773182635201728e+00
4.730000000000000426e+00 -2.337924527261819208e+00
4.735000000000000320e+00 -2.340069462624824403e+00
4.740000000000000213e+00 -2.342159845020501230e+00
4.745000000000000107e+00 -2.344256021080523666e+00
4.750000000000000000e+00 -2.346372958479648219e+00
4.755000000000000782e+00 -2.348477512144625301e+00
4.760000000000000675e+00 -2.350545919011914897e+00
4.765000000000000568e+00 -2.352708374638337041e+00
4.770000000000000462e+00 -2.354863094309439742e+00
4.775000000000000355e+00 -2.357122346737146490e+00
4.780000000000000249e+00 -2.359324077350768878e+00
4.785000000000000142e+00 -2.361495963462968639e+00
4.790000000000000036e+00 -2.363760299532810194e+00
4.794999999999999929e+00 -2.365915886822693270e+00
4.799999999999999822e+00 -2.368207017974461426e+00
4.804999999999999716e+00 -2.370521823535058914e+00
4.809999999999999609e+00 -2.372895154655557004e+00
4.814999999999999503e+00 -2.375373893366696354e+00
4.820000000000000284e+00 -2.377851419239173314e+00
4.825000000000000178e+00 -2.380228349525955966e+00
4.830000000000000071e+00 -2.382573105103873878e+00
4.834999999999999964e+00 -2.384929515106486875e+00
4.839999999999999858e+00 -2.387442727035603340e+00
4.844999999999999751e+00 -2.389851734687737039e+00
4.849999999999999645e+00 -2.392216174749776769e+00
4.854999999999999538e+00 -2.394480593072704000e+00
4.859999999999999432e+00 -2.396636821144423113e+00
4.865000000000000213e+00 -2.398772570619045919e+00
4.870000000000000107e+00 -2.400825877746877612e+00
4.875000000000000000e+00 -2.402940873280665190e+00
4.879999999999999893e+00 -2.405184197509359745e+00
4.884999999999999787e+00 -2.407368621705801015e+00
4.889999999999999680e+00 -2.409611924687820039e+00
4.894999999999999574e+00 -2.411805469822863035e+00
4.900000000000000355e+00 -2.413944427748405452e+00
4.905000000000000249e+00 -2.416201842751096951e+00
4.910000000000000142e+00 -2.418454561552814130e+00
4.915000000000000036e+00 -2.420857361794330309e+00
4.919999999999999929e+00 -2.423166807787389132e+00
4.924999999999999822e+00 -2.425606998151776050e+00
4.929999999999999716e+00 -2.428130585981809642e+00
4.934999999999999609e+00 -2.430673557361339387e+00
4.939999999999999503e+00 -2.433245949571707811e+00
4.945000000000000284e+00 -2.435833446856528806e+00
4.950000000000000178e+00 -2.438414334906873204e+00
4.955000000000000071e+00 -2.440956327779398638e+00
4.959999999999999964e+00 -2.443505690457750124e+00
4.964999999999999858e+00 -2.446192343051940998e+00
4.969999999999999751e+00 -2.448888261251849219e+00
4.974999999999999645e+00 -2.451578033919997068e+00
4.980000000000000426e+00 -2.454313448045952306e+00
4.985000000000000320e+00 -2.457018161907639442e+00
4.990000000000000213e+00 -2.459694101659338106e+00
4.995000000000000107e+00 -2.462587508905874412e+00
5.000000000000000000e+00 -2.465399836217294638e+00
5.005000000000000782e+00 -2.468151615138125088e+00
5.009999999999999787e+00 -2.470932848627439338e+00
5.015000000000000568e+00 -2.473601869185561686e+00
5.019999999999999574e+00 -2.476279973863340089e+00
5.025000000000000355e+00 -2.478906137486768912e+00
5.030000000000000249e+00 -2.481468026979501307e+00
5.035000000000000142e+00 -2.484048734021759852e+00
5.040000000000000036e+00 -2.486602104838099958e+00
5.045000000000000817e+00 -2.489265676369889047e+00
5.049999999999999822e+00 -2.491929960667812249e+00
5.055000000000000604e+00 -2.494605209045087424e+00
5.060000000000000497e+00 -2.497184080708242160e+00
5.065000000000000391e+00 -2.499600566556500425e+00
5.070000000000000284e+00 -2.501965640654960410e+00
5.075000000000001066e+00 -2.504328756880358053e+00
5.080000000000000071e+00 -2.506734527051164285e+00
5.085000000000000853e+00 -2.509272650957569795e+00
5.089999999999999858e+00 -2.511830999671906817e+00
5.095000000000000639e+00 -2.514352642121286507e+00
5.099999999999999645e+00 -2.516778048979275706e+00
5.105000000000000426e+00 -2.519069160841132415e+00
5.110000000000000320e+00 -2.521443910141307754e+00
5.115000000000000213e+00 -2.523886431642411665e+00
5.120000000000000107e+00 -2.526393495075711204e+00
5.125000000000000000e+00 -2.528908069580072304e+00
5.129999999999999893e+00 -2.531539496617556395e+00
5.134999999999999787e+00 -2.534177584523630067e+00
5.140000000000000568e+00 -2.536740311927586422e+00
5.144999999999999574e+00 -2.539216086150133833e+00
5.150000000000000355e+00 -2.541710096797915153e+00
5.154999999999999361e+00 -2.544190643624862691e+00
5.160000000000000142e+00 -2.546630528257875614e+00
5.164999999999999147e+00 -2.549116410470401828e+00
5.169999999999999929e+00 -2.551603493118220101e+00
5.174999999999999822e+00 -2.554205368770748219e+00
5.179999999999999716e+00 -2.556780498097564358e+00
5.184999999999999609e+00 -2.559429700102107130e+00
5.190000000000000391e+00 -2.561862082007029695e+00
5.194999999999999396e+00 -2.564361730211802470e+00
5.200000000000000178e+00 -2.566853821949643066e+00
5.205000000000000071e+00 -2.569427807195502123e+00
5.209999999999999964e+00 -2.572004140018493423e+00
5.214999999999999858e+00 -2.574618042707688570e+00
5.220000000000000639e+00 -2.577360903479206655e+00
5.224999999999999645e+00 -2.579926381334731289e+00
5.230000000000000426e+00 -2.582645785789116744e+00
5.234999999999999432e+00 -2.585413261305735233e+00
5.240000000000000213e+00 -2.588201943690686235e+00
5.244999999999999218e+00 -2.591064022767380237e+00
5.250000000000000000e+00 -2.593973783112041964e+00
5.254999999999999893e+00 -2.596844211796400348e+00
5.259999999999999787e+00 -2.599628212471965405e+00
5.264999999999999680e+00 -2.602403525989509081e+00
5.270000000000000462e+00 -2.605172373887476134e+00
5.274999999999999467e+00 -2.607886518626147065e+00
5.280000000000000249e+00 -2.610604041721146906e+00
5.285000000000000142e+00 -2.613423277198637873e+00
5.290000000000000036e+00 -2.616287113277495635e+00
5.294999999999999929e+00 -2.619081204252821315e+00
5.300000000000000711e+00 -2.621982718199933782e+00
5.304999999999999716e+00 -2.624815031747893102e+00
5.310000000000000497e+00 -2.627665544397849384e+00
5.314999999999999503e+00 -2.630600256535498893e+00
5.320000000000000284e+00 -2.633328354941820049e+00
5.324999999999999289e+00 -2.636108667323155519e+00
5.330000000000000071e+00 -2.638841418793287819e+00
5.334999999999999964e+00 -2.641651153532796226e+00
5.339999999999999858e+00 -2.644469535419442074e+00
5.344999999999999751e+00 -2.647194607192923321e+00
5.350000000000000533e+00 -2.649893962640886169e+00
5.354999999999999538e+00 -2.652570499535317428e+00
5.360000000000000320e+00 -2.655293155339017108e+00
5.365000000000000213e+00 -2.657850767747930831e+00
5.370000000000000107e+00 -2.660252814967222879e+00
5.375000000000000000e+00 -2.662479788713961959e+00
5.380000000000000782e+00 -2.664724954414996017e+00
5.384999999999999787e+00 -2.666877232606025938e+00
5.390000000000000568e+00 -2.669166270543087638e+00
5.394999999999999574e+00 -2.671464676242065295e+00
5.400000000000000355e+00 -2.673765411542486259e+00
5.404999999999999361e+00 -2.676243872844338068e+00
5.410000000000000142e+00 -2.678635280604085178e+00
5.415000000000000036e+00 -2.681156088998801312e+00
5.419999999999999929e+00 -2.683646909452970686e+00
5.424999999999999822e+00 -2.686046958208650359e+00
5.430000000000000604e+00 -2.688402215438990606e+00
5.434999999999999609e+00 -2.690811081557601625e+00
5.440000000000000391e+00 -2.693201837029441936e+00
5.445000000000000284e+00 -2.695579455512628009e+00
5.450000000000000178e+00 -2.697905769386119257e+00
5.455000000000000071e+00 -2.700192722987082572e+00
5.460000000000000853e+00 -2.702323975372732612e+00
5.464999999999999858e+00 -2.704358201312417886e+00
5.470000000000000639e+00 -2.706452748331494629e+00
5.474999999999999645e+00 -2.708430415281318115e+00
5.480000000000000426e+00 -2.710514379457425793e+00
5.484999999999999432e+00 -2.712655930755924150e+00
5.490000000000000213e+00 -2.714715023220192425e+00
5.495000000000000107e+00 -2.716618901911322936e+00
5.500000000000000000e+00 -2.718572273689326302e+00
5.504999999999999893e+00 -2.720617403261920142e+00
5.510000000000000675e+00 -2.722755376294309748e+00
5.514999999999999680e+00 -2.724947627841401765e+00
5.520000000000000462e+00 -2.727101697272931169e+00
5.525000000000000355e+00 -2.729127756969699004e+00
5.530000000000000249e+00 -2.731130440536385873e+00
5.535000000000000142e+00 -2.733141200030914764e+00
5.540000000000000924e+00 -2.735344473262484755e+00
5.544999999999999929e+00 -2.737549683377050957e+00
5.550000000000000711e+00 -2.739656558563891675e+00
5.554999999999999716e+00 -2.741766286088747062e+00
5.560000000000000497e+00 -2.743886630371545010e+00
5.564999999999999503e+00 -2.746007758786049635e+00
5.570000000000000284e+00 -2.748107549862816690e+00
5.575000000000000178e+00 -2.750265284560791113e+00
5.580000000000000071e+00 -2.752464189085439994e+00
5.584999999999999964e+00 -2.754617786337224761e+00
5.590000000000000746e+00 -2.756758072510157476e+00
5.594999999999999751e+00 -2.758929444485594296e+00
5.600000000000000533e+00 -2.761154969284226546e+00
5.605000000000000426e+00 -2.763448372049220669e+00
5.610000000000000320e+00 -2.765615362816961742e+00
5.615000000000000213e+00 -2.768154083946219313e+00
5.620000000000000995e+00 -2.770644283063099511e+00
5.625000000000000000e+00 -2.773139988775283005e+00
5.630000000000000782e+00 -2.775623327253440742e+00
5.634999999999999787e+00 -2.778093651823223542e+00
5.640000000000000568e+00 -2.780574627636376750e+00
5.644999999999999574e+00 -2.782908157828465345e+00
5.650000000000000355e+00 -2.785273922807831148e+00
5.655000000000000249e+00 -2.787523708593378835e+00
5.660000000000000142e+00 -2.789742345135028501e+00
5.665000000000000036e+00 -2.791985338158297303e+00
5.670000000000000817e+00 -2.794353978243550252e+00
5.674999999999999822e+00 -2.796743127823287711e+00
5.680000000000000604e+00 -2.799083047554604242e+00
5.685000000000000497e+00 -2.801337559605482141e+00
5.690000000000000391e+00 -2.803499805160447611e+00
5.695000000000000284e+00 -2.805536796096952834e+00
5.700000000000001066e+00 -2.807735412619571047e+00
5.705000000000000071e+00 -2.809969111969952138e+00
5.710000000000000853e+00 -2.812288475497119133e+00
5.714999999999999858e+00 -2.814566940667944550e+00
5.720000000000000639e+00 -2.816777691745778966e+00
5.724999999999999645e+00 -2.819152317587042766e+00
5.730000000000000426e+00 -2.821582477559755109e+00
5.735000000000000320e+00 -2.823879184378704998e+00
5.740000000000000213e+00 -2.825873275349646718e+00
5.745000000000000107e+00 -2.827653567717394623e+00
5.750000000000000888e+00 -2.829661396532712203e+00
5.754999999999999893e+00 -2.831776364287553527e+00
5.760000000000000675e+00 -2.833730899381872170e+00
5.765000000000000568e+00 -2.835786939244860694e+00
5.769999999999999574e+00 -2.838013612334569835e+00
5.775000000000000355e+00 -2.840157040896984508e+00
5.779999999999999361e+00 -2.842161543193123308e+00
5.785000000000000142e+00 -2.844234892356078515e+00
5.789999999999999147e+00 -2.846333585448614034e+00
5.794999999999999929e+00 -2.848564278111197279e+00
5.799999999999999822e+00 -2.850973120499734392e+00
5.804999999999999716e+00 -2.853466755080751316e+00
5.809999999999999609e+00 -2.855967112724517865e+00
5.815000000000000391e+00 -2.858153973765806377e+00
5.819999999999999396e+00 -2.860425998950319126e+00
5.825000000000000178e+00 -2.862518670324810888e+00
5.830000000000000071e+00 -2.864363002023623039e+00
5.834999999999999964e+00 -2.866460403239181165e+00
5.839999999999999858e+00 -2.868575352447980897e+00
5.845000000000000639e+00 -2.870633901575700531e+00
5.849999999999999645e+00 -2.872789125185115200e+00
5.855000000000000426e+00 -2.874773877541008993e+00
5.859999999999999432e+00 -2.876832692318001872e+00
5.865000000000000213e+00 -2.879132549927647222e+00
5.869999999999999218e+00 -2.881536252874101756e+00
5.875000000000000000e+00 -2.883703011312815701e+00
5.879999999999999893e+00 -2.885940418110821692e+00
5.884999999999999787e+00 -2.888015897774474983e+00
5.889999999999999680e+00 -2.890059770651214333e+00
5.895000000000000462e+00 -2.892157641997034290e+00
5.899999999999999467e+00 -2.894308406874593231e+00
5.905000000000000249e+00 -2.896388088962290386e+00
5.910000000000000142e+00 -2.898411660960908076e+00
5.915000000000000036e+00 -2.900518674222367643e+00
5.919999999999999929e+00 -2.902557219955391954e+00
5.925000000000000711e+00 -2.904693667463320139e+00
5.929999999999999716e+00 -2.906921096109395197e+00
5.935000000000000497e+00 -2.908934818791015786e+00
5.939999999999999503e+00 -2.911069621085424330e+00
5.945000000000000284e+00 -2.913126178689176005e+00
5.949999999999999289e+00 -2.915114104481240087e+00
5.955000000000000071e+00 -2.916910944839736786e+00
5.959999999999999964e+00 -2.918730328262111318e+00
5.964999999999999858e+00 -2.920605143996360287e+00
5.969999999999999751e+00 -2.922463794943804594e+00
5.975000000000000533e+00 -2.924420746173561625e+00
5.979999999999999538e+00 -2.926383633562196440e+00
5.985000000000000320e+00 -2.928392598923475809e+00
5.990000000000000213e+00 -2.930321221771442719e+00
5.995000000000000107e+00 -2.931957974760518226e+00
6.000000000000000000e+00 -2.933632449190737734e+00
6.005000000000000782e+00 -2.935428775450702243e+00
6.009999999999999787e+00 -2.936974360427768271e+00
6.015000000000000568e+00 -2.938665654777397940e+00
6.019999999999999574e+00 -2.940174378308616276e+00
6.025000000000000355e+00 -2.941601743798533342e+00
6.029999999999999361e+00 -2.943074550653974164e+00
6.035000000000000142e+00 -2.944760082218633723e+00
6.040000000000000036e+00 -2.946396324743276729e+00
6.044999999999999929e+00 -2.947967137682006467e+00
6.049999999999999822e+00 -2.949491243937161222e+00
6.055000000000000604e+00 -2.950802083438356149e+00
6.059999999999999609e+00 -2.951918348115325941e+00
6.065000000000000391e+00 -2.953251542916501382e+00
6.070000000000000284e+00 -2.954449684860052106e+00
6.075000000000000178e+00 -2.955722779849896398e+00
6.080000000000000071e+00 -2.956974412100909611e+00
6.085000000000000853e+00 -2.958074561615034792e+00
6.089999999999999858e+00 -2.959019063737112987e+00
6.095000000000000639e+00 -2.960023322894111963e+00
6.099999999999999645e+00 -2.961142113863016956e+00
6.105000000000000426e+00 -2.962478332772685352e+00
6.109999999999999432e+00 -2.963738189672150192e+00
6.115000000000000213e+00 -2.964949081288131172e+00
6.120000000000000107e+00 -2.966071117485175268e+00
6.125000000000000000e+00 -2.967127481419737478e+00
6.129999999999999893e+00 -2.968176831974903784e+00
6.135000000000000675e+00 -2.969317752195145044e+00
6.139999999999999680e+00 -2.970379464497704625e+00
6.145000000000000462e+00 -2.971421610364908705e+00
6.150000000000000355e+00 -2.972644334559530588e+00
6.155000000000000249e+00 -2.973870870612261186e+00
6.160000000000000142e+00 -2.975017963612489158e+00
6.165000000000000924e+00 -2.976585045474076541e+00
6.169999999999999929e+00 -2.978289518056196350e+00
6.175000000000000711e+00 -2.980138252290509548e+00
6.179999999999999716e+00 -2.981703454220549165e+00
6.185000000000000497e+00 -2.983350645001742851e+00
6.189999999999999503e+00 -2.985075146173645333e+00
6.195000000000000284e+00 -2.986826408892892637e+00
6.200000000000000178e+00 -2.988549166868639251e+00
6.205000000000000071e+00 -2.990305558299954036e+00
6.209999999999999964e+00 -2.991999290667380240e+00
6.215000000000000746e+00 -2.993647216204548211e+00
6.219999999999999751e+00 -2.995495698082884850e+00
6.225000000000000533e+00 -2.997362759108341379e+00
6.230000000000000426e+00 -2.999387623584663487e+00
6.235000000000000320e+00 -3.001091318508543715e+00
6.240000000000000213e+00 -3.003002590392019222e+00
6.245000000000000995e+00 -3.004963612610676016e+00
6.250000000000000000e+00 -3.006880912550169871e+00
6.255000000000000782e+00 -3.008851416117189093e+00
6.259999999999999787e+00 -3.011015991346997378e+00
6.265000000000000568e+00 -3.013365422814319849e+00
6.269999999999999574e+00 -3.015820851899156274e+00
6.275000000000000355e+00 -3.018352806988058301e+00
6.280000000000000249e+00 -3.020978657498231357e+00
6.285000000000000142e+00 -3.023654902282117973e+00
6.290000000000000036e+00 -3.026258812739398785e+00
6.295000000000000817e+00 -3.029066847048132338e+00
6.299999999999999822e+00 -3.031971391758001566e+00
6.305000000000000604e+00 -3.034998839581799945e+00
6.310000000000000497e+00 -3.037848740371512424e+00
6.315000000000000391e+00 -3.040782351739674816e+00
6.320000000000000284e+00 -3.043634946155398424e+00
6.325000000000001066e+00 -3.046322844309512945e+00
6.330000000000000071e+00 -3.049210055990290158e+00
6.335000000000000853e+00 -3.052082875836147569e+00
6.339999999999999858e+00 -3.054509957124535990e+00
6.345000000000000639e+00 -3.057030948951061422e+00
6.349999999999999645e+00 -3.059410848788301607e+00
6.355000000000000426e+00 -3.061384093378120674e+00
6.360000000000000320e+00 -3.063113480655839105e+00
6.365000000000000213e+00 -3.064750420174364720e+00
6.370000000000000107e+00 -3.066275136615798313e+00
6.375000000000000888e+00 -3.067604649804780426e+00
6.379999999999999893e+00 -3.069082082508111320e+00
6.385000000000000675e+00 -3.070313979984099717e+00
6.390000000000000568e+00 -3.071695707757088556e+00
6.395000000000000462e+00 -3.073129154545072073e+00
6.400000000000000355e+00 -3.074493639967513570e+00
6.404999999999999361e+00 -3.076059044808250764e+00
6.410000000000000142e+00 -3.077586207311659994e+00
6.414999999999999147e+00 -3.079310433508765765e+00
6.419999999999999929e+00 -3.081207120632732277e+00
6.424999999999999822e+00 -3.082885059807964456e+00
6.429999999999999716e+00 -3.084553277204627797e+00
6.434999999999999609e+00 -3.086095927026314190e+00
6.440000000000000391e+00 -3.087798489045472827e+00
6.444999999999999396e+00 -3.089352218923365090e+00
6.450000000000000178e+00 -3.090980982940132904e+00
6.455000000000000071e+00 -3.092544919926545788e+00
6.459999999999999964e+00 -3.093881850564168090e+00
6.464999999999999858e+00 -3.095193471134638052e+00
6.470000000000000639e+00 -3.096425600172703518e+00
6.474999999999999645e+00 -3.097948397937936083e+00
6.480000000000000426e+00 -3.099477877991115182e+00
6.484999999999999432e+00 -3.101117970529859047e+00
6.490000000000000213e+00 -3.102682118324310512e+00
6.494999999999999218e+00 -3.104224986622386329e+00
6.500000000000000000e+00 -3.106056345463011237e+00
6.504999999999999893e+00 -3.107977441109827765e+00
6.509999999999999787e+00 -3.109916461027468326e+00
6.514999999999999680e+00 -3.111863249353566285e+00
6.520000000000000462e+00 -3.113429705974389172e+00
6.524999999999999467e+00 -3.114888548334078244e+00
6.530000000000000249e+00 -3.116306385906581156e+00
6.535000000000000142e+00 -3.117651766361684729e+00
6.540000000000000036e+00 -3.118803637564374398e+00
6.544999999999999929e+00 -3.120006679769935509e+00
6.550000000000000711e+00 -3.121007370998254427e+00
6.554999999999999716e+00 -3.122425359825899083e+00
6.560000000000000497e+00 -3.123801247575586526e+00
6.564999999999999503e+00 -3.124791643643479055e+00
6.570000000000000284e+00 -3.125890686111889138e+00
6.574999999999999289e+00 -3.126936594391903856e+00
6.580000000000000071e+00 -3.127899066770358782e+00
6.584999999999999964e+00 -3.128829877783946944e+00
6.589999999999999858e+00 -3.129784581141824784e+00
6.594999999999999751e+00 -3.130893170241760171e+00
6.600000000000000533e+00 -3.132162742490018026e+00
6.604999999999999538e+00 -3.133368166126845988e+00
6.610000000000000320e+00 -3.134697301382906254e+00
6.615000000000000213e+00 -3.136157846761376433e+00
6.620000000000000107e+00 -3.137281972484741832e+00
6.625000000000000000e+00 -3.138379716916846363e+00
6.630000000000000782e+00 -3.139567684844108975e+00
6.634999999999999787e+00 -3.140572629524783554e+00
6.640000000000000568e+00 -3.141683160321619983e+00
6.644999999999999574e+00 -3.142933479804587815e+00
6.650000000000000355e+00 -3.144024458150695533e+00
6.654999999999999361e+00 -3.145102767119627885e+00
6.660000000000000142e+00 -3.146032525651385914e+00
6.665000000000000036e+00 -3.147129469135023339e+00
6.669999999999999929e+00 -3.148266098478635477e+00
6.674999999999999822e+00 -3.149200716239850539e+00
6.680000000000000604e+00 -3.150047556474879329e+00
6.684999999999999609e+00 -3.150920547036577979e+00
6.690000000000000391e+00 -3.151744234641071341e+00
6.695000000000000284e+00 -3.152501984518671474e+00
6.700000000000000178e+00 -3.153146963233552480e+00
6.705000000000000071e+00 -3.153683975109360826e+00
6.710000000000000853e+00 -3.154099187513183189e+00
6.714999999999999858e+00 -3.154133474346750177e+00
6.720000000000000639e+00 -3.154265344352822353e+00
6.724999999999999645e+00 -3.154413230201535523e+00
6.730000000000000426e+00 -3.154544867345149051e+00
6.734999999999999432e+00 -3.154749509366401750e+00
6.740000000000000213e+00 -3.154936009355569393e+00
6.745000000000000107e+00 -3.154883853513963832e+00
6.750000000000000000e+00 -3.155179200983320609e+00
6.754999999999999893e+00 -3.155733458864266705e+00
6.760000000000000675e+00 -3.156306594177677116e+00
6.764999999999999680e+00 -3.156997459788473570e+00
6.770000000000000462e+00 -3.157604727674950595e+00
6.775000000000000355e+00 -3.158211131339896838e+00
6.780000000000000249e+00 -3.158476385250360785e+00
6.785000000000000142e+00 -3.159151712544703283e+00
6.790000000000000924e+00 -3.159882850466712689e+00
6.794999999999999929e+00 -3.160801024824595018e+00
6.800000000000000711e+00 -3.161974250052168589e+00
6.804999999999999716e+00 -3.163354733846237998e+00
6.810000000000000497e+00 -3.164593012592648247e+00
6.814999999999999503e+00 -3.165899154624781442e+00
6.820000000000000284e+00 -3.167514658527213367e+00
6.825000000000000178e+00 -3.169408070470738359e+00
6.830000000000000071e+00 -3.171318762526094126e+00
6.834999999999999964e+00 -3.173382147965798428e+00
6.840000000000000746e+00 -3.175442377598182819e+00
6.844999999999999751e+00 -3.177534417406782996e+00
6.850000000000000533e+00 -3.179917489864101832e+00
6.855000000000000426e+00 -3.182151296090242276e+00
6.860000000000000320e+00 -3.184417889233559507e+00
6.865000000000000213e+00 -3.186709743410368390e+00
6.870000000000000995e+00 -3.189160438205912218e+00
6.875000000000000000e+00 -3.191280066082354150e+00
6.880000000000000782e+00 -3.193508257786262128e+00
6.884999999999999787e+00 -3.195587416909834833e+00
6.890000000000000568e+00 -3.197732468775265513e+00
6.894999999999999574e+00 -3.199842949701879213e+00
6.900000000000000355e+00 -3.201952074690419980e+00
6.905000000000000249e+00 -3.203833320196065149e+00
6.910000000000000142e+00 -3.205935848932473409e+00
6.915000000000000036e+00 -3.208042051202511402e+00
6.920000000000000817e+00 -3.210123308835393541e+00
6.924999999999999822e+00 -3.212235560080126451e+00
6.930000000000000604e+00 -3.214504450710950145e+00
6.935000000000000497e+00 -3.216726418097385576e+00
6.940000000000000391e+00 -3.219042357313246061e+00
6.945000000000000284e+00 -3.220994241977850336e+00
6.950000000000001066e+00 -3.222860425142675567e+00
6.955000000000000071e+00 -3.224918735890572652e+00
6.960000000000000853e+00 -3.227053435836900075e+00
6.964999999999999858e+00 -3.229122561483759757e+00
6.970000000000000639e+00 -3.231335317694401077e+00
6.974999999999999645e+00 -3.233323703159920903e+00
6.980000000000000426e+00 -3.235493131254079557e+00
6.985000000000000320e+00 -3.237336331835702463e+00
6.990000000000000213e+00 -3.239111296335045687e+00
6.995000000000000107e+00 -3.240748867560267588e+00
7.000000000000000888e+00 -3.242662096283882356e+00
7.004999999999999893e+00 -3.244376584443102285e+00
7.010000000000000675e+00 -3.246162167765208828e+00
7.015000000000000568e+00 -3.247925346164397986e+00
7.020000000000000462e+00 -3.249571996644970984e+00
7.025000000000000355e+00 -3.250968511586878940e+00
7.030000000000001137e+00 -3.252296556326836452e+00
7.035000000000000142e+00 -3.253498680566910384e+00
7.039999999999999147e+00 -3.254595172628104383e+00
7.044999999999999929e+00 -3.255738215532592239e+00
7.049999999999999822e+00 -3.257181528447335328e+00
7.054999999999999716e+00 -3.259018249114749022e+00
7.059999999999999609e+00 -3.260974613598411231e+00
7.065000000000000391e+00 -3.262990274076620345e+00
7.069999999999999396e+00 -3.264756672001403626e+00
7.075000000000000178e+00 -3.267133619928420885e+00
7.080000000000000071e+00 -3.269618574543450507e+00
7.084999999999999964e+00 -3.272190469571942817e+00
7.089999999999999858e+00 -3.274552476394337219e+00
7.095000000000000639e+00 -3.277225003195443520e+00
7.099999999999999645e+00 -3.279841932643468905e+00
7.105000000000000426e+00 -3.282555088239839769e+00
7.109999999999999432e+00 -3.285096153701625887e+00
7.115000000000000213e+00 -3.288112044327496264e+00
7.119999999999999218e+00 -3.291017901178312943e+00
7.125000000000000000e+00 -3.293486438089447077e+00
7.129999999999999893e+00 -3.295921731608363547e+00
7.134999999999999787e+00 -3.298522520786219658e+00
7.139999999999999680e+00 -3.301257269963124408e+00
7.145000000000000462e+00 -3.303967095410631494e+00
7.149999999999999467e+00 -3.306509471363557662e+00
7.155000000000000249e+00 -3.309050805224827307e+00
7.160000000000000142e+00 -3.311285881164677036e+00
7.165000000000000036e+00 -3.313761033767577135e+00
7.169999999999999929e+00 -3.316091743879715281e+00
7.175000000000000711e+00 -3.318879899664869626e+00
7.179999999999999716e+00 -3.321673835922446472e+00
7.185000000000000497e+00 -3.324303945702605567e+00
7.189999999999999503e+00 -3.326911634405254503e+00
7.195000000000000284e+00 -3.329129989928057753e+00
7.199999999999999289e+00 -3.331429695237281496e+00
7.205000000000000071e+00 -3.333871777472729558e+00
7.209999999999999964e+00 -3.336485581644264897e+00
7.214999999999999858e+00 -3.338807670728338728e+00
7.219999999999999751e+00 -3.341032176014248289e+00
7.225000000000000533e+00 -3.343655773162955480e+00
7.229999999999999538e+00 -3.346395345166741198e+00
7.235000000000000320e+00 -3.349003895738535963e+00
7.240000000000000213e+00 -3.351644220812723063e+00
7.245000000000000107e+00 -3.354403886972563864e+00
7.250000000000000000e+00 -3.357038860880462217e+00
7.255000000000000782e+00 -3.359591401627542773e+00
7.259999999999999787e+00 -3.362463338542455826e+00
7.265000000000000568e+00 -3.365560599860226709e+00
7.269999999999999574e+00 -3.368469470003943478e+00
7.275000000000000355e+00 -3.371676492354465982e+00
7.279999999999999361e+00 -3.375149496913325997e+00
7.285000000000000142e+00 -3.378792208392373819e+00
7.290000000000000036e+00 -3.382700872874088383e+00
7.294999999999999929e+00 -3.386511030824840951e+00
7.299999999999999822e+00 -3.390408763701038275e+00
7.305000000000000604e+00 -3.394532366447958527e+00
7.309999999999999609e+00 -3.398943468803863777e+00
7.315000000000000391e+00 -3.403420770666962358e+00
7.320000000000000284e+00 -3.408016905600262714e+00
7.325000000000000178e+00 -3.412480564869805555e+00
7.330000000000000071e+00 -3.416597696025678754e+00
7.335000000000000853e+00 -3.420985844468071413e+00
7.339999999999999858e+00 -3.425153281188375587e+00
7.345000000000000639e+00 -3.429536164331606241e+00
7.349999999999999645e+00 -3.434004764704084778e+00
7.355000000000000426e+00 -3.438784777577849727e+00
7.359999999999999432e+00 -3.443510622582913072e+00
7.365000000000000213e+00 -3.448157500884873272e+00
7.370000000000000107e+00 -3.452533969966016691e+00
7.375000000000000000e+00 -3.456981900572590138e+00
7.379999999999999893e+00 -3.461224889440108310e+00
7.385000000000000675e+00 -3.465366440055057673e+00
7.389999999999999680e+00 -3.469332627988543916e+00
7.395000000000000462e+00 -3.473449423864639840e+00
7.400000000000000355e+00 -3.477094527702099036e+00
7.405000000000000249e+00 -3.480431341800592104e+00
7.410000000000000142e+00 -3.483503066810788695e+00
7.415000000000000924e+00 -3.486492478976720655e+00
7.419999999999999929e+00 -3.489661231669974217e+00
7.425000000000000711e+00 -3.492817580939739930e+00
7.429999999999999716e+00 -3.495793742764352174e+00
7.435000000000000497e+00 -3.498626598099076723e+00
7.439999999999999503e+00 -3.501178016385109615e+00
7.445000000000000284e+00 -3.504080254634751146e+00
7.450000000000000178e+00 -3.506803408286842672e+00
7.455000000000000071e+00 -3.509537668340873218e+00
7.459999999999999964e+00 -3.511719211876152880e+00
7.465000000000000746e+00 -3.513814751957091254e+00
7.469999999999999751e+00 -3.515884999693836388e+00
7.475000000000000533e+00 -3.517872332226036125e+00
7.480000000000000426e+00 -3.520046920970028470e+00
7.485000000000000320e+00 -3.522052851082356106e+00
7.490000000000000213e+00 -3.523883543764894988e+00
7.495000000000000995e+00 -3.525981446157915755e+00
7.500000000000000000e+00 -3.527975447255653485e+00
7.505000000000000782e+00 -3.529808973091969726e+00
7.509999999999999787e+00 -3.531765444295021705e+00
7.515000000000000568e+00 -3.533722267956764806e+00
7.519999999999999574e+00 -3.535856271728092803e+00
7.525000000000000355e+00 -3.537549293876556700e+00
7.530000000000000249e+00 -3.539546363579054500e+00
7.535000000000000142e+00 -3.541982488203747170e+00
7.540000000000000036e+00 -3.545081156890056651e+00
7.545000000000000817e+00 -3.548060539149792803e+00
7.549999999999999822e+00 -3.551059772012281179e+00
7.555000000000000604e+00 -3.554155320616398051e+00
7.560000000000000497e+00 -3.557258494761853740e+00
7.565000000000000391e+00 -3.560338457139984758e+00
7.570000000000000284e+00 -3.563530041154872041e+00
7.575000000000001066e+00 -3.566631492377015267e+00
7.580000000000000071e+00 -3.569549754010633791e+00
7.585000000000000853e+00 -3.572275900736492371e+00
7.589999999999999858e+00 -3.574956270157403804e+00
7.595000000000000639e+00 -3.578027309397872724e+00
7.599999999999999645e+00 -3.581100924746649650e+00
7.605000000000000426e+00 -3.583946566281447144e+00
7.610000000000000320e+00 -3.586810805339887498e+00
7.615000000000000213e+00 -3.590013460799664546e+00
7.620000000000000107e+00 -3.593346176875668707e+00
7.625000000000000888e+00 -3.596926084698576442e+00
7.629999999999999893e+00 -3.600753360985216478e+00
7.635000000000000675e+00 -3.604638819427468999e+00
7.640000000000000568e+00 -3.608570587830930432e+00
7.645000000000000462e+00 -3.612511678172262375e+00
7.650000000000000355e+00 -3.616043886109757466e+00
7.655000000000001137e+00 -3.619519893474419270e+00
7.660000000000000142e+00 -3.622814735082407367e+00
7.665000000000000924e+00 -3.626370141511723766e+00
7.669999999999999929e+00 -3.629856175020700348e+00
7.675000000000000711e+00 -3.633151999481035954e+00
7.679999999999999716e+00 -3.636393964302774950e+00
7.684999999999999609e+00 -3.639513065797176150e+00
7.690000000000000391e+00 -3.642453796896356621e+00
7.694999999999999396e+00 -3.645707337208392129e+00
7.700000000000000178e+00 -3.648833917016598427e+00
7.705000000000000071e+00 -3.652126562715204638e+00
7.709999999999999964e+00 -3.655563629847358165e+00
7.714999999999999858e+00 -3.659025217765064841e+00
7.720000000000000639e+00 -3.662199676597881037e+00
7.724999999999999645e+00 -3.664879213649377743e+00
7.730000000000000426e+00 -3.667339019963492763e+00
7.734999999999999432e+00 -3.669399142770018774e+00
7.740000000000000213e+00 -3.671909459491138339e+00
7.744999999999999218e+00 -3.674706024844585528e+00
7.750000000000000000e+00 -3.677413222671223725e+00
7.754999999999999893e+00 -3.680156816309755108e+00
7.759999999999999787e+00 -3.683102160697489857e+00
7.764999999999999680e+00 -3.686215505285334704e+00
7.770000000000000462e+00 -3.689800981577108452e+00
7.774999999999999467e+00 -3.692945400170574821e+00
7.780000000000000249e+00 -3.696483989453455354e+00
7.785000000000000142e+00 -3.699686151021011504e+00
7.790000000000000036e+00 -3.703166131103093672e+00
7.794999999999999929e+00 -3.706592752201803176e+00
7.800000000000000711e+00 -3.710000040924341658e+00
7.804999999999999716e+00 -3.713849425900853873e+00
7.810000000000000497e+00 -3.717734552829667471e+00
7.814999999999999503e+00 -3.721478844809553266e+00
7.820000000000000284e+00 -3.725503083704625684e+00
7.824999999999999289e+00 -3.729568929181372727e+00
7.830000000000000071e+00 -3.733755249270697796e+00
7.834999999999999964e+00 -3.738340424018371078e+00
7.839999999999999858e+00 -3.743466514282405289e+00
7.844999999999999751e+00 -3.748771653392080960e+00
7.850000000000000533e+00 -3.754175664593706330e+00
7.854999999999999538e+00 -3.759146640119945815e+00
7.860000000000000320e+00 -3.764354210526573929e+00
7.865000000000000213e+00 -3.769367784803364874e+00
7.870000000000000107e+00 -3.774497286031074150e+00
7.875000000000000000e+00 -3.779516334510813813e+00
7.880000000000000782e+00 -3.784356050367228885e+00
7.884999999999999787e+00 -3.788898287579344881e+00
7.890000000000000568e+00 -3.793044190786524439e+00
7.894999999999999574e+00 -3.796884839824712810e+00
7.900000000000000355e+00 -3.800523133300627965e+00
7.904999999999999361e+00 -3.804176642954081533e+00
7.910000000000000142e+00 -3.808125611015660716e+00
7.915000000000000036e+00 -3.812339654763792218e+00
7.919999999999999929e+00 -3.816366971954865850e+00
7.924999999999999822e+00 -3.820450438630778045e+00
7.930000000000000604e+00 -3.824253548418627524e+00
7.934999999999999609e+00 -3.828032557217000864e+00
7.940000000000000391e+00 -3.832006576884880555e+00
7.945000000000000284e+00 -3.835217246545790992e+00
7.950000000000000178e+00 -3.838583642224533854e+00
7.955000000000000071e+00 -3.841605025677815366e+00
7.960000000000000853e+00 -3.843962878430390084e+00
7.964999999999999858e+00 -3.846169215010517561e+00
7.970000000000000639e+00 -3.848174757879925245e+00
7.974999999999999645e+00 -3.850418167632331023e+00
7.980000000000000426e+00 -3.852404036672886445e+00
7.984999999999999432e+00 -3.854154221228992760e+00
7.990000000000000213e+00 -3.855406423636623003e+00
7.995000000000000107e+00 -3.857029887179573180e+00
8.000000000000000000e+00 -3.858043211435856268e+00
8.004999999999999005e+00 -3.858819997923421674e+00
8.009999999999999787e+00 -3.859530354960564846e+00
8.015000000000000568e+00 -3.860424594879896532e+00
8.019999999999999574e+00 -3.861130240155254523e+00
8.025000000000000355e+00 -3.861623673524695821e+00
8.030000000000001137e+00 -3.862327000816071276e+00
8.035000000000000142e+00 -3.862799460760697468e+00
8.040000000000000924e+00 -3.863969409896407470e+00
8.044999999999999929e+00 -3.865181551076113387e+00
8.050000000000000711e+00 -3.866119943171910212e+00
8.054999999999999716e+00 -3.866676069916382463e+00
8.060000000000000497e+00 -3.867058838253958797e+00
8.064999999999999503e+00 -3.867726553969883518e+00
8.070000000000000284e+00 -3.868522340453329100e+00
8.074999999999999289e+00 -3.869468462545898380e+00
8.080000000000000071e+00 -3.870008654114927449e+00
8.085000000000000853e+00 -3.870308623532451975e+00
8.089999999999999858e+00 -3.870476748527225563e+00
8.095000000000000639e+00 -3.870721240710911282e+00
8.100000000000001421e+00 -3.871237567027319137e+00
8.105000000000000426e+00 -3.872112034371217426e+00
8.110000000000001208e+00 -3.872629408573385668e+00
8.115000000000000213e+00 -3.873280898640708791e+00
8.120000000000000995e+00 -3.874026797612701856e+00
8.125000000000000000e+00 -3.874287316612836207e+00
8.130000000000000782e+00 -3.874346450955354015e+00
8.134999999999999787e+00 -3.874333482665764272e+00
8.140000000000000568e+00 -3.874139809192693740e+00
8.144999999999999574e+00 -3.873903337418022286e+00
8.150000000000000355e+00 -3.873640261576294819e+00
8.154999999999999361e+00 -3.873932301970160808e+00
8.160000000000000142e+00 -3.874152596470511245e+00
8.164999999999999147e+00 -3.874451999238513356e+00
8.169999999999999929e+00 -3.874402896732824342e+00
8.175000000000000711e+00 -3.874597154921995301e+00
8.179999999999999716e+00 -3.874574639276023191e+00
8.185000000000000497e+00 -3.874563042402445312e+00
8.190000000000001279e+00 -3.874587346122227771e+00
8.195000000000000284e+00 -3.875416505627318209e+00
8.200000000000001066e+00 -3.876856025274233009e+00
8.205000000000000071e+00 -3.879007039482651020e+00
8.210000000000000853e+00 -3.881601982374109472e+00
8.214999999999999858e+00 -3.883763266928798252e+00
8.220000000000000639e+00 -3.886067799334032902e+00
8.224999999999999645e+00 -3.888380805400077023e+00
8.230000000000000426e+00 -3.890678815079170239e+00
8.234999999999999432e+00 -3.893033087121630764e+00
8.240000000000000213e+00 -3.895617576960154871e+00
8.245000000000000995e+00 -3.897802055285107148e+00
8.250000000000000000e+00 -3.899958003934472561e+00
8.255000000000000782e+00 -3.902483527893858106e+00
8.260000000000001563e+00 -3.905643930045398005e+00
8.265000000000000568e+00 -3.908816632139926917e+00
8.270000000000001350e+00 -3.912080667999199513e+00
8.275000000000000355e+00 -3.914810496474803170e+00
8.280000000000001137e+00 -3.917254187755697892e+00
8.285000000000000142e+00 -3.919859591578891855e+00
8.290000000000000924e+00 -3.922469275481028195e+00
8.294999999999999929e+00 -3.924580034401901951e+00
8.300000000000000711e+00 -3.926460501848143547e+00
8.304999999999999716e+00 -3.927651257609541258e+00
8.310000000000000497e+00 -3.929109715908431166e+00
8.314999999999999503e+00 -3.930900461032291293e+00
8.320000000000000284e+00 -3.933068920475889740e+00
8.324999999999999289e+00 -3.934915006149763528e+00
8.330000000000000071e+00 -3.937233371927442604e+00
8.335000000000000853e+00 -3.939959923698130417e+00
8.339999999999999858e+00 -3.942647833815486891e+00
8.345000000000000639e+00 -3.945141181386306872e+00
8.349999999999999645e+00 -3.948088194086270875e+00
8.355000000000000426e+00 -3.950809157144262063e+00
8.359999999999999432e+00 -3.953129054601042913e+00
8.365000000000000213e+00 -3.955477484725698822e+00
8.369999999999999218e+00 -3.957599843426911068e+00
8.375000000000000000e+00 -3.959154749620197311e+00
8.379999999999999005e+00 -3.961229927152751795e+00
8.384999999999999787e+00 -3.963174799846231444e+00
8.390000000000000568e+00 -3.965470144829764454e+00
8.394999999999999574e+00 -3.967443139607912617e+00
8.400000000000000355e+00 -3.969614956563574992e+00
8.405000000000001137e+00 -3.972429423563091699e+00
8.410000000000000142e+00 -3.975104220349968465e+00
8.415000000000000924e+00 -3.977930305047220561e+00
8.419999999999999929e+00 -3.980709393698862009e+00
8.425000000000000711e+00 -3.983652375656432820e+00
8.429999999999999716e+00 -3.986300627908851979e+00
8.435000000000000497e+00 -3.989287646644788854e+00
8.439999999999999503e+00 -3.992549870444869420e+00
8.445000000000000284e+00 -3.996437297640722530e+00
8.449999999999999289e+00 -4.000242694254739106e+00
8.455000000000000071e+00 -4.004390660883509589e+00
8.459999999999999076e+00 -4.007670586571618898e+00
8.464999999999999858e+00 -4.011075438505650403e+00
8.469999999999998863e+00 -4.014796372731548324e+00
8.474999999999999645e+00 -4.017655251957047646e+00
8.480000000000000426e+00 -4.020135212994575546e+00
8.484999999999999432e+00 -4.022585153142768988e+00
8.490000000000000213e+00 -4.025239791924668076e+00
8.495000000000000995e+00 -4.028304216673515015e+00
8.500000000000000000e+00 -4.031491490049554649e+00
8.505000000000000782e+00 -4.034768635143365145e+00
8.509999999999999787e+00 -4.037704823275114485e+00
8.515000000000000568e+00 -4.040356564689505880e+00
8.519999999999999574e+00 -4.043205327326945486e+00
8.525000000000000355e+00 -4.045780212817984278e+00
8.529999999999999361e+00 -4.048575946728010244e+00
8.535000000000000142e+00 -4.051521273905128950e+00
8.539999999999999147e+00 -4.054047020642533639e+00
8.544999999999999929e+00 -4.056527828820692072e+00
8.550000000000000711e+00 -4.058307434459608842e+00
8.554999999999999716e+00 -4.060401713259247813e+00
8.560000000000000497e+00 -4.061263820882619058e+00
8.565000000000001279e+00 -4.061693284069415988e+00
8.570000000000000284e+00 -4.063084129772349229e+00
8.575000000000001066e+00 -4.064533442742431113e+00
8.580000000000000071e+00 -4.065500843106835127e+00
8.585000000000000853e+00 -4.066300531553954656e+00
8.589999999999999858e+00 -4.067535511982763197e+00
8.595000000000000639e+00 -4.068713663463890740e+00
8.599999999999999645e+00 -4.070010707537602634e+00
8.605000000000000426e+00 -4.072024209071908984e+00
8.609999999999999432e+00 -4.074295722268251652e+00
8.615000000000000213e+00 -4.076688342529133813e+00
8.619999999999999218e+00 -4.079560183655444483e+00
8.625000000000000000e+00 -4.082899523591414059e+00
8.629999999999999005e+00 -4.086513303331550162e+00
8.634999999999999787e+00 -4.089918142815406554e+00
8.640000000000000568e+00 -4.093743984846718753e+00
8.644999999999999574e+00 -4.097597606104981693e+00
8.650000000000000355e+00 -4.100575511008155871e+00
8.655000000000001137e+00 -4.104087210977972688e+00
8.660000000000000142e+00 -4.107598819792495526e+00
8.665000000000000924e+00 -4.111251676586652692e+00
8.669999999999999929e+00 -4.115492232367904180e+00
8.675000000000000711e+00 -4.119602551995583006e+00
8.679999999999999716e+00 -4.123647562650441856e+00
8.685000000000000497e+00 -4.126992300369061617e+00
8.689999999999999503e+00 -4.129983711202947383e+00
8.695000000000000284e+00 -4.132855704158619581e+00
8.699999999999999289e+00 -4.134640731903060917e+00
8.705000000000000071e+00 -4.137042885982385343e+00
8.710000000000000853e+00 -4.139273446107322840e+00
8.714999999999999858e+00 -4.141430649290730237e+00
8.720000000000000639e+00 -4.143130444243129595e+00
8.725000000000001421e+00 -4.144912829230294804e+00
8.730000000000000426e+00 -4.146415486616858104e+00
8.735000000000001208e+00 -4.148295002730530534e+00
8.740000000000000213e+00 -4.150292669929918077e+00
8.745000000000000995e+00 -4.152496580903460632e+00
8.750000000000000000e+00 -4.154890756952904773e+00
8.755000000000000782e+00 -4.158184293444271873e+00
8.759999999999999787e+00 -4.161419762078851114e+00
8.765000000000000568e+00 -4.164885554871601059e+00
8.769999999999999574e+00 -4.168371301735783518e+00
8.775000000000000355e+00 -4.171796308688702659e+00
8.779999999999999361e+00 -4.175084899004835037e+00
8.785000000000000142e+00 -4.179128907790582659e+00
8.789999999999999147e+00 -4.183314783582981811e+00
8.794999999999999929e+00 -4.187422067480305543e+00
8.800000000000000711e+00 -4.191677064072530712e+00
8.804999999999999716e+00 -4.195339862514499529e+00
8.810000000000000497e+00 -4.198753313631906181e+00
8.815000000000001279e+00 -4.202916997256290976e+00
8.820000000000000284e+00 -4.207678360995969591e+00
8.825000000000001066e+00 -4.213132248143085512e+00
8.830000000000000071e+00 -4.218407026188627285e+00
8.835000000000000853e+00 -4.223155300790792488e+00
8.839999999999999858e+00 -4.227301287174348055e+00
8.845000000000000639e+00 -4.230925056626136715e+00
8.849999999999999645e+00 -4.234776579401598795e+00
8.855000000000000426e+00 -4.239146095452726470e+00
8.859999999999999432e+00 -4.243375044896722237e+00
8.865000000000000213e+00 -4.247358369380156873e+00
8.870000000000000995e+00 -4.251461604189954002e+00
8.875000000000000000e+00 -4.256348796433587545e+00
8.880000000000000782e+00 -4.261400425037779272e+00
8.885000000000001563e+00 -4.266248507197077267e+00
8.890000000000000568e+00 -4.270830366443743031e+00
8.895000000000001350e+00 -4.275712752226221269e+00
8.900000000000000355e+00 -4.281204441703724051e+00
8.905000000000001137e+00 -4.286633297928522879e+00
8.910000000000000142e+00 -4.292666434095523620e+00
8.915000000000000924e+00 -4.298915193811856383e+00
8.919999999999999929e+00 -4.304676945053639514e+00
8.925000000000000711e+00 -4.310052611144591594e+00
8.929999999999999716e+00 -4.315712402372283485e+00
8.935000000000000497e+00 -4.322259117145850205e+00
8.939999999999999503e+00 -4.329048019871136965e+00
8.945000000000000284e+00 -4.335780890049510283e+00
8.949999999999999289e+00 -4.342190715670929180e+00
8.955000000000000071e+00 -4.347868722106755790e+00
8.960000000000000853e+00 -4.354070920141733581e+00
8.964999999999999858e+00 -4.360644888590481827e+00
8.970000000000000639e+00 -4.366935550735123073e+00
8.974999999999999645e+00 -4.374174073724334200e+00
8.980000000000000426e+00 -4.381849766925071776e+00
8.984999999999999432e+00 -4.388964863148375528e+00
8.990000000000000213e+00 -4.396487411335799678e+00
8.994999999999999218e+00 -4.404124849675323361e+00
9.000000000000000000e+00 -4.410697833410887725e+00
9.004999999999999005e+00 -4.417000037535857793e+00
9.009999999999999787e+00 -4.423334175767697829e+00
9.015000000000000568e+00 -4.429599317822931148e+00
9.019999999999999574e+00 -4.436644046390113338e+00
9.025000000000000355e+00 -4.442610862582327513e+00
9.030000000000001137e+00 -4.448006270107800475e+00
9.035000000000000142e+00 -4.453353006290412530e+00
9.040000000000000924e+00 -4.459132835603050182e+00
9.044999999999999929e+00 -4.464471035104542018e+00
9.050000000000000711e+00 -4.469520282745767403e+00
9.054999999999999716e+00 -4.474558507234563720e+00
9.060000000000000497e+00 -4.479377221638594975e+00
9.064999999999999503e+00 -4.484563613387074099e+00
9.070000000000000284e+00 -4.489561197521369174e+00
9.074999999999999289e+00 -4.495203115052769149e+00
9.080000000000000071e+00 -4.500029987336297665e+00
9.084999999999999076e+00 -4.504531451679053333e+00
9.089999999999999858e+00 -4.508833194457150917e+00
9.094999999999998863e+00 -4.513135321822453250e+00
9.099999999999999645e+00 -4.517650000141590461e+00
9.105000000000000426e+00 -4.521577842928381052e+00
9.109999999999999432e+00 -4.525992049393134486e+00
9.115000000000000213e+00 -4.530629884402356922e+00
9.120000000000000995e+00 -4.534508258827846916e+00
9.125000000000000000e+00 -4.537669909926225209e+00
9.130000000000000782e+00 -4.540427522984582964e+00
9.134999999999999787e+00 -4.542990108670793781e+00
9.140000000000000568e+00 -4.544307678084323676e+00
9.144999999999999574e+00 -4.545980421415245054e+00
9.150000000000000355e+00 -4.547388828924809445e+00
9.154999999999999361e+00 -4.549100330054564267e+00
9.160000000000000142e+00 -4.550759982193421038e+00
9.164999999999999147e+00 -4.553117317136560871e+00
9.169999999999999929e+00 -4.555098284374698991e+00
9.175000000000000711e+00 -4.556856288413032807e+00
9.179999999999999716e+00 -4.557608802871991216e+00
9.185000000000000497e+00 -4.558506355072883487e+00
9.190000000000001279e+00 -4.560252373281330485e+00
9.195000000000000284e+00 -4.562040484734184886e+00
9.200000000000001066e+00 -4.563467004037297770e+00
9.205000000000000071e+00 -4.564450138011186375e+00
9.210000000000000853e+00 -4.566300807169088927e+00
9.214999999999999858e+00 -4.567956034543195543e+00
9.220000000000000639e+00 -4.569139411340458423e+00
9.224999999999999645e+00 -4.570810879902681201e+00
9.230000000000000426e+00 -4.571587734542329251e+00
9.234999999999999432e+00 -4.572491723864190227e+00
9.240000000000000213e+00 -4.573086139911698211e+00
9.244999999999999218e+00 -4.574573119657998177e+00
9.250000000000000000e+00 -4.576552809346480011e+00
9.254999999999999005e+00 -4.577339947651160479e+00
9.259999999999999787e+00 -4.578744697386684770e+00
9.265000000000000568e+00 -4.579320319763353631e+00
9.269999999999999574e+00 -4.581299755119030870e+00
9.275000000000000355e+00 -4.583622527033408112e+00
9.280000000000001137e+00 -4.585954206958355428e+00
9.285000000000000142e+00 -4.588186835786738804e+00
9.290000000000000924e+00 -4.590069008282264384e+00
9.294999999999999929e+00 -4.592224447115130559e+00
9.300000000000000711e+00 -4.593231305855650426e+00
9.304999999999999716e+00 -4.593655542826549976e+00
9.310000000000000497e+00 -4.592883573768512306e+00
9.314999999999999503e+00 -4.591748272999643277e+00
9.320000000000000284e+00 -4.589971137033279192e+00
9.324999999999999289e+00 -4.588941464430846828e+00
9.330000000000000071e+00 -4.588676470892560921e+00
9.335000000000000853e+00 -4.588745629098878176e+00
9.339999999999999858e+00 -4.588072238405191960e+00
9.345000000000000639e+00 -4.586861531049936325e+00
9.350000000000001421e+00 -4.585396325874404155e+00
9.355000000000000426e+00 -4.584621926635343847e+00
9.360000000000001208e+00 -4.585369933806945575e+00
9.365000000000000213e+00 -4.585309053067114782e+00
9.370000000000000995e+00 -4.585400507217892496e+00
9.375000000000000000e+00 -4.585573941428782163e+00
9.380000000000000782e+00 -4.585683719544977777e+00
9.384999999999999787e+00 -4.586071505927851177e+00
9.390000000000000568e+00 -4.586606427911942063e+00
9.394999999999999574e+00 -4.587242945214580203e+00
9.400000000000000355e+00 -4.587594222717896741e+00
9.404999999999999361e+00 -4.589135164285917057e+00
9.410000000000000142e+00 -4.590165322180165042e+00
9.414999999999999147e+00 -4.590691064256851028e+00
9.419999999999999929e+00 -4.590507868701331873e+00
9.425000000000000711e+00 -4.590440822896498574e+00
9.429999999999999716e+00 -4.591037870895313233e+00
9.435000000000000497e+00 -4.591221959806421893e+00
9.440000000000001279e+00 -4.590801953663897983e+00
9.445000000000000284e+00 -4.591708250233475397e+00
9.450000000000001066e+00 -4.592694411906923513e+00
9.455000000000000071e+00 -4.593326663217984773e+00
9.460000000000000853e+00 -4.594794217727600660e+00
9.464999999999999858e+00 -4.595677321168695428e+00
9.470000000000000639e+00 -4.597535600023139324e+00
9.474999999999999645e+00 -4.598356525656714489e+00
9.480000000000000426e+00 -4.598389352556284670e+00
9.484999999999999432e+00 -4.597966076137267599e+00
9.490000000000000213e+00 -4.597218003872752590e+00
9.495000000000000995e+00 -4.597115808006531523e+00
9.500000000000000000e+00 -4.596717211164063066e+00
9.505000000000000782e+00 -4.596604548237706922e+00
9.510000000000001563e+00 -4.596007263635245366e+00
9.515000000000000568e+00 -4.595651780507470363e+00
9.520000000000001350e+00 -4.595742465519517594e+00
9.525000000000000355e+00 -4.595705574798289561e+00
9.530000000000001137e+00 -4.595863625903599647e+00
9.535000000000000142e+00 -4.594870850778872473e+00
9.540000000000000924e+00 -4.595188241867857570e+00
9.544999999999999929e+00 -4.595451754048476722e+00
9.550000000000000711e+00 -4.596490228492494445e+00
9.554999999999999716e+00 -4.597435644391853593e+00
9.560000000000000497e+00 -4.599421832371386465e+00
9.564999999999999503e+00 -4.602225190069478167e+00
9.570000000000000284e+00 -4.604757406304155865e+00
9.574999999999999289e+00 -4.607688125104924204e+00
9.580000000000000071e+00 -4.610821879872543327e+00
9.585000000000000853e+00 -4.613490930110083710e+00
9.589999999999999858e+00 -4.616414533293506040e+00
9.595000000000000639e+00 -4.620288632763621450e+00
9.599999999999999645e+00 -4.624692093176490992e+00
9.605000000000000426e+00 -4.630329168300877818e+00
9.609999999999999432e+00 -4.635634297671957782e+00
9.615000000000000213e+00 -4.640478800613085042e+00
9.619999999999999218e+00 -4.646400475460069401e+00
9.625000000000000000e+00 -4.652529842002706140e+00
9.629999999999999005e+00 -4.658501385890617463e+00
9.634999999999999787e+00 -4.663534433997966744e+00
9.640000000000000568e+00 -4.668445380485214180e+00
9.644999999999999574e+00 -4.673277392445204903e+00
9.650000000000000355e+00 -4.678636524880576353e+00
9.655000000000001137e+00 -4.684145325555502559e+00
9.660000000000000142e+00 -4.688829188147693117e+00
9.665000000000000924e+00 -4.693617796756544003e+00
9.669999999999999929e+00 -4.698525910009544226e+00
9.675000000000000711e+00 -4.702942274399387834e+00
9.679999999999999716e+00 -4.706977938417373331e+00
9.685000000000000497e+00 -4.710642713043512231e+00
9.689999999999999503e+00 -4.715624658159575766e+00
9.695000000000000284e+00 -4.720978608988390057e+00
9.699999999999999289e+00 -4.726402296598828379e+00
9.705000000000000071e+00 -4.732146541614570268e+00
9.709999999999999076e+00 -4.736658375997992110e+00
9.714999999999999858e+00 -4.742076508624981201e+00
9.719999999999998863e+00 -4.747782602265462337e+00
9.724999999999999645e+00 -4.753765488988925370e+00
9.730000000000000426e+00 -4.759382777155762412e+00
9.734999999999999432e+00 -4.764864143596385659e+00
9.740000000000000213e+00 -4.769742447206309244e+00
9.745000000000000995e+00 -4.775468493766002354e+00
9.750000000000000000e+00 -4.779973595748205462e+00
9.755000000000000782e+00 -4.785819452708640398e+00
9.759999999999999787e+00 -4.792883071194667721e+00
9.765000000000000568e+00 -4.798298069907882102e+00
9.769999999999999574e+00 -4.803750962668755342e+00
9.775000000000000355e+00 -4.808648014440374041e+00
9.779999999999999361e+00 -4.813278782270378642e+00
9.785000000000000142e+00 -4.817460679060338258e+00
9.789999999999999147e+00 -4.821605365407101829e+00
9.794999999999999929e+00 -4.826562963023365960e+00
9.800000000000000711e+00 -4.830681302965440516e+00
9.804999999999999716e+00 -4.833974397432040604e+00
9.810000000000000497e+00 -4.837929570699678550e+00
9.815000000000001279e+00 -4.841027901343077033e+00
9.820000000000000284e+00 -4.844884174919336317e+00
9.825000000000001066e+00 -4.849220215284848479e+00
9.830000000000000071e+00 -4.852985505044511427e+00
9.835000000000000853e+00 -4.856412030801704915e+00
9.839999999999999858e+00 -4.860717823215067845e+00
9.845000000000000639e+00 -4.864434159075816666e+00
9.849999999999999645e+00 -4.866703777024817157e+00
9.855000000000000426e+00 -4.869214618131994854e+00
9.859999999999999432e+00 -4.872269727089070912e+00
9.865000000000000213e+00 -4.874463921227945917e+00
9.869999999999999218e+00 -4.876854979349738883e+00
9.875000000000000000e+00 -4.880132452992747005e+00
9.879999999999999005e+00 -4.883401368391081299e+00
9.884999999999999787e+00 -4.887824247825845347e+00
9.890000000000000568e+00 -4.892467975761467969e+00
9.894999999999999574e+00 -4.896677301443556729e+00
9.900000000000000355e+00 -4.900114627803842993e+00
9.905000000000001137e+00 -4.903195631113255182e+00
9.910000000000000142e+00 -4.907284184924650461e+00
9.915000000000000924e+00 -4.911218117019425122e+00
9.919999999999999929e+00 -4.915731622195279371e+00
9.925000000000000711e+00 -4.919341030036034290e+00
9.929999999999999716e+00 -4.924079263108657400e+00
9.935000000000000497e+00 -4.928566732126028249e+00
9.939999999999999503e+00 -4.934728159078867193e+00
9.945000000000000284e+00 -4.940014663232505043e+00
9.949999999999999289e+00 -4.945421738755472418e+00
9.955000000000000071e+00 -4.950634997698960760e+00
9.960000000000000853e+00 -4.956351858683059497e+00
9.964999999999999858e+00 -4.963097799585214354e+00
9.970000000000000639e+00 -4.969635220997625780e+00
9.975000000000001421e+00 -4.976085418577407715e+00
9.980000000000000426e+00 -4.984720141521767900e+00
9.985000000000001208e+00 -4.994461029847942157e+00
9.990000000000000213e+00 -5.004549787923356696e+00
9.995000000000000995e+00 -5.014796827747129981e+00
1.000000000000000000e+01 -5.026250650756936444e+00
1.000499999999999901e+01 -5.036415229789596992e+00
1.001000000000000156e+01 -5.046761428585977427e+00
1.001500000000000057e+01 -5.055885487429625513e+00
1.001999999999999957e+01 -5.065000201359207033e+00
1.002499999999999858e+01 -5.072823129267987063e+00
1.003000000000000114e+01 -5.081801552603562477e+00
1.003500000000000014e+01 -5.090881014233091584e+00
1.003999999999999915e+01 -5.101566752886134815e+00
1.004499999999999993e+01 -5.114841913366199755e+00
1.005000000000000071e+01 -5.126787047445433565e+00
1.005499999999999972e+01 -5.139174861567476604e+00
1.006000000000000050e+01 -5.151190391940517088e+00
1.006499999999999950e+01 -5.163537450387998717e+00
1.007000000000000028e+01 -5.174679896103365984e+00
1.007500000000000107e+01 -5.185812566145448166e+00
1.008000000000000007e+01 -5.196578034692476145e+00
1.008499999999999908e+01 -5.209017538945677650e+00
1.009000000000000163e+01 -5.222451497249505969e+00
1.009500000000000064e+01 -5.234560841739737569e+00
1.009999999999999964e+01 -5.246022090536480498e+00
1.010500000000000043e+01 -5.258440354150366147e+00
1.011000000000000121e+01 -5.271155651419248578e+00
1.011500000000000021e+01 -5.283440890711468718e+00
1.012000000000000099e+01 -5.294642519971207051e+00
1.012500000000000000e+01 -5.306106843339432722e+00
1.013000000000000078e+01 -5.315879277593905883e+00
1.013500000000000156e+01 -5.325171281096610976e+00
1.014000000000000057e+01 -5.336496485548702928e+00
1.014499999999999957e+01 -5.349201672134951124e+00
1.015000000000000213e+01 -5.357602160571870442e+00
1.015500000000000114e+01 -5.366126979811236097e+00
1.016000000000000014e+01 -5.372687976064655757e+00
1.016499999999999915e+01 -5.379576033283238523e+00
1.017000000000000171e+01 -5.385846094587884103e+00
1.017500000000000071e+01 -5.388790838764283109e+00
1.017999999999999972e+01 -5.392090976870660413e+00
1.018499999999999872e+01 -5.398076091773782892e+00
1.019000000000000128e+01 -5.405315483511371255e+00
1.019500000000000028e+01 -5.412230804361047198e+00
1.019999999999999929e+01 -5.417912202626424367e+00
1.020500000000000007e+01 -5.423884936759895581e+00
1.021000000000000085e+01 -5.430599415831243171e+00
1.021499999999999986e+01 -5.435284741443645373e+00
1.022000000000000064e+01 -5.439543142361153549e+00
1.022499999999999964e+01 -5.447671611865433583e+00
1.023000000000000043e+01 -5.453885473443743415e+00
1.023500000000000121e+01 -5.462902552194484507e+00
1.024000000000000021e+01 -5.472084040194767240e+00
1.024499999999999922e+01 -5.483827545545750581e+00
1.025000000000000000e+01 -5.495388657092820317e+00
1.025500000000000078e+01 -5.506157685067203822e+00
1.025999999999999979e+01 -5.511695851918462452e+00
1.026500000000000057e+01 -5.514591195185071015e+00
1.026999999999999957e+01 -5.518860572968855571e+00
1.027500000000000036e+01 -5.530029654564430963e+00
1.028000000000000114e+01 -5.541128298900185101e+00
1.028500000000000014e+01 -5.553438119958711283e+00
1.028999999999999915e+01 -5.566379567028918451e+00
1.029500000000000171e+01 -5.580884272781672983e+00
1.030000000000000071e+01 -5.600422522667154013e+00
1.030499999999999972e+01 -5.620819309062206948e+00
1.030999999999999872e+01 -5.641930238924413032e+00
1.031500000000000128e+01 -5.664017112121424447e+00
1.032000000000000028e+01 -5.688233995830505485e+00
1.032499999999999929e+01 -5.715743968458481206e+00
1.032999999999999829e+01 -5.742595655095370510e+00
1.033500000000000085e+01 -5.768345520155215844e+00
1.033999999999999986e+01 -5.795185114941135751e+00
1.034499999999999886e+01 -5.820602143290476427e+00
1.034999999999999964e+01 -5.848447934275093907e+00
1.035500000000000043e+01 -5.876340092664540826e+00
1.035999999999999943e+01 -5.906887207049289934e+00
1.036500000000000021e+01 -5.940360887129580547e+00
1.036999999999999922e+01 -5.970798093048133914e+00
1.037500000000000000e+01 -6.000416995278484045e+00
1.038000000000000078e+01 -6.024958253792707552e+00
1.038499999999999979e+01 -6.044611387916534184e+00
1.038999999999999879e+01 -6.067280821427657678e+00
1.039500000000000135e+01 -6.093203365904690472e+00
1.040000000000000036e+01 -6.116395361174680190e+00
1.040499999999999936e+01 -6.140966210405734316e+00
1.041000000000000014e+01 -6.167611944380015920e+00
1.041500000000000092e+01 -6.197882176651622999e+00
1.041999999999999993e+01 -6.227360689456466147e+00
1.042500000000000071e+01 -6.264470795816859727e+00
1.042999999999999972e+01 -6.301729426056596139e+00
1.043500000000000050e+01 -6.344536580260389691e+00
1.044000000000000128e+01 -6.392927333871913476e+00
1.044500000000000028e+01 -6.441754246561933073e+00
1.044999999999999929e+01 -6.492239748822334455e+00
1.045500000000000185e+01 -6.547366666975363181e+00
1.046000000000000085e+01 -6.602733055434528708e+00
1.046499999999999986e+01 -6.651454353973780265e+00
1.046999999999999886e+01 -6.704834068989436346e+00
1.047500000000000142e+01 -6.763293191040362196e+00
1.048000000000000043e+01 -6.818813508035970194e+00
1.048499999999999943e+01 -6.879662012167502283e+00
1.048999999999999844e+01 -6.940388874038982969e+00
1.049500000000000099e+01 -7.008563334538982836e+00
1.050000000000000000e+01 -7.081425248070655876e+00
1.050499999999999901e+01 -7.140058177022727826e+00
1.050999999999999979e+01 -7.207058654500860584e+00
1.051500000000000057e+01 -7.274859695692531325e+00
1.051999999999999957e+01 -7.366103399660698159e+00
1.052500000000000036e+01 -7.459317237262887978e+00
1.052999999999999936e+01 -7.566407182322588021e+00
1.053500000000000014e+01 -7.684769701070263359e+00
1.054000000000000092e+01 -7.818802237544664635e+00
1.054499999999999993e+01 -7.967125671016171751e+00
1.054999999999999893e+01 -8.162111217772995531e+00
1.055500000000000149e+01 -8.452416482498982475e+00
1.056000000000000050e+01 -8.945741573087012455e+00
1.056499999999999950e+01 -9.947810379077280274e+00
1.057000000000000028e+01 nan
1.057500000000000107e+01 nan
1.058000000000000007e+01 nan
1.058500000000000085e+01 nan
1.058999999999999986e+01 nan
1.059500000000000064e+01 nan
1.060000000000000142e+01 nan
1.060500000000000043e+01 nan
1.060999999999999943e+01 nan
1.061500000000000199e+01 nan
1.062000000000000099e+01 nan
1.062500000000000000e+01 nan
1.062999999999999901e+01 nan
1.063500000000000156e+01 nan
1.064000000000000057e+01 nan
1.064499999999999957e+01 nan
1.064999999999999858e+01 nan
1.065500000000000114e+01 nan
1.066000000000000014e+01 nan
1.066499999999999915e+01 nan
1.066999999999999993e+01 nan
1.067500000000000071e+01 nan
1.067999999999999972e+01 nan
1.068500000000000050e+01 nan
1.068999999999999950e+01 nan
1.069500000000000028e+01 nan
1.070000000000000107e+01 nan
1.070500000000000007e+01 nan
1.070999999999999908e+01 nan
1.071500000000000163e+01 nan
1.072000000000000064e+01 nan
1.072499999999999964e+01 nan
1.073000000000000043e+01 nan
1.073500000000000121e+01 nan
1.074000000000000021e+01 nan
1.074500000000000099e+01 nan
1.075000000000000000e+01 nan
1.075500000000000078e+01 nan
1.076000000000000156e+01 nan
1.076500000000000057e+01 nan
1.076999999999999957e+01 nan
1.077500000000000213e+01 nan
1.078000000000000114e+01 nan
1.078500000000000014e+01 nan
1.078999999999999915e+01 nan
1.079500000000000171e+01 nan
1.080000000000000071e+01 nan
1.080499999999999972e+01 nan
1.080999999999999872e+01 nan
1.081500000000000128e+01 nan
1.082000000000000028e+01 nan
1.082499999999999929e+01 nan
1.083000000000000007e+01 nan
1.083500000000000085e+01 nan
1.083999999999999986e+01 nan
1.084500000000000064e+01 nan
1.084999999999999964e+01 nan
1.085500000000000043e+01 nan
1.086000000000000121e+01 nan
1.086500000000000021e+01 nan
1.086999999999999922e+01 nan
1.087500000000000178e+01 nan
1.088000000000000078e+01 nan
1.088499999999999979e+01 nan
1.089000000000000057e+01 nan
1.089499999999999957e+01 nan
1.090000000000000036e+01 nan
1.090500000000000114e+01 nan
1.091000000000000014e+01 nan
1.091499999999999915e+01 nan
1.092000000000000171e+01 nan
1.092500000000000071e+01 nan
1.092999999999999972e+01 nan
1.093499999999999872e+01 nan
1.094000000000000128e+01 nan
1.094500000000000028e+01 nan
1.094999999999999929e+01 nan
1.095499999999999829e+01 nan
1.096000000000000085e+01 nan
1.096499999999999986e+01 nan
1.096999999999999886e+01 nan
1.097499999999999964e+01 nan
1.098000000000000043e+01 nan
1.098499999999999943e+01 nan
1.099000000000000021e+01 nan
1.099499999999999922e+01 nan
1.100000000000000000e+01 nan
1.100500000000000078e+01 nan
1.100999999999999979e+01 nan
1.101499999999999879e+01 nan
1.102000000000000135e+01 nan
1.102500000000000036e+01 nan
1.102999999999999936e+01 nan
1.103500000000000014e+01 nan
1.104000000000000092e+01 nan
1.104499999999999993e+01 nan
1.105000000000000071e+01 nan
1.105499999999999972e+01 nan
1.106000000000000050e+01 nan
1.106500000000000128e+01 nan
1.107000000000000028e+01 nan
1.107499999999999929e+01 nan
1.108000000000000185e+01 nan
1.108500000000000085e+01 nan
1.108999999999999986e+01 nan
1.109499999999999886e+01 nan
1.110000000000000142e+01 nan
1.110500000000000043e+01 nan
1.110999999999999943e+01 nan
1.111499999999999844e+01 nan
1.112000000000000099e+01 nan
1.112500000000000000e+01 nan
1.112999999999999901e+01 nan
1.113499999999999979e+01 nan
1.114000000000000057e+01 nan
1.114499999999999957e+01 nan
1.115000000000000036e+01 nan
1.115499999999999936e+01 nan
1.116000000000000014e+01 nan
1.116500000000000092e+01 nan
1.116999999999999993e+01 nan
1.117499999999999893e+01 nan
1.118000000000000149e+01 nan
1.118500000000000050e+01 nan
1.118999999999999950e+01 nan
1.119500000000000028e+01 nan
1.120000000000000107e+01 nan
1.120500000000000007e+01 nan
1.121000000000000085e+01 nan
1.121499999999999986e+01 nan
1.122000000000000064e+01 nan
1.122500000000000142e+01 nan
1.123000000000000043e+01 nan
1.123499999999999943e+01 nan
1.124000000000000199e+01 nan
1.124500000000000099e+01 nan
1.125000000000000000e+01 nan
1.125499999999999901e+01 nan
1.126000000000000156e+01 nan
1.126500000000000057e+01 nan
1.126999999999999957e+01 nan
1.127499999999999858e+01 nan
1.128000000000000114e+01 nan
1.128500000000000014e+01 nan
1.128999999999999915e+01 nan
1.129499999999999993e+01 nan
1.130000000000000071e+01 nan
1.130499999999999972e+01 nan
1.131000000000000050e+01 nan
1.131499999999999950e+01 nan
1.132000000000000028e+01 nan
1.132500000000000107e+01 nan
1.133000000000000007e+01 nan
1.133499999999999908e+01 nan
1.134000000000000163e+01 nan
1.134500000000000064e+01 nan
1.134999999999999964e+01 nan
1.135500000000000043e+01 nan
1.136000000000000121e+01 nan
1.136500000000000021e+01 nan
1.137000000000000099e+01 nan
1.137500000000000000e+01 nan
1.138000000000000078e+01 nan
1.138500000000000156e+01 nan
1.139000000000000057e+01 nan
1.139499999999999957e+01 nan
1.140000000000000213e+01 nan
1.140500000000000114e+01 nan
1.141000000000000014e+01 nan
1.141499999999999915e+01 nan
1.142000000000000171e+01 nan
1.142500000000000071e+01 nan
1.142999999999999972e+01 nan
1.143499999999999872e+01 nan
1.144000000000000128e+01 nan
1.144500000000000028e+01 nan
1.144999999999999929e+01 nan
1.145500000000000007e+01 nan
1.146000000000000085e+01 nan
1.146499999999999986e+01 nan
1.147000000000000064e+01 nan
1.147499999999999964e+01 nan
1.148000000000000043e+01 nan
1.148500000000000121e+01 nan
1.149000000000000021e+01 nan
1.149499999999999922e+01 nan
1.150000000000000178e+01 nan
1.150500000000000078e+01 nan
1.150999999999999979e+01 nan
1.151500000000000057e+01 nan
1.152000000000000135e+01 nan
1.152500000000000036e+01 nan
1.153000000000000114e+01 nan
1.153500000000000014e+01 nan
1.153999999999999915e+01 nan
1.154500000000000171e+01 nan
1.155000000000000071e+01 nan
1.155499999999999972e+01 nan
1.155999999999999872e+01 nan
1.156500000000000128e+01 nan
1.157000000000000028e+01 nan
1.157499999999999929e+01 nan
1.157999999999999829e+01 nan
1.158500000000000085e+01 nan
1.158999999999999986e+01 nan
1.159499999999999886e+01 nan
1.159999999999999964e+01 nan
1.160500000000000043e+01 nan
1.160999999999999943e+01 nan
1.161500000000000021e+01 nan
1.161999999999999922e+01 nan
1.162500000000000000e+01 nan
1.163000000000000078e+01 nan
1.163499999999999979e+01 nan
1.163999999999999879e+01 nan
1.164500000000000135e+01 nan
1.165000000000000036e+01 nan
1.165499999999999936e+01 nan
1.166000000000000014e+01 nan
1.166500000000000092e+01 nan
1.166999999999999993e+01 nan
1.167500000000000071e+01 nan
1.167999999999999972e+01 nan
1.168500000000000050e+01 nan
1.169000000000000128e+01 nan
1.169500000000000028e+01 nan
1.169999999999999929e+01 nan
1.170500000000000185e+01 nan
1.171000000000000085e+01 nan
1.171499999999999986e+01 nan
1.171999999999999886e+01 nan
1.172500000000000142e+01 nan
1.173000000000000043e+01 nan
1.173499999999999943e+01 nan
1.173999999999999844e+01 nan
1.174500000000000099e+01 nan
1.175000000000000000e+01 nan
1.175499999999999901e+01 nan
1.175999999999999979e+01 nan
1.176500000000000057e+01 nan
1.176999999999999957e+01 nan
1.177500000000000036e+01 nan
1.177999999999999936e+01 nan
1.178500000000000014e+01 nan
1.179000000000000092e+01 nan
1.179499999999999993e+01 nan
1.179999999999999893e+01 nan
1.180500000000000149e+01 nan
1.181000000000000050e+01 nan
1.181499999999999950e+01 nan
1.182000000000000028e+01 nan
1.182500000000000107e+01 nan
1.183000000000000007e+01 nan
1.183500000000000085e+01 nan
1.183999999999999986e+01 nan
1.184500000000000064e+01 nan
1.185000000000000142e+01 nan
1.185500000000000043e+01 nan
1.185999999999999943e+01 nan
1.186500000000000199e+01 nan
1.187000000000000099e+01 nan
1.187500000000000000e+01 nan
1.187999999999999901e+01 nan
1.188500000000000156e+01 nan
1.189000000000000057e+01 nan
1.189499999999999957e+01 nan
1.189999999999999858e+01 nan
1.190500000000000114e+01 nan
1.191000000000000014e+01 nan
1.191499999999999915e+01 nan
1.191999999999999993e+01 nan
1.192500000000000071e+01 nan
1.192999999999999972e+01 nan
1.193500000000000050e+01 nan
1.193999999999999950e+01 nan
1.194500000000000028e+01 nan
1.195000000000000107e+01 nan
1.195500000000000007e+01 nan
1.195999999999999908e+01 nan
1.196500000000000163e+01 nan
1.197000000000000064e+01 nan
1.197499999999999964e+01 nan
1.198000000000000043e+01 nan
1.198500000000000121e+01 nan
1.199000000000000021e+01 nan
1.199500000000000099e+01 nan
1.200000000000000000e+01 nan
1.200500000000000078e+01 nan
1.201000000000000156e+01 nan
1.201500000000000057e+01 nan
1.201999999999999957e+01 nan
1.202500000000000213e+01 nan
1.203000000000000114e+01 nan
1.203500000000000014e+01 nan
1.203999999999999915e+01 nan
1.204500000000000171e+01 nan
1.205000000000000071e+01 nan
1.205499999999999972e+01 nan
1.205999999999999872e+01 nan
1.206500000000000128e+01 nan
1.207000000000000028e+01 nan
1.207499999999999929e+01 nan
1.208000000000000007e+01 nan
1.208500000000000085e+01 nan
1.208999999999999986e+01 nan
1.209500000000000064e+01 nan
1.209999999999999964e+01 nan
1.210500000000000043e+01 nan
1.211000000000000121e+01 nan
1.211500000000000021e+01 nan
1.211999999999999922e+01 nan
1.212500000000000178e+01 nan
1.213000000000000078e+01 nan
1.213499999999999979e+01 nan
1.214000000000000057e+01 nan
1.214500000000000135e+01 nan
1.215000000000000036e+01 nan
1.215500000000000114e+01 nan
1.216000000000000014e+01 nan
1.216499999999999915e+01 nan
1.217000000000000171e+01 nan
1.217500000000000071e+01 nan
1.217999999999999972e+01 nan
1.218499999999999872e+01 nan
1.219000000000000128e+01 nan
1.219500000000000028e+01 nan
1.219999999999999929e+01 nan
1.220499999999999829e+01 nan
1.221000000000000085e+01 nan
1.221499999999999986e+01 nan
1.221999999999999886e+01 nan
1.222499999999999964e+01 nan
1.223000000000000043e+01 nan
1.223499999999999943e+01 nan
1.224000000000000021e+01 nan
1.224499999999999922e+01 nan
1.225000000000000000e+01 nan
1.225500000000000078e+01 nan
1.225999999999999979e+01 nan
1.226499999999999879e+01 nan
1.227000000000000135e+01 nan
1.227500000000000036e+01 nan
1.227999999999999936e+01 nan
1.228500000000000014e+01 nan
1.229000000000000092e+01 nan
1.229499999999999993e+01 nan
1.230000000000000071e+01 nan
1.230499999999999972e+01 nan
1.231000000000000050e+01 nan
1.231500000000000128e+01 nan
1.232000000000000028e+01 nan
1.232499999999999929e+01 nan
1.233000000000000185e+01 nan
1.233500000000000085e+01 nan
1.233999999999999986e+01 nan
1.234499999999999886e+01 nan
1.235000000000000142e+01 nan
1.235500000000000043e+01 nan
1.235999999999999943e+01 nan
1.236499999999999844e+01 nan
1.237000000000000099e+01 nan
1.237500000000000000e+01 nan
1.237999999999999901e+01 nan
1.238499999999999979e+01 nan
1.239000000000000057e+01 nan
1.239499999999999957e+01 nan
1.240000000000000036e+01 nan
1.240499999999999936e+01 nan
1.241000000000000014e+01 nan
1.241500000000000092e+01 nan
1.241999999999999993e+01 nan
1.242499999999999893e+01 nan
1.243000000000000149e+01 nan
1.243500000000000050e+01 nan
1.243999999999999950e+01 nan
1.244500000000000028e+01 nan
1.245000000000000107e+01 nan
1.245500000000000007e+01 nan
1.246000000000000085e+01 nan
1.246499999999999986e+01 nan
1.247000000000000064e+01 nan
1.247500000000000142e+01 nan
1.248000000000000043e+01 nan
1.248499999999999943e+01 nan
1.249000000000000199e+01 nan
1.249500000000000099e+01 nan
1.250000000000000000e+01 nan
1.250499999999999901e+01 nan
1.251000000000000156e+01 nan
1.251500000000000057e+01 nan
1.251999999999999957e+01 nan
1.252499999999999858e+01 nan
1.253000000000000114e+01 nan
1.253500000000000014e+01 nan
1.253999999999999915e+01 nan
1.254499999999999993e+01 nan
1.255000000000000071e+01 nan
1.255499999999999972e+01 nan
1.256000000000000050e+01 nan
1.256499999999999950e+01 nan
1.257000000000000028e+01 nan
1.257500000000000107e+01 nan
1.258000000000000007e+01 nan
1.258499999999999908e+01 nan
1.259000000000000163e+01 nan
1.259500000000000064e+01 nan
1.259999999999999964e+01 nan
1.260500000000000043e+01 nan
1.261000000000000121e+01 nan
1.261500000000000021e+01 nan
1.262000000000000099e+01 nan
1.262500000000000000e+01 nan
1.263000000000000078e+01 nan
1.263500000000000156e+01 nan
1.264000000000000057e+01 nan
1.264499999999999957e+01 nan
1.265000000000000213e+01 nan
1.265500000000000114e+01 nan
1.266000000000000014e+01 nan
1.266499999999999915e+01 nan
1.267000000000000171e+01 nan
1.267500000000000071e+01 nan
1.267999999999999972e+01 nan
1.268499999999999872e+01 nan
1.269000000000000128e+01 nan
1.269500000000000028e+01 nan
1.269999999999999929e+01 nan
1.270500000000000007e+01 nan
1.271000000000000085e+01 nan
1.271499999999999986e+01 nan
1.272000000000000064e+01 nan
1.272499999999999964e+01 nan
1.273000000000000043e+01 nan
1.273500000000000121e+01 nan
1.274000000000000021e+01 nan
1.274499999999999922e+01 nan
1.275000000000000178e+01 nan
1.275500000000000078e+01 nan
1.275999999999999979e+01 nan
1.276500000000000057e+01 nan
1.277000000000000135e+01 nan
1.277500000000000036e+01 nan
1.278000000000000114e+01 nan
1.278500000000000014e+01 nan
1.279000000000000092e+01 nan
1.279500000000000171e+01 nan
1.280000000000000071e+01 nan
1.280499999999999972e+01 nan
1.280999999999999872e+01 nan
1.281500000000000128e+01 nan
1.282000000000000028e+01 nan
1.282499999999999929e+01 nan
1.282999999999999829e+01 nan
1.283500000000000085e+01 nan
1.283999999999999986e+01 nan
1.284499999999999886e+01 nan
1.284999999999999964e+01 nan
1.285500000000000043e+01 nan
1.285999999999999943e+01 nan
1.286500000000000021e+01 nan
1.286999999999999922e+01 nan
1.287500000000000000e+01 nan
1.288000000000000078e+01 nan
1.288499999999999979e+01 nan
1.288999999999999879e+01 nan
1.289500000000000135e+01 nan
1.290000000000000036e+01 nan
1.290499999999999936e+01 nan
1.291000000000000014e+01 nan
1.291500000000000092e+01 nan
1.291999999999999993e+01 nan
1.292500000000000071e+01 nan
1.292999999999999972e+01 nan
1.293500000000000050e+01 nan
1.294000000000000128e+01 nan
1.294500000000000028e+01 nan
1.294999999999999929e+01 nan
1.295500000000000185e+01 nan
1.296000000000000085e+01 nan
1.296499999999999986e+01 nan
1.296999999999999886e+01 nan
1.297500000000000142e+01 nan
1.298000000000000043e+01 nan
1.298499999999999943e+01 nan
1.298999999999999844e+01 nan
1.299500000000000099e+01 nan
1.300000000000000000e+01 nan
1.300499999999999901e+01 nan
1.300999999999999979e+01 nan
1.301500000000000057e+01 nan
1.301999999999999957e+01 nan
1.302500000000000036e+01 nan
1.302999999999999936e+01 nan
1.303500000000000014e+01 nan
1.304000000000000092e+01 nan
1.304499999999999993e+01 nan
1.304999999999999893e+01 nan
1.305500000000000149e+01 nan
1.306000000000000050e+01 nan
1.306499999999999950e+01 nan
1.307000000000000028e+01 nan
1.307500000000000107e+01 nan
1.308000000000000007e+01 nan
1.308500000000000085e+01 nan
1.308999999999999986e+01 nan
1.309500000000000064e+01 nan
1.310000000000000142e+01 nan
1.310500000000000043e+01 nan
1.310999999999999943e+01 nan
1.311500000000000199e+01 nan
1.312000000000000099e+01 nan
1.312500000000000000e+01 nan
1.312999999999999901e+01 nan
1.313500000000000156e+01 nan
1.314000000000000057e+01 nan
1.314499999999999957e+01 nan
1.314999999999999858e+01 nan
1.315500000000000114e+01 nan
1.316000000000000014e+01 nan
1.316499999999999915e+01 nan
1.316999999999999993e+01 nan
1.317500000000000071e+01 nan
1.317999999999999972e+01 nan
1.318500000000000050e+01 nan
1.318999999999999950e+01 nan
1.319500000000000028e+01 nan
1.320000000000000107e+01 nan
1.320500000000000007e+01 nan
1.320999999999999908e+01 nan
1.321500000000000163e+01 nan
1.322000000000000064e+01 nan
1.322499999999999964e+01 nan
1.323000000000000043e+01 nan
1.323500000000000121e+01 nan
1.324000000000000021e+01 nan
1.324500000000000099e+01 nan
1.325000000000000000e+01 nan
1.325500000000000078e+01 nan
1.326000000000000156e+01 nan
1.326500000000000057e+01 nan
1.326999999999999957e+01 nan
1.327500000000000213e+01 nan
1.328000000000000114e+01 nan
1.328500000000000014e+01 nan
1.328999999999999915e+01 nan
1.329500000000000171e+01 nan
1.330000000000000071e+01 nan
1.330499999999999972e+01 nan
1.330999999999999872e+01 nan
1.331500000000000128e+01 nan
1.332000000000000028e+01 nan
1.332499999999999929e+01 nan
1.333000000000000007e+01 nan
1.333500000000000085e+01 nan
1.333999999999999986e+01 nan
1.334500000000000064e+01 nan
1.334999999999999964e+01 nan
1.335500000000000043e+01 nan
1.336000000000000121e+01 nan
1.336500000000000021e+01 nan
1.336999999999999922e+01 nan
1.337500000000000178e+01 nan
1.338000000000000078e+01 nan
1.338499999999999979e+01 nan
1.339000000000000057e+01 nan
1.339500000000000135e+01 nan
1.340000000000000036e+01 nan
1.340500000000000114e+01 nan
1.341000000000000014e+01 nan
1.341500000000000092e+01 nan
1.342000000000000171e+01 nan
1.342500000000000071e+01 nan
1.342999999999999972e+01 nan
1.343500000000000227e+01 nan
1.344000000000000128e+01 nan
1.344500000000000028e+01 nan
1.344999999999999929e+01 nan
1.345499999999999829e+01 nan
1.346000000000000085e+01 nan
1.346499999999999986e+01 nan
1.346999999999999886e+01 nan
1.347499999999999964e+01 nan
1.348000000000000043e+01 nan
1.348499999999999943e+01 nan
1.349000000000000021e+01 nan
1.349499999999999922e+01 nan
1.350000000000000000e+01 nan
1.350500000000000078e+01 nan
1.350999999999999979e+01 nan
1.351499999999999879e+01 nan
1.352000000000000135e+01 nan
1.352500000000000036e+01 nan
1.352999999999999936e+01 nan
1.353500000000000014e+01 nan
1.354000000000000092e+01 nan
1.354499999999999993e+01 nan
1.355000000000000071e+01 nan
1.355499999999999972e+01 nan
1.356000000000000050e+01 nan
1.356500000000000128e+01 nan
1.357000000000000028e+01 nan
1.357499999999999929e+01 nan
1.358000000000000185e+01 nan
1.358500000000000085e+01 nan
1.358999999999999986e+01 nan
1.359499999999999886e+01 nan
1.360000000000000142e+01 nan
1.360500000000000043e+01 nan
1.360999999999999943e+01 nan
1.361499999999999844e+01 nan
1.362000000000000099e+01 nan
1.362500000000000000e+01 nan
1.362999999999999901e+01 nan
1.363499999999999979e+01 nan
1.364000000000000057e+01 nan
1.364499999999999957e+01 nan
1.365000000000000036e+01 nan
1.365499999999999936e+01 nan
1.366000000000000014e+01 nan
1.366500000000000092e+01 nan
1.366999999999999993e+01 nan
1.367499999999999893e+01 nan
1.368000000000000149e+01 nan
1.368500000000000050e+01 nan
1.368999999999999950e+01 nan
1.369500000000000028e+01 nan
1.370000000000000107e+01 nan
1.370500000000000007e+01 nan
1.371000000000000085e+01 nan
1.371499999999999986e+01 nan
1.372000000000000064e+01 nan
1.372500000000000142e+01 nan
1.373000000000000043e+01 nan
1.373499999999999943e+01 nan
1.374000000000000199e+01 nan
1.374500000000000099e+01 nan
1.375000000000000000e+01 nan
1.375499999999999901e+01 nan
1.376000000000000156e+01 nan
1.376500000000000057e+01 nan
1.376999999999999957e+01 nan
1.377499999999999858e+01 nan
1.378000000000000114e+01 nan
1.378500000000000014e+01 nan
1.378999999999999915e+01 nan
1.379499999999999993e+01 nan
1.380000000000000071e+01 nan
1.380499999999999972e+01 nan
1.381000000000000050e+01 nan
1.381499999999999950e+01 nan
1.382000000000000028e+01 nan
1.382500000000000107e+01 nan
1.383000000000000007e+01 nan
1.383499999999999908e+01 nan
1.384000000000000163e+01 nan
1.384500000000000064e+01 nan
1.384999999999999964e+01 nan
1.385500000000000043e+01 nan
1.386000000000000121e+01 nan
1.386500000000000021e+01 nan
1.387000000000000099e+01 nan
1.387500000000000000e+01 nan
1.388000000000000078e+01 nan
1.388500000000000156e+01 nan
1.389000000000000057e+01 nan
1.389499999999999957e+01 nan
1.390000000000000213e+01 nan
1.390500000000000114e+01 nan
1.391000000000000014e+01 nan
1.391499999999999915e+01 nan
1.392000000000000171e+01 nan
1.392500000000000071e+01 nan
1.392999999999999972e+01 nan
1.393499999999999872e+01 nan
1.394000000000000128e+01 nan
1.394500000000000028e+01 nan
1.394999999999999929e+01 nan
1.395500000000000007e+01 nan
1.396000000000000085e+01 nan
1.396499999999999986e+01 nan
1.397000000000000064e+01 nan
1.397499999999999964e+01 nan
1.398000000000000043e+01 nan
1.398500000000000121e+01 nan
1.399000000000000021e+01 nan
1.399499999999999922e+01 nan
1.400000000000000178e+01 nan
1.400500000000000078e+01 nan
1.400999999999999979e+01 nan
1.401500000000000057e+01 nan
1.402000000000000135e+01 nan
1.402500000000000036e+01 nan
1.403000000000000114e+01 nan
1.403500000000000014e+01 nan
1.404000000000000092e+01 nan
1.404500000000000171e+01 nan
1.405000000000000071e+01 nan
1.405499999999999972e+01 nan
1.406000000000000227e+01 nan
1.406500000000000128e+01 nan
1.407000000000000028e+01 nan
1.407499999999999929e+01 nan
1.407999999999999829e+01 nan
1.408500000000000085e+01 nan
1.408999999999999986e+01 nan
1.409499999999999886e+01 nan
1.409999999999999964e+01 nan
1.410500000000000043e+01 nan
1.410999999999999943e+01 nan
1.411500000000000021e+01 nan
1.411999999999999922e+01 nan
1.412500000000000000e+01 nan
1.413000000000000078e+01 nan
1.413499999999999979e+01 nan
1.413999999999999879e+01 nan
1.414500000000000135e+01 nan
1.415000000000000036e+01 nan
1.415499999999999936e+01 nan
1.416000000000000014e+01 nan
1.416500000000000092e+01 nan
1.416999999999999993e+01 nan
1.417500000000000071e+01 nan
1.417999999999999972e+01 nan
1.418500000000000050e+01 nan
1.419000000000000128e+01 nan
1.419500000000000028e+01 nan
1.419999999999999929e+01 nan
1.420500000000000185e+01 nan
1.421000000000000085e+01 nan
1.421499999999999986e+01 nan
1.421999999999999886e+01 nan
1.422500000000000142e+01 nan
1.423000000000000043e+01 nan
1.423499999999999943e+01 nan
1.423999999999999844e+01 nan
1.424500000000000099e+01 nan
1.425000000000000000e+01 nan
1.425499999999999901e+01 nan
1.425999999999999979e+01 nan
1.426500000000000057e+01 nan
1.426999999999999957e+01 nan
1.427500000000000036e+01 nan
1.427999999999999936e+01 nan
1.428500000000000014e+01 nan
1.429000000000000092e+01 nan
1.429499999999999993e+01 nan
1.429999999999999893e+01 nan
1.430500000000000149e+01 nan
1.431000000000000050e+01 nan
1.431499999999999950e+01 nan
1.432000000000000028e+01 nan
1.432500000000000107e+01 nan
1.433000000000000007e+01 nan
1.433500000000000085e+01 nan
1.433999999999999986e+01 nan
1.434500000000000064e+01 nan
1.435000000000000142e+01 nan
1.435500000000000043e+01 nan
1.435999999999999943e+01 nan
1.436500000000000199e+01 nan
1.437000000000000099e+01 nan
1.437500000000000000e+01 nan
1.437999999999999901e+01 nan
1.438500000000000156e+01 nan
1.439000000000000057e+01 nan
1.439499999999999957e+01 nan
1.439999999999999858e+01 nan
1.440500000000000114e+01 nan
1.441000000000000014e+01 nan
1.441499999999999915e+01 nan
1.441999999999999993e+01 nan
1.442500000000000071e+01 nan
1.442999999999999972e+01 nan
1.443500000000000050e+01 nan
1.443999999999999950e+01 nan
1.444500000000000028e+01 nan
1.445000000000000107e+01 nan
1.445500000000000007e+01 nan
1.445999999999999908e+01 nan
1.446500000000000163e+01 nan
1.447000000000000064e+01 nan
1.447499999999999964e+01 nan
1.448000000000000043e+01 nan
1.448500000000000121e+01 nan
1.449000000000000021e+01 nan
1.449500000000000099e+01 nan
1.450000000000000000e+01 nan
1.450500000000000078e+01 nan
1.451000000000000156e+01 nan
1.451500000000000057e+01 nan
1.451999999999999957e+01 nan
1.452500000000000213e+01 nan
1.453000000000000114e+01 nan
1.453500000000000014e+01 nan
1.453999999999999915e+01 nan
1.454500000000000171e+01 nan
1.455000000000000071e+01 nan
1.455499999999999972e+01 nan
1.455999999999999872e+01 nan
1.456500000000000128e+01 nan
1.457000000000000028e+01 nan
1.457499999999999929e+01 nan
1.458000000000000007e+01 nan
1.458500000000000085e+01 nan
1.458999999999999986e+01 nan
1.459500000000000064e+01 nan
1.459999999999999964e+01 nan
1.460500000000000043e+01 nan
1.461000000000000121e+01 nan
1.461500000000000021e+01 nan
1.461999999999999922e+01 nan
1.462500000000000178e+01 nan
1.463000000000000078e+01 nan
1.463499999999999979e+01 nan
1.464000000000000057e+01 nan
1.464500000000000135e+01 nan
1.465000000000000036e+01 nan
1.465500000000000114e+01 nan
1.466000000000000014e+01 nan
1.466500000000000092e+01 nan
1.467000000000000171e+01 nan
1.467500000000000071e+01 nan
1.467999999999999972e+01 nan
1.468500000000000227e+01 nan
1.469000000000000128e+01 nan
1.469500000000000028e+01 nan
1.469999999999999929e+01 nan
1.470500000000000185e+01 nan
1.471000000000000085e+01 nan
1.471499999999999986e+01 nan
1.471999999999999886e+01 nan
1.472499999999999964e+01 nan
1.473000000000000043e+01 nan
1.473499999999999943e+01 nan
1.474000000000000021e+01 nan
1.474499999999999922e+01 nan
1.475000000000000000e+01 nan
1.475500000000000078e+01 nan
1.475999999999999979e+01 nan
1.476499999999999879e+01 nan
1.477000000000000135e+01 nan
1.477500000000000036e+01 nan
1.477999999999999936e+01 nan
1.478500000000000014e+01 nan
1.479000000000000092e+01 nan
1.479499999999999993e+01 nan
1.480000000000000071e+01 nan
1.480499999999999972e+01 nan
1.481000000000000050e+01 nan
1.481500000000000128e+01 nan
1.482000000000000028e+01 nan
1.482499999999999929e+01 nan
1.483000000000000185e+01 nan
1.483500000000000085e+01 nan
1.483999999999999986e+01 nan
1.484499999999999886e+01 nan
1.485000000000000142e+01 nan
1.485500000000000043e+01 nan
1.485999999999999943e+01 nan
1.486499999999999844e+01 nan
1.487000000000000099e+01 nan
1.487500000000000000e+01 nan
1.487999999999999901e+01 nan
1.488499999999999979e+01 nan
1.489000000000000057e+01 nan
1.489499999999999957e+01 nan
1.490000000000000036e+01 nan
1.490499999999999936e+01 nan
1.491000000000000014e+01 nan
1.491500000000000092e+01 nan
1.491999999999999993e+01 nan
1.492499999999999893e+01 nan
1.493000000000000149e+01 nan
1.493500000000000050e+01 nan
1.493999999999999950e+01 nan
1.494500000000000028e+01 nan
1.495000000000000107e+01 nan
1.495500000000000007e+01 nan
1.496000000000000085e+01 nan
1.496499999999999986e+01 nan
1.497000000000000064e+01 nan
1.497500000000000142e+01 nan
1.498000000000000043e+01 nan
1.498499999999999943e+01 nan
1.499000000000000199e+01 nan
1.499500000000000099e+01 nan
1.500000000000000000e+01 nan
1.500499999999999901e+01 nan
1.501000000000000156e+01 nan
1.501500000000000057e+01 nan
1.501999999999999957e+01 nan
1.502499999999999858e+01 nan
1.503000000000000114e+01 nan
1.503500000000000014e+01 nan
1.503999999999999915e+01 nan
1.504499999999999993e+01 nan
1.505000000000000071e+01 nan
1.505499999999999972e+01 nan
1.506000000000000050e+01 nan
1.506499999999999950e+01 nan
1.507000000000000028e+01 nan
1.507500000000000107e+01 nan
1.508000000000000007e+01 nan
1.508499999999999908e+01 nan
1.509000000000000163e+01 nan
1.509500000000000064e+01 nan
1.509999999999999964e+01 nan
1.510500000000000043e+01 nan
1.511000000000000121e+01 nan
1.511500000000000021e+01 nan
1.512000000000000099e+01 nan
1.512500000000000000e+01 nan
1.513000000000000078e+01 nan
1.513500000000000156e+01 nan
1.514000000000000057e+01 nan
1.514499999999999957e+01 nan
1.515000000000000213e+01 nan
1.515500000000000114e+01 nan
1.516000000000000014e+01 nan
1.516499999999999915e+01 nan
1.517000000000000171e+01 nan
1.517500000000000071e+01 nan
1.517999999999999972e+01 nan
1.518499999999999872e+01 nan
1.519000000000000128e+01 nan
1.519500000000000028e+01 nan
1.519999999999999929e+01 nan
1.520500000000000007e+01 nan
1.521000000000000085e+01 nan
1.521499999999999986e+01 nan
1.522000000000000064e+01 nan
1.522499999999999964e+01 nan
1.523000000000000043e+01 nan
1.523500000000000121e+01 nan
1.524000000000000021e+01 nan
1.524499999999999922e+01 nan
1.525000000000000178e+01 nan
1.525500000000000078e+01 nan
1.525999999999999979e+01 nan
1.526500000000000057e+01 nan
1.527000000000000135e+01 nan
1.527500000000000036e+01 nan
1.528000000000000114e+01 nan
1.528500000000000014e+01 nan
1.529000000000000092e+01 nan
1.529500000000000171e+01 nan
1.530000000000000071e+01 nan
1.530499999999999972e+01 nan
1.531000000000000227e+01 nan
1.531500000000000128e+01 nan
1.532000000000000028e+01 nan
1.532499999999999929e+01 nan
1.533000000000000185e+01 nan
1.533500000000000085e+01 nan
1.533999999999999986e+01 nan
1.534499999999999886e+01 nan
1.535000000000000142e+01 nan
1.535500000000000043e+01 nan
1.535999999999999943e+01 nan
1.536500000000000021e+01 nan
1.536999999999999922e+01 nan
1.537500000000000000e+01 nan
1.538000000000000078e+01 nan
1.538499999999999979e+01 nan
1.538999999999999879e+01 nan
1.539500000000000135e+01 nan
1.540000000000000036e+01 nan
1.540499999999999936e+01 nan
1.541000000000000014e+01 nan
1.541500000000000092e+01 nan
1.541999999999999993e+01 nan
1.542500000000000071e+01 nan
1.542999999999999972e+01 nan
1.543500000000000050e+01 nan
1.544000000000000128e+01 nan
1.544500000000000028e+01 nan
1.544999999999999929e+01 nan
1.545500000000000185e+01 nan
1.546000000000000085e+01 nan
1.546499999999999986e+01 nan
1.546999999999999886e+01 nan
1.547500000000000142e+01 nan
1.548000000000000043e+01 nan
1.548499999999999943e+01 nan
1.548999999999999844e+01 nan
1.549500000000000099e+01 nan
1.550000000000000000e+01 nan
1.550499999999999901e+01 nan
1.550999999999999979e+01 nan
1.551500000000000057e+01 nan
1.551999999999999957e+01 nan
1.552500000000000036e+01 nan
1.552999999999999936e+01 nan
1.553500000000000014e+01 nan
1.554000000000000092e+01 nan
1.554499999999999993e+01 nan
1.554999999999999893e+01 nan
1.555500000000000149e+01 nan
1.556000000000000050e+01 nan
1.556499999999999950e+01 nan
1.557000000000000028e+01 nan
1.557500000000000107e+01 nan
1.558000000000000007e+01 nan
1.558500000000000085e+01 nan
1.558999999999999986e+01 nan
1.559500000000000064e+01 nan
1.560000000000000142e+01 nan
1.560500000000000043e+01 nan
1.560999999999999943e+01 nan
1.561500000000000199e+01 nan
1.562000000000000099e+01 nan
1.562500000000000000e+01 nan
1.562999999999999901e+01 nan
1.563500000000000156e+01 nan
1.564000000000000057e+01 nan
1.564499999999999957e+01 nan
1.564999999999999858e+01 nan
1.565500000000000114e+01 nan
1.566000000000000014e+01 nan
1.566499999999999915e+01 nan
1.566999999999999993e+01 nan
1.567500000000000071e+01 nan
1.567999999999999972e+01 nan
1.568500000000000050e+01 nan
1.568999999999999950e+01 nan
1.569500000000000028e+01 nan
1.570000000000000107e+01 nan
1.570500000000000007e+01 nan
1.570999999999999908e+01 nan
1.571500000000000163e+01 nan
1.572000000000000064e+01 nan
1.572499999999999964e+01 nan
1.573000000000000043e+01 nan
1.573500000000000121e+01 nan
1.574000000000000021e+01 nan
1.574500000000000099e+01 nan
1.575000000000000000e+01 nan
1.575500000000000078e+01 nan
1.576000000000000156e+01 nan
1.576500000000000057e+01 nan
1.576999999999999957e+01 nan
1.577500000000000213e+01 nan
1.578000000000000114e+01 nan
1.578500000000000014e+01 nan
1.578999999999999915e+01 nan
1.579500000000000171e+01 nan
1.580000000000000071e+01 nan
1.580499999999999972e+01 nan
1.580999999999999872e+01 nan
1.581500000000000128e+01 nan
1.582000000000000028e+01 nan
1.582499999999999929e+01 nan
1.583000000000000007e+01 nan
1.583500000000000085e+01 nan
1.583999999999999986e+01 nan
1.584500000000000064e+01 nan
1.584999999999999964e+01 nan
1.585500000000000043e+01 nan
1.586000000000000121e+01 nan
1.586500000000000021e+01 nan
1.586999999999999922e+01 nan
1.587500000000000178e+01 nan
1.588000000000000078e+01 nan
1.588499999999999979e+01 nan
1.589000000000000057e+01 nan
1.589500000000000135e+01 nan
1.590000000000000036e+01 nan
1.590500000000000114e+01 nan
1.591000000000000014e+01 nan
1.591500000000000092e+01 nan
1.592000000000000171e+01 nan
1.592500000000000071e+01 nan
1.592999999999999972e+01 nan
1.593500000000000227e+01 nan
1.594000000000000128e+01 nan
1.594500000000000028e+01 nan
1.594999999999999929e+01 nan
1.595500000000000185e+01 nan
1.596000000000000085e+01 nan
1.596499999999999986e+01 nan
1.596999999999999886e+01 nan
1.597500000000000142e+01 nan
1.598000000000000043e+01 nan
1.598499999999999943e+01 nan
1.599000000000000021e+01 nan
1.599500000000000099e+01 nan
1.600000000000000000e+01 nan
1.600499999999999901e+01 nan
1.600999999999999801e+01 nan
1.601500000000000057e+01 nan
1.601999999999999957e+01 nan
1.602499999999999858e+01 nan
1.603000000000000114e+01 nan
1.603500000000000014e+01 nan
1.603999999999999915e+01 nan
1.604500000000000171e+01 nan
1.605000000000000071e+01 nan
1.605499999999999972e+01 nan
1.606000000000000227e+01 nan
1.606500000000000128e+01 nan
1.607000000000000028e+01 nan
1.607499999999999929e+01 nan
1.608000000000000185e+01 nan
1.608500000000000085e+01 nan
1.608999999999999986e+01 nan
1.609499999999999886e+01 nan
1.610000000000000142e+01 nan
1.610500000000000043e+01 nan
1.610999999999999943e+01 nan
1.611499999999999844e+01 nan
1.612000000000000099e+01 nan
1.612500000000000000e+01 nan
1.612999999999999901e+01 nan
1.613499999999999801e+01 nan
1.614000000000000057e+01 nan
1.614499999999999957e+01 nan
1.614999999999999858e+01 nan
1.615500000000000114e+01 nan
1.616000000000000014e+01 nan
1.616499999999999915e+01 nan
1.617000000000000171e+01 nan
1.617500000000000071e+01 nan
1.617999999999999972e+01 nan
1.618500000000000227e+01 nan
1.619000000000000128e+01 nan
1.619500000000000028e+01 nan
1.620000000000000284e+01 nan
1.620500000000000185e+01 nan
1.621000000000000085e+01 nan
1.621499999999999986e+01 nan
1.622000000000000242e+01 nan
1.622500000000000142e+01 nan
1.623000000000000043e+01 nan
1.623499999999999943e+01 nan
1.624000000000000199e+01 nan
1.624500000000000099e+01 nan
1.625000000000000000e+01 nan
1.625499999999999901e+01 nan
1.626000000000000156e+01 nan
1.626500000000000057e+01 nan
1.626999999999999957e+01 nan
1.627499999999999858e+01 nan
1.628000000000000114e+01 nan
1.628500000000000014e+01 nan
1.628999999999999915e+01 nan
1.629499999999999815e+01 nan
1.630000000000000071e+01 nan
1.630499999999999972e+01 nan
1.630999999999999872e+01 nan
1.631499999999999773e+01 nan
1.632000000000000028e+01 nan
1.632499999999999929e+01 nan
1.632999999999999829e+01 nan
1.633500000000000085e+01 nan
1.633999999999999986e+01 nan
1.634499999999999886e+01 nan
1.635000000000000142e+01 nan
1.635500000000000043e+01 nan
1.635999999999999943e+01 nan
1.636500000000000199e+01 nan
1.637000000000000099e+01 nan
1.637500000000000000e+01 nan
1.638000000000000256e+01 nan
1.638500000000000156e+01 nan
1.639000000000000057e+01 nan
1.639499999999999957e+01 nan
1.640000000000000213e+01 nan
1.640500000000000114e+01 nan
1.641000000000000014e+01 nan
1.641499999999999915e+01 nan
1.642000000000000171e+01 nan
1.642500000000000071e+01 nan
1.642999999999999972e+01 nan
1.643499999999999872e+01 nan
1.644000000000000128e+01 nan
1.644500000000000028e+01 nan
1.644999999999999929e+01 nan
1.645499999999999829e+01 nan
1.646000000000000085e+01 nan
1.646499999999999986e+01 nan
1.646999999999999886e+01 nan
1.647500000000000142e+01 nan
1.648000000000000043e+01 nan
1.648499999999999943e+01 nan
1.649000000000000199e+01 nan
1.649500000000000099e+01 nan
1.650000000000000000e+01 nan
1.650500000000000256e+01 nan
1.651000000000000156e+01 nan
1.651500000000000057e+01 nan
1.652000000000000313e+01 nan
1.652500000000000213e+01 nan
1.653000000000000114e+01 nan
1.653500000000000014e+01 nan
1.654000000000000270e+01 nan
1.654500000000000171e+01 nan
1.655000000000000071e+01 nan
1.655499999999999972e+01 nan
1.656000000000000227e+01 nan
1.656500000000000128e+01 nan
1.657000000000000028e+01 nan
1.657499999999999929e+01 nan
1.658000000000000185e+01 nan
1.658500000000000085e+01 nan
1.658999999999999986e+01 nan
1.659499999999999886e+01 nan
1.660000000000000142e+01 nan
1.660500000000000043e+01 nan
1.660999999999999943e+01 nan
1.661499999999999844e+01 nan
1.662000000000000099e+01 nan
1.662500000000000000e+01 nan
1.662999999999999901e+01 nan
1.663499999999999801e+01 nan
1.664000000000000057e+01 nan
1.664499999999999957e+01 nan
1.664999999999999858e+01 nan
1.665500000000000114e+01 nan
1.666000000000000014e+01 nan
1.666499999999999915e+01 nan
1.667000000000000171e+01 nan
1.667500000000000071e+01 nan
1.667999999999999972e+01 nan
1.668500000000000227e+01 nan
1.669000000000000128e+01 nan
1.669500000000000028e+01 nan
1.669999999999999929e+01 nan
1.670500000000000185e+01 nan
1.671000000000000085e+01 nan
1.671499999999999986e+01 nan
1.671999999999999886e+01 nan
1.672500000000000142e+01 nan
1.673000000000000043e+01 nan
1.673499999999999943e+01 nan
1.673999999999999844e+01 nan
1.674500000000000099e+01 nan
1.675000000000000000e+01 nan
1.675499999999999901e+01 nan
1.675999999999999801e+01 nan
1.676500000000000057e+01 nan
1.676999999999999957e+01 nan
1.677499999999999858e+01 nan
1.678000000000000114e+01 nan
1.678500000000000014e+01 nan
1.678999999999999915e+01 nan
1.679500000000000171e+01 nan
1.680000000000000071e+01 nan
1.680499999999999972e+01 nan
1.681000000000000227e+01 nan
1.681500000000000128e+01 nan
1.682000000000000028e+01 nan
1.682500000000000284e+01 nan
1.683000000000000185e+01 nan
1.683500000000000085e+01 nan
1.683999999999999986e+01 nan
1.684500000000000242e+01 nan
1.685000000000000142e+01 nan
1.685500000000000043e+01 nan
1.685999999999999943e+01 nan
1.686500000000000199e+01 nan
1.687000000000000099e+01 nan
1.687500000000000000e+01 nan
1.687999999999999901e+01 nan
1.688500000000000156e+01 nan
1.689000000000000057e+01 nan
1.689499999999999957e+01 nan
1.689999999999999858e+01 nan
1.690500000000000114e+01 nan
1.691000000000000014e+01 nan
1.691499999999999915e+01 nan
1.691999999999999815e+01 nan
1.692500000000000071e+01 nan
1.692999999999999972e+01 nan
1.693499999999999872e+01 nan
1.693999999999999773e+01 nan
1.694500000000000028e+01 nan
1.694999999999999929e+01 nan
1.695499999999999829e+01 nan
1.696000000000000085e+01 nan
1.696499999999999986e+01 nan
1.696999999999999886e+01 nan
1.697500000000000142e+01 nan
1.698000000000000043e+01 nan
1.698499999999999943e+01 nan
1.699000000000000199e+01 nan
1.699500000000000099e+01 nan
1.700000000000000000e+01 nan
1.700500000000000256e+01 nan
1.701000000000000156e+01 nan
1.701500000000000057e+01 nan
1.701999999999999957e+01 nan
1.702500000000000213e+01 nan
1.703000000000000114e+01 nan
1.703500000000000014e+01 nan
1.703999999999999915e+01 nan
1.704500000000000171e+01 nan
1.705000000000000071e+01 nan
1.705499999999999972e+01 nan
1.705999999999999872e+01 nan
1.706500000000000128e+01 nan
1.707000000000000028e+01 nan
1.707499999999999929e+01 nan
1.707999999999999829e+01 nan
1.708500000000000085e+01 nan
1.708999999999999986e+01 nan
1.709499999999999886e+01 nan
1.710000000000000142e+01 nan
1.710500000000000043e+01 nan
1.710999999999999943e+01 nan
1.711500000000000199e+01 nan
1.712000000000000099e+01 nan
1.712500000000000000e+01 nan
1.713000000000000256e+01 nan
1.713500000000000156e+01 nan
1.714000000000000057e+01 nan
1.714500000000000313e+01 nan
1.715000000000000213e+01 nan
1.715500000000000114e+01 nan
1.716000000000000014e+01 nan
1.716500000000000270e+01 nan
1.717000000000000171e+01 nan
1.717500000000000071e+01 nan
1.717999999999999972e+01 nan
1.718500000000000227e+01 nan
1.719000000000000128e+01 nan
1.719500000000000028e+01 nan
1.719999999999999929e+01 nan
1.720500000000000185e+01 nan
1.721000000000000085e+01 nan
1.721499999999999986e+01 nan
1.721999999999999886e+01 nan
1.722500000000000142e+01 nan
1.723000000000000043e+01 nan
1.723499999999999943e+01 nan
1.723999999999999844e+01 nan
1.724500000000000099e+01 nan
1.725000000000000000e+01 nan
1.725499999999999901e+01 nan
1.725999999999999801e+01 nan
1.726500000000000057e+01 nan
1.726999999999999957e+01 nan
1.727499999999999858e+01 nan
1.728000000000000114e+01 nan
1.728500000000000014e+01 nan
1.728999999999999915e+01 nan
1.729500000000000171e+01 nan
1.730000000000000071e+01 nan
1.730499999999999972e+01 nan
1.731000000000000227e+01 nan
1.731500000000000128e+01 nan
1.732000000000000028e+01 nan
1.732499999999999929e+01 nan
1.733000000000000185e+01 nan
1.733500000000000085e+01 nan
1.733999999999999986e+01 nan
1.734499999999999886e+01 nan
1.735000000000000142e+01 nan
1.735500000000000043e+01 nan
1.735999999999999943e+01 nan
1.736499999999999844e+01 nan
1.737000000000000099e+01 nan
1.737500000000000000e+01 nan
1.737999999999999901e+01 nan
1.738499999999999801e+01 nan
1.739000000000000057e+01 nan
1.739499999999999957e+01 nan
1.739999999999999858e+01 nan
1.740500000000000114e+01 nan
1.741000000000000014e+01 nan
1.741499999999999915e+01 nan
1.742000000000000171e+01 nan
1.742500000000000071e+01 nan
1.742999999999999972e+01 nan
1.743500000000000227e+01 nan
1.744000000000000128e+01 nan
1.744500000000000028e+01 nan
1.745000000000000284e+01 nan
1.745500000000000185e+01 nan
1.746000000000000085e+01 nan
1.746499999999999986e+01 nan
1.747000000000000242e+01 nan
1.747500000000000142e+01 nan
1.748000000000000043e+01 nan
1.748499999999999943e+01 nan
1.749000000000000199e+01 nan
1.749500000000000099e+01 nan
1.750000000000000000e+01 nan
1.750499999999999901e+01 nan
1.751000000000000156e+01 nan
1.751500000000000057e+01 nan
1.751999999999999957e+01 nan
1.752499999999999858e+01 nan
1.753000000000000114e+01 nan
1.753500000000000014e+01 nan
1.753999999999999915e+01 nan
1.754499999999999815e+01 nan
1.755000000000000071e+01 nan
1.755499999999999972e+01 nan
1.755999999999999872e+01 nan
1.756499999999999773e+01 nan
1.757000000000000028e+01 nan
1.757499999999999929e+01 nan
1.757999999999999829e+01 nan
1.758500000000000085e+01 nan
1.758999999999999986e+01 nan
1.759499999999999886e+01 nan
1.760000000000000142e+01 nan
1.760500000000000043e+01 nan
1.760999999999999943e+01 nan
1.761500000000000199e+01 nan
1.762000000000000099e+01 nan
1.762500000000000000e+01 nan
1.763000000000000256e+01 nan
1.763500000000000156e+01 nan
1.764000000000000057e+01 nan
1.764499999999999957e+01 nan
1.765000000000000213e+01 nan
1.765500000000000114e+01 nan
1.766000000000000014e+01 nan
1.766499999999999915e+01 nan
1.767000000000000171e+01 nan
1.767500000000000071e+01 nan
1.767999999999999972e+01 nan
1.768499999999999872e+01 nan
1.769000000000000128e+01 nan
1.769500000000000028e+01 nan
1.769999999999999929e+01 nan
1.770499999999999829e+01 nan
1.771000000000000085e+01 nan
1.771499999999999986e+01 nan
1.771999999999999886e+01 nan
1.772500000000000142e+01 nan
1.773000000000000043e+01 nan
1.773499999999999943e+01 nan
1.774000000000000199e+01 nan
1.774500000000000099e+01 nan
1.775000000000000000e+01 nan
1.775500000000000256e+01 nan
1.776000000000000156e+01 nan
1.776500000000000057e+01 nan
1.777000000000000313e+01 nan
1.777500000000000213e+01 nan
1.778000000000000114e+01 nan
1.778500000000000014e+01 nan
1.779000000000000270e+01 nan
1.779500000000000171e+01 nan
1.780000000000000071e+01 nan
1.780499999999999972e+01 nan
1.781000000000000227e+01 nan
1.781500000000000128e+01 nan
1.782000000000000028e+01 nan
1.782499999999999929e+01 nan
1.783000000000000185e+01 nan
1.783500000000000085e+01 nan
1.783999999999999986e+01 nan
1.784499999999999886e+01 nan
1.785000000000000142e+01 nan
1.785500000000000043e+01 nan
1.785999999999999943e+01 nan
1.786499999999999844e+01 nan
1.787000000000000099e+01 nan
1.787500000000000000e+01 nan
1.787999999999999901e+01 nan
1.788499999999999801e+01 nan
1.789000000000000057e+01 nan
1.789499999999999957e+01 nan
1.789999999999999858e+01 nan
1.790500000000000114e+01 nan
1.791000000000000014e+01 nan
1.791499999999999915e+01 nan
1.792000000000000171e+01 nan
1.792500000000000071e+01 nan
1.792999999999999972e+01 nan
1.793500000000000227e+01 nan
1.794000000000000128e+01 nan
1.794500000000000028e+01 nan
1.794999999999999929e+01 nan
1.795500000000000185e+01 nan
1.796000000000000085e+01 nan
1.796499999999999986e+01 nan
1.796999999999999886e+01 nan
1.797500000000000142e+01 nan
1.798000000000000043e+01 nan
1.798499999999999943e+01 nan
1.798999999999999844e+01 nan
1.799500000000000099e+01 nan
1.800000000000000000e+01 nan
1.800499999999999901e+01 nan
1.800999999999999801e+01 nan
1.801500000000000057e+01 nan
1.801999999999999957e+01 nan
1.802499999999999858e+01 nan
1.803000000000000114e+01 nan
1.803500000000000014e+01 nan
1.803999999999999915e+01 nan
1.804500000000000171e+01 nan
1.805000000000000071e+01 nan
1.805499999999999972e+01 nan
1.806000000000000227e+01 nan
1.806500000000000128e+01 nan
1.807000000000000028e+01 nan
1.807500000000000284e+01 nan
1.808000000000000185e+01 nan
1.808500000000000085e+01 nan
1.808999999999999986e+01 nan
1.809500000000000242e+01 nan
1.810000000000000142e+01 nan
1.810500000000000043e+01 nan
1.810999999999999943e+01 nan
1.811500000000000199e+01 nan
1.812000000000000099e+01 nan
1.812500000000000000e+01 nan
1.812999999999999901e+01 nan
1.813500000000000156e+01 nan
1.814000000000000057e+01 nan
1.814499999999999957e+01 nan
1.814999999999999858e+01 nan
1.815500000000000114e+01 nan
1.816000000000000014e+01 nan
1.816499999999999915e+01 nan
1.816999999999999815e+01 nan
1.817500000000000071e+01 nan
1.817999999999999972e+01 nan
1.818499999999999872e+01 nan
1.818999999999999773e+01 nan
1.819500000000000028e+01 nan
1.819999999999999929e+01 nan
1.820499999999999829e+01 nan
1.821000000000000085e+01 nan
1.821499999999999986e+01 nan
1.821999999999999886e+01 nan
1.822500000000000142e+01 nan
1.823000000000000043e+01 nan
1.823499999999999943e+01 nan
1.824000000000000199e+01 nan
1.824500000000000099e+01 nan
1.825000000000000000e+01 nan
1.825500000000000256e+01 nan
1.826000000000000156e+01 nan
1.826500000000000057e+01 nan
1.826999999999999957e+01 nan
1.827500000000000213e+01 nan
1.828000000000000114e+01 nan
1.828500000000000014e+01 nan
1.828999999999999915e+01 nan
1.829500000000000171e+01 nan
1.830000000000000071e+01 nan
1.830499999999999972e+01 nan
1.830999999999999872e+01 nan
1.831500000000000128e+01 nan
1.832000000000000028e+01 nan
1.832499999999999929e+01 nan
1.832999999999999829e+01 nan
1.833500000000000085e+01 nan
1.833999999999999986e+01 nan
1.834499999999999886e+01 nan
1.835000000000000142e+01 nan
1.835500000000000043e+01 nan
1.835999999999999943e+01 nan
1.836500000000000199e+01 nan
1.837000000000000099e+01 nan
1.837500000000000000e+01 nan
1.838000000000000256e+01 nan
1.838500000000000156e+01 nan
1.839000000000000057e+01 nan
1.839500000000000313e+01 nan
1.840000000000000213e+01 nan
1.840500000000000114e+01 nan
1.841000000000000014e+01 nan
1.841500000000000270e+01 nan
1.842000000000000171e+01 nan
1.842500000000000071e+01 nan
1.842999999999999972e+01 nan
1.843500000000000227e+01 nan
1.844000000000000128e+01 nan
1.844500000000000028e+01 nan
1.844999999999999929e+01 nan
1.845500000000000185e+01 nan
1.846000000000000085e+01 nan
1.846499999999999986e+01 nan
1.846999999999999886e+01 nan
1.847500000000000142e+01 nan
1.848000000000000043e+01 nan
1.848499999999999943e+01 nan
1.848999999999999844e+01 nan
1.849500000000000099e+01 nan
1.850000000000000000e+01 nan
1.850499999999999901e+01 nan
1.850999999999999801e+01 nan
1.851500000000000057e+01 nan
1.851999999999999957e+01 nan
1.852499999999999858e+01 nan
1.853000000000000114e+01 nan
1.853500000000000014e+01 nan
1.853999999999999915e+01 nan
1.854500000000000171e+01 nan
1.855000000000000071e+01 nan
1.855499999999999972e+01 nan
1.856000000000000227e+01 nan
1.856500000000000128e+01 nan
1.857000000000000028e+01 nan
1.857499999999999929e+01 nan
1.858000000000000185e+01 nan
1.858500000000000085e+01 nan
1.858999999999999986e+01 nan
1.859499999999999886e+01 nan
1.860000000000000142e+01 nan
1.860500000000000043e+01 nan
1.860999999999999943e+01 nan
1.861499999999999844e+01 nan
1.862000000000000099e+01 nan
1.862500000000000000e+01 nan
1.862999999999999901e+01 nan
1.863499999999999801e+01 nan
1.864000000000000057e+01 nan
1.864499999999999957e+01 nan
1.864999999999999858e+01 nan
1.865500000000000114e+01 nan
1.866000000000000014e+01 nan
1.866499999999999915e+01 nan
1.867000000000000171e+01 nan
1.867500000000000071e+01 nan
1.867999999999999972e+01 nan
1.868500000000000227e+01 nan
1.869000000000000128e+01 nan
1.869500000000000028e+01 nan
1.870000000000000284e+01 nan
1.870500000000000185e+01 nan
1.871000000000000085e+01 nan
1.871499999999999986e+01 nan
1.872000000000000242e+01 nan
1.872500000000000142e+01 nan
1.873000000000000043e+01 nan
1.873499999999999943e+01 nan
1.874000000000000199e+01 nan
1.874500000000000099e+01 nan
1.875000000000000000e+01 nan
1.875499999999999901e+01 nan
1.876000000000000156e+01 nan
1.876500000000000057e+01 nan
1.876999999999999957e+01 nan
1.877499999999999858e+01 nan
1.878000000000000114e+01 nan
1.878500000000000014e+01 nan
1.878999999999999915e+01 nan
1.879499999999999815e+01 nan
1.880000000000000071e+01 nan
1.880499999999999972e+01 nan
1.880999999999999872e+01 nan
1.881499999999999773e+01 nan
1.882000000000000028e+01 nan
1.882499999999999929e+01 nan
1.882999999999999829e+01 nan
1.883500000000000085e+01 nan
1.883999999999999986e+01 nan
1.884499999999999886e+01 nan
1.885000000000000142e+01 nan
1.885500000000000043e+01 nan
1.885999999999999943e+01 nan
1.886500000000000199e+01 nan
1.887000000000000099e+01 nan
1.887500000000000000e+01 nan
1.888000000000000256e+01 nan
1.888500000000000156e+01 nan
1.889000000000000057e+01 nan
1.889499999999999957e+01 nan
1.890000000000000213e+01 nan
1.890500000000000114e+01 nan
1.891000000000000014e+01 nan
1.891499999999999915e+01 nan
1.892000000000000171e+01 nan
1.892500000000000071e+01 nan
1.892999999999999972e+01 nan
1.893499999999999872e+01 nan
1.894000000000000128e+01 nan
1.894500000000000028e+01 nan
1.894999999999999929e+01 nan
1.895499999999999829e+01 nan
1.896000000000000085e+01 nan
1.896499999999999986e+01 nan
1.896999999999999886e+01 nan
1.897500000000000142e+01 nan
1.898000000000000043e+01 nan
1.898499999999999943e+01 nan
1.899000000000000199e+01 nan
1.899500000000000099e+01 nan
1.900000000000000000e+01 nan
1.900500000000000256e+01 nan
1.901000000000000156e+01 nan
1.901500000000000057e+01 nan
1.902000000000000313e+01 nan
1.902500000000000213e+01 nan
1.903000000000000114e+01 nan
1.903500000000000014e+01 nan
1.904000000000000270e+01 nan
1.904500000000000171e+01 nan
1.905000000000000071e+01 nan
1.905499999999999972e+01 nan
1.906000000000000227e+01 nan
1.906500000000000128e+01 nan
1.907000000000000028e+01 nan
1.907499999999999929e+01 nan
1.908000000000000185e+01 nan
1.908500000000000085e+01 nan
1.908999999999999986e+01 nan
1.909499999999999886e+01 nan
1.910000000000000142e+01 nan
1.910500000000000043e+01 nan
1.910999999999999943e+01 nan
1.911499999999999844e+01 nan
1.912000000000000099e+01 nan
1.912500000000000000e+01 nan
1.912999999999999901e+01 nan
1.913499999999999801e+01 nan
1.914000000000000057e+01 nan
1.914499999999999957e+01 nan
1.914999999999999858e+01 nan
1.915500000000000114e+01 nan
1.916000000000000014e+01 nan
1.916499999999999915e+01 nan
1.917000000000000171e+01 nan
1.917500000000000071e+01 nan
1.917999999999999972e+01 nan
1.918500000000000227e+01 nan
1.919000000000000128e+01 nan
1.919500000000000028e+01 nan
1.919999999999999929e+01 nan
1.920500000000000185e+01 nan
1.921000000000000085e+01 nan
1.921499999999999986e+01 nan
1.921999999999999886e+01 nan
1.922500000000000142e+01 nan
1.923000000000000043e+01 nan
1.923499999999999943e+01 nan
1.923999999999999844e+01 nan
1.924500000000000099e+01 nan
1.925000000000000000e+01 nan
1.925499999999999901e+01 nan
1.925999999999999801e+01 nan
1.926500000000000057e+01 nan
1.926999999999999957e+01 nan
1.927499999999999858e+01 nan
1.928000000000000114e+01 nan
1.928500000000000014e+01 nan
1.928999999999999915e+01 nan
1.929500000000000171e+01 nan
1.930000000000000071e+01 nan
1.930499999999999972e+01 nan
1.931000000000000227e+01 nan
1.931500000000000128e+01 nan
1.932000000000000028e+01 nan
1.932500000000000284e+01 nan
1.933000000000000185e+01 nan
1.933500000000000085e+01 nan
1.933999999999999986e+01 nan
1.934500000000000242e+01 nan
1.935000000000000142e+01 nan
1.935500000000000043e+01 nan
1.935999999999999943e+01 nan
1.936500000000000199e+01 nan
1.937000000000000099e+01 nan
1.937500000000000000e+01 nan
1.937999999999999901e+01 nan
1.938500000000000156e+01 nan
1.939000000000000057e+01 nan
1.939499999999999957e+01 nan
1.939999999999999858e+01 nan
1.940500000000000114e+01 nan
1.941000000000000014e+01 nan
1.941499999999999915e+01 nan
1.941999999999999815e+01 nan
1.942500000000000071e+01 nan
1.942999999999999972e+01 nan
1.943499999999999872e+01 nan
1.943999999999999773e+01 nan
1.944500000000000028e+01 nan
1.944999999999999929e+01 nan
1.945499999999999829e+01 nan
1.946000000000000085e+01 nan
1.946499999999999986e+01 nan
1.946999999999999886e+01 nan
1.947500000000000142e+01 nan
1.948000000000000043e+01 nan
1.948499999999999943e+01 nan
1.949000000000000199e+01 nan
1.949500000000000099e+01 nan
1.950000000000000000e+01 nan
1.950500000000000256e+01 nan
1.951000000000000156e+01 nan
1.951500000000000057e+01 nan
1.951999999999999957e+01 nan
1.952500000000000213e+01 nan
1.953000000000000114e+01 nan
1.953500000000000014e+01 nan
1.953999999999999915e+01 nan
1.954500000000000171e+01 nan
1.955000000000000071e+01 nan
1.955499999999999972e+01 nan
1.955999999999999872e+01 nan
1.956500000000000128e+01 nan
1.957000000000000028e+01 nan
1.957499999999999929e+01 nan
1.957999999999999829e+01 nan
1.958500000000000085e+01 nan
1.958999999999999986e+01 nan
1.959499999999999886e+01 nan
1.960000000000000142e+01 nan
1.960500000000000043e+01 nan
1.960999999999999943e+01 nan
1.961500000000000199e+01 nan
1.962000000000000099e+01 nan
1.962500000000000000e+01 nan
1.963000000000000256e+01 nan
1.963500000000000156e+01 nan
1.964000000000000057e+01 nan
1.964500000000000313e+01 nan
1.965000000000000213e+01 nan
1.965500000000000114e+01 nan
1.966000000000000014e+01 nan
1.966500000000000270e+01 nan
1.967000000000000171e+01 nan
1.967500000000000071e+01 nan
1.967999999999999972e+01 nan
1.968500000000000227e+01 nan
1.969000000000000128e+01 nan
1.969500000000000028e+01 nan
1.969999999999999929e+01 nan
1.970500000000000185e+01 nan
1.971000000000000085e+01 nan
1.971499999999999986e+01 nan
1.971999999999999886e+01 nan
1.972500000000000142e+01 nan
1.973000000000000043e+01 nan
1.973499999999999943e+01 nan
1.973999999999999844e+01 nan
1.974500000000000099e+01 nan
1.975000000000000000e+01 nan
1.975499999999999901e+01 nan
1.975999999999999801e+01 nan
1.976500000000000057e+01 nan
1.976999999999999957e+01 nan
1.977499999999999858e+01 nan
1.978000000000000114e+01 nan
1.978500000000000014e+01 nan
1.978999999999999915e+01 nan
1.979500000000000171e+01 nan
1.980000000000000071e+01 nan
1.980499999999999972e+01 nan
1.981000000000000227e+01 nan
1.981500000000000128e+01 nan
1.982000000000000028e+01 nan
1.982500000000000284e+01 nan
1.983000000000000185e+01 nan
1.983500000000000085e+01 nan
1.983999999999999986e+01 nan
1.984499999999999886e+01 nan
1.985000000000000142e+01 nan
1.985500000000000043e+01 nan
1.985999999999999943e+01 nan
1.986499999999999844e+01 nan
1.987000000000000099e+01 nan
1.987500000000000000e+01 nan
1.987999999999999901e+01 nan
1.988499999999999801e+01 nan
1.989000000000000057e+01 nan
1.989499999999999957e+01 nan
1.989999999999999858e+01 nan
1.990500000000000114e+01 nan
1.991000000000000014e+01 nan
1.991499999999999915e+01 nan
1.992000000000000171e+01 nan
1.992500000000000071e+01 nan
1.992999999999999972e+01 nan
1.993500000000000227e+01 nan
1.994000000000000128e+01 nan
1.994500000000000028e+01 nan
1.995000000000000284e+01 nan
1.995500000000000185e+01 nan
1.996000000000000085e+01 nan
1.996499999999999986e+01 nan
1.997000000000000242e+01 nan
1.997500000000000142e+01 nan
1.998000000000000043e+01 nan
1.998499999999999943e+01 nan
1.999000000000000199e+01 nan
1.999500000000000099e+01 nan
2.000000000000000000e+01 nan
2.000500000000000256e+01 nan
2.000999999999999801e+01 nan
2.001500000000000057e+01 nan
2.002000000000000313e+01 nan
2.002499999999999858e+01 nan
2.003000000000000114e+01 nan
2.003499999999999659e+01 nan
2.003999999999999915e+01 nan
2.004500000000000171e+01 nan
2.004999999999999716e+01 nan
2.005499999999999972e+01 nan
2.006000000000000227e+01 nan
2.006499999999999773e+01 nan
2.007000000000000028e+01 nan
2.007499999999999929e+01 nan
2.007999999999999829e+01 nan
2.008500000000000085e+01 nan
2.008999999999999986e+01 nan
2.009499999999999886e+01 nan
2.010000000000000142e+01 nan
2.010500000000000043e+01 nan
2.010999999999999943e+01 nan
2.011499999999999844e+01 nan
2.012000000000000099e+01 nan
2.012500000000000000e+01 nan
2.012999999999999901e+01 nan
2.013500000000000156e+01 nan
2.014000000000000057e+01 nan
2.014499999999999957e+01 nan
2.015000000000000213e+01 nan
2.015499999999999758e+01 nan
2.016000000000000014e+01 nan
2.016500000000000270e+01 nan
2.016999999999999815e+01 nan
2.017500000000000071e+01 nan
2.018000000000000327e+01 nan
2.018499999999999872e+01 nan
2.019000000000000128e+01 nan
2.019500000000000028e+01 nan
2.019999999999999929e+01 nan
2.020500000000000185e+01 nan
2.021000000000000085e+01 nan
2.021499999999999986e+01 nan
2.022000000000000242e+01 nan
2.022500000000000142e+01 nan
2.023000000000000043e+01 nan
2.023499999999999943e+01 nan
2.024000000000000199e+01 nan
2.024500000000000099e+01 nan
2.025000000000000000e+01 nan
2.025500000000000256e+01 nan
2.026000000000000156e+01 nan
2.026500000000000057e+01 nan
2.027000000000000313e+01 nan
2.027499999999999858e+01 nan
2.028000000000000114e+01 nan
2.028500000000000369e+01 nan
2.028999999999999915e+01 nan
2.029500000000000171e+01 nan
2.030000000000000426e+01 nan
2.030499999999999972e+01 nan
2.031000000000000227e+01 nan
2.031499999999999773e+01 nan
2.032000000000000028e+01 nan
2.032500000000000284e+01 nan
2.032999999999999829e+01 nan
2.033500000000000085e+01 nan
2.034000000000000341e+01 nan
2.034499999999999886e+01 nan
2.035000000000000142e+01 nan
2.035499999999999687e+01 nan
2.035999999999999943e+01 nan
2.036500000000000199e+01 nan
2.036999999999999744e+01 nan
2.037500000000000000e+01 nan
2.038000000000000256e+01 nan
2.038499999999999801e+01 nan
2.039000000000000057e+01 nan
2.039499999999999957e+01 nan
2.039999999999999858e+01 nan
2.040500000000000114e+01 nan
2.041000000000000014e+01 nan
2.041499999999999915e+01 nan
2.042000000000000171e+01 nan
2.042500000000000071e+01 nan
2.042999999999999972e+01 nan
2.043499999999999872e+01 nan
2.044000000000000128e+01 nan
2.044500000000000028e+01 nan
2.044999999999999929e+01 nan
2.045500000000000185e+01 nan
2.046000000000000085e+01 nan
2.046499999999999986e+01 nan
2.047000000000000242e+01 nan
2.047499999999999787e+01 nan
2.048000000000000043e+01 nan
2.048500000000000298e+01 nan
2.048999999999999844e+01 nan
2.049500000000000099e+01 nan
2.050000000000000000e+01 nan
2.050499999999999901e+01 nan
2.051000000000000156e+01 nan
2.051500000000000057e+01 nan
2.051999999999999957e+01 nan
2.052500000000000213e+01 nan
2.053000000000000114e+01 nan
2.053500000000000014e+01 nan
2.053999999999999915e+01 nan
2.054500000000000171e+01 nan
2.055000000000000071e+01 nan
2.055499999999999972e+01 nan
2.056000000000000227e+01 nan
2.056500000000000128e+01 nan
2.057000000000000028e+01 nan
2.057500000000000284e+01 nan
2.057999999999999829e+01 nan
2.058500000000000085e+01 nan
2.059000000000000341e+01 nan
2.059499999999999886e+01 nan
2.060000000000000142e+01 nan
2.060500000000000398e+01 nan
2.060999999999999943e+01 nan
2.061500000000000199e+01 nan
2.061999999999999744e+01 nan
2.062500000000000000e+01 nan
2.063000000000000256e+01 nan
2.063499999999999801e+01 nan
2.064000000000000057e+01 nan
2.064500000000000313e+01 nan
2.064999999999999858e+01 nan
2.065500000000000114e+01 nan
2.065999999999999659e+01 nan
2.066499999999999915e+01 nan
2.067000000000000171e+01 nan
2.067499999999999716e+01 nan
2.067999999999999972e+01 nan
2.068500000000000227e+01 nan
2.068999999999999773e+01 nan
2.069500000000000028e+01 nan
2.069999999999999929e+01 nan
2.070499999999999829e+01 nan
2.071000000000000085e+01 nan
2.071499999999999986e+01 nan
2.071999999999999886e+01 nan
2.072500000000000142e+01 nan
2.073000000000000043e+01 nan
2.073499999999999943e+01 nan
2.073999999999999844e+01 nan
2.074500000000000099e+01 nan
2.075000000000000000e+01 nan
2.075499999999999901e+01 nan
2.076000000000000156e+01 nan
2.076500000000000057e+01 nan
2.076999999999999957e+01 nan
2.077500000000000213e+01 nan
2.077999999999999758e+01 nan
2.078500000000000014e+01 nan
2.079000000000000270e+01 nan
2.079499999999999815e+01 nan
2.080000000000000071e+01 nan
2.080500000000000327e+01 nan
2.080999999999999872e+01 nan
2.081500000000000128e+01 nan
2.082000000000000028e+01 nan
2.082499999999999929e+01 nan
2.083000000000000185e+01 nan
2.083500000000000085e+01 nan
2.083999999999999986e+01 nan
2.084500000000000242e+01 nan
2.085000000000000142e+01 nan
2.085500000000000043e+01 nan
2.085999999999999943e+01 nan
2.086500000000000199e+01 nan
2.087000000000000099e+01 nan
2.087500000000000000e+01 nan
2.088000000000000256e+01 nan
2.088500000000000156e+01 nan
2.089000000000000057e+01 nan
2.089500000000000313e+01 nan
2.089999999999999858e+01 nan
2.090500000000000114e+01 nan
2.091000000000000369e+01 nan
2.091499999999999915e+01 nan
2.092000000000000171e+01 nan
2.092500000000000426e+01 nan
2.092999999999999972e+01 nan
2.093500000000000227e+01 nan
2.093999999999999773e+01 nan
2.094500000000000028e+01 nan
2.095000000000000284e+01 nan
2.095499999999999829e+01 nan
2.096000000000000085e+01 nan
2.096500000000000341e+01 nan
2.096999999999999886e+01 nan
2.097500000000000142e+01 nan
2.097999999999999687e+01 nan
2.098499999999999943e+01 nan
2.099000000000000199e+01 nan
2.099499999999999744e+01 nan
2.100000000000000000e+01 nan
2.100500000000000256e+01 nan
2.100999999999999801e+01 nan
2.101500000000000057e+01 nan
2.101999999999999957e+01 nan
2.102499999999999858e+01 nan
2.103000000000000114e+01 nan
2.103500000000000014e+01 nan
2.103999999999999915e+01 nan
2.104500000000000171e+01 nan
2.105000000000000071e+01 nan
2.105499999999999972e+01 nan
2.105999999999999872e+01 nan
2.106500000000000128e+01 nan
2.107000000000000028e+01 nan
2.107499999999999929e+01 nan
2.108000000000000185e+01 nan
2.108500000000000085e+01 nan
2.108999999999999986e+01 nan
2.109500000000000242e+01 nan
2.109999999999999787e+01 nan
2.110500000000000043e+01 nan
2.111000000000000298e+01 nan
2.111499999999999844e+01 nan
2.112000000000000099e+01 nan
2.112500000000000000e+01 nan
2.112999999999999901e+01 nan
2.113500000000000156e+01 nan
2.114000000000000057e+01 nan
2.114499999999999957e+01 nan
2.115000000000000213e+01 nan
2.115500000000000114e+01 nan
2.116000000000000014e+01 nan
2.116499999999999915e+01 nan
2.117000000000000171e+01 nan
2.117500000000000071e+01 nan
2.117999999999999972e+01 nan
2.118500000000000227e+01 nan
2.119000000000000128e+01 nan
2.119500000000000028e+01 nan
2.120000000000000284e+01 nan
2.120499999999999829e+01 nan
2.121000000000000085e+01 nan
2.121500000000000341e+01 nan
2.121999999999999886e+01 nan
2.122500000000000142e+01 nan
2.123000000000000398e+01 nan
2.123499999999999943e+01 nan
2.124000000000000199e+01 nan
2.124499999999999744e+01 nan
2.125000000000000000e+01 nan
2.125500000000000256e+01 nan
2.125999999999999801e+01 nan
2.126500000000000057e+01 nan
2.127000000000000313e+01 nan
2.127499999999999858e+01 nan
2.128000000000000114e+01 nan
2.128499999999999659e+01 nan
2.128999999999999915e+01 nan
2.129500000000000171e+01 nan
2.129999999999999716e+01 nan
2.130499999999999972e+01 nan
2.131000000000000227e+01 nan
2.131499999999999773e+01 nan
2.132000000000000028e+01 nan
2.132499999999999929e+01 nan
2.132999999999999829e+01 nan
2.133500000000000085e+01 nan
2.133999999999999986e+01 nan
2.134499999999999886e+01 nan
2.135000000000000142e+01 nan
2.135500000000000043e+01 nan
2.135999999999999943e+01 nan
2.136499999999999844e+01 nan
2.137000000000000099e+01 nan
2.137500000000000000e+01 nan
2.137999999999999901e+01 nan
2.138500000000000156e+01 nan
2.139000000000000057e+01 nan
2.139499999999999957e+01 nan
2.140000000000000213e+01 nan
2.140499999999999758e+01 nan
2.141000000000000014e+01 nan
2.141500000000000270e+01 nan
2.141999999999999815e+01 nan
2.142500000000000071e+01 nan
2.143000000000000327e+01 nan
2.143499999999999872e+01 nan
2.144000000000000128e+01 nan
2.144500000000000028e+01 nan
2.144999999999999929e+01 nan
2.145500000000000185e+01 nan
2.146000000000000085e+01 nan
2.146499999999999986e+01 nan
2.147000000000000242e+01 nan
2.147500000000000142e+01 nan
2.148000000000000043e+01 nan
2.148499999999999943e+01 nan
2.149000000000000199e+01 nan
2.149500000000000099e+01 nan
2.150000000000000000e+01 nan
2.150500000000000256e+01 nan
2.151000000000000156e+01 nan
2.151500000000000057e+01 nan
2.152000000000000313e+01 nan
2.152499999999999858e+01 nan
2.153000000000000114e+01 nan
2.153500000000000369e+01 nan
2.153999999999999915e+01 nan
2.154500000000000171e+01 nan
2.155000000000000426e+01 nan
2.155499999999999972e+01 nan
2.156000000000000227e+01 nan
2.156499999999999773e+01 nan
2.157000000000000028e+01 nan
2.157500000000000284e+01 nan
2.157999999999999829e+01 nan
2.158500000000000085e+01 nan
2.159000000000000341e+01 nan
2.159499999999999886e+01 nan
2.160000000000000142e+01 nan
2.160499999999999687e+01 nan
2.160999999999999943e+01 nan
2.161500000000000199e+01 nan
2.161999999999999744e+01 nan
2.162500000000000000e+01 nan
2.163000000000000256e+01 nan
2.163499999999999801e+01 nan
2.164000000000000057e+01 nan
2.164499999999999957e+01 nan
2.164999999999999858e+01 nan
2.165500000000000114e+01 nan
2.166000000000000014e+01 nan
2.166499999999999915e+01 nan
2.167000000000000171e+01 nan
2.167500000000000071e+01 nan
2.167999999999999972e+01 nan
2.168499999999999872e+01 nan
2.169000000000000128e+01 nan
2.169500000000000028e+01 nan
2.169999999999999929e+01 nan
2.170500000000000185e+01 nan
2.171000000000000085e+01 nan
2.171499999999999986e+01 nan
2.172000000000000242e+01 nan
2.172499999999999787e+01 nan
2.173000000000000043e+01 nan
2.173500000000000298e+01 nan
2.173999999999999844e+01 nan
2.174500000000000099e+01 nan
2.175000000000000355e+01 nan
2.175499999999999901e+01 nan
2.176000000000000156e+01 nan
2.176500000000000057e+01 nan
2.176999999999999957e+01 nan
2.177500000000000213e+01 nan
2.178000000000000114e+01 nan
2.178500000000000014e+01 nan
2.178999999999999915e+01 nan
2.179500000000000171e+01 nan
2.180000000000000071e+01 nan
2.180499999999999972e+01 nan
2.181000000000000227e+01 nan
2.181500000000000128e+01 nan
2.182000000000000028e+01 nan
2.182500000000000284e+01 nan
2.182999999999999829e+01 nan
2.183500000000000085e+01 nan
2.184000000000000341e+01 nan
2.184499999999999886e+01 nan
2.185000000000000142e+01 nan
2.185500000000000398e+01 nan
2.185999999999999943e+01 nan
2.186500000000000199e+01 nan
2.186999999999999744e+01 nan
2.187500000000000000e+01 nan
2.188000000000000256e+01 nan
2.188499999999999801e+01 nan
2.189000000000000057e+01 nan
2.189500000000000313e+01 nan
2.189999999999999858e+01 nan
2.190500000000000114e+01 nan
2.190999999999999659e+01 nan
2.191499999999999915e+01 nan
2.192000000000000171e+01 nan
2.192499999999999716e+01 nan
2.192999999999999972e+01 nan
2.193500000000000227e+01 nan
2.193999999999999773e+01 nan
2.194500000000000028e+01 nan
2.194999999999999929e+01 nan
2.195499999999999829e+01 nan
2.196000000000000085e+01 nan
2.196499999999999986e+01 nan
2.196999999999999886e+01 nan
2.197500000000000142e+01 nan
2.198000000000000043e+01 nan
2.198499999999999943e+01 nan
2.198999999999999844e+01 nan
2.199500000000000099e+01 nan
2.200000000000000000e+01 nan
2.200499999999999901e+01 nan
2.201000000000000156e+01 nan
2.201500000000000057e+01 nan
2.201999999999999957e+01 nan
2.202500000000000213e+01 nan
2.202999999999999758e+01 nan
2.203500000000000014e+01 nan
2.204000000000000270e+01 nan
2.204499999999999815e+01 nan
2.205000000000000071e+01 nan
2.205500000000000327e+01 nan
2.205999999999999872e+01 nan
2.206500000000000128e+01 nan
2.207000000000000028e+01 nan
2.207499999999999929e+01 nan
2.208000000000000185e+01 nan
2.208500000000000085e+01 nan
2.208999999999999986e+01 nan
2.209500000000000242e+01 nan
2.210000000000000142e+01 nan
2.210500000000000043e+01 nan
2.210999999999999943e+01 nan
2.211500000000000199e+01 nan
2.212000000000000099e+01 nan
2.212500000000000000e+01 nan
2.213000000000000256e+01 nan
2.213500000000000156e+01 nan
2.214000000000000057e+01 nan
2.214500000000000313e+01 nan
2.214999999999999858e+01 nan
2.215500000000000114e+01 nan
2.216000000000000369e+01 nan
2.216499999999999915e+01 nan
2.217000000000000171e+01 nan
2.217500000000000426e+01 nan
2.217999999999999972e+01 nan
2.218500000000000227e+01 nan
2.218999999999999773e+01 nan
2.219500000000000028e+01 nan
2.220000000000000284e+01 nan
2.220499999999999829e+01 nan
2.221000000000000085e+01 nan
2.221500000000000341e+01 nan
2.221999999999999886e+01 nan
2.222500000000000142e+01 nan
2.222999999999999687e+01 nan
2.223499999999999943e+01 nan
2.224000000000000199e+01 nan
2.224499999999999744e+01 nan
2.225000000000000000e+01 nan
2.225500000000000256e+01 nan
2.225999999999999801e+01 nan
2.226500000000000057e+01 nan
2.226999999999999957e+01 nan
2.227499999999999858e+01 nan
2.228000000000000114e+01 nan
2.228500000000000014e+01 nan
2.228999999999999915e+01 nan
2.229500000000000171e+01 nan
2.230000000000000071e+01 nan
2.230499999999999972e+01 nan
2.230999999999999872e+01 nan
2.231500000000000128e+01 nan
2.232000000000000028e+01 nan
2.232499999999999929e+01 nan
2.233000000000000185e+01 nan
2.233500000000000085e+01 nan
2.233999999999999986e+01 nan
2.234500000000000242e+01 nan
2.234999999999999787e+01 nan
2.235500000000000043e+01 nan
2.236000000000000298e+01 nan
2.236499999999999844e+01 nan
2.237000000000000099e+01 nan
2.237500000000000355e+01 nan
2.237999999999999901e+01 nan
2.238500000000000156e+01 nan
2.239000000000000057e+01 nan
2.239499999999999957e+01 nan
2.240000000000000213e+01 nan
2.240500000000000114e+01 nan
2.241000000000000014e+01 nan
2.241499999999999915e+01 nan
2.242000000000000171e+01 nan
2.242500000000000071e+01 nan
2.242999999999999972e+01 nan
2.243500000000000227e+01 nan
2.244000000000000128e+01 nan
2.244500000000000028e+01 nan
2.245000000000000284e+01 nan
2.245499999999999829e+01 nan
2.246000000000000085e+01 nan
2.246500000000000341e+01 nan
2.246999999999999886e+01 nan
2.247500000000000142e+01 nan
2.248000000000000398e+01 nan
2.248499999999999943e+01 nan
2.249000000000000199e+01 nan
2.249499999999999744e+01 nan
2.250000000000000000e+01 nan
2.250500000000000256e+01 nan
2.250999999999999801e+01 nan
2.251500000000000057e+01 nan
2.252000000000000313e+01 nan
2.252499999999999858e+01 nan
2.253000000000000114e+01 nan
2.253499999999999659e+01 nan
2.253999999999999915e+01 nan
2.254500000000000171e+01 nan
2.254999999999999716e+01 nan
2.255499999999999972e+01 nan
2.256000000000000227e+01 nan
2.256499999999999773e+01 nan
2.257000000000000028e+01 nan
2.257499999999999929e+01 nan
2.257999999999999829e+01 nan
2.258500000000000085e+01 nan
2.258999999999999986e+01 nan
2.259499999999999886e+01 nan
2.260000000000000142e+01 nan
2.260500000000000043e+01 nan
2.260999999999999943e+01 nan
2.261499999999999844e+01 nan
2.262000000000000099e+01 nan
2.262500000000000000e+01 nan
2.262999999999999901e+01 nan
2.263500000000000156e+01 nan
2.264000000000000057e+01 nan
2.264499999999999957e+01 nan
2.265000000000000213e+01 nan
2.265499999999999758e+01 nan
2.266000000000000014e+01 nan
2.266500000000000270e+01 nan
2.266999999999999815e+01 nan
2.267500000000000071e+01 nan
2.268000000000000327e+01 nan
2.268499999999999872e+01 nan
2.269000000000000128e+01 nan
2.269500000000000028e+01 nan
2.269999999999999929e+01 nan
2.270500000000000185e+01 nan
2.271000000000000085e+01 nan
2.271499999999999986e+01 nan
2.272000000000000242e+01 nan
2.272500000000000142e+01 nan
2.273000000000000043e+01 nan
2.273499999999999943e+01 nan
2.274000000000000199e+01 nan
2.274500000000000099e+01 nan
2.275000000000000000e+01 nan
2.275500000000000256e+01 nan
2.276000000000000156e+01 nan
2.276500000000000057e+01 nan
2.277000000000000313e+01 nan
2.277499999999999858e+01 nan
2.278000000000000114e+01 nan
2.278500000000000369e+01 nan
2.278999999999999915e+01 nan
2.279500000000000171e+01 nan
2.280000000000000426e+01 nan
2.280499999999999972e+01 nan
2.281000000000000227e+01 nan
2.281499999999999773e+01 nan
2.282000000000000028e+01 nan
2.282500000000000284e+01 nan
2.282999999999999829e+01 nan
2.283500000000000085e+01 nan
2.284000000000000341e+01 nan
2.284499999999999886e+01 nan
2.285000000000000142e+01 nan
2.285499999999999687e+01 nan
2.285999999999999943e+01 nan
2.286500000000000199e+01 nan
2.286999999999999744e+01 nan
2.287500000000000000e+01 nan
2.288000000000000256e+01 nan
2.288499999999999801e+01 nan
2.289000000000000057e+01 nan
2.289499999999999957e+01 nan
2.289999999999999858e+01 nan
2.290500000000000114e+01 nan
2.291000000000000014e+01 nan
2.291499999999999915e+01 nan
2.292000000000000171e+01 nan
2.292500000000000071e+01 nan
2.292999999999999972e+01 nan
2.293499999999999872e+01 nan
2.294000000000000128e+01 nan
2.294500000000000028e+01 nan
2.294999999999999929e+01 nan
2.295500000000000185e+01 nan
2.296000000000000085e+01 nan
2.296499999999999986e+01 nan
2.297000000000000242e+01 nan
2.297499999999999787e+01 nan
2.298000000000000043e+01 nan
2.298500000000000298e+01 nan
2.298999999999999844e+01 nan
2.299500000000000099e+01 nan
2.300000000000000355e+01 nan
2.300499999999999901e+01 nan
2.301000000000000156e+01 nan
2.301500000000000057e+01 nan
2.301999999999999957e+01 nan
2.302500000000000213e+01 nan
2.303000000000000114e+01 nan
2.303500000000000014e+01 nan
2.304000000000000270e+01 nan
2.304500000000000171e+01 nan
2.305000000000000071e+01 nan
2.305499999999999972e+01 nan
2.306000000000000227e+01 nan
2.306500000000000128e+01 nan
2.307000000000000028e+01 nan
2.307500000000000284e+01 nan
2.307999999999999829e+01 nan
2.308500000000000085e+01 nan
2.309000000000000341e+01 nan
2.309499999999999886e+01 nan
2.310000000000000142e+01 nan
2.310500000000000398e+01 nan
2.310999999999999943e+01 nan
2.311500000000000199e+01 nan
2.311999999999999744e+01 nan
2.312500000000000000e+01 nan
2.313000000000000256e+01 nan
2.313499999999999801e+01 nan
2.314000000000000057e+01 nan
2.314500000000000313e+01 nan
2.314999999999999858e+01 nan
2.315500000000000114e+01 nan
2.315999999999999659e+01 nan
2.316499999999999915e+01 nan
2.317000000000000171e+01 nan
2.317499999999999716e+01 nan
2.317999999999999972e+01 nan
2.318500000000000227e+01 nan
2.318999999999999773e+01 nan
2.319500000000000028e+01 nan
2.319999999999999929e+01 nan
2.320499999999999829e+01 nan
2.321000000000000085e+01 nan
2.321499999999999986e+01 nan
2.321999999999999886e+01 nan
2.322500000000000142e+01 nan
2.323000000000000043e+01 nan
2.323499999999999943e+01 nan
2.323999999999999844e+01 nan
2.324500000000000099e+01 nan
2.325000000000000000e+01 nan
2.325499999999999901e+01 nan
2.326000000000000156e+01 nan
2.326500000000000057e+01 nan
2.326999999999999957e+01 nan
2.327500000000000213e+01 nan
2.327999999999999758e+01 nan
2.328500000000000014e+01 nan
2.329000000000000270e+01 nan
2.329499999999999815e+01 nan
2.330000000000000071e+01 nan
2.330500000000000327e+01 nan
2.330999999999999872e+01 nan
2.331500000000000128e+01 nan
2.332000000000000028e+01 nan
2.332499999999999929e+01 nan
2.333000000000000185e+01 nan
2.333500000000000085e+01 nan
2.333999999999999986e+01 nan
2.334500000000000242e+01 nan
2.335000000000000142e+01 nan
2.335500000000000043e+01 nan
2.335999999999999943e+01 nan
2.336500000000000199e+01 nan
2.337000000000000099e+01 nan
2.337500000000000000e+01 nan
2.338000000000000256e+01 nan
2.338500000000000156e+01 nan
2.339000000000000057e+01 nan
2.339500000000000313e+01 nan
2.339999999999999858e+01 nan
2.340500000000000114e+01 nan
2.341000000000000369e+01 nan
2.341499999999999915e+01 nan
2.342000000000000171e+01 nan
2.342500000000000426e+01 nan
2.342999999999999972e+01 nan
2.343500000000000227e+01 nan
2.343999999999999773e+01 nan
2.344500000000000028e+01 nan
2.345000000000000284e+01 nan
2.345499999999999829e+01 nan
2.346000000000000085e+01 nan
2.346500000000000341e+01 nan
2.346999999999999886e+01 nan
2.347500000000000142e+01 nan
2.347999999999999687e+01 nan
2.348499999999999943e+01 nan
2.349000000000000199e+01 nan
2.349499999999999744e+01 nan
2.350000000000000000e+01 nan
2.350500000000000256e+01 nan
2.350999999999999801e+01 nan
2.351500000000000057e+01 nan
2.351999999999999957e+01 nan
2.352499999999999858e+01 nan
2.353000000000000114e+01 nan
2.353500000000000014e+01 nan
2.353999999999999915e+01 nan
2.354500000000000171e+01 nan
2.355000000000000071e+01 nan
2.355499999999999972e+01 nan
2.355999999999999872e+01 nan
2.356500000000000128e+01 nan
2.357000000000000028e+01 nan
2.357499999999999929e+01 nan
2.358000000000000185e+01 nan
2.358500000000000085e+01 nan
2.358999999999999986e+01 nan
2.359500000000000242e+01 nan
2.359999999999999787e+01 nan
2.360500000000000043e+01 nan
2.361000000000000298e+01 nan
2.361499999999999844e+01 nan
2.362000000000000099e+01 nan
2.362500000000000355e+01 nan
2.362999999999999901e+01 nan
2.363500000000000156e+01 nan
2.364000000000000057e+01 nan
2.364499999999999957e+01 nan
2.365000000000000213e+01 nan
2.365500000000000114e+01 nan
2.366000000000000014e+01 nan
2.366500000000000270e+01 nan
2.367000000000000171e+01 nan
2.367500000000000071e+01 nan
2.367999999999999972e+01 nan
2.368500000000000227e+01 nan
2.369000000000000128e+01 nan
2.369500000000000028e+01 nan
2.370000000000000284e+01 nan
2.370499999999999829e+01 nan
2.371000000000000085e+01 nan
2.371500000000000341e+01 nan
2.371999999999999886e+01 nan
2.372500000000000142e+01 nan
2.373000000000000398e+01 nan
2.373499999999999943e+01 nan
2.374000000000000199e+01 nan
2.374499999999999744e+01 nan
2.375000000000000000e+01 nan
2.375500000000000256e+01 nan
2.375999999999999801e+01 nan
2.376500000000000057e+01 nan
2.377000000000000313e+01 nan
2.377499999999999858e+01 nan
2.378000000000000114e+01 nan
2.378499999999999659e+01 nan
2.378999999999999915e+01 nan
2.379500000000000171e+01 nan
2.379999999999999716e+01 nan
2.380499999999999972e+01 nan
2.381000000000000227e+01 nan
2.381499999999999773e+01 nan
2.382000000000000028e+01 nan
2.382499999999999929e+01 nan
2.382999999999999829e+01 nan
2.383500000000000085e+01 nan
2.383999999999999986e+01 nan
2.384499999999999886e+01 nan
2.385000000000000142e+01 nan
2.385500000000000043e+01 nan
2.385999999999999943e+01 nan
2.386499999999999844e+01 nan
2.387000000000000099e+01 nan
2.387500000000000000e+01 nan
2.387999999999999901e+01 nan
2.388500000000000156e+01 nan
2.389000000000000057e+01 nan
2.389499999999999957e+01 nan
2.390000000000000213e+01 nan
2.390499999999999758e+01 nan
2.391000000000000014e+01 nan
2.391500000000000270e+01 nan
2.391999999999999815e+01 nan
2.392500000000000071e+01 nan
2.393000000000000327e+01 nan
2.393499999999999872e+01 nan
2.394000000000000128e+01 nan
2.394500000000000028e+01 nan
2.394999999999999929e+01 nan
2.395500000000000185e+01 nan
2.396000000000000085e+01 nan
2.396499999999999986e+01 nan
2.397000000000000242e+01 nan
2.397500000000000142e+01 nan
2.398000000000000043e+01 nan
2.398499999999999943e+01 nan
2.399000000000000199e+01 nan
2.399500000000000099e+01 nan
2.400000000000000000e+01 nan
2.400500000000000256e+01 nan
2.401000000000000156e+01 nan
2.401500000000000057e+01 nan
2.402000000000000313e+01 nan
2.402499999999999858e+01 nan
2.403000000000000114e+01 nan
2.403500000000000369e+01 nan
2.403999999999999915e+01 nan
2.404500000000000171e+01 nan
2.405000000000000426e+01 nan
2.405499999999999972e+01 nan
2.406000000000000227e+01 nan
2.406499999999999773e+01 nan
2.407000000000000028e+01 nan
2.407500000000000284e+01 nan
2.407999999999999829e+01 nan
2.408500000000000085e+01 nan
2.409000000000000341e+01 nan
2.409499999999999886e+01 nan
2.410000000000000142e+01 nan
2.410499999999999687e+01 nan
2.410999999999999943e+01 nan
2.411500000000000199e+01 nan
2.411999999999999744e+01 nan
2.412500000000000000e+01 nan
2.413000000000000256e+01 nan
2.413499999999999801e+01 nan
2.414000000000000057e+01 nan
2.414499999999999957e+01 nan
2.414999999999999858e+01 nan
2.415500000000000114e+01 nan
2.416000000000000014e+01 nan
2.416499999999999915e+01 nan
2.417000000000000171e+01 nan
2.417500000000000071e+01 nan
2.417999999999999972e+01 nan
2.418499999999999872e+01 nan
2.419000000000000128e+01 nan
2.419500000000000028e+01 nan
2.419999999999999929e+01 nan
2.420500000000000185e+01 nan
2.421000000000000085e+01 nan
2.421499999999999986e+01 nan
2.422000000000000242e+01 nan
2.422499999999999787e+01 nan
2.423000000000000043e+01 nan
2.423500000000000298e+01 nan
2.423999999999999844e+01 nan
2.424500000000000099e+01 nan
2.425000000000000355e+01 nan
2.425499999999999901e+01 nan
2.426000000000000156e+01 nan
2.426500000000000057e+01 nan
2.426999999999999957e+01 nan
2.427500000000000213e+01 nan
2.428000000000000114e+01 nan
2.428500000000000014e+01 nan
2.429000000000000270e+01 nan
2.429500000000000171e+01 nan
2.430000000000000071e+01 nan
2.430499999999999972e+01 nan
2.431000000000000227e+01 nan
2.431500000000000128e+01 nan
2.432000000000000028e+01 nan
2.432500000000000284e+01 nan
2.432999999999999829e+01 nan
2.433500000000000085e+01 nan
2.434000000000000341e+01 nan
2.434499999999999886e+01 nan
2.435000000000000142e+01 nan
2.435500000000000398e+01 nan
2.435999999999999943e+01 nan
2.436500000000000199e+01 nan
2.436999999999999744e+01 nan
2.437500000000000000e+01 nan
2.438000000000000256e+01 nan
2.438499999999999801e+01 nan
2.439000000000000057e+01 nan
2.439500000000000313e+01 nan
2.439999999999999858e+01 nan
2.440500000000000114e+01 nan
2.440999999999999659e+01 nan
2.441499999999999915e+01 nan
2.442000000000000171e+01 nan
2.442499999999999716e+01 nan
2.442999999999999972e+01 nan
2.443500000000000227e+01 nan
2.443999999999999773e+01 nan
2.444500000000000028e+01 nan
2.444999999999999929e+01 nan
2.445499999999999829e+01 nan
2.446000000000000085e+01 nan
2.446499999999999986e+01 nan
2.446999999999999886e+01 nan
2.447500000000000142e+01 nan
2.448000000000000043e+01 nan
2.448499999999999943e+01 nan
2.448999999999999844e+01 nan
2.449500000000000099e+01 nan
2.450000000000000000e+01 nan
2.450499999999999901e+01 nan
2.451000000000000156e+01 nan
2.451500000000000057e+01 nan
2.451999999999999957e+01 nan
2.452500000000000213e+01 nan
2.452999999999999758e+01 nan
2.453500000000000014e+01 nan
2.454000000000000270e+01 nan
2.454499999999999815e+01 nan
2.455000000000000071e+01 nan
2.455500000000000327e+01 nan
2.455999999999999872e+01 nan
2.456500000000000128e+01 nan
2.457000000000000028e+01 nan
2.457499999999999929e+01 nan
2.458000000000000185e+01 nan
2.458500000000000085e+01 nan
2.458999999999999986e+01 nan
2.459500000000000242e+01 nan
2.460000000000000142e+01 nan
2.460500000000000043e+01 nan
2.460999999999999943e+01 nan
2.461500000000000199e+01 nan
2.462000000000000099e+01 nan
2.462500000000000000e+01 nan
2.463000000000000256e+01 nan
2.463500000000000156e+01 nan
2.464000000000000057e+01 nan
2.464500000000000313e+01 nan
2.464999999999999858e+01 nan
2.465500000000000114e+01 nan
2.466000000000000369e+01 nan
2.466499999999999915e+01 nan
2.467000000000000171e+01 nan
2.467500000000000426e+01 nan
2.467999999999999972e+01 nan
2.468500000000000227e+01 nan
2.468999999999999773e+01 nan
2.469500000000000028e+01 nan
2.470000000000000284e+01 nan
2.470499999999999829e+01 nan
2.471000000000000085e+01 nan
2.471500000000000341e+01 nan
2.471999999999999886e+01 nan
2.472500000000000142e+01 nan
2.472999999999999687e+01 nan
2.473499999999999943e+01 nan
2.474000000000000199e+01 nan
2.474499999999999744e+01 nan
2.475000000000000000e+01 nan
2.475500000000000256e+01 nan
2.475999999999999801e+01 nan
2.476500000000000057e+01 nan
2.476999999999999957e+01 nan
2.477499999999999858e+01 nan
2.478000000000000114e+01 nan
2.478500000000000014e+01 nan
2.478999999999999915e+01 nan
2.479500000000000171e+01 nan
2.480000000000000071e+01 nan
2.480499999999999972e+01 nan
2.480999999999999872e+01 nan
2.481500000000000128e+01 nan
2.482000000000000028e+01 nan
2.482499999999999929e+01 nan
2.483000000000000185e+01 nan
2.483500000000000085e+01 nan
2.483999999999999986e+01 nan
2.484500000000000242e+01 nan
2.484999999999999787e+01 nan
2.485500000000000043e+01 nan
2.486000000000000298e+01 nan
2.486499999999999844e+01 nan
2.487000000000000099e+01 nan
2.487500000000000355e+01 nan
2.487999999999999901e+01 nan
2.488500000000000156e+01 nan
2.489000000000000057e+01 nan
2.489499999999999957e+01 nan
2.490000000000000213e+01 nan
2.490500000000000114e+01 nan
2.491000000000000014e+01 nan
2.491500000000000270e+01 nan
2.492000000000000171e+01 nan
2.492500000000000071e+01 nan
2.492999999999999972e+01 nan
2.493500000000000227e+01 nan
2.494000000000000128e+01 nan
2.494500000000000028e+01 nan
2.495000000000000284e+01 nan
2.495500000000000185e+01 nan
2.496000000000000085e+01 nan
2.496500000000000341e+01 nan
2.496999999999999886e+01 nan
2.497500000000000142e+01 nan
2.498000000000000398e+01 nan
2.498499999999999943e+01 nan
2.499000000000000199e+01 nan
2.499499999999999744e+01 nan
