0.000000000000000000e+00 0.000000000000000000e+00 0.000000000000000000e+00
0.000000000000000000e+00 4.378857067085696608e-02 -1.878259092048539525e-01
-1.878259092048539542e-03 -1.152124149923155205e-01 -3.079174165435102917e-01
-4.957433257483642719e-03 2.890204343612135518e-01 -1.415545593313398687e-01
-6.372978850797041822e-03 2.359565151409700745e-01 -4.801529367461553344e-01
-1.117450821825859489e-02 7.944421919600375137e-03 -4.521346232658361997e-01
-1.569585445091695869e-02 1.693255306959690343e-01 -9.654967886629053364e-01
-2.535082233754601400e-02 4.340088199794706059e-01 -1.230993195251449013e+00
-3.766075429006050801e-02 5.813608298695368548e-01 -1.014942421603557410e+00
-4.781017850609608349e-02 2.833846017855175536e-01 -9.808724662239068914e-01
-5.761890316833515047e-02 2.665586761211831135e-01 -7.708516385118078240e-01
-6.532741955345322538e-02 4.828117396771525183e-01 -4.857500094733306906e-01
-7.018491964818653062e-02 4.940147963112823670e-01 -7.092496545802695618e-01
-7.727741619398922901e-02 7.494228106362463837e-01 -8.515697959683292684e-01
-8.579311415367252280e-02 8.906093993041860335e-01 -7.598190876165838992e-01
-9.339130502983836180e-02 6.281379917858376238e-01 -7.534030614114034519e-01
-1.009253356439523963e-01 7.197558569515570825e-01 -1.042853084970654098e+00
-1.113538664936589428e-01 7.921736042624827334e-01 -1.252128352994087201e+00
-1.238751500235998199e-01 7.664041591576806756e-01 -1.051711164339234061e+00
-1.343922616669921688e-01 8.933951963232837912e-01 -1.002298560995005250e+00
-1.444152472769422157e-01 7.878018672640281217e-01 -7.556495738809738683e-01
-1.519717430157519478e-01 7.536278384166916755e-01 -9.721915929266115031e-01
-1.616936589450180539e-01 1.159747191944610734e+00 -1.478291499662027997e+00
-1.764765739416383483e-01 1.034867619478240908e+00 -1.176636973478782044e+00
-1.882429436764261610e-01 9.498913542332615423e-01 -1.080805705782792447e+00
-1.990510007342540799e-01 9.007818303582758590e-01 -1.259391147405033884e+00
-2.116449122083044199e-01 1.243611988368900523e+00 -1.386089642361202134e+00
-2.255058086319164379e-01 1.101233147955942293e+00 -1.183488646998063221e+00
-2.373406951018970645e-01 1.164521218856652940e+00 -1.225110238467223001e+00
-2.495917974865692890e-01 1.479697296531213402e+00 -9.488481149427199224e-01
-2.590802786359964749e-01 1.699597710341186341e+00 -5.853128540440691863e-01
-2.649334071764371523e-01 1.460284561151817373e+00 -6.139140930953919106e-01
-2.710725481073910648e-01 1.514754178021811448e+00 -8.868370721600296047e-01
-2.799409188289913586e-01 1.648891973321124471e+00 -4.012554960502349166e-01
-2.839534737894937044e-01 1.900193083769182278e+00 -6.390801811796260612e-01
-2.903442756012899473e-01 1.832963291460627531e+00 -9.688940804193593159e-01
-3.000332164054835271e-01 1.505496894970034472e+00 -7.229804658221359315e-01
-3.072630210637048997e-01 1.405769190782101496e+00 -7.898504488411145497e-01
-3.151615255521160730e-01 1.301573244218189096e+00 -7.200911317192116856e-01
-3.223624368693082110e-01 1.728868262137526646e+00 -6.800288364689098808e-01
-3.291627252339973109e-01 1.872676169688138659e+00 -3.344172344789445583e-01
-3.325068975787867642e-01 2.017984281654145562e+00 -2.357490319907587506e-01
-3.348643878986943268e-01 2.053037829374030121e+00 8.731137010495426676e-02
-3.339912741976447941e-01 1.894644794037368518e+00 -1.181672309858183834e-02
-3.341094414286306380e-01 1.828579314534040767e+00 5.227829693912763170e-02
-3.335866584592393491e-01 1.810449279566639369e+00 6.518050849870189456e-01
-3.270686076093691774e-01 1.412708622571670070e+00 1.100262788173431483e+00
-3.160659797276348382e-01 1.303188967797480835e+00 9.203346678102546363e-01
-3.068626330495323185e-01 1.184788077821485652e+00 1.383808949492969953e+00
-2.930245435546026123e-01 9.587087846799851043e-01 1.224155692256152062e+00
-2.807829866320410983e-01 1.029964052550825349e+00 1.282519066205353830e+00
-2.679577959699875334e-01 8.477111800857313195e-01 1.165013163581059219e+00
-2.563076643341769545e-01 5.554974796964293748e-01 1.026338734164326860e+00
-2.460442769925336726e-01 7.463663648070353318e-01 7.660796985186546504e-01
-2.383834800073471316e-01 9.171309016448492279e-01 7.986403167795227409e-01
-2.303970768395519064e-01 9.347792944036652507e-01 8.026563089739272572e-01
-2.223705137498126483e-01 7.933269578401593858e-01 5.073663005860438169e-01
-2.172968507439522190e-01 1.091212563058866492e+00 2.545752981514819990e-01
-2.147510977624373929e-01 1.257558135589901482e+00 5.202693304878531766e-01
-2.095484044575588733e-01 9.786516496114822106e-01 8.649195147857468013e-01
-2.008992093097013987e-01 8.658572220804876540e-01 6.670042588556593932e-01
-1.942291667211447914e-01 8.421435763054803125e-01 6.925301589732655305e-01
-1.873038651314121450e-01 1.017280307950841234e+00 7.288669568025967216e-01
-1.800151955633861878e-01 8.900312590785667277e-01 5.526836408233225528e-01
-1.744883591551529556e-01 8.955995124593447709e-01 6.215857892702656429e-01
-1.682725012624503025e-01 7.060946351448809111e-01 6.181086650400285931e-01
-1.620914146120500110e-01 6.219059394439132582e-01 9.192821603960423804e-01
-1.528985930080895839e-01 7.535455789037418528e-01 6.144215160698708322e-01
-1.467543778473908711e-01 5.436876954495540870e-01 5.538568687023239789e-01
-1.412158091603676335e-01 2.330553509527203415e-01 3.707726333307169719e-01
-1.375080828270604516e-01 -1.497156178013497874e-01 5.547120790598021323e-01
-1.319609620364624314e-01 5.050407588161831551e-03 8.239870555983275224e-01
-1.237210914804791617e-01 -1.998339421326155718e-01 4.953515639125924963e-01
-1.187675758413532373e-01 -1.144534556479931409e-02 5.963953842690751239e-01
-1.128036219986624789e-01 1.973719023161687458e-01 8.429577885677086435e-02
-1.119606642100947763e-01 6.379997251822538962e-02 1.144990443496598925e-01
-1.108156737665981773e-01 -7.674619522725549536e-02 1.949694651271530743e-01
-1.088659791153266526e-01 -2.049070976733473048e-01 -1.637207697368586734e-02
-1.090296998850635163e-01 3.282886733852962147e-01 -2.036878662556508846e-01
-1.110665785476200318e-01 3.075060071923574334e-01 1.707055392760692403e-01
-1.093595231548593338e-01 2.138434982485967750e-01 2.097554876621088860e-01
-1.072619682782382511e-01 6.751127365556666704e-02 4.166163363461136138e-01
-1.030958049147771144e-01 -5.452127817427303291e-02 3.721897359595310317e-01
-9.937390755518180074e-02 -8.497003089592003455e-03 3.647809881076834460e-01
-9.572609767410496240e-02 -1.082164396811674811e-01 -5.824610096358612266e-02
-9.630855868374083029e-02 -7.771308004474640485e-02 -5.269291558246007590e-01
-1.015778502419868445e-01 -1.881346641476489001e-01 -6.107569300192541295e-01
-1.076854195421793892e-01 -2.675503811817002697e-01 -5.199332693262275207e-01
-1.128847522354416710e-01 -3.043430492578727553e-01 -4.774079183561695805e-01
-1.176588314190033652e-01 -4.048437268581039916e-01 -5.160680593251708581e-01
-1.228195120122550776e-01 -6.983120312976036637e-01 -7.418173992696384111e-01
-1.302376860049514751e-01 -8.353613386324492129e-01 -5.903691224060523268e-01
-1.361413772290120117e-01 -2.179324394899275763e-01 -1.120615310404494913e+00
-1.473475303330569752e-01 1.638242920835698557e-01 -9.601602700048154082e-01
-1.569491330331051204e-01 -5.916791812188168520e-02 -6.349060985115451139e-01
-1.632981940182205716e-01 1.575909380191406195e-01 -5.708806869998285238e-01
-1.690070008882188501e-01 2.279618859409688336e-01 -3.600675412925467000e-01
-1.726076763011443194e-01 2.569365631154605367e-01 -3.950034033836410385e-01
-1.765577103349807164e-01 1.023774113090339943e-01 -6.354318485405129335e-01
-1.829120288203858469e-01 4.102100478281834883e-01 -1.034457749080675226e+00
-1.932566063111925969e-01 9.370828060147329275e-03 -1.090957085967599660e+00
-2.041661771708686013e-01 8.501241565060629890e-02 -1.027642007856999218e+00
-2.144425972494385935e-01 4.136350431167688524e-01 -1.066613200444898268e+00
-2.251087292538875850e-01 3.710392966427218386e-01 -8.858193837486266764e-01
-2.339669230913738462e-01 5.141493787557164241e-01 -7.273550724718280680e-01
-2.412404738160921214e-01 7.607854586403043351e-01 -5.248867589677069789e-01
-2.464893414057691967e-01 6.669002358046283163e-01 -3.985015916400240776e-01
-2.504743573221694386e-01 4.381132256060654706e-01 -1.675627352261458980e-01
-2.521499846744308937e-01 5.974129108219570217e-01 -3.878531452955839010e-01
-2.560285161273867516e-01 8.459369766441275917e-01 -1.886942702409353245e-01
-2.579154588297961070e-01 8.743130024295667768e-01 -2.235357472537563561e-02
-2.581389945770498628e-01 1.230184239612098329e+00 1.115835380927850951e-01
-2.570231591961220086e-01 1.412146172229374219e+00 2.974047338995394751e-02
-2.567257544622224552e-01 1.349343250045090370e+00 -7.322067243770072342e-02
-2.574579611865994710e-01 9.718505037268840852e-01 -2.027649088268770605e-01
-2.594856102748682170e-01 8.896419472145908891e-01 -1.504903614737663209e-01
-2.609905138896058685e-01 8.966777190939566600e-01 4.077901891113014377e-02
-2.605827237004945673e-01 9.837945395308651531e-01 -8.551240939540338815e-02
-2.614378477944486190e-01 1.185827911634659948e+00 8.245008492151609247e-03
-2.613553977095270930e-01 9.650560527886294926e-01 -4.049857141858376197e-02
-2.617603834237129390e-01 8.548735788348091891e-01 -6.425282986199229440e-02
-2.624029117223328766e-01 6.188685585885573825e-01 -2.126934049382805253e-02
-2.626156051272711678e-01 6.953658769512673921e-01 -1.408732729678557061e-01
-2.640243378569497312e-01 8.450898520333866015e-01 -2.111390633615575774e-01
-2.661357284905653264e-01 5.651902320123085577e-01 -3.121190983641365380e-01
-2.692569194742067129e-01 6.993986928913276113e-01 -4.814599685120783956e-01
-2.740715191593274813e-01 6.971747704853398231e-01 -3.735023787596052358e-01
-2.778065429469235292e-01 6.625465309023452765e-01 -6.644822934915289858e-01
-2.844513658818388357e-01 6.123060468203729290e-01 -4.704502634179045240e-01
-2.891558685160178777e-01 4.007502102275423694e-01 -4.114991784464258617e-01
-2.932708603004821613e-01 4.310168717124830406e-01 -5.221803819809922587e-01
-2.984926641202920727e-01 3.660305896707646278e-01 -3.155089051119287502e-01
-3.016477531714113480e-01 3.745737717948974255e-01 -2.542137500053679444e-01
-3.041898906714650130e-01 3.170217160257631228e-01 1.197776293043869289e-01
-3.029921143784211623e-01 4.147947523116419788e-01 2.157082887696358253e-01
-3.008350314907248246e-01 6.772300000813817888e-01 1.063293691853559042e-02
-3.007287021215394596e-01 6.657000722328054731e-01 -6.382355061764087567e-02
-3.013669376277158807e-01 7.104982461130747717e-01 3.792577915742709749e-01
-2.975743597119731576e-01 5.383966538769955346e-01 1.502410134055877089e-01
-2.960719495779172705e-01 2.670806795606004980e-01 8.104548582106049781e-02
-2.952614947197066408e-01 3.441192745022834121e-01 3.048673625054328096e-02
-2.949566273572011843e-01 5.433593083715801964e-01 3.777096300265238016e-01
-2.911795310569359474e-01 9.331181450648138309e-01 7.625791362255460726e-01
-2.835537396946805067e-01 9.198715811900036732e-01 6.432271731561970407e-01
-2.771214679631185396e-01 1.396047950694753625e+00 6.232310837529480008e-01
-2.708891571255890862e-01 1.681896234011538649e+00 5.521198842747535585e-01
-2.653679582828415429e-01 1.658292610299582304e+00 5.388206798999630731e-01
-2.599797514838418921e-01 1.633462503994149495e+00 7.358902203165300637e-01
-2.526208492806765737e-01 1.692308735068145165e+00 7.502140176695988316e-01
-2.451187091039805921e-01 1.490133791939220131e+00 8.857597712888218844e-01
-2.362611113910923766e-01 1.724588585967112842e+00 9.854504244850558203e-01
-2.264066071462418062e-01 1.640913352956132165e+00 1.024115269841228582e+00
-2.161654544478295303e-01 1.190586931483745836e+00 9.435010089210753570e-01
-2.067304443586187868e-01 1.193215269379157562e+00 8.458606001248865081e-01
-1.982718383573699172e-01 1.411856300265907915e+00 1.090408496702907071e+00
-1.873677533903408410e-01 1.841721160759777653e+00 8.652852022352921502e-01
-1.787149013679879272e-01 1.933100068261550453e+00 9.715276841167482802e-01
-1.689996245268204356e-01 1.980714736394060038e+00 8.895510958514741828e-01
-1.601041135683057004e-01 2.301520261748592588e+00 1.049577399725072135e+00
-1.496083395710549879e-01 2.455023038142807312e+00 9.741688647935040635e-01
-1.398666509231199506e-01 2.471924286690271533e+00 1.017695332277771536e+00
-1.296896976003422408e-01 2.144301131585653497e+00 9.205346803097057551e-01
-1.204843507972451766e-01 2.334870398375923362e+00 6.655117367302845199e-01
-1.138292334299423336e-01 2.514755073829791243e+00 8.126154663536049316e-01
-1.057030787664062776e-01 2.439061336303691707e+00 9.673030876083491547e-01
-9.603004789032278110e-02 2.479268120569956491e+00 1.503938158044426654e+00
-8.099066630987851456e-02 2.303498169017156094e+00 1.625409205156580494e+00
-6.473657425831270962e-02 2.314537151528282433e+00 1.562341158610938585e+00
-4.911316267220332266e-02 2.015887616908054625e+00 1.447783873657342291e+00
-3.463532393562990253e-02 1.840544693760025385e+00 1.449450188631629111e+00
-2.014082204931361142e-02 2.053203943121379993e+00 1.865125541400012743e+00
-1.489566635313483572e-03 2.008216979808987723e+00 2.208341957745095119e+00
2.059385294213746803e-02 1.885106655126140396e+00 2.153393052870481661e+00
4.212778347084228381e-02 1.813879184867837724e+00 2.202085106468487652e+00
6.414863453552716033e-02 2.050995409283768112e+00 2.602889372501140386e+00
9.017752826053856974e-02 2.325676158366900559e+00 2.260897668011106809e+00
1.127865049406496373e-01 2.259004155025003957e+00 2.265400797668633892e+00
1.354405129173359701e-01 2.475817945711215717e+00 2.239370473473014655e+00
1.578342176520661222e-01 2.278329470333470219e+00 2.448215040376593432e+00
1.823163680558320676e-01 2.219785963423589692e+00 2.429089919888567373e+00
2.066072672547177302e-01 2.254948089331314076e+00 2.414483722831036072e+00
2.307521044830281032e-01 2.537538567746874918e+00 2.328359065201738076e+00
2.540356951350454806e-01 2.649352016537017018e+00 2.042316051750910244e+00
2.744588556525545675e-01 2.768641867845448079e+00 1.961499695108883445e+00
2.940738526036433820e-01 2.481642634343524723e+00 1.877694593058510719e+00
3.128507985342284803e-01 2.564258294825697337e+00 1.752180758574358510e+00
3.303726061199720454e-01 2.751894592049445976e+00 1.782450083221057913e+00
3.481971069521826445e-01 2.679249463052293834e+00 1.717316274284872879e+00
3.653702696950313911e-01 2.785661315189162046e+00 1.511269129262160726e+00
3.804829609876529961e-01 3.124429675115864224e+00 1.624469269353189693e+00
3.967276536811848997e-01 3.314337247306169409e+00 1.625485248172770181e+00
4.129825061629125993e-01 3.217087918239672550e+00 1.903508004030693312e+00
4.320175862032195058e-01 3.177397654001984595e+00 1.995316085718037868e+00
4.519707470603998578e-01 2.907508859437634818e+00 1.787573533140278448e+00
4.698464823918026556e-01 3.016004635431822400e+00 1.733392749999120630e+00
4.871804098917938419e-01 2.985445614831146788e+00 1.932034004929123139e+00
5.065007499410850711e-01 2.638913602512722001e+00 1.830577902285038805e+00
5.248065289639354258e-01 1.963638718762604096e+00 1.993012261564532261e+00
5.447366515795807329e-01 2.082991781930694675e+00 1.973217861081609570e+00
5.644688301903968419e-01 2.608101232966344885e+00 1.784637867317323989e+00
5.823152088635701329e-01 2.907035368952444188e+00 1.827851816562847898e+00
6.005937270291986652e-01 3.105932619504155667e+00 1.687598858492084908e+00
6.174697156141195631e-01 2.808439680112913006e+00 1.713107506076038344e+00
6.346007906748799554e-01 2.974042381298037885e+00 1.590632100780207114e+00
6.505071116826820488e-01 2.954209286309767979e+00 1.361572091834382325e+00
6.641228326010258920e-01 2.832944322952352767e+00 1.501492052786486564e+00
6.791377531288907976e-01 2.914237170342782957e+00 1.528596418378415533e+00
6.944237173126749374e-01 2.879713649291644195e+00 1.849967559313431931e+00
7.129233929058093056e-01 2.734990908720518199e+00 1.823282535795326842e+00
7.311562182637625362e-01 2.690229138957729305e+00 1.701888375070418569e+00
7.481751020144666864e-01 2.756360168928251753e+00 1.765332476321956223e+00
7.658284267776862553e-01 3.046853510289231792e+00 1.438313007023883872e+00
7.802115568479250918e-01 2.876257288007908031e+00 1.422820837465436306e+00
7.944397652225794193e-01 3.144147003476246649e+00 1.683339121968675745e+00
8.112731564422661634e-01 3.042031238428649864e+00 1.923292843611211111e+00
8.305060848783782923e-01 3.058259535379690863e+00 1.975606870034708473e+00
8.502621535787253659e-01 2.875552932166867137e+00 1.729629488352754985e+00
8.675584484622529402e-01 2.980302335531863633e+00 1.592372517805900722e+00
8.834821736403118964e-01 3.304067991530493575e+00 1.524991384640556946e+00
8.987320874867175124e-01 3.431161330433000423e+00 1.638772804401526617e+00
9.151198155307327387e-01 3.150803884419345113e+00 1.465797982264544830e+00
9.297777953533782336e-01 3.494543838498194610e+00 1.384554570240966287e+00
9.436233410557879342e-01 3.422271271545647586e+00 9.928293843959612452e-01
9.535516348997475911e-01 3.511063559544855828e+00 1.021372881977784974e+00
9.637653637195254808e-01 3.343447818780654668e+00 1.388591924228085972e+00
9.776512829618063671e-01 3.091490313752046415e+00 1.536879898831404745e+00
9.930200819501203702e-01 3.430420303479800204e+00 1.656847362177156002e+00
1.009588555571891977e+00 3.398473575588973450e+00 1.696709316332988049e+00
1.026555648735221871e+00 3.470647803632031625e+00 1.590682271475629461e+00
1.042462471449978167e+00 3.495533727859174267e+00 1.709921530514127763e+00
1.059561686755119414e+00 3.408292832239768977e+00 1.657937056385000885e+00
1.076141057318969363e+00 3.253766981711855966e+00 1.745148814509967172e+00
1.093592545464069143e+00 3.412961334255100176e+00 2.072532716375436124e+00
1.114317872627823558e+00 3.314273524671934812e+00 1.947565340254082233e+00
1.133793526030364429e+00 3.003961243990800334e+00 1.904056476838335010e+00
1.152834090798747768e+00 2.814327141279373112e+00 1.879516756785406306e+00
1.171629258366601922e+00 2.699763839062879534e+00 1.822286991348171181e+00
1.189852128280083576e+00 2.988889187386281954e+00 1.998011616989003425e+00
1.209832244449973615e+00 2.992791218077362814e+00 1.975742661145438950e+00
1.229589671061428025e+00 3.273621198110697961e+00 2.126174711339721135e+00
1.250851418174825147e+00 3.253558536481000463e+00 2.131687878308987205e+00
1.272168296957915112e+00 3.189221983688735662e+00 2.047092732680436011e+00
1.292639224284719557e+00 2.896826006207753323e+00 2.106151422186453015e+00
1.313700738506584198e+00 2.339327202258078220e+00 2.312126512763677422e+00
1.336822003634220879e+00 2.419824767622389405e+00 2.447158764578651002e+00
1.361293591280007487e+00 2.363490941522663480e+00 2.349301587828407811e+00
1.384786607158291494e+00 2.578273390584888691e+00 2.101250027157616884e+00
1.405799107429867689e+00 2.698315631458181318e+00 2.058893238771407841e+00
1.426388039817581666e+00 2.575095753927909126e+00 2.267534905898455300e+00
1.449063388876566272e+00 2.895177288959370099e+00 2.321921646873539746e+00
1.472282605345301754e+00 3.031708925557071055e+00 2.380707344047642948e+00
1.496089678785778254e+00 3.011209264506735650e+00 2.821925464286191509e+00
1.524308933428640156e+00 3.140160236770932922e+00 2.474435756470482417e+00
1.549053290993344989e+00 3.145413212098787881e+00 2.662684793072553902e+00
1.575680138924070439e+00 3.076939387591673736e+00 2.463748294583542275e+00
1.600317621869905782e+00 3.053987823790929923e+00 2.640076058489784216e+00
1.626718382454803713e+00 3.263681058120686540e+00 2.589409114738982609e+00
1.652612473602193432e+00 3.121153868105425833e+00 2.143554253081953131e+00
1.674048016133012906e+00 3.266040415851444223e+00 1.909656797261074068e+00
1.693144584105623629e+00 3.070167069613958244e+00 2.065539608694499485e+00
1.713799980192568517e+00 3.120604923334575620e+00 2.048449666935298730e+00
1.734284476861921442e+00 3.066966774288624631e+00 2.110901232614834644e+00
1.755393489188069811e+00 2.710057479004293057e+00 1.984509364304342327e+00
1.775238582831113243e+00 2.626347793619270732e+00 2.056720195142138774e+00
1.795805784782534609e+00 2.593226374391451206e+00 1.706795078351213801e+00
1.812873735566046696e+00 2.405698374113117044e+00 1.306742740043182582e+00
1.825941162966478570e+00 2.320811203345872098e+00 1.098198716772278205e+00
1.836923150134201377e+00 1.950473185426846889e+00 1.313218016414439138e+00
1.850055330298345790e+00 1.648068309698154987e+00 1.431798429911939285e+00
1.864373314597465248e+00 1.493827331878977205e+00 1.377655638354310819e+00
1.878149870981008274e+00 1.246865293750931247e+00 9.005227866814082827e-01
1.887155098847822288e+00 1.161783707785927433e+00 6.652328796151684154e-01
1.893807427643974028e+00 1.254828766978590027e+00 1.033329682866125365e-01
1.894840757326840208e+00 1.357282483904935111e+00 8.849147084610511915e-02
1.895725672035301290e+00 1.052665486033278697e+00 7.816372548344345528e-02
1.896507309290135668e+00 1.087477289822112558e+00 4.522389070877382705e-02
1.896959548197223455e+00 1.337565142738472934e+00 -3.779325222212007174e-01
1.893180222975011429e+00 1.139694386262124715e+00 -3.625077579362948055e-01
1.889555145395648506e+00 1.087025068349903423e+00 -9.528963023864112092e-02
1.888602249093262131e+00 1.230804840485462126e+00 2.404688966138558703e-02
1.888842717989875908e+00 1.057661967767506539e+00 -1.673063253411330165e-01
1.887169654736464475e+00 9.726517179618839881e-01 -1.664705470845504187e-01
1.885504949265619068e+00 9.011588305632918239e-01 -1.617340879209160642e-01
1.883887608386410006e+00 1.196540366297252911e+00 1.497726414328321987e-01
1.885385334800738333e+00 1.321246742390576046e+00 4.051562091818958211e-02
1.885790491009920133e+00 1.111597957155469496e+00 -2.387106023226405471e-01
1.883403384986693796e+00 1.082453219899333297e+00 -5.894204768892472024e-02
1.882813964509804538e+00 9.072476510039306774e-01 1.540163061374442977e-02
1.882967980815942077e+00 1.261684537076362078e+00 -2.824548953501847537e-01
1.880143431862440151e+00 1.273025073232060045e+00 -2.888202292357075485e-01
1.877255229570083062e+00 1.408150259840015739e+00 -1.332295787661595121e-01
1.875922933782421476e+00 1.263734315374285266e+00 -1.741822088892173992e-01
1.874181111693529411e+00 1.428595578292833901e+00 -2.163977358149130059e-01
1.872017134335380195e+00 1.514915988202260255e+00 -2.614217592665373235e-01
1.869402916742714860e+00 1.599156217934065927e+00 8.581847154534377742e-02
1.870261101458168262e+00 1.355897379388142365e+00 -3.292806792861109610e-02
1.869931820778882203e+00 1.181313187742885962e+00 -9.784955287172264482e-02
1.868953325250164887e+00 9.034087619013839721e-01 -2.002547683646332677e-01
1.866950777566518616e+00 8.094117766809262315e-01 -1.922311895175174146e-01
1.865028465671343394e+00 1.035031505689653741e+00 -1.854925641126690394e-01
1.863173540030216735e+00 9.649466795835772714e-01 -3.479227038922157456e-01
1.859694312991294618e+00 8.364150293576286810e-01 -4.612421157258289606e-01
1.855081891834036378e+00 7.956929808414433536e-01 -4.237787311821560321e-01
1.850844104522214817e+00 1.169531822656273201e+00 -3.975055284420786483e-01
1.846869049237793936e+00 1.153233636526991290e+00 -2.223775001888319558e-01
1.844645274235905630e+00 9.919946310818928970e-01 -3.623940640744079955e-01
1.841021333595161513e+00 8.554670503475660936e-01 1.424065222642489914e-03
1.841035574247387840e+00 7.994922651254949830e-01 3.171196125473105254e-02
1.841352693859935163e+00 7.847452102427368015e-01 -1.683347588642893078e-01
1.839669346271292305e+00 3.769572183564257606e-01 1.377884421982984164e-01
1.841047230693275250e+00 4.297565609386677643e-01 1.483289965830503210e-01
1.842530520659105830e+00 2.681125839058975391e-01 -2.252420562578686669e-01
1.840278100096527147e+00 3.959667304155033429e-01 -4.503695595316818956e-01
1.835774404501210322e+00 2.497726314650530743e-01 -3.486261322310952870e-01
1.832288143178899320e+00 2.041427493966354589e-01 -3.268647464364754507e-02
1.831961278432462814e+00 1.152344086888389546e-01 1.527299506496324066e-01
1.833488577938959141e+00 1.180178317960463574e-01 3.126107035399600109e-01
1.836614684974358758e+00 1.608466144200225156e-01 2.872475057582269953e-01
1.839487160031941126e+00 2.454469945343760173e-01 4.276412763152580010e-01
1.843763572795093619e+00 2.178108418314912142e-01 5.686596252672154739e-01
1.849450169047765824e+00 2.630295692020434561e-01 4.342058041064883467e-01
1.853792227088830735e+00 1.048332514585857689e-01 3.587074228089270900e-01
1.857379301316919973e+00 5.996486452280290480e-02 3.526707601664099134e-01
1.860906008918584043e+00 -4.131221388354490431e-02 3.863981349040908619e-01
1.864769990267624911e+00 1.788382355235652171e-02 6.338560662370046339e-01
1.871108550929994951e+00 -2.804360703679297795e-01 5.879843285688952648e-01
1.876988394215683975e+00 -1.950810328759446100e-01 3.697823855850039809e-01
1.880686218071534022e+00 7.295565443051285626e-02 6.526206909096996522e-01
1.887212424980631020e+00 5.758576164684539589e-02 4.158075882605766216e-01
1.891370500863236881e+00 2.775646572668516443e-01 5.103924890758524402e-01
1.896474425753995385e+00 4.265755310672730283e-01 5.235052926146867014e-01
1.901709478680142285e+00 7.382418634061865825e-01 5.556294535737821283e-01
1.907265773215880200e+00 8.544963883918906822e-01 8.251275737849335101e-01
1.915517048953729429e+00 1.253905441186643710e+00 9.660479678132920522e-01
1.925177528631862423e+00 9.502335171164535410e-01 7.092519174027772655e-01
1.932270047805890290e+00 5.912557740768640269e-01 1.031066599103231951e+00
1.942580713796922653e+00 6.558104534609110470e-01 7.067199766995337917e-01
1.949647913563917978e+00 5.652856372459316159e-01 7.007404157426748714e-01
1.956655317721344822e+00 5.116174663479305940e-01 6.268750200000148265e-01
1.962924067921344884e+00 4.640633068997210842e-01 4.619388811337198919e-01
1.967543456732682161e+00 6.418156557543662766e-01 4.161050925425693880e-01
1.971704507658107897e+00 6.258334314659739217e-01 4.681202230797344432e-01
1.976385709888905273e+00 3.885027050353337952e-01 8.820433065738315648e-01
1.985206142954643482e+00 5.893936742062106937e-01 1.069188544420617060e+00
1.995898028398849666e+00 8.125899856756275685e-01 1.265726036129565912e+00
2.008555288760145441e+00 4.527460571822155555e-01 1.104910234625216203e+00
2.019604391106397667e+00 2.636015003962123848e-01 1.233752230131913041e+00
2.031941913407716793e+00 2.630684428621735682e-01 8.148427019872381827e-01
2.040090340427588966e+00 4.145285623358441196e-01 9.868552940330035383e-01
2.049958893367918922e+00 5.561356480752964737e-01 9.386711605774398226e-01
2.059345604973693344e+00 3.490282824157746600e-01 6.962944323806019575e-01
2.066308549297499297e+00 2.910641226628530309e-01 3.842980375592488507e-01
2.070151529673091684e+00 3.541821705046788171e-02 3.153405984806577078e-01
2.073304935657898085e+00 -5.086327057012372810e-02 3.615367608657530929e-01
2.076920303266555745e+00 1.204970385391855581e-01 7.940508724423469555e-01
2.084860811990979279e+00 -7.898968760291040503e-02 9.474558908025343396e-01
2.094335370899004456e+00 -3.429134801779782915e-01 1.102090042012120463e+00
2.105356271319125838e+00 -6.281276315769804830e-01 1.122657147298736335e+00
2.116582842792113173e+00 -5.457637610986632026e-01 9.746602701912848721e-01
2.126329445494025805e+00 -6.896387416970187756e-01 8.444323742931865162e-01
2.134773769236957719e+00 -1.021057470133168721e+00 5.987737646346806830e-01
2.140761506883304577e+00 -9.372890722502000838e-01 8.139265828641122358e-01
2.148900772711945795e+00 -8.818472674522518373e-01 8.706574578511258045e-01
2.157607347290456890e+00 -1.163175561172310468e+00 7.294546972815525443e-01
2.164901894263272286e+00 -1.108045745921183656e+00 4.584925622941016243e-01
2.169486819886213169e+00 -9.919090452503734889e-01 4.727647079440909783e-01
2.174214466965654236e+00 -6.922481764675163518e-01 4.411696127993071093e-01
2.178626163093647428e+00 -2.612886254076663417e-01 6.847255822980828910e-01
2.185473418916628052e+00 -2.438633471591430402e-01 7.523052877731072341e-01
2.192996471794359081e+00 -2.853969769140429213e-01 9.061230323537324827e-01
2.202057702117896199e+00 -4.654514441391019441e-01 9.252414173863134916e-01
2.211310116291759442e+00 -5.269677788620704684e-01 1.110441750505031910e+00
2.222414533796809977e+00 -7.391087042589565836e-01 1.181982678392604624e+00
2.234234360580736212e+00 -4.248463418024138738e-01 1.324713598652905722e+00
2.247481496567265147e+00 -7.408821733343652349e-01 1.387536456455673806e+00
2.261356861131821994e+00 -7.602073364110588649e-01 1.428747931961465323e+00
2.275644340451436598e+00 -1.094141610857880753e+00 1.471577747181328943e+00
2.290360117923250005e+00 -1.020694101170810608e+00 1.571797477876026639e+00
2.306078092702010363e+00 -1.135835264685631119e+00 1.478606278151274767e+00
2.320864155483523206e+00 -1.119562779399978725e+00 1.245303975662276352e+00
2.333317195240145914e+00 -1.074774570302441168e+00 9.892129727256560034e-01
2.343209324967402640e+00 -9.583023236872038053e-01 9.226780176576261372e-01
2.352436105143978828e+00 -6.817119587993449858e-01 1.137071958515605719e+00
2.363806824729135059e+00 -3.867370778016676058e-01 1.294805550540074179e+00
2.376754880234535960e+00 -3.318370848570489362e-01 1.320188231842152948e+00
2.389956762552957414e+00 -2.563961835185616378e-01 1.387047457801698691e+00
2.403827237130974570e+00 -1.217509215964434066e-01 1.236760825292403609e+00
2.416194845383898393e+00 3.341347758905398591e-01 9.853410017453813063e-01
2.426048255401352272e+00 7.573205113239398489e-01 9.053591231051809629e-01
2.435101846632404143e+00 9.900473097557260793e-01 8.924942997409969214e-01
2.444026789629814012e+00 9.492272457348620573e-01 1.004951205804220926e+00
2.454076301687856176e+00 9.175309337625482398e-01 9.906770920322900409e-01
2.463983072608179281e+00 8.392993285627968758e-01 8.063436214616610531e-01
2.472046508822796085e+00 8.196894892139138245e-01 5.864260471405500219e-01
2.477910769294201732e+00 7.933295815385561500e-01 8.663833797771216538e-01
2.486574603091972868e+00 4.947167545656804832e-01 1.031073922398116238e+00
2.496885342315954048e+00 1.755484221887465557e-01 1.350134630421500725e+00
2.510386688620168893e+00 3.241523581499730078e-01 1.576777188276074826e+00
2.526154460502929577e+00 1.470859483568863202e-01 1.411852816558425650e+00
2.540272988668514031e+00 4.469423333459334180e-01 1.263900553050943065e+00
2.552911994199023482e+00 1.345136366116286841e-01 1.205756237581232515e+00
2.564969556574835607e+00 8.888450453124624451e-02 1.309488713876904020e+00
2.578064443713604437e+00 -1.830441722534856264e-02 1.529080180908926945e+00
2.593355245522693586e+00 -2.135972826410660261e-02 1.815471941836072522e+00
2.611509964941054474e+00 -8.639867560906028254e-02 1.982379590275320513e+00
2.631333760843807656e+00 2.432135495136419356e-01 2.062261248506739530e+00
2.651956373328875127e+00 1.812744118030585327e-01 2.370249861650565393e+00
2.675658871945380657e+00 -1.479692557338895820e-01 2.140042186967589188e+00
2.697059293815056602e+00 5.248010280696790986e-02 1.926412139361629805e+00
2.716323415208672820e+00 -1.055276649279588558e-02 2.014916642438921990e+00
2.736472581633062173e+00 4.453933700864100981e-02 1.799563773590773685e+00
2.754468219368969795e+00 -1.670770997273808567e-02 1.779438795421702801e+00
2.772262607323186856e+00 4.285239764343450053e-02 1.852640744465321010e+00
2.790789014767840026e+00 -3.224723975231163497e-01 1.611111223073995014e+00
2.806900126998579825e+00 -4.492847586170828911e-01 1.646161890424283847e+00
2.823361745902822850e+00 -7.538222177426110449e-01 1.523458568414588932e+00
2.838596331586968891e+00 -6.466702432418887092e-01 1.796168577314257275e+00
2.856558017360111279e+00 -5.831038334947408197e-01 2.161086249765893808e+00
2.878168879857770257e+00 -6.657175577014406986e-01 2.505877338712248381e+00
2.903227653244892625e+00 -6.354441577562013332e-01 2.477841515604215505e+00
2.928006068400934581e+00 -9.168789811547111146e-01 2.129762264223431067e+00
2.949303691043168918e+00 -7.336566783357477695e-01 2.370498544856664225e+00
2.973008676491735613e+00 -9.375282376427839237e-01 2.580642807883970047e+00
2.998815104570575318e+00 -9.676958868635925359e-01 2.685698476335590001e+00
3.025672089333931059e+00 -1.231958712626531449e+00 2.629962295533237349e+00
3.051971712289263561e+00 -1.231060647379699446e+00 2.550416631112931043e+00
3.077475878600393067e+00 -1.231546762193351130e+00 2.206885642028444394e+00
3.099544735020677511e+00 -1.250474310711972015e+00 2.112150650335455904e+00
3.120666241524032269e+00 -1.119190430600554453e+00 2.423387299995670041e+00
3.144900114523988766e+00 -1.160737213555596892e+00 2.458394147548332409e+00
3.169484055999471916e+00 -1.119157106965327664e+00 2.360786842482561543e+00
3.193091924424297456e+00 -9.312374727053935874e-01 2.371981542936402843e+00
3.216811739853661312e+00 -8.764191617296364090e-01 2.088842877097000006e+00
3.237700168624631392e+00 -7.299759259710010273e-01 2.150967881808253157e+00
3.259209847442714025e+00 -6.482941984363271848e-01 1.798137275191228124e+00
3.277191220194626275e+00 -1.019447993203458580e+00 1.976939722610521422e+00
3.296960617420731321e+00 -9.529605827557197095e-01 1.673138271369157382e+00
3.313692000134422777e+00 -5.707144169539308809e-01 1.787148721893308423e+00
3.331563487353355946e+00 -9.142023872450730781e-01 1.871227779845245465e+00
3.350275765151808471e+00 -5.677410410718545242e-01 1.706001847661033244e+00
3.367335783628418788e+00 -6.196687099462684367e-01 1.796005133624957617e+00
3.385295834964668238e+00 -4.344466851443969935e-01 2.103910333452673420e+00
3.406334938299194981e+00 -3.542783090910436306e-01 1.901921131503627072e+00
3.425354149614231236e+00 -2.833024343001839251e-01 1.984944297238383948e+00
3.445203592586615127e+00 -8.017383187708598813e-02 1.899489981332934674e+00
3.464198492399944485e+00 6.730648844969368272e-02 2.080160151577931327e+00
3.485000093915723962e+00 -8.793326155089732643e-02 1.844865804730012826e+00
3.503448751963023966e+00 1.734758731025114464e-01 1.397263385876595487e+00
3.517421385821789759e+00 -4.365982443910926269e-02 1.305069205404187027e+00
3.530472077875831616e+00 -1.433551919716502809e-01 1.491098688569164388e+00
3.545383064761523428e+00 2.087140976077392351e-01 1.335981297274196011e+00
3.558742877734265342e+00 1.826601954374767744e-01 1.474586696159779553e+00
3.573488744695862973e+00 -1.412144754679912351e-01 1.631531954270634355e+00
3.589804064238569126e+00 2.445817823474014108e-02 1.347543793089691189e+00
3.603279502169466131e+00 1.075537432110296454e-01 1.532264521001918567e+00
3.618602147379485157e+00 3.042302855500772507e-02 1.728748969865721019e+00
3.635889637078142389e+00 -4.674986112511736458e-02 1.916795325925014781e+00
3.655057590337392526e+00 -2.902130016307624127e-01 1.566721544232545282e+00
3.670724805779717936e+00 -6.169787544116378530e-01 1.625284595446703007e+00
3.686977651734185013e+00 -7.852134420090209899e-01 1.932853164353143471e+00
3.706306183377716668e+00 -6.565109523152061755e-01 2.170372690228546286e+00
3.728009910280002170e+00 -5.038345994571028497e-01 2.415450231606976583e+00
3.752164412596072030e+00 -5.565988149018062936e-01 2.293558476776353050e+00
3.775099997363835502e+00 -7.440064773103065576e-01 1.849426278986521899e+00
3.793594260153700937e+00 -5.243118047056438691e-01 1.876719606207933211e+00
3.812361456215780375e+00 -4.997009041649277394e-01 2.303594339897417242e+00
3.835397399614754566e+00 -7.253334563300894988e-01 2.274528107934058241e+00
3.858142680694095272e+00 -8.773786681262896181e-01 2.387172449404496355e+00
3.882014405188140227e+00 -7.727549396518464953e-01 2.285768374096091460e+00
3.904872088929101093e+00 -8.176503119703117939e-01 2.172732210992581958e+00
3.926599411039026766e+00 -7.957640650225109580e-01 1.691712718530091086e+00
3.943516538224327572e+00 -1.082191759126810648e+00 1.857838986237891898e+00
3.962094928086706602e+00 -9.393035630611129561e-01 1.961846358548835267e+00
3.981713391672194735e+00 -9.792707255656588616e-01 2.179660469776767417e+00
4.003509996369962742e+00 -7.731354435442975293e-01 2.229364809077741150e+00
4.025803644460740571e+00 -1.002388725917632506e+00 1.999206960404328992e+00
4.045795714064784221e+00 -1.173684147375324560e+00 1.936374707312271015e+00
4.065159461137906938e+00 -1.149229411545233281e+00 1.824662942280450562e+00
4.083406090560711021e+00 -1.319050722011337662e+00 1.588442578294096297e+00
4.099290516343652158e+00 -1.400674940769952581e+00 1.293674136988155920e+00
4.112227257713533923e+00 -1.458252535181541187e+00 1.166063926277016716e+00
4.123887896976303757e+00 -1.238217972814856349e+00 1.115113932957091158e+00
4.135039036305874660e+00 -9.884753631528012674e-01 8.966458500626401928e-01
4.144005494806501488e+00 -6.972229379751426759e-01 7.331988770874878769e-01
4.151337483577376197e+00 -4.367131124714662693e-01 4.052959716732998374e-01
4.155390443294109559e+00 -2.663391822122199715e-01 1.011035222951066070e-01
4.156401478517060433e+00 -2.203771780907669842e-01 -2.137458398437934171e-01
4.154264020118622724e+00 -3.982911079143679478e-01 -4.751368904795063575e-01
4.149512651213827397e+00 -5.945763159423711475e-01 -1.649421737687763456e-01
4.147863229476139502e+00 -7.262378378889690067e-01 1.002807824467188968e-02
4.147963510258586339e+00 -6.615120579382444133e-01 1.778618455102913831e-01
4.149742128713689304e+00 -6.848084181778281154e-01 2.475406002448805320e-01
4.152217534716138303e+00 -6.549029150777373465e-01 2.179738963670467822e-01
4.154397273679808933e+00 -7.375344197848413552e-01 -1.507496938098845662e-01
4.152889776741710115e+00 -8.994770063725779918e-01 -5.425848358135891836e-01
4.147463928383574583e+00 -6.696489819101595353e-01 -3.899089318759263456e-01
4.143564839064815430e+00 -5.612002122458291664e-01 -4.380062908430071289e-01
4.139184776156385581e+00 -7.095182241635799025e-01 -2.401638093890920700e-01
4.136783138062495091e+00 -6.577447475667059784e-01 -4.335136656527675547e-01
4.132448001405967020e+00 -6.174017362128775277e-01 -6.876574496558366389e-01
4.125571426909409034e+00 -6.687228841048187267e-01 -9.616240235710171724e-01
4.115955186673699195e+00 -7.402200570388599576e-01 -1.202837374410587801e+00
4.103926812929593382e+00 -9.888520741918901402e-01 -1.156895465195062256e+00
4.092357858277642535e+00 -1.027649967201765158e+00 -1.265199455536947015e+00
4.079705863722272952e+00 -7.027358111659123274e-01 -1.271467958345162907e+00
4.066991184138821325e+00 -5.048768599556663350e-01 -1.644114633542454129e+00
4.050550037803397174e+00 -8.091736202535744216e-01 -1.991188152973693892e+00
4.030638156273660400e+00 -1.032700488695741603e+00 -1.840822813121024693e+00
4.012229928142450497e+00 -1.398472078773662641e+00 -2.069059008433223212e+00
3.991539338058118336e+00 -1.649256480237948352e+00 -2.052606338695875277e+00
3.971013274671159721e+00 -1.338412540484354540e+00 -2.215786434387243542e+00
3.948855410327287263e+00 -9.531406060285585458e-01 -2.490835854639883884e+00
3.923947051780888540e+00 -1.039339164763727119e+00 -2.482624369175965295e+00
3.899120808089128865e+00 -1.156363090087263013e+00 -2.289999637991164239e+00
3.876220811709217173e+00 -1.174415230504976426e+00 -2.752803810946267138e+00
3.848692773599754702e+00 -1.201910960060169398e+00 -2.905828553718546203e+00
3.819634488062569222e+00 -1.268787831438438207e+00 -2.986019003009062978e+00
3.789774298032478672e+00 -1.656881608483248280e+00 -2.923560185489187724e+00
3.760538696177586626e+00 -1.561421447651878847e+00 -3.144884982077311264e+00
3.729089846356813620e+00 -1.685627579523124808e+00 -3.235545504675780393e+00
3.696734391310055656e+00 -1.604098681544176896e+00 -3.103723197437716852e+00
3.665697159335678634e+00 -1.724238911006588326e+00 -3.290125016856482620e+00
3.632795909167113813e+00 -1.981934052966542792e+00 -3.093947985868455319e+00
3.601856429308429419e+00 -2.607395576987594943e+00 -3.041225847279558359e+00
3.571444170835633702e+00 -2.699701708545002354e+00 -3.146999299223967483e+00
3.539974177843394187e+00 -2.797224383783451618e+00 -3.125693938470677669e+00
3.508717238458687326e+00 -2.648004554710032377e+00 -3.037158053602759367e+00
3.478345657922659928e+00 -2.797520447985506920e+00 -2.963757734368229535e+00
3.448708080578977597e+00 -2.897886501305680262e+00 -3.199669138754742903e+00
3.416711389191430026e+00 -2.977383434777939097e+00 -2.940787620925647161e+00
3.387303512982173359e+00 -2.744055536606301970e+00 -2.746026406992388758e+00
3.359843248912249614e+00 -2.935207082237759391e+00 -2.764425901598207336e+00
3.332198989896267616e+00 -2.913007560912397320e+00 -2.998739165468868428e+00
3.302211598241578727e+00 -2.875567277643762854e+00 -3.172571981771874050e+00
3.270485878423860182e+00 -2.807271046842312323e+00 -3.324912454177836985e+00
3.237236753882081874e+00 -2.783622783129214184e+00 -3.000261724876769343e+00
3.207234136633314137e+00 -2.561352392689551394e+00 -2.772283148196908353e+00
3.179511305151344835e+00 -2.400530562454694650e+00 -2.818723368516079297e+00
3.151324071466183874e+00 -2.369942860686492292e+00 -2.936896162327475857e+00
3.121955109842909248e+00 -2.576061401171364729e+00 -2.806598465247487795e+00
3.093889125190434353e+00 -2.781112824863281929e+00 -2.737514529914400363e+00
3.066513979891290376e+00 -2.913939511683477868e+00 -2.924512587927853957e+00
3.037268854012011854e+00 -2.851184146601517533e+00 -3.022000706571577489e+00
3.007048846946295928e+00 -2.692068981285607343e+00 -2.950235728172163618e+00
2.977546489664574469e+00 -2.233386555004474694e+00 -2.816507352958696586e+00
2.949381416134987610e+00 -2.218525369113344414e+00 -3.018323750321557419e+00
2.919198178631772223e+00 -2.436175080244018520e+00 -2.772986753505576107e+00
2.891468311096716537e+00 -2.502588568606222363e+00 -3.087996526070270864e+00
2.860588345836013957e+00 -2.728285416649583350e+00 -3.079102925957710291e+00
2.829797316576436739e+00 -2.605890170753465629e+00 -2.834069914068416018e+00
2.801456617435752694e+00 -2.785651200302862840e+00 -2.893107562204763727e+00
2.772525541813704919e+00 -2.574306730630387285e+00 -3.005440389353048580e+00
2.742471137920174495e+00 -2.742214996590628839e+00 -3.105548356336880644e+00
2.711415654356805760e+00 -2.974474593006765311e+00 -2.929554898915674777e+00
2.682120105367649110e+00 -2.779457626626993250e+00 -3.481098190791465985e+00
2.647309123459734348e+00 -3.063812125954938459e+00 -3.749860706186431969e+00
2.609810516397870206e+00 -2.929517692812602991e+00 -3.710674328336026395e+00
2.572703773114509929e+00 -2.742056386451795280e+00 -3.723566186693483271e+00
2.535468111247574985e+00 -2.398091896176776761e+00 -3.627461790161495614e+00
2.499193493345960082e+00 -2.335421795894762287e+00 -3.761076350812179836e+00
2.461582729837838102e+00 -2.531657002522275768e+00 -3.988978119666028554e+00
2.421692948641177789e+00 -2.194802196309026954e+00 -3.825294266277579069e+00
2.383440005978401999e+00 -2.403164596971000044e+00 -3.872373473780891917e+00
2.344716271240593120e+00 -2.658346514724321707e+00 -3.885013937455294553e+00
2.305866131866040281e+00 -2.461182458269847384e+00 -3.584832845050531791e+00
2.270017803415535163e+00 -1.998971755654252780e+00 -3.481699794921076396e+00
2.235200805466324603e+00 -2.003667568977223201e+00 -3.489000387366681721e+00
2.200310801592657572e+00 -1.826853744006753599e+00 -3.303164745534070690e+00
2.167279154137316866e+00 -1.939069404582358880e+00 -2.936684204009718080e+00
2.137912312097219658e+00 -1.795964711450646512e+00 -2.601983550424531444e+00
2.111892476592974521e+00 -1.499984452643101873e+00 -2.556941562792399480e+00
2.086323060965050491e+00 -1.624021106899955935e+00 -2.682994058312585750e+00
2.059493120381924669e+00 -1.623352837835568607e+00 -2.593365437556824471e+00
2.033559466006356509e+00 -1.377373721142055363e+00 -2.740038288990203519e+00
2.006159083116454411e+00 -1.403386670306213002e+00 -2.457486270186612920e+00
1.981584220414588371e+00 -1.121086021798941790e+00 -2.216345515112458031e+00
1.959420765263463871e+00 -1.029828798385189037e+00 -1.734924424917692942e+00
1.942071521014286928e+00 -1.097272260979365699e+00 -1.906483374496761973e+00
1.923006687269319226e+00 -1.284994099509170651e+00 -1.512506480498106765e+00
1.907881622464338234e+00 -1.128014008171957183e+00 -1.757949087184570658e+00
1.890302131592492607e+00 -1.327805885013356058e+00 -1.876992004812168213e+00
1.871532211544370883e+00 -9.599419644919905403e-01 -1.897075729547702760e+00
1.852561454248893957e+00 -1.265674448655681683e+00 -2.251407054576750610e+00
1.830047383703126362e+00 -1.168077920733477271e+00 -2.041414145244276668e+00
1.809633242250683560e+00 -1.351389791407179075e+00 -2.144276370770145324e+00
1.788190478542982076e+00 -1.212312661215762200e+00 -2.064686259362674026e+00
1.767543615949355384e+00 -9.563322526845905447e-01 -1.845934250753248573e+00
1.749084273441822823e+00 -8.274229081220894066e-01 -1.717669603119473809e+00
1.731907577410628063e+00 -5.494193565442255789e-01 -1.627336357610265738e+00
1.715634213834525301e+00 -8.177589149186552664e-01 -1.710636010858209932e+00
1.698527853725943171e+00 -9.440638995060142147e-01 -1.982804320019172284e+00
1.678699810525751346e+00 -1.032791837708917804e+00 -2.091361025630740222e+00
1.657786200269443899e+00 -9.844999000787852950e-01 -2.125415434336247689e+00
1.636532045926081480e+00 -1.433312888914149319e+00 -1.800972716091226555e+00
1.618522318765169166e+00 -1.417206721346478959e+00 -2.223217279211507247e+00
1.596290145973054075e+00 -1.434847138711494718e+00 -2.034594501182554360e+00
1.575944200961228558e+00 -1.262304837485478393e+00 -1.624113955485137595e+00
1.559703061406377156e+00 -1.150487103954626722e+00 -1.860673060996599348e+00
1.541096330796411173e+00 -1.078238970989105150e+00 -1.934931094445174971e+00
1.521747019851959370e+00 -1.420058864042235580e+00 -2.195285781511088885e+00
1.499794162036848455e+00 -1.575296320288259944e+00 -1.786961605922603669e+00
1.481924545977622465e+00 -1.634936923716289403e+00 -1.643270014939361756e+00
1.465491845828228890e+00 -1.493791500269636918e+00 -1.609476446893840507e+00
1.449397081359290462e+00 -1.512923183421740703e+00 -1.784283118136206214e+00
1.431554250177928367e+00 -1.404522532412687985e+00 -1.580230083171516586e+00
1.415751949346213179e+00 -1.119218414348776669e+00 -1.549404138068004366e+00
1.400257907965533066e+00 -1.019293346744976736e+00 -1.717758279791634202e+00
1.383080325167616698e+00 -1.418489381781944392e+00 -1.666194401866866404e+00
1.366418381148948091e+00 -1.612038086662851422e+00 -1.771600235970717918e+00
1.348702378789240930e+00 -1.475675933821849917e+00 -1.831478511647517404e+00
1.330387593672765822e+00 -1.355230365934662284e+00 -2.149808513165518242e+00
1.308889508541110747e+00 -1.329896667219053086e+00 -2.248937963752517533e+00
1.286400128903585571e+00 -1.278413606183795848e+00 -2.353998539218238761e+00
1.262860143511403077e+00 -1.463262103396148595e+00 -2.366420316561119286e+00
1.239195940345791946e+00 -1.363499182205621496e+00 -1.816942641899042421e+00
1.221026513926801504e+00 -1.351737750894175250e+00 -1.757522478105533192e+00
1.203451289145746284e+00 -1.285885432147238827e+00 -1.654232996022914959e+00
1.186908959185517087e+00 -1.081898501286099545e+00 -1.388349675175986286e+00
1.173025462433757271e+00 -1.297916780167977624e+00 -1.301789314900795080e+00
1.160007569284749351e+00 -1.454650347403934285e+00 -1.122668152557972032e+00
1.148780887759169644e+00 -1.483917543159436692e+00 -1.447192679335427723e+00
1.134308960965815460e+00 -1.286768734647123713e+00 -1.242047222897934233e+00
1.121888488736836109e+00 -1.626338216650108359e+00 -1.446814856831503349e+00
1.107420340168520978e+00 -1.302281471848230732e+00 -1.324725422312661216e+00
1.094173085945394419e+00 -1.204984143711277156e+00 -9.152529054179194823e-01
1.085020556891215238e+00 -1.199752448545234440e+00 -1.031273464042334220e+00
1.074707822250791978e+00 -1.303883279971534970e+00 -9.614900005336703970e-01
1.065092922245455265e+00 -1.457760956279862574e+00 -1.138515214828847988e+00
1.053707770097166874e+00 -1.580432526583981145e+00 -1.146277718219294917e+00
1.042244992914973967e+00 -1.947576626939151678e+00 -1.396332885914173261e+00
1.028281664055832323e+00 -1.878743644284049719e+00 -1.204607903260336510e+00
1.016235585023228971e+00 -1.850049980013934503e+00 -1.043512806982223484e+00
1.005800456953406696e+00 -1.624746141077490158e+00 -6.111732420156787970e-01
9.996887245332498617e-01 -1.311986671131846638e+00 -9.741762394600870234e-01
9.899469621386489671e-01 -1.462574978795849967e+00 -9.176260653258458966e-01
9.807707014853904726e-01 -1.350533319900222073e+00 -7.074510495224650697e-01
9.736961909901657997e-01 -1.488290355102779516e+00 -6.463674468728950462e-01
9.672325165214368248e-01 -1.304450725688133028e+00 -5.053866950410843550e-01
9.621786495710259457e-01 -1.376884597394777199e+00 -4.612750172511989044e-01
9.575658993985139977e-01 -1.229127184964013297e+00 -4.256867218599718616e-01
9.533090321799142508e-01 -1.316444006821120061e+00 -8.224856200775698678e-02
9.524865465598366665e-01 -1.455679607118776531e+00 -1.658296354501330172e-01
9.508282502053353458e-01 -1.668830176951565658e+00 1.071075823703498964e-01
9.518993260290388170e-01 -1.922433070384511389e+00 2.644549045024849332e-01
9.545438750740636857e-01 -1.917333548944327282e+00 2.900188276723030256e-01
9.574440633507866893e-01 -1.943605032256396248e+00 -6.609109511151767258e-02
9.567831523996714882e-01 -1.795358906826438172e+00 -8.901171539786426057e-02
9.558930352456928015e-01 -2.007591221585539376e+00 -1.529654149385633044e-01
9.543633810963071396e-01 -2.139641789330643640e+00 -5.119580175340900929e-01
9.492438009209662741e-01 -2.054000618813243140e+00 -9.278771260540951138e-01
9.399650296604252775e-01 -2.250174419275754012e+00 -5.419571528181255093e-01
9.345454581322439891e-01 -2.263572313951262682e+00 -6.539949470683628086e-01
9.280055086615603965e-01 -2.475188904910547105e+00 -5.703795957790763760e-01
9.223017127037695939e-01 -2.639028209606289810e+00 -7.831396889083381829e-01
9.144703158146861854e-01 -3.213773167846550649e+00 -5.701909662070261398e-01
9.087684061526158930e-01 -3.425519727950376847e+00 -3.945439421712556571e-01
9.048229667309033442e-01 -3.651656477033550896e+00 -3.754415521872965233e-01
9.010685512090303995e-01 -3.616021134292841221e+00 -3.693193836840227284e-01
8.973753573721902077e-01 -3.622202707034614999e+00 -1.781957260982318381e-01
8.955934001112079157e-01 -3.395340987058199644e+00 -5.071250405526700478e-02
8.950862750706551907e-01 -3.614340620065591647e+00 9.381274063710914879e-02
8.960244024770263049e-01 -3.685077070363869556e+00 -1.307434155489549943e-01
8.947169683215367986e-01 -3.879215069190105503e+00 -1.191704106224535098e-01
8.935252642153123093e-01 -4.038436294351260614e+00 -7.115347512212294445e-02
8.928137294640910993e-01 -4.148921734057800847e+00 -2.145992141060135139e-01
8.906677373230309502e-01 -4.129576102942406735e+00 -3.421385378476264894e-01
8.872463519445547009e-01 -4.346943128807199130e+00 -4.440484667812738540e-01
8.828058672767419290e-01 -4.108379991339077719e+00 -5.564652707325467018e-01
8.772412145694165053e-01 -4.012346388223891225e+00 -8.772018008186781568e-01
8.684691965612296727e-01 -4.247119663117932653e+00 -8.836970602170773903e-01
8.596322259590588599e-01 -4.392829869024917677e+00 -7.933882842942641123e-01
8.516983431161162521e-01 -4.629003521746668071e+00 -7.230488316791350289e-01
8.444678547993249573e-01 -4.631845980912446592e+00 -1.082585412645981737e+00
8.336420006728650911e-01 -4.692977923922597938e+00 -8.327172801950009084e-01
8.253148278709150354e-01 -4.381448761093226452e+00 -6.134993077681647478e-01
8.191798347932334190e-01 -4.217066358574131257e+00 -6.079715263016383098e-01
8.131001195302169915e-01 -4.042359800140498116e+00 -5.668658120325331673e-01
8.074314614098916376e-01 -3.910152614759387912e+00 -6.628056601241434365e-01
8.008034048086501988e-01 -3.812466213119905856e+00 -5.498457200909825371e-01
7.953049476077403979e-01 -3.685872810645922204e+00 -4.653287580286201153e-01
7.906516600274542395e-01 -3.810222659000500833e+00 -5.876620939108361252e-01
7.847750390883458937e-01 -3.949204808601908923e+00 -5.989495623306360095e-01
7.787855434650395869e-01 -3.573824964063566867e+00 -8.149824029847214657e-01
7.706357194351923789e-01 -3.528391488405758558e+00 -7.867575685113044059e-01
7.627681437500792860e-01 -3.549586334629337259e+00 -8.156300622281940083e-01
7.546118431277973881e-01 -3.685556945726212952e+00 -1.198965731419833647e+00
7.426221858135990672e-01 -3.897326933841449570e+00 -1.205906099247162855e+00
7.305631248211273965e-01 -3.872978268366060739e+00 -1.161338785847624289e+00
7.189497369626511869e-01 -3.901108222332001052e+00 -9.996448300453778524e-01
7.089532886621974228e-01 -3.998727661360156560e+00 -1.138350584325960702e+00
6.975697828189377780e-01 -4.121768293728806931e+00 -1.141571141974784487e+00
6.861540713991899354e-01 -4.013306272332174629e+00 -9.390971468474036410e-01
6.767630999307159279e-01 -4.465976488963229407e+00 -9.820101919938687418e-01
6.669429980107772771e-01 -4.539695992226275401e+00 -1.021790469867278617e+00
6.567250933121044909e-01 -4.639577449131683018e+00 -9.287970928245395941e-01
6.474371223838590872e-01 -4.581710759590083448e+00 -1.026812925964738499e+00
6.371689931242117133e-01 -4.509354334249598750e+00 -1.077053600494018104e+00
6.263984571192715567e-01 -4.299321198811915323e+00 -1.114587849696745847e+00
6.152525786223040916e-01 -4.061747485276082870e+00 -1.542231189478949993e+00
5.998302667275146050e-01 -3.682585538950493564e+00 -1.425001054012114077e+00
5.855802561873935108e-01 -3.571241916673416394e+00 -1.396029512035794395e+00
5.716199610670356090e-01 -3.680696957589719709e+00 -1.341947148720998628e+00
5.582004895798255983e-01 -3.522453914996169999e+00 -1.225368292083939936e+00
5.459468066589862056e-01 -3.445181593693392941e+00 -1.554074016333255148e+00
5.304060664956536941e-01 -3.321407285718879443e+00 -1.095984994857968520e+00
5.194462165470740134e-01 -3.069642197282345997e+00 -1.278666557516946911e+00
5.066595509719045154e-01 -2.842413055175058822e+00 -1.323531747509674616e+00
4.934242334968077515e-01 -2.829992531441047454e+00 -1.082328112545968501e+00
4.826009523713480909e-01 -2.725020307682649801e+00 -1.315075136883801843e+00
4.694502010025100591e-01 -2.535179996162000737e+00 -1.477991052781393311e+00
4.546702904746961482e-01 -2.484453569686852603e+00 -1.656773054047994576e+00
4.381025599342162069e-01 -2.747249544042361435e+00 -1.568979652915661216e+00
4.224127634050596214e-01 -3.101539701228078094e+00 -1.679770679074014117e+00
4.056150566143194580e-01 -3.218349511523995066e+00 -1.582523752975597553e+00
3.897898190845635047e-01 -3.391382373740191802e+00 -1.909961905619610656e+00
3.706902000283673893e-01 -3.506160370798259152e+00 -1.958482809096700805e+00
3.511053719374003790e-01 -3.772621033080667097e+00 -1.949124491334705223e+00
3.316141270240533512e-01 -3.567911646255164992e+00 -2.142543618334940891e+00
3.101886908407039400e-01 -3.240900139377606681e+00 -2.050945020510181571e+00
2.896792406356021310e-01 -3.220152890245792321e+00 -2.115240321803665502e+00
2.685268374175655004e-01 -2.868149225432374827e+00 -2.202704045063339056e+00
2.464997969669321110e-01 -2.956460708639220503e+00 -2.715271966611841226e+00
2.193470773008137087e-01 -3.035774738059456634e+00 -2.454344337048797620e+00
1.948036339303257369e-01 -2.637743164307167376e+00 -2.621786228808768993e+00
1.685857716422380359e-01 -2.312517766676593478e+00 -2.593112454065254813e+00
1.426546471015854856e-01 -2.290065471565883470e+00 -2.850857492657925096e+00
1.141460721750062329e-01 -2.084205715031517414e+00 -2.548576136675013259e+00
8.866031080825609312e-02 -2.133417490486314350e+00 -2.613250168884606595e+00
6.252780911941002717e-02 -2.108514818411927116e+00 -2.804428627517878692e+00
3.448352284423124303e-02 -2.143782003247654444e+00 -2.827961173925237937e+00
6.203911104978861862e-03 -2.034622529984051020e+00 -3.028991075307794656e+00
-2.408599964809908511e-02 -2.043421119364065230e+00 -2.870945995335723033e+00
-5.279545960145631822e-02 -2.014304459025314742e+00 -3.177496080862512784e+00
-8.457042041008144828e-02 -1.748772566145135432e+00 -2.979394660542555862e+00
-1.143643670155070069e-01 -1.824999971702606194e+00 -2.917074558012245689e+00
-1.435351125956294549e-01 -1.575374786971194929e+00 -2.940962397516628357e+00
-1.729447365707957318e-01 -1.444098922409855712e+00 -2.971446594457677559e+00
-2.026592025153725052e-01 -1.270843243124763600e+00 -2.976083463276562924e+00
-2.324200371481381366e-01 -1.180440083941616036e+00 -3.015733335099964219e+00
-2.625773704991377633e-01 -1.350488342801281050e+00 -3.190161045794822847e+00
-2.944789809570860228e-01 -1.200751436119218640e+00 -3.055040461060708701e+00
-3.250293855676931187e-01 -1.162623488140220873e+00 -3.022936436983957087e+00
-3.552587499375327029e-01 -1.049415170796816899e+00 -3.079426076570008775e+00
-3.860530107032327796e-01 -6.205647169112091799e-01 -3.130148706724144247e+00
-4.173544977704742309e-01 -3.287489969954474067e-01 -3.201128599973877442e+00
-4.493657837702130231e-01 -4.260336316232426479e-01 -3.048509070640943008e+00
-4.798508744766224465e-01 -3.898187614313163851e-01 -3.082610771366182334e+00
-5.106769821902842343e-01 -2.389799796362534756e-01 -3.108948905485358960e+00
-5.417664712451377707e-01 -1.199123692926495482e-01 -2.737367844871110734e+00
-5.691401496938488513e-01 -1.049903311510626269e-02 -2.689307702343816775e+00
-5.960332267172869791e-01 3.955870703401911936e-02 -2.673334656287105204e+00
-6.227665732801580534e-01 -8.129941009517049899e-02 -2.319499325465568251e+00
-6.459615665348137359e-01 -1.109551484139798261e-01 -2.161273298073925542e+00
-6.675742995155530268e-01 2.657726028637816817e-01 -2.100752605946430762e+00
-6.885818255750173478e-01 1.333579951157883858e-01 -2.173069506891518898e+00
-7.103125206439325767e-01 6.911908071327312053e-02 -2.148480725767443644e+00
-7.317973279016070087e-01 2.361723478793629760e-01 -2.355075942363785035e+00
-7.553480873252448324e-01 -2.337423654148965135e-02 -2.576513995854973427e+00
-7.811132272837946200e-01 -8.423833704290036029e-02 -2.198982708118531360e+00
-8.031030543649799736e-01 -3.158161865336080454e-01 -2.115291293008195961e+00
-8.242559672950618976e-01 -2.392650037128062346e-01 -2.127944477534344792e+00
-8.455354120704053900e-01 -7.064413849278697866e-01 -2.217947408573370360e+00
-8.677148861561391202e-01 -8.484930967269141977e-01 -2.278309859029446827e+00
-8.904979847464336018e-01 -7.208756100908324527e-01 -2.424845931223067907e+00
-9.147464440586642320e-01 -7.992468992086404489e-01 -2.492427296931881031e+00
-9.396707170279829935e-01 -5.245074191594153445e-01 -2.680640195741680554e+00
-9.664771189853997857e-01 -6.147095331541577723e-01 -2.633195000744301684e+00
-9.928090689928428247e-01 -6.200294848328780084e-01 -2.617371307221338483e+00
-1.018982782065056103e+00 -4.657796842831463113e-01 -2.380212982463081772e+00
-1.042784911889687027e+00 -6.092351651767285992e-01 -2.490560378345055614e+00
-1.067690515673137552e+00 -4.768268952454494114e-01 -2.419624786896163116e+00
-1.091886763542099237e+00 -5.790994998924715587e-01 -2.432366481494966148e+00
-1.116210428357048867e+00 -4.463433716395642792e-01 -2.370300629514240587e+00
-1.139913434652191304e+00 -4.707220510037859462e-01 -2.297231521458451109e+00
-1.162885749866775731e+00 -6.965820784891281203e-01 -2.449178786780476624e+00
-1.187377537734580546e+00 -3.595465881624451132e-01 -2.298616083622755824e+00
-1.210363698570808166e+00 8.551839695363050442e-03 -2.245355847445034581e+00
-1.232817257045258463e+00 -3.508921292356266541e-02 -2.313095700522821208e+00
-1.255948214050486733e+00 -4.822060316827996018e-02 -2.356436138903317712e+00
-1.279512575439520017e+00 -1.675472375267810232e-01 -2.280500409212180113e+00
-1.302317579531641734e+00 8.378152006295649934e-02 -2.516236288986453573e+00
-1.327479942421506243e+00 2.264733790793073132e-01 -2.336117511683951431e+00
-1.350841117538345681e+00 2.976374792299382177e-01 -2.559831542867834653e+00
-1.376439432967023979e+00 2.298281888924590399e-01 -2.385609014589500809e+00
-1.400295523112919049e+00 2.704137612769312304e-01 -2.172636126407150758e+00
-1.422021884376990508e+00 -1.219414585289013697e-02 -2.271800091740131311e+00
-1.444739885294391790e+00 8.825499355940304158e-02 -2.430354699700228327e+00
-1.469043432291394113e+00 3.406179581631991748e-01 -2.568236380988684786e+00
-1.494725796101280979e+00 9.446755307418266967e-02 -2.508558125352637447e+00
-1.519811377354807425e+00 -1.516764910705030167e-01 -2.401971203094540819e+00
-1.543831089385752753e+00 1.216264700179555125e-01 -2.451791206122076794e+00
-1.568349001446973423e+00 1.269827136588797256e-01 -2.332044634130898242e+00
-1.591669447788282454e+00 6.863785209920834074e-01 -2.292149660320923932e+00
-1.614590944391491645e+00 6.835043820292517891e-01 -2.347123297782003348e+00
-1.638062177369311589e+00 7.633932606564106660e-01 -1.942679743271325643e+00
-1.657488974802024950e+00 7.263305754677916726e-01 -1.794725116579752644e+00
-1.675436225967822379e+00 7.398102700807258625e-01 -1.644085262345368115e+00
-1.691877078591276007e+00 7.303824486035848107e-01 -1.878855275997173946e+00
-1.710665631351247828e+00 7.746760398290057914e-01 -1.878499640457925945e+00
-1.729450627755827030e+00 8.096796146144435991e-01 -1.871223625122357515e+00
-1.748162864007050565e+00 7.188695060998711028e-01 -1.784635161185882390e+00
-1.766009215618909334e+00 4.394899344556381648e-01 -1.757950811487882348e+00
-1.783588723733788184e+00 4.539786010553408802e-01 -1.967256912790328549e+00
-1.803261292861691567e+00 9.412305779102370096e-01 -1.969204963320709822e+00
-1.822953342494898710e+00 6.952265314762579029e-01 -1.695970149416568651e+00
-1.839913043989064301e+00 6.735892366283077193e-01 -1.777642751927881015e+00
-1.857689471508343182e+00 4.492718034624514356e-01 -1.733672450768215523e+00
-1.875026196016025271e+00 2.806399224281532212e-01 -1.581853873940264776e+00
-1.890844734755428025e+00 2.705016009772787111e-01 -1.593994326299601472e+00
-1.906784678018424106e+00 3.233961335610136545e-01 -1.302557416651058952e+00
-1.919810252184934729e+00 6.493133222527236459e-01 -1.393687374911835919e+00
-1.933747125934053068e+00 2.361175967905655426e-01 -1.284695755041697085e+00
-1.946594083484469939e+00 7.320132986692298727e-02 -1.212486381126701929e+00
-1.958718947295736923e+00 2.479844478413834041e-01 -1.236733005151636533e+00
-1.971086277347253279e+00 -7.206550095163849479e-02 -1.578452236740057080e+00
-1.986870799714653746e+00 -2.561131904558320294e-01 -1.442550579550835099e+00
-2.001296305510162021e+00 -2.974491788729601294e-01 -1.741069041428117359e+00
-2.018706995924443248e+00 -3.658210213420643453e-01 -1.413239789165988913e+00
-2.032839393816103346e+00 -2.982029078187695137e-01 -1.426114728009662880e+00
-2.047100541096199766e+00 -5.820393494372249066e-01 -1.560542416523507336e+00
-2.062705965261435015e+00 -5.758788740923174165e-01 -1.815492075512786796e+00
-2.080860886016562716e+00 -3.014653837137791226e-01 -1.734469392529362164e+00
-2.098205579941856413e+00 -2.183402321681107705e-01 -1.808765472015775089e+00
-2.116293234662014022e+00 -1.650294196898036136e-01 -1.785415026320892551e+00
-2.134147384925222823e+00 -2.229556784707668604e-01 -1.539876454468081191e+00
-2.149546149469903522e+00 -3.466820336681273873e-01 -1.818936024824503450e+00
-2.167735509718148545e+00 -4.583734395549123319e-01 -1.597562075194493225e+00
-2.183711130470093575e+00 -5.439864616594648483e-01 -1.597505936656796521e+00
-2.199686189836661754e+00 -3.945782980679558016e-01 -1.979161833200953735e+00
-2.219477808168671462e+00 -4.961210428942846029e-01 -1.771245869719894728e+00
-2.237190266865870303e+00 -6.554830513910459011e-01 -1.594359457263302193e+00
-2.253133861438503249e+00 -7.007659080618802161e-01 -1.386033689536022573e+00
-2.266994198333863508e+00 -7.779481494549582710e-01 -1.216132404644890475e+00
-2.279155522380312604e+00 -1.017870740544560615e+00 -1.435245637731124901e+00
-2.293507978757623800e+00 -1.219067601364268283e+00 -1.281569262430772183e+00
-2.306323671381931728e+00 -1.291846505053803495e+00 -1.250909293359890873e+00
-2.318832764315530426e+00 -1.178286044431531066e+00 -1.371878418446091707e+00
-2.332551548499991245e+00 -1.090024401209662930e+00 -1.442947061964809485e+00
-2.346981019119639189e+00 -8.772084587034867376e-01 -1.504068275447727476e+00
-2.362021701874116530e+00 -7.861428131705644473e-01 -1.381871649938086977e+00
-2.375840418373497354e+00 -9.289564028829705444e-01 -1.107574106149575632e+00
-2.386916159434993023e+00 -1.075107385910904378e+00 -7.604515602095200943e-01
-2.394520675037088431e+00 -1.134164759081872198e+00 -5.452896039004981876e-01
-2.399973571076093215e+00 -1.278868513800597295e+00 -3.666348634853967559e-01
-2.403639919710947037e+00 -1.419845274384565537e+00 -2.580093549215067839e-03
-2.403665720646439130e+00 -1.279837882176603436e+00 -2.707149275637194541e-01
-2.406372869922076330e+00 -1.510639155359677410e+00 -3.248398354848133218e-01
-2.409621268276924244e+00 -1.329128837099228466e+00 -3.118495382588662990e-01
-2.412739763659512704e+00 -1.183311468834476354e+00 -2.569140575017805905e-01
-2.415308904234530374e+00 -7.800343034646528562e-01 -3.237916662916796584e-01
-2.418546820897446992e+00 -8.670844435832658625e-01 -5.143068577765564919e-01
-2.423689889475212578e+00 -9.461839796865361141e-01 -4.156239682087417009e-01
-2.427846129157300137e+00 -1.102615237565845341e+00 -4.457997750302572504e-01
-2.432304126907602893e+00 -1.048542565494213985e+00 -6.275844311101824724e-01
-2.438579971218704845e+00 -9.657081003135870034e-01 -6.186826323708255471e-01
-2.444766797542412995e+00 -8.917773986170604017e-01 -7.424486728335624175e-01
-2.452191284270748728e+00 -4.903879150656594299e-01 -7.980279682742033032e-01
-2.460171563953490903e+00 -7.512487236334046692e-01 -1.163453645489150867e+00
-2.471806100408382445e+00 -6.716915078123683047e-01 -9.929898893248561009e-01
-2.481735999301630802e+00 -7.399891897679187203e-01 -8.821095671906643565e-01
-2.490557094973537389e+00 -7.033782926439069438e-01 -8.470224762721842993e-01
-2.499027319736259134e+00 -7.864845296456406398e-01 -7.375904951084267802e-01
-2.506403224687343556e+00 -5.658046473900345541e-01 -8.867197282637996336e-01
-2.515270421969981740e+00 -8.047083638833962826e-01 -1.052139069170930252e+00
-2.525791812661691171e+00 -6.190250230476236348e-01 -1.013339340686844947e+00
-2.535925206068559756e+00 -8.576270702525534695e-01 -8.922945128247834479e-01
-2.544848151196807517e+00 -3.831075108134816554e-01 -7.289724583190153595e-01
-2.552137875779997511e+00 -5.774632311750733660e-01 -6.407453174380060013e-01
-2.558545328954377585e+00 -7.604731744319190856e-01 -9.510869872586564799e-01
-2.568056198826964120e+00 -5.838704716619356194e-01 -1.018649986040997213e+00
-2.578242698687374101e+00 -6.944960386894183380e-01 -9.367711770350691802e-01
-2.587610410457724885e+00 -7.695955191709660248e-01 -6.577737674150379021e-01
-2.594188148131875149e+00 -5.707225483123667953e-01 -9.136273061606485779e-01
-2.603324421193481619e+00 -4.572487837942517119e-01 -9.414465032418543045e-01
-2.612738886225900004e+00 -3.982842670893772530e-01 -9.651478240700503974e-01
-2.622390364466600676e+00 -4.135158317874020883e-01 -9.686742386736458821e-01
-2.632077106853337067e+00 -6.449578041134835793e-01 -1.129624499311040253e+00
-2.643373351846447505e+00 -9.954573285588433906e-01 -1.351109118118310359e+00
-2.656884443027630827e+00 -9.154520841518302143e-01 -1.288084780670613716e+00
-2.669765290834337002e+00 -1.064198977875115748e+00 -1.261019191578650833e+00
-2.682375482750123386e+00 -1.041503376841626416e+00 -1.337634079344537597e+00
-2.695751823543568904e+00 -1.168162972414489964e+00 -8.560406417304915472e-01
-2.704312229960873726e+00 -1.282097226779937316e+00 -9.069255817921170193e-01
-2.713381485778795010e+00 -1.456792370486958754e+00 -9.415627914627243689e-01
-2.722797113693422144e+00 -1.731983253899506137e+00 -9.134432095847311306e-01
-2.731931545789269666e+00 -1.906645247960945255e+00 -1.089034707769062305e+00
-2.742821892866960098e+00 -1.682707137744627879e+00 -1.060920686777786504e+00
-2.753431099734737764e+00 -1.903796563156540778e+00 -1.150514878237721028e+00
-2.764936248517114947e+00 -2.002848319374185504e+00 -1.082398734442852950e+00
-2.775760235861543634e+00 -1.688332461716199218e+00 -1.047445504799330518e+00
-2.786234690909537015e+00 -1.818461145740832619e+00 -1.005715276953671911e+00
-2.796291843679073796e+00 -2.152426185908744127e+00 -1.131528373243916752e+00
-2.807607127411512860e+00 -2.428869625441201219e+00 -1.068749546960853225e+00
-2.818294622881121203e+00 -2.359629687740997905e+00 -8.852863257333251079e-01
-2.827147486138454457e+00 -2.368159949825102029e+00 -9.063231802977883556e-01
-2.836210717941432424e+00 -2.414443472632718191e+00 -1.063919856483211968e+00
-2.846849916506264400e+00 -2.234571050639692302e+00 -1.172369648137174591e+00
-2.858573612987636015e+00 -2.202677864033995458e+00 -1.483683657479664131e+00
-2.873410449562432856e+00 -2.184194799181073510e+00 -1.180123846699969281e+00
-2.885211688029432509e+00 -2.412549846606275139e+00 -1.231549477702448936e+00
-2.897527182806456825e+00 -2.193829073503549054e+00 -1.536479310649626617e+00
-2.912891975912953235e+00 -1.834127874514499990e+00 -1.229569570922574240e+00
-2.925187671622178964e+00 -1.565202371413453086e+00 -8.730975841483264999e-01
-2.933918647463662044e+00 -1.215240047950669089e+00 -7.599456995782361002e-01
-2.941518104459444505e+00 -1.085979293911108590e+00 -7.607580368461633880e-01
-2.949125684827905935e+00 -1.481606989906004923e+00 -5.901580573587237311e-01
-2.955027265401493075e+00 -1.382233715703430788e+00 -7.394621009688742141e-01
-2.962421886411181760e+00 -1.448540666550825362e+00 -6.717656822060148469e-01
-2.969139543233241696e+00 -1.299691044003300266e+00 -5.783323421974844170e-01
-2.974922866655216325e+00 -1.038055134996525464e+00 -4.241919379158685666e-01
-2.979164786034374846e+00 -5.881530972565817139e-01 -3.271186002918297642e-01
-2.982435972037293048e+00 -5.813065210091610258e-01 -2.481923308552684004e-01
-2.984917895345845729e+00 -4.560126924166306162e-01 -2.574357763405281108e-01
-2.987492253109250928e+00 -6.390925596992922397e-01 -5.128150252384916508e-02
-2.988005068134489406e+00 -5.273720992069637070e-01 -4.124458886409219094e-01
-2.992129527020898738e+00 -8.606224084371809635e-01 -2.929929881342885345e-01
-2.995059456902241735e+00 -8.540678049932188820e-01 -5.852625389424235269e-01
-3.000912082291665950e+00 -7.470727324423760418e-01 -6.215019638517537137e-01
-3.007127101930183510e+00 -7.059464747121222405e-01 -1.867745323861546014e-01
-3.008994847254045091e+00 -1.020640033968684524e+00 -2.186389500325857660e-01
-3.011181236754370882e+00 -1.480391662572640321e+00 -3.021384836531629814e-01
-3.014202621590902353e+00 -1.396686792684885825e+00 -5.357233722355062566e-01
-3.019559855313257213e+00 -1.573843455084527054e+00 -2.183131381345951860e-01
-3.021742986694603061e+00 -1.680140649340972292e+00 -3.532940027548240880e-01
-3.025275926722151176e+00 -1.911557924509770245e+00 -1.992017403018495614e-01
-3.027267944125169752e+00 -2.068316131371849664e+00 -3.172356377266679073e-01
-3.030440300502436290e+00 -2.125518307466484735e+00 -7.444002050476287158e-01
-3.037884302552912530e+00 -1.980957456161120067e+00 -6.101501598206107158e-01
-3.043985804151118746e+00 -2.011018721649961094e+00 -7.388848857021812488e-01
-3.051374653008140481e+00 -2.105413448481393779e+00 -6.459628576148903623e-01
-3.057834281584289382e+00 -2.391153557054990664e+00 -8.051385186506072600e-01
-3.065885666770795659e+00 -2.074807359342083490e+00 -7.801375349011323568e-01
-3.073687042119806812e+00 -2.222973791796071463e+00 -7.741132756365627365e-01
-3.081428174876172488e+00 -1.967349590272040150e+00 -9.036814101646614139e-01
-3.090464988977819072e+00 -2.065775834266471378e+00 -1.103136977015404030e+00
-3.101496358747973137e+00 -1.878463948124811322e+00 -7.463261839648795970e-01
-3.108959620587621764e+00 -1.754908837558159185e+00 -6.810619603468042182e-01
-3.115770240191089613e+00 -1.649611941692335826e+00 -6.218800382582108099e-01
-3.121989040573671659e+00 -1.392092439646664737e+00 -6.513943069936881658e-01
-3.128502983643608459e+00 -1.501830209842893060e+00 -5.891206140640974365e-01
-3.134394189784249551e+00 -1.314666826796847543e+00 -6.594920713449887728e-01
-3.140989110497699244e+00 -1.183115215134423082e+00 -6.071779388947236011e-01
-3.147060889886646340e+00 -1.044881245348085574e+00 -5.248724261064885432e-01
-3.152309614147711159e+00 -1.160612528837559054e+00 -9.570752404252083068e-01
-3.161880366551963029e+00 -1.078152319318551600e+00 -1.089177381317862014e+00
-3.172772140365141436e+00 -9.679080050868180685e-01 -7.521200397770750889e-01
-3.180293340762912369e+00 -9.509933154561429625e-01 -8.180687536340842669e-01
-3.188474028299253415e+00 -1.074761686114239279e+00 -6.410659005035008740e-01
-3.194884687304288207e+00 -9.957582698863365334e-01 -1.235836073744018604e+00
-3.207243048041728439e+00 -1.175063817901452978e+00 -1.421438023051719179e+00
-3.221457428272245682e+00 -1.347741793176042480e+00 -1.063174120261892286e+00
-3.232089169474864576e+00 -1.309881375382719204e+00 -1.424174672611665304e+00
-3.246330916200981243e+00 -1.240775403198114191e+00 -1.422866768058343334e+00
-3.260559583881564638e+00 -9.309215236430075091e-01 -1.295524821314637531e+00
-3.273514832094710947e+00 -9.523946841825785548e-01 -1.141792455146860785e+00
-3.284932756646179453e+00 -9.980000997887146230e-01 -9.340037971752365165e-01
-3.294272794617931766e+00 -8.557473973193698846e-01 -9.042530790516709605e-01
-3.303315325408448633e+00 -9.238334676773983789e-01 -8.251311645240047010e-01
-3.311566637053688478e+00 -8.179452078643181245e-01 -7.316903442791765633e-01
-3.318883540496480045e+00 -7.421956752506378985e-01 -6.097145094609266458e-01
-3.324980685591089280e+00 -5.772961508882537007e-01 -6.320896909231076277e-01
-3.331301582500320269e+00 -2.901415053711181025e-01 -6.029770426855259879e-01
-3.337331352927175310e+00 -2.428468827455806389e-01 -5.270654784029531470e-01
-3.342602007711204859e+00 -2.269641104169842494e-01 -2.759317786525204985e-01
-3.345361325497730132e+00 4.190128247625596325e-02 -1.615590805652511730e-01
-3.346976916303382676e+00 -4.768477221928692222e-02 -9.335414858163333662e-02
-3.347910457789199157e+00 -2.648758313825852473e-01 2.205548322017970297e-01
-3.345704909467181132e+00 -3.775469958641056722e-01 -1.023364646745378581e-01
-3.346728274113926371e+00 -9.830883684251967569e-02 -2.287025167428507477e-01
-3.349015299281354885e+00 -1.065407815156170501e-01 -3.262881725935119492e-01
-3.352278181007290137e+00 6.095735525302262148e-02 -4.561263719171655406e-01
-3.356839444726461785e+00 -1.037543610531024008e-01 -9.248069364563238359e-01
-3.366087514091025135e+00 1.771048161739567639e-02 -1.122738934275181677e+00
-3.377314903433776827e+00 1.826263563611743856e-01 -1.188361254419457502e+00
-3.389198515977971393e+00 3.646590354625270924e-01 -8.899059672509903596e-01
-3.398097575650481428e+00 3.639452161376008354e-01 -9.075254661987143256e-01
-3.407172830312468648e+00 5.057912391690828624e-01 -9.655140318104192820e-01
-3.416827970630572864e+00 2.654293562639252757e-01 -1.113049695764609437e+00
-3.427958467588219094e+00 1.505172811345898420e-01 -1.049920713308579279e+00
-3.438457674721304702e+00 1.901737621746185380e-01 -1.407322634741751566e+00
-3.452530901068722180e+00 5.019476981745826794e-02 -1.476899189059126538e+00
-3.467299892959313290e+00 1.611871845296299344e-01 -1.746273013478462088e+00
-3.484762623094098011e+00 2.432388980215346996e-01 -1.913519609150175160e+00
-3.503897819185599616e+00 2.543685328568436876e-01 -2.005172868667489450e+00
-3.523949547872274657e+00 6.120455072103896388e-01 -1.930942601995113472e+00
-3.543258973892225772e+00 7.041185578974089587e-01 -1.810052411915570314e+00
-3.561359498011381408e+00 1.051058629770347475e+00 -1.968097104177508383e+00
-3.581040469053156539e+00 1.048621592192687801e+00 -2.058335147972531587e+00
-3.601623820532881659e+00 9.284681358299339271e-01 -2.239137240791193140e+00
-3.624015192940793550e+00 8.749067631133871092e-01 -2.054157188075091511e+00
-3.644556764821544448e+00 6.787435691393471915e-01 -2.062920852523550508e+00
-3.665185973346779758e+00 6.701737499532876008e-01 -1.879963574596380971e+00
-3.683985609092743641e+00 8.276437722799796504e-01 -1.942545385877757935e+00
-3.703411062951521338e+00 6.137357263643815619e-01 -1.604887361745503727e+00
-3.719459936568976222e+00 7.703282594077421885e-01 -1.732503552841348604e+00
-3.736784972097389801e+00 8.626108870033121212e-01 -1.806891309331512430e+00
-3.754853885190704954e+00 8.054096577482310337e-01 -1.603700889214544345e+00
-3.770890894082850497e+00 7.587977055318244624e-01 -1.195357336617137278e+00
-3.782844467449022030e+00 7.753314556485468856e-01 -1.035988892316967558e+00
-3.793204356372191555e+00 5.974474128761764202e-01 -1.176294114335818985e+00
-3.804967297515549962e+00 2.824084916852010463e-01 -1.070374185886219909e+00
-3.815671039374412210e+00 4.402064371296844913e-01 -9.268552586512174285e-01
-3.824939591960924368e+00 5.896960760118117317e-01 -7.447285864622014140e-01
-3.832386877825546545e+00 5.267209497962553888e-01 -6.593967194960701494e-01
-3.838980845020507182e+00 3.001124849573800213e-01 -8.930202649746115107e-01
-3.847911047670253382e+00 2.867883827650631878e-01 -4.290956841462280624e-01
-3.852202004511715572e+00 5.102054978598229429e-01 -1.245707509062907725e-01
-3.853447712020778404e+00 5.617240526474409634e-01 -3.964572107722735828e-02
-3.853844169231550598e+00 7.642131206583585579e-01 -2.703610645374611432e-02
-3.854114530296087970e+00 8.765522551080423552e-01 -1.776548670192822366e-01
-3.855891078966280805e+00 6.046466603232718562e-01 -1.402879007905030451e-01
-3.857293957974185616e+00 6.183238222006087748e-01 1.528835056801558234e-01
-3.855765122917384158e+00 7.093855241898887609e-01 2.968366439732101347e-01
-3.852796756477652185e+00 6.237339985603749248e-01 5.525455957815877950e-01
-3.847271300519836235e+00 1.087233787495480719e+00 4.928860933547667966e-01
-3.842342439586288627e+00 1.247498638263554893e+00 5.420319002333053859e-01
-3.836922120583955653e+00 1.443637073335545473e+00 7.694464156644458264e-01
-3.829227656427311111e+00 1.313012943448391034e+00 7.261289591227568785e-01
-3.821966366836083484e+00 1.211963163138549238e+00 6.123185012893552770e-01
-3.815843181823189934e+00 6.891146509174761459e-01 7.488860770794646404e-01
-3.808354321052395353e+00 6.837837881965140863e-01 1.008626687395668853e+00
-3.798268054178438824e+00 7.751744014952590689e-01 1.118551858321065628e+00
-3.787082535595228006e+00 6.035246456980364327e-01 7.731158387532048870e-01
-3.779351377207695872e+00 1.273775182420962437e+00 7.862973414545655348e-01
-3.771488403793150201e+00 1.423903920959706637e+00 9.656074539590280281e-01
-3.761832329253560037e+00 1.541017519564386262e+00 8.825537107153834659e-01
-3.753006792146406312e+00 1.308355282704903422e+00 9.830566895444386999e-01
-3.743176225250961942e+00 1.202712810240538888e+00 8.054241593040494251e-01
-3.735121983657921252e+00 1.305374232668825796e+00 7.453297196531033508e-01
-3.727668686461390379e+00 1.240138701223735485e+00 7.017123855792174458e-01
-3.720651562605598262e+00 1.270356432572037786e+00 7.267222410465639104e-01
-3.713384340195132527e+00 1.290894198928626002e+00 8.240335383556337545e-01
-3.705144004811576242e+00 1.179278778151242824e+00 1.034212214104813565e+00
-3.694801882670528226e+00 1.352356718451876549e+00 9.519431501874612289e-01
-3.685282451168653495e+00 1.613301671777174429e+00 7.767114921925897253e-01
-3.677515336246727440e+00 1.673053527470003132e+00 8.942164838819051109e-01
-3.668573171407908173e+00 1.245792077939811282e+00 8.072577914949571332e-01
-3.660500593492958643e+00 9.656268232683496988e-01 6.439216142289623246e-01
-3.654061377350668938e+00 9.465408629241822691e-01 6.862842516619601652e-01
-3.647198534834049433e+00 6.064620178288919750e-01 8.328337186531403757e-01
-3.638870197647518179e+00 9.227877191368757392e-01 8.740688190194811913e-01
-3.630129509457323156e+00 9.715437715548271846e-01 1.102585298826438631e+00
-3.619103656469058627e+00 1.138556646329529354e+00 1.039829628458233124e+00
-3.608705360184476518e+00 1.329264058780197821e+00 6.856175479713664256e-01
-3.601849184704762674e+00 1.417012437048178031e+00 7.932841449938633493e-01
-3.593916343254824231e+00 1.659344774368411546e+00 8.678490561641707401e-01
-3.585237852693182514e+00 1.519773757204905928e+00 9.386567090614595932e-01
-3.575851285602567931e+00 1.265971007505430457e+00 9.689409392435417434e-01
-3.566161876210132586e+00 1.488902343006791362e+00 9.466695299718318468e-01
-3.556695180910414145e+00 1.642317720058612540e+00 1.036809633378435347e+00
-3.546327084576629929e+00 1.644353266310838224e+00 1.209150187888062389e+00
-3.534235582697749400e+00 1.620253951427764072e+00 1.166067629939173012e+00
-3.522574906398357797e+00 1.705210113096269575e+00 1.402545022353800741e+00
-3.508549456174819614e+00 2.080054210518898383e+00 1.419503294313832820e+00
-3.494354423231681217e+00 2.106105396202974767e+00 1.505802374860528925e+00
-3.479296399483076119e+00 2.048631520437908637e+00 1.880505515871280231e+00
-3.460491344324363450e+00 1.844337709958007387e+00 2.089403076221092004e+00
-3.439597313562152703e+00 2.122723289353390275e+00 2.200729542001558237e+00
-3.417590018142137254e+00 2.006446509495476427e+00 1.883356849452906268e+00
-3.398756449647608147e+00 1.932892684921330373e+00 2.036778332101031097e+00
-3.378388666326597622e+00 1.781048732205334550e+00 2.203078178052850777e+00
-3.356357884546069315e+00 1.825851898052733180e+00 2.090345370427348026e+00
-3.335454430841795936e+00 2.432083755303115602e+00 2.052664025430535055e+00
-3.314927790587490541e+00 2.573220277093474007e+00 2.020215439181082484e+00
-3.294725636195679819e+00 2.365485884184992837e+00 1.993656358629320335e+00
-3.274789072609386675e+00 2.551745633548470504e+00 2.474523278909823709e+00
-3.250043839820288660e+00 2.873290564725857976e+00 2.378424040755506841e+00
-3.226259599412733436e+00 3.163072958326196282e+00 2.150509829384591232e+00
-3.204754501118887600e+00 3.172378556015279294e+00 2.286729873831321314e+00
-3.181887202380574209e+00 3.424468847964786899e+00 2.216978241104185621e+00
-3.159717419969532148e+00 3.266355172561111520e+00 2.376670206345842029e+00
-3.135950717906073937e+00 3.070075349253022168e+00 2.472835032929313392e+00
-3.111222367576780723e+00 3.111944325313632742e+00 2.795505423928639210e+00
-3.083267313337494375e+00 3.320239142950700550e+00 2.661025136756276943e+00
-3.056657061969931810e+00 3.270675398227129715e+00 2.121267934371702246e+00
-3.035444382626214743e+00 3.088651021774632355e+00 2.375557676528777584e+00
-3.011688805860926799e+00 2.800211891632326644e+00 2.389545215310794113e+00
-2.987793353707818955e+00 2.929220959860565632e+00 2.562657547493463639e+00
-2.962166778232884212e+00 3.151209448988739670e+00 2.088033010293942393e+00
-2.941286448129944997e+00 3.334718596355990883e+00 2.113510340607351878e+00
-2.920151344723871389e+00 3.582864373521708501e+00 2.322098307325188848e+00
-2.896930361650619457e+00 3.566930062284179748e+00 2.049552998727651953e+00
-2.876434831663342795e+00 3.731070347673156373e+00 2.324822974737772885e+00
-2.853186601915965070e+00 4.048961313664332096e+00 2.137186350759094911e+00
-2.831814738408374055e+00 4.046409321874293141e+00 1.847125660593071039e+00
-2.813343481802443424e+00 4.047631548913748212e+00 2.173147442910016380e+00
-2.791612007373343474e+00 3.949083736888814311e+00 2.431342455790269863e+00
-2.767298582815440611e+00 3.811717567143118934e+00 2.373998137266506880e+00
-2.743558601442775746e+00 3.458560998595573199e+00 2.298080417390484520e+00
-2.720577797268870945e+00 3.401468719616008496e+00 2.048625583595511834e+00
-2.700091541432915854e+00 3.249596821746937536e+00 2.422407303790440558e+00
-2.675867468395011439e+00 3.157901253877926084e+00 2.212844106905384578e+00
-2.653739027325957789e+00 3.230627339160603295e+00 2.581136773699298725e+00
-2.627927659588964904e+00 3.135137949916118050e+00 2.076163727003015325e+00
-2.607166022318934573e+00 3.001263440061050947e+00 2.361959844238852302e+00
-2.583546423876545983e+00 2.827062348179963269e+00 2.517600238325127915e+00
-2.558370421493294522e+00 2.675637450604866796e+00 2.442054417772743236e+00
-2.533949877315567090e+00 2.674999448430865900e+00 2.209173789951097255e+00
-2.511858139416056179e+00 2.382548616954152099e+00 2.278790294535272043e+00
-2.489070236470703357e+00 2.297217379314893115e+00 2.081097913430825397e+00
-2.468259257336395063e+00 2.224237055523409001e+00 2.535107423666123960e+00
-2.442908183099733677e+00 2.147585311435344479e+00 2.252311223784876137e+00
-2.420385070861884813e+00 2.250103441040751218e+00 2.531413979561465855e+00
-2.395070931066270337e+00 2.130832645878429688e+00 2.240647071182300554e+00
-2.372664460354447336e+00 2.498789437710038808e+00 2.354775429208270321e+00
-2.349116706062364557e+00 2.905905257574693756e+00 2.294638749164905622e+00
-2.326170318570715434e+00 2.578926447509949149e+00 2.282762602187939915e+00
-2.303342692548835835e+00 2.699418055025294638e+00 2.128074883622031344e+00
-2.282061943712615726e+00 2.490694460401245092e+00 2.298479460106007455e+00
-2.259077149111555549e+00 2.639663025412979813e+00 2.378188765076273636e+00
-2.235295261460792826e+00 2.526499778552609321e+00 2.356181236021066550e+00
-2.211733449100582227e+00 2.624553664665534747e+00 2.443587326946766503e+00
-2.187297575831114393e+00 2.800476670466491846e+00 1.935878200768414992e+00
-2.167938793823430466e+00 2.469202229557009964e+00 1.786580263351925213e+00
-2.150072991189911242e+00 2.433418078092943304e+00 1.801628560474427765e+00
-2.132056705585167133e+00 2.247634298259879593e+00 1.812453447157982733e+00
-2.113932171113587444e+00 2.125110952836639644e+00 1.871380667046351975e+00
-2.095218364443123704e+00 2.258306583167376758e+00 1.625576222518453129e+00
-2.078962602217939271e+00 2.349821290986216837e+00 1.682154130910981760e+00
-2.062141060908829537e+00 2.417222430022102131e+00 1.670374536644381180e+00
-2.045437315542385726e+00 2.276611271568877992e+00 1.593613621288651139e+00
-2.029501179329499028e+00 2.228517774305796006e+00 1.420858024916209494e+00
-2.015292599080336977e+00 2.345267766918367691e+00 1.252450359854596629e+00
-2.002768095481791022e+00 2.476458455503922629e+00 1.222378349295017319e+00
-1.990544311988840853e+00 2.376021626590067548e+00 1.427176219065438012e+00
-1.976272549798186562e+00 2.324222491664620804e+00 1.229509254491604642e+00
-1.963977457253270442e+00 2.401331865922982090e+00 1.336285872480180936e+00
-1.950614598528468635e+00 2.797432038827171397e+00 1.005441236690004736e+00
-1.940560186161568668e+00 3.106957046035942138e+00 1.144341362221290792e+00
-1.929116772539355651e+00 3.126322290992689990e+00 1.139889475587879453e+00
-1.917717877783476910e+00 3.108875777254849204e+00 1.134045693935558097e+00
-1.906377420844121318e+00 3.200127874898919256e+00 8.728019194152298876e-01
-1.897649401649968981e+00 3.269132657275061860e+00 6.741648255764449704e-01
-1.890907753394204471e+00 3.178407217954127617e+00 7.577380026144785452e-01
-1.883330373368059751e+00 3.535098908728320222e+00 6.992783340916480794e-01
-1.876337590027143287e+00 3.502899126636631166e+00 5.661314682111143748e-01
-1.870676275345032114e+00 3.653927509764662851e+00 7.751003616486284997e-01
-1.862925271728545829e+00 3.299151022448916226e+00 1.112845601122496308e+00
-1.851796815717320799e+00 3.023288103616541100e+00 1.289880696226070711e+00
-1.838898008755060154e+00 2.843812518946431389e+00 1.243301767324369811e+00
-1.826464991081816480e+00 2.567477345334113537e+00 1.065767186750037565e+00
-1.815807319214316040e+00 2.713945579219074311e+00 1.456769310308285714e+00
-1.801239626111233116e+00 2.741938929471810393e+00 1.612662799686132464e+00
-1.785112998114371852e+00 2.574397523600752358e+00 1.288948822131606775e+00
-1.772223509893055882e+00 2.858257239545007433e+00 1.538763593435999111e+00
-1.756835873958695782e+00 3.181300073159045283e+00 1.749204435469428720e+00
-1.739343829604001579e+00 2.917322129899613703e+00 1.695595288764578878e+00
-1.722387876716355848e+00 2.967082695109598767e+00 1.906001295335051360e+00
-1.703327863763005379e+00 3.360912398245881505e+00 1.772351680035835431e+00
-1.685604346962646938e+00 3.380913463983092893e+00 1.790544810997662939e+00
-1.667698898852670197e+00 3.347505452940102266e+00 1.838796534169825581e+00
-1.649310933510971910e+00 3.313311249122315338e+00 2.027966865168489008e+00
-1.629031264859287065e+00 3.048049992655514906e+00 1.811959459473729606e+00
-1.610911670264549844e+00 3.077633478204572448e+00 2.134076944752029803e+00
-1.589570900817029564e+00 3.224459673538256244e+00 2.268022822434418995e+00
-1.566890672592685441e+00 2.867282751321639012e+00 2.125004137609101118e+00
-1.545640631216594452e+00 3.004725174021403156e+00 1.936195829080263664e+00
-1.526278672925791779e+00 2.991315624088703551e+00 1.534103758142433716e+00
-1.510937635344367536e+00 3.164015515593369798e+00 1.704186945016932242e+00
-1.493895765894198258e+00 3.124635446905004610e+00 1.718542086776799760e+00
-1.476710345026430282e+00 3.205898197362178514e+00 1.771669347188528532e+00
-1.458993651554544968e+00 2.885431176091490357e+00 1.806066189663486865e+00
-1.440932989657910168e+00 2.782078038213982918e+00 1.518931576752044599e+00
-1.425743673890389696e+00 2.722844492500833269e+00 1.416611882211695761e+00
-1.411577555068272760e+00 2.666838026256868943e+00 1.527428973412308100e+00
-1.396303265334149613e+00 2.689271757892531145e+00 1.633984561705240202e+00
-1.379963419717097128e+00 2.636093874468068865e+00 1.451568932129550626e+00
-1.365447730395801695e+00 2.475011209930211287e+00 1.498076901350572143e+00
-1.350466961382295938e+00 2.311932281938413603e+00 1.578951325926017057e+00
-1.334677448123035681e+00 2.408497223196520487e+00 1.714649053934105938e+00
-1.317530957583694651e+00 2.306997753815477559e+00 1.465956816950633179e+00
-1.302871389414188341e+00 2.463045250942804909e+00 1.658779734804515904e+00
-1.286283592066143289e+00 2.595566224412439560e+00 2.059214940248829784e+00
-1.265691442663654964e+00 2.694721948416623825e+00 2.004305450578887982e+00
-1.245648388157866160e+00 2.833002975679795643e+00 1.817518377838466481e+00
-1.227473204379481597e+00 3.115139284281458920e+00 1.719937600952361256e+00
-1.210273828369957894e+00 2.904788785039595034e+00 1.686036277798258265e+00
-1.193413465591975253e+00 3.188404661473924318e+00 1.810437884341857817e+00
-1.175309086748556719e+00 3.099246209481580028e+00 2.135737505771675426e+00
-1.153951711690839987e+00 3.055968239674918152e+00 1.912266619492076103e+00
-1.134829045495919120e+00 2.668486666945603769e+00 1.871000708134170187e+00
-1.116119038414577380e+00 2.659722210326342484e+00 1.795597727999678428e+00
-1.098163061134580509e+00 2.518224512253784297e+00 1.696635165081451513e+00
-1.081196709483766005e+00 2.521398299187600056e+00 1.287789354147486520e+00
-1.068318815942291167e+00 2.567250990971259750e+00 1.547439796210650309e+00
-1.052844417980184577e+00 2.932284964465606603e+00 1.645838461547900478e+00
-1.036386033364705472e+00 3.134987180508754800e+00 1.514151852611804294e+00
-1.021244514838587358e+00 3.041755009026215983e+00 1.694958316629157746e+00
-1.004294931672295776e+00 3.299177959841671726e+00 1.522880748490742064e+00
-9.890661241873883736e-01 3.661222669654347062e+00 1.460384858305115774e+00
-9.744622756043371803e-01 3.965193689135992461e+00 1.704055590590311420e+00
-9.574217196984340372e-01 4.177144873028669103e+00 1.837483216350910054e+00
-9.390468875349249345e-01 4.308045581017902137e+00 1.663108100653311938e+00
-9.224158065283918351e-01 4.212742021670143444e+00 1.730349168402876670e+00
-9.051123148443630528e-01 4.471498357248198552e+00 1.474500560778267078e+00
-8.903673092365803621e-01 4.059743781261028417e+00 1.746371810151681192e+00
-8.729035911350635502e-01 4.153001291915391135e+00 1.817256523479070518e+00
-8.547310259002728339e-01 4.325116958329729755e+00 1.756122361213620087e+00
-8.371698022881366441e-01 4.420830178015567213e+00 1.694580639658314292e+00
-8.202239958915534812e-01 4.333333426440083791e+00 1.524950554789837653e+00
-8.049744903436550914e-01 4.083796619069747891e+00 1.232295890132592220e+00
-7.926515314423291381e-01 3.835162216156015269e+00 1.426210727774652964e+00
-7.783894241645825662e-01 3.746046550113528717e+00 1.739702694027568386e+00
-7.609923972243068935e-01 3.643054105896636141e+00 1.809544866234574556e+00
-7.428969485619612012e-01 3.700289943311122709e+00 2.041910180375766437e+00
-7.224778467582035901e-01 3.458991884230866898e+00 2.055204013022398968e+00
-7.019258066279796537e-01 3.297019344833539645e+00 2.270821446812425481e+00
-6.792175921598554433e-01 2.842881179624674015e+00 2.558367921865615013e+00
-6.536339129411993243e-01 2.847220052506588495e+00 2.752850217930352450e+00
-6.261054107618957421e-01 2.665641587592133099e+00 2.551340899238526028e+00
-6.005920017695104418e-01 2.142863659410023658e+00 2.814276906542953594e+00
-5.724492327040808792e-01 2.007034250200468772e+00 3.140377470991718933e+00
-5.410454579941637032e-01 1.925991420357773043e+00 3.123370870467308436e+00
-5.098117492894905789e-01 2.013471827085358434e+00 3.192906828119720153e+00
-4.778826810082933974e-01 1.919697224879747921e+00 3.397650562750854863e+00
-4.439061753807848620e-01 1.845774779579425706e+00 3.406081128373742217e+00
-4.098453640970474154e-01 1.741189543336359113e+00 3.436954953684766334e+00
-3.754758145601997388e-01 1.885506628833272469e+00 3.550546309066221706e+00
-3.399703514695375239e-01 1.836885182135545636e+00 3.484896574911739098e+00
-3.051213857204201352e-01 2.114045288435670411e+00 3.069786231650091679e+00
-2.744235234039192339e-01 2.139343966945151276e+00 3.160254126924655793e+00
-2.428209821346726804e-01 2.036461883761181646e+00 3.377358364718842765e+00
-2.090473984874842428e-01 1.670588690792101261e+00 3.341744635354345849e+00
-1.756299521339407810e-01 1.584925869859677761e+00 3.547909068693001267e+00
-1.401508614470107772e-01 1.690430585552015197e+00 3.419105749361699420e+00
-1.059598039533937719e-01 1.710125345312986100e+00 3.064271895584863348e+00
-7.531708499754513619e-02 1.784371101947397786e+00 3.056343920752369048e+00
-4.475364579002144572e-02 1.934484416350364278e+00 3.197365599810926273e+00
-1.277998979191218021e-02 1.930704776716192894e+00 3.034676299505933539e+00
1.756677320314715615e-02 1.815729173762913984e+00 3.099916176164833281e+00
4.856593496479548466e-02 1.457174249381217868e+00 3.426499595547529253e+00
8.283093092027077331e-02 1.763948680426118409e+00 3.529671628367338609e+00
1.181276472039441694e-01 1.645838792908863146e+00 3.416096197748490049e+00
1.522886091814290577e-01 1.666687735881504429e+00 3.821186999021694231e+00
1.905004791716460033e-01 1.986653084286641224e+00 4.035317735802374628e+00
2.308536565296697429e-01 2.019531779233972202e+00 4.226961646943298234e+00
2.731232729991027175e-01 2.239569082223817009e+00 4.136563960082706437e+00
3.144889125999297819e-01 2.466885864685542273e+00 4.247112715718825982e+00
3.569600397571180417e-01 2.560037044667967443e+00 4.183610099425900231e+00
3.987961407513770373e-01 2.693628289897677774e+00 4.395818957024327567e+00
4.427543303216203152e-01 2.848408021684195379e+00 4.574992533060854960e+00
4.885042556522288804e-01 2.770494558752480962e+00 4.209753027666681469e+00
5.306017859288957306e-01 2.588950084932000628e+00 4.402463549217951133e+00
5.746264214210752286e-01 2.263868854504369477e+00 4.642400240978761694e+00
6.210504238308628411e-01 2.203197897227326951e+00 4.967652162566677632e+00
6.707269454565296662e-01 2.093250638887330872e+00 5.034975534594130053e+00
7.210767008024709934e-01 2.074706228813536057e+00 5.106661491312590506e+00
7.721433157155969118e-01 1.915796623318270608e+00 4.981490898829281200e+00
8.219582247038896838e-01 1.888709399209485884e+00 4.987882680809911484e+00
8.718370515119887587e-01 1.969118810520873675e+00 5.013665028497593212e+00
9.219737017969646953e-01 2.091378706692067269e+00 4.935984763467215153e+00
9.713335494316368557e-01 2.053959197450115681e+00 5.116445917066831939e+00
1.022498008602305219e+00 2.185488125800845172e+00 5.434666068614140144e+00
1.076844669288446577e+00 2.330334164371307804e+00 5.207197800131656784e+00
1.128916647289763153e+00 2.618093020514093983e+00 5.129533233650755086e+00
1.180211979626270669e+00 2.670661677122831534e+00 5.358560825528509319e+00
1.233797587881555691e+00 2.739835242640398238e+00 5.420896594520830725e+00
1.288006553826763989e+00 3.053794685456995062e+00 5.075463367411430227e+00
1.338761187500878247e+00 2.979647883940435005e+00 4.886273356840789006e+00
1.387623921069286226e+00 2.859706266369101968e+00 4.875911124301063104e+00
1.436383032312296804e+00 2.996265513432499361e+00 5.194058353312641430e+00
1.488323615845423165e+00 2.766963782916237236e+00 4.987119673950120458e+00
1.538194812584924298e+00 2.904845919305117707e+00 5.157819800615391692e+00
1.589773010591078117e+00 2.656986766767020836e+00 5.426329603346855990e+00
1.644036306624546695e+00 2.909884973541746245e+00 5.465134649748253359e+00
1.698687653122029184e+00 2.613101145814305859e+00 5.314341815528448976e+00
1.751831071277313745e+00 2.560408332541310727e+00 5.426218566051525194e+00
1.806093256937828961e+00 2.593811519643130836e+00 5.509290250417530288e+00
1.861186159442004273e+00 2.651712803708715427e+00 5.441293580010062136e+00
1.915599095242104921e+00 2.794802345975651914e+00 5.312529269778051066e+00
1.968724387939885467e+00 2.680966464716909581e+00 5.223437514422240469e+00
2.020958763084107712e+00 3.168337412101489559e+00 5.119732520987598789e+00
2.072156088293983789e+00 3.019540854970180987e+00 4.916151464951365568e+00
2.121317602943497249e+00 2.737810630657547151e+00 4.523801483131697054e+00
2.166555617774814202e+00 2.701265637565758215e+00 4.681661871094122240e+00
2.213372236485755540e+00 2.673347445023258828e+00 4.787610484814344147e+00
2.261248341333899070e+00 2.726407755657323850e+00 4.712887855128659709e+00
2.308377219885185738e+00 2.553788834223506665e+00 5.095925423728354886e+00
2.359336474122469163e+00 2.627723010763075795e+00 4.972948496310515942e+00
2.409065959085574526e+00 2.599838744381473443e+00 5.009102254634492546e+00
2.459156981631919425e+00 2.810961070933689410e+00 5.223369858462990400e+00
2.511390680216549320e+00 2.477473009440370522e+00 4.937450579734924183e+00
2.560765186013898465e+00 2.382362999303818896e+00 4.882114184266484358e+00
2.609586327856563415e+00 2.188899731398858961e+00 5.250873883187288094e+00
2.662095066688436429e+00 2.138757586396409227e+00 5.644915827305282185e+00
2.718544224961489064e+00 2.017727369112095825e+00 5.641330578274261320e+00
2.774957530744231793e+00 1.627007504212122813e+00 5.728485865578718972e+00
2.832242389400018823e+00 1.766579596165758881e+00 5.589871269218521732e+00
2.888141102092204093e+00 1.915152166162381153e+00 5.508428706136558439e+00
2.943225389153569793e+00 2.077049057895336670e+00 5.313902212501233180e+00
2.996364411278582107e+00 2.119262678218836626e+00 5.294386981999860353e+00
3.049308281098580764e+00 1.728749589049854096e+00 5.218050443064215393e+00
3.101488785529222802e+00 1.366045432390777581e+00 5.270501178807517562e+00
3.154193797317297765e+00 1.167792112563307061e+00 5.010408181753214230e+00
3.204297879134829774e+00 1.025754799453945099e+00 4.812527051498771691e+00
3.252423149649817269e+00 7.183222953379996278e-01 4.678036363187466407e+00
3.299203513281692146e+00 7.073769254080387592e-01 4.489957571613438780e+00
3.344103088997826490e+00 7.866580207297850791e-01 4.573897180060543022e+00
3.389842060798431866e+00 9.439836146466071831e-01 4.436801785856475000e+00
3.434210078656996679e+00 6.761649017873143652e-01 4.390232537384878952e+00
3.478112404030845539e+00 7.494915890728248709e-01 4.516026025252497078e+00
3.523272664283370492e+00 5.306005582949693267e-01 4.404314798037250789e+00
3.567315812263743169e+00 6.071309238825940424e-01 4.450383828671493625e+00
3.611819650550458061e+00 9.167447179688272829e-01 4.633396262693208811e+00
3.658153613177390184e+00 1.090105371784363175e+00 4.572642845450922700e+00
3.703880041631899545e+00 9.418141615202334505e-01 4.417672690023759507e+00
3.748056768532137095e+00 4.972994903366028119e-01 4.251440368797255509e+00
3.790571172220109641e+00 3.657385965537396921e-01 4.012661385787167134e+00
3.830697786077981171e+00 5.086733978619029095e-01 3.909328323164741104e+00
3.869791069309628462e+00 1.539983695238773542e-01 3.975486409162601209e+00
3.909545933401254558e+00 2.267746151404487209e-01 3.651506970877385960e+00
3.946061003110028498e+00 1.704930413738106054e-01 3.665010159560084357e+00
3.982711104705629168e+00 -1.252794069371643282e-02 3.637010177783578158e+00
4.019081206483464896e+00 4.652100140361986602e-02 3.843178513697069310e+00
4.057512991620435550e+00 -1.707032452779339571e-01 3.791018002112640506e+00
4.095423171641561666e+00 -6.282387545730041545e-01 3.578540150958863020e+00
4.131208573151150532e+00 -1.005905657203274295e+00 3.626414912818336056e+00
4.167472722279334185e+00 -1.132498187841514792e+00 3.394237129487728488e+00
4.201415093574211390e+00 -1.052036864951677586e+00 3.218676626664121354e+00
4.233601859840852910e+00 -8.239140736603516313e-01 3.201304896395582134e+00
4.265614908804808536e+00 -1.209998157370825611e+00 3.299722837955032961e+00
4.298612137184359305e+00 -1.208251695540734527e+00 3.369087618056215039e+00
4.332303013364921185e+00 -1.577503038694923809e+00 3.331376994564331007e+00
4.365616783310564131e+00 -1.400161232280388912e+00 3.368960566136273371e+00
4.399306388971926829e+00 -1.288111989151630166e+00 3.241077742220117131e+00
4.431717166394127716e+00 -1.127930846084959970e+00 3.086886651584140218e+00
4.462586032909968914e+00 -9.555022448712322536e-01 2.763905247598585024e+00
4.490225085385954884e+00 -6.932118885224862748e-01 2.510569082172191102e+00
4.515330776207676422e+00 -7.417602348010049473e-01 2.388242962583415618e+00
4.539213205833510401e+00 -9.226509206256109374e-01 2.305055942445716877e+00
4.562263765257967840e+00 -6.262901645700107434e-01 2.120104319741951571e+00
4.583464808455387285e+00 -6.763799772095746565e-01 2.082934833495079463e+00
4.604294156790338377e+00 -6.680317225953245064e-01 2.394468683785239804e+00
4.628238843628190935e+00 -3.052484475520028107e-01 2.170108067435808863e+00
4.649939924302548988e+00 -6.040788519086677244e-01 1.961066912027979336e+00
4.669550593422829188e+00 -1.020748207274007502e+00 2.022254589147171711e+00
4.689773139314301176e+00 -6.629677576056667299e-01 1.959160156026158450e+00
4.709364740874562472e+00 -4.299461275387093107e-01 1.939852665071867044e+00
4.728763267525280867e+00 -3.630677026011258635e-01 2.082448102341219798e+00
4.749587748548693256e+00 -4.715608012439444496e-01 1.789256651114820684e+00
4.767480315059841267e+00 -6.337897536568789514e-01 1.424833342619189924e+00
4.781728648486033073e+00 -5.082434337098848953e-01 1.353036566183104306e+00
4.795259014147863930e+00 -4.852763807459100076e-01 1.488691072522726033e+00
4.810145924873091339e+00 -5.044120749185044827e-01 1.337395276865575688e+00
4.823519877641746945e+00 -5.246057947568228963e-01 1.570539676252359573e+00
4.839225274404270749e+00 -7.112809685509138280e-01 1.470880126612050809e+00
4.853934075670391479e+00 -6.499745946711479316e-01 1.309686271700832405e+00
4.867030938387399530e+00 -6.397614756665834790e-01 1.400316644404852928e+00
4.881034104831448062e+00 -7.852428935062862880e-01 1.452181404283686028e+00
4.895555918874284984e+00 -7.645377012865675059e-01 1.388015307747306970e+00
4.909436071951757796e+00 -1.130795701376314355e+00 1.052684263222364747e+00
4.919962914583981828e+00 -1.148773591270712657e+00 1.039880606973071719e+00
4.930361720653712254e+00 -1.245287260889014425e+00 8.590622649360568630e-01
4.938952343303072645e+00 -1.134513624467394344e+00 8.292617494415968071e-01
4.947244960797488211e+00 -1.112985311064878635e+00 8.498964115835668798e-01
4.955743924913323717e+00 -1.029300142344686142e+00 6.861018717472601169e-01
4.962604943630796406e+00 -6.759728543237049081e-01 8.145411795914232478e-01
4.970750355426710954e+00 -8.141640305800423860e-01 6.905174514885972226e-01
4.977655529941596768e+00 -1.059361441770540591e+00 1.047567671043381887e+00
4.988131206652030691e+00 -1.462525297065417895e+00 7.841662203767804096e-01
4.995972868855798055e+00 -1.607610133878247805e+00 7.753816517207645642e-01
5.003726685373005800e+00 -1.134299927440516109e+00 1.043184368902386305e+00
5.014158529062029857e+00 -1.108039947296918237e+00 1.098427982564644356e+00
5.025142808887676615e+00 -8.888350363006262134e-01 1.106589207912809902e+00
5.036208700966804841e+00 -1.448206197555655272e+00 1.223054967100050128e+00
5.048439250637805742e+00 -1.390212316446745033e+00 1.063756035214175055e+00
5.059076810989947326e+00 -1.548385699474758459e+00 6.790322083540600850e-01
5.065867133073488127e+00 -1.657495440132129128e+00 5.883752001673503429e-01
5.071750885075161364e+00 -1.893451142809632115e+00 8.499581513836429458e-01
5.080250466588998037e+00 -1.778381034380988934e+00 1.259288625173474063e+00
5.092843352840732862e+00 -1.984792188689927794e+00 1.252225839239127225e+00
5.105365611233124490e+00 -2.133174418398773309e+00 1.084761707084275661e+00
5.116213228303966964e+00 -2.485962663655761240e+00 1.232732343012263421e+00
5.128540551734089625e+00 -2.352732055155835056e+00 1.185852419961033632e+00
5.140399075933699713e+00 -2.473240687333509324e+00 1.312119198331413994e+00
5.153520267917014230e+00 -2.491989322424059239e+00 1.567351376298910637e+00
5.169193781680003319e+00 -2.785030710426028122e+00 1.381907280106295044e+00
5.183012854481066078e+00 -3.060505091301085834e+00 1.321185973899991595e+00
5.196224714220066154e+00 -2.785280415556388611e+00 9.170298617871666114e-01
5.205395012837938040e+00 -2.901654203958677236e+00 7.639302624868329339e-01
5.213034315462806489e+00 -2.520388458836768208e+00 8.385318775098670185e-01
5.221419634237904894e+00 -2.564402283231111301e+00 1.017349893481465983e+00
5.231593133172719234e+00 -2.551186774167063298e+00 1.002860977350784166e+00
5.241621742946227513e+00 -2.248441405103843937e+00 7.675704935362789305e-01
5.249297447881589918e+00 -2.027300064437562721e+00 9.767437678498746001e-01
5.259064885560088776e+00 -1.911199571633596328e+00 1.125759069368564846e+00
5.270322476253774369e+00 -1.768110674477309852e+00 8.752392487077712557e-01
5.279074868740852189e+00 -1.554981684491881788e+00 8.350588449370350830e-01
5.287425457190222389e+00 -1.742575329123533301e+00 9.848717077886941507e-01
5.297274174268109093e+00 -1.800610673536073847e+00 1.046897440749654518e+00
5.307743148675605482e+00 -1.938168727327615803e+00 8.951514872130680311e-01
5.316694663547735900e+00 -1.531871479196170505e+00 1.192820852369885998e+00
5.328622872071434813e+00 -1.358871330617343665e+00 1.245980372140348846e+00
5.341082675792838685e+00 -1.426778804548833213e+00 1.185831842615301834e+00
5.352940994218991833e+00 -1.351605707918029697e+00 1.256236103810815852e+00
5.365503355257099649e+00 -1.120231655660250736e+00 1.109628010019179545e+00
5.376599635357291795e+00 -1.419453284923282599e+00 1.422856787957642588e+00
5.390828203236868177e+00 -1.631120291461185090e+00 1.388589741918124343e+00
5.404714100656049069e+00 -1.488995713076434413e+00 1.427803584156974281e+00
5.418992136497618795e+00 -1.880079551690411188e+00 1.623331687590420236e+00
5.435225453373522697e+00 -2.057657583407046076e+00 1.915947959422630298e+00
5.454384932967749400e+00 -1.848815943602021061e+00 1.995854222465163419e+00
5.474343475192401165e+00 -2.085533015387363243e+00 2.013385645235295840e+00
5.494477331644754159e+00 -1.976845127999703688e+00 1.925097694218055544e+00
5.513728308586935078e+00 -1.930844680786501399e+00 1.998338316591895536e+00
5.533711691752854378e+00 -1.985198923442675456e+00 2.125584112160201045e+00
5.554967532874456104e+00 -2.173111432404351451e+00 2.004492378326801827e+00
5.575012456657724158e+00 -2.116244407558869778e+00 1.983357461056570736e+00
5.594846031268289721e+00 -2.470786895705403108e+00 1.752052724857278365e+00
5.612366558516862725e+00 -2.826085435960988157e+00 1.720911516061447433e+00
5.629575673677477354e+00 -2.803909751568787634e+00 1.603945699062724994e+00
5.645615130668104165e+00 -2.948926729239563116e+00 1.611910797102193316e+00
5.661734238639126282e+00 -2.765523148278195009e+00 1.792259987894460949e+00
5.679656838518070572e+00 -2.869226180746693888e+00 2.056828759665934481e+00
5.700225126114729868e+00 -2.474552374996261683e+00 1.974457229934806657e+00
5.719969698414077541e+00 -2.499884763096752671e+00 2.069243509139266468e+00
5.740662133505470166e+00 -2.217356874949747869e+00 2.353817501779942756e+00
5.764200308523269811e+00 -2.097099555702776286e+00 2.380643504632918184e+00
5.788006743569598989e+00 -1.798227206169481507e+00 2.573366363045934690e+00
5.813740407200058691e+00 -1.717032714443460950e+00 2.473646660454079438e+00
5.838476873804599343e+00 -1.997769404169131180e+00 2.307608282238528652e+00
5.861552956626984390e+00 -1.672646029359017961e+00 2.230896272089194277e+00
5.883861919347876501e+00 -1.288342973083011156e+00 2.022850934249778465e+00
5.904090428690373926e+00 -1.009841328700926022e+00 2.062025778630642403e+00
5.924710686476680088e+00 -1.118825292332942478e+00 1.864738525544151093e+00
5.943358071732121495e+00 -9.394451428424730466e-01 1.756280818902012042e+00
5.960920879921141946e+00 -1.154248279594774385e+00 1.914575141271587899e+00
5.980066631333857963e+00 -1.226351692146967709e+00 1.922276756596320801e+00
5.999289398899820824e+00 -1.323038260487481965e+00 1.511694641616134760e+00
6.014406345315982172e+00 -1.077830745645724342e+00 1.683299078244107072e+00
6.031239336098423109e+00 -1.379256747811149708e+00 1.809022051580457591e+00
6.049329556614227776e+00 -1.096119926744824058e+00 1.586084843446626369e+00
6.065190405048694444e+00 -1.093384011792889909e+00 1.596300469614200468e+00
6.081153409744836758e+00 -9.360354434324272832e-01 1.336448330052255606e+00
6.094517893045359180e+00 -1.081363571870957996e+00 1.145495131391963461e+00
6.105972844359278895e+00 -8.937199243258586723e-01 9.753716642939714854e-01
6.115726561002218453e+00 -1.450057548455509604e+00 7.308528492084990225e-01
6.123035089494303307e+00 -1.411745138430867907e+00 8.172534308328335273e-01
6.131207623802631623e+00 -1.544817444037427379e+00 8.091745475375141661e-01
6.139299369278006679e+00 -1.746357491172121579e+00 3.409436369027258884e-01
6.142708805647034254e+00 -1.866199979649931340e+00 1.612547449768847452e-02
6.142870060392010778e+00 -1.887339383382505842e+00 -2.288644423181880883e-01
6.140581415968829226e+00 -1.841691857144482913e+00 -2.402451810300639257e-01
6.138178964158528927e+00 -1.922969766641545508e+00 -1.731248550760895732e-01
6.136447715607768139e+00 -1.985322726013293959e+00 -8.126707463588711544e-02
6.135635044861409426e+00 -1.989695204043879784e+00 -4.468750143942614161e-01
6.131166294717466769e+00 -2.190693748774087624e+00 -3.978397317014467083e-01
6.127187897400451888e+00 -2.359105574399569250e+00 -9.093765454768050205e-01
6.118094131945683856e+00 -2.358437516800806488e+00 -8.471223901128420719e-01
6.109622908044555878e+00 -2.385181083919809097e+00 -3.699568327531507217e-01
6.105923339717024056e+00 -2.267586129106156090e+00 -5.277689289925162619e-01
6.100645650427098943e+00 -2.272974042845315790e+00 -4.907252401817439047e-01
6.095738398025281946e+00 -2.414787025142410393e+00 -5.475192098515649919e-01
6.090263205926766510e+00 -2.558255578666229990e+00 -5.764994467335220474e-01
6.084498211459431261e+00 -2.255420422703036110e+00 -2.590976764212735151e-01
6.081907234695218101e+00 -2.163266991033303999e+00 -1.695938488709602399e-01
6.080211296206508464e+00 -2.403880631470473261e+00 -1.525319839475205996e-01
6.078685976367033561e+00 -2.727574681040118243e+00 -1.243582344027458209e-01
6.077442394023005789e+00 -3.027790117477350051e+00 -2.247299313936910736e-01
6.075195094709068933e+00 -3.296945467266982899e+00 -3.238358152523744815e-01
6.071956736556544776e+00 -3.458674048799141865e+00 -4.337785099732338612e-01
6.067618951456812404e+00 -3.552734144836764862e+00 -2.423519570535914713e-01
6.065195431886276189e+00 -3.752466383236567893e+00 -1.784642507618177387e-01
6.063410789378657739e+00 -4.063943550561439189e+00 -2.157693628338332448e-01
6.061253095750319453e+00 -4.342937654072866138e+00 -4.257123422772089993e-01
6.056995972327547051e+00 -4.449919729638130761e+00 -5.405104900159590775e-01
6.051590867427387721e+00 -4.622301497842384421e+00 -6.015857763439881323e-01
6.045575009663948229e+00 -4.291145228582474047e+00 -4.708328961165212379e-01
6.040866680702783320e+00 -3.976670580914226427e+00 -2.015863180157668744e-01
6.038850817522625647e+00 -4.338144243784404885e+00 -9.338654469629739663e-02
6.037916952075662813e+00 -4.070787381390474025e+00 1.922114387015680381e-01
6.039839066462678652e+00 -4.182681937228819535e+00 5.783951861997105315e-01
6.045623018324675968e+00 -4.271263265563049139e+00 3.370737828301320071e-01
6.048993756152976964e+00 -3.934152792839895607e+00 2.909245624991922963e-01
6.051903001777969138e+00 -4.197852627328224173e+00 2.495785610010801681e-01
6.054398787387979652e+00 -4.198214074624355696e+00 2.663133796517515584e-01
6.057061921184497599e+00 -4.430289356268633405e+00 3.534264418185055767e-01
6.060596185602682873e+00 -4.536731912827099755e+00 -7.034609701493615974e-02
6.059892724632533145e+00 -4.339871739107024062e+00 -1.665078427736825240e-01
6.058227646204795924e+00 -4.203546485394123344e+00 -2.284577977139883309e-01
6.055943068227655601e+00 -4.159312974679523656e+00 6.963942559718669378e-02
6.056639462483627057e+00 -4.296785287843618129e+00 4.236779872201573149e-01
6.060876242355828225e+00 -4.308840283413700512e+00 4.590375191803213184e-01
6.065466617547631500e+00 -3.780851949263155820e+00 6.066163734855196665e-01
6.071532781282487079e+00 -3.888617091035598161e+00 5.527269632788696097e-01
6.077060050915275902e+00 -4.075079291787527147e+00 2.206985360535901330e-01
6.079267036275811442e+00 -4.249844039432200127e+00 2.472912864764528484e-01
6.081739949140575696e+00 -4.253754560391882045e+00 6.547312557607712913e-01
6.088287261698183350e+00 -4.309864399797063150e+00 3.662659775979478782e-01
6.091949921474163254e+00 -3.877110934312903101e+00 1.230487907615909204e-01
6.093180409381779405e+00 -3.789649729056709493e+00 1.345617529986833094e-01
6.094526026911766259e+00 -3.962732165548615182e+00 4.379394252025535783e-01
6.098905421163792084e+00 -3.930462359769683722e+00 5.406652831381502100e-01
6.104312073995173726e+00 -3.959048531022688611e+00 2.458451829676799871e-01
6.106770525824850360e+00 -3.871690751447879109e+00 -5.515761392401175023e-02
6.106218949685610298e+00 -4.080034734502687499e+00 -5.877673170142192621e-02
6.105631182368596477e+00 -4.104758178000469826e+00 -2.944245420816126169e-01
6.102686936947780083e+00 -4.369340021979327915e+00 -5.834182848101033825e-01
6.096852754099678862e+00 -4.212480841551752953e+00 -5.719957490215052953e-01
6.091132796609463718e+00 -4.115758882213476966e+00 -7.541527812659407637e-01
6.083591268796804563e+00 -4.130456581547220729e+00 -8.719450528413934531e-01
6.074871818268390733e+00 -4.147325737095608922e+00 -1.055492389006917220e+00
6.064316894378321443e+00 -4.308345267109393362e+00 -1.248610493223553553e+00
6.051830789446086101e+00 -4.236155234426242977e+00 -1.239229673308833268e+00
6.039438492712998041e+00 -4.278324555791666484e+00 -1.629273638968514737e+00
6.023145756323312838e+00 -4.574017159592451698e+00 -1.741555711860912181e+00
6.005730199204704078e+00 -4.640174965546149721e+00 -1.634816791107909006e+00
5.989382031293624564e+00 -4.399902887208943625e+00 -1.527252997520449185e+00
5.974109501318420001e+00 -4.252047223654786379e+00 -1.384130592748575861e+00
5.960268195390934665e+00 -4.125161756930019408e+00 -1.277951768096680762e+00
5.947488677709968030e+00 -3.839642022071456218e+00 -1.483510667056833654e+00
5.932653571039399942e+00 -4.104626251775910006e+00 -1.588142950711912027e+00
5.916772141532280926e+00 -4.168808107518652939e+00 -1.702770844438094677e+00
5.899744433087899864e+00 -4.377858512355468079e+00 -1.658464130057076602e+00
5.883159791787329063e+00 -4.363014666970391531e+00 -1.961286057544227246e+00
5.863546931211886637e+00 -4.568980255605127105e+00 -1.837902606859617372e+00
5.845167905143290099e+00 -4.297165018475773479e+00 -1.782930483438373015e+00
5.827338600308906713e+00 -4.312371528891097761e+00 -1.390254320298105029e+00
5.813436057105925592e+00 -4.603402745575635890e+00 -1.501373244675913377e+00
5.798422324659166627e+00 -4.185225815528350601e+00 -1.342638345486121931e+00
5.784995941204305048e+00 -4.289117311027160540e+00 -1.388026148150794725e+00
5.771115679722797154e+00 -3.995586542770804162e+00 -1.207691560233992156e+00
5.759038764120457010e+00 -3.973842805839100656e+00 -1.475826785620480752e+00
5.744280496264252633e+00 -3.934836478829918160e+00 -1.799103712182827053e+00
5.726289459142424043e+00 -3.800585279255892068e+00 -1.899538404895970034e+00
5.707294075093463981e+00 -3.817747835825253677e+00 -2.032951601352467996e+00
5.686964559079939363e+00 -3.763640763115570831e+00 -1.850892498073916315e+00
5.668455634099200502e+00 -3.734681845881585360e+00 -1.837225113061394133e+00
5.650083382968586143e+00 -3.723003982158166636e+00 -1.939836102761399728e+00
5.630685021940972312e+00 -3.657157895153459126e+00 -2.048140630521017247e+00
5.610203615635762198e+00 -3.893708329868259987e+00 -2.020845992526234092e+00
5.589995155710499652e+00 -4.187505914589298328e+00 -2.148721130969249327e+00
5.568507944400806764e+00 -4.341075552921796366e+00 -2.237725087342345542e+00
5.546130693527383748e+00 -4.570744893885887450e+00 -2.241901032094253399e+00
5.523711683206441236e+00 -4.724494792591919179e+00 -2.151057582032883886e+00
5.502201107386112788e+00 -4.413586051265532717e+00 -2.091523759735633980e+00
5.481285869788756315e+00 -4.195494344860354552e+00 -2.240744254872815144e+00
5.458878427240028586e+00 -4.092712051715281518e+00 -2.661319958240691452e+00
5.432265227657621764e+00 -3.959901717596634008e+00 -2.652171426910554075e+00
5.405743513388515886e+00 -4.066363005486461013e+00 -2.434310414594436089e+00
5.381400409242571570e+00 -3.796428956958557865e+00 -2.290247726492265823e+00
5.358497931977648676e+00 -3.908896918161985479e+00 -2.142169607666619235e+00
5.337076235900982901e+00 -3.864172003543354883e+00 -2.188982900929115516e+00
5.315186406891691639e+00 -3.722102167855600552e+00 -2.510134497867271275e+00
5.290085061913019082e+00 -3.626902651227167595e+00 -2.263021020608606992e+00
5.267454851706933283e+00 -3.606999089194205865e+00 -2.372484000544663019e+00
5.243730011701486227e+00 -3.687969168093286232e+00 -2.268512034520283827e+00
5.221044891356283024e+00 -3.742205863029465007e+00 -2.307279914170695889e+00
5.197972092214576456e+00 -3.832371085854449966e+00 -2.292764706506330352e+00
5.175044445149513450e+00 -3.722733116163066569e+00 -2.231641337928675028e+00
5.152728031770227091e+00 -3.553152755214812331e+00 -2.180346606369967688e+00
5.130924565706527218e+00 -3.308029858766890818e+00 -2.087138253027074786e+00
5.110053183176256120e+00 -3.503598829095691869e+00 -2.195979473555416561e+00
5.088093388440701581e+00 -3.365883240815130684e+00 -2.206679624820063967e+00
5.066026592192501177e+00 -3.245924405439096994e+00 -2.108704351503522645e+00
5.044939548677465524e+00 -3.351459057340715031e+00 -2.433643000933754408e+00
5.020603118668128140e+00 -3.372881620317146556e+00 -2.639511740114972138e+00
4.994208001266978059e+00 -3.510989034560185296e+00 -2.655640722259110742e+00
4.967651594044387053e+00 -3.891342970956641167e+00 -2.750828930687651219e+00
4.940143304737510732e+00 -3.850157505394278257e+00 -2.454712477752380995e+00
4.915596179959987211e+00 -3.969207017681894545e+00 -2.202677099811140238e+00
4.893569408961876199e+00 -3.534154726473255348e+00 -2.390869479199777992e+00
4.869660714169878446e+00 -3.396042668342531101e+00 -2.518970531074454566e+00
4.844471008859134287e+00 -3.268645639691592386e+00 -2.618388627287299819e+00
4.818287122586260907e+00 -2.989863178651660292e+00 -2.598348172233813536e+00
4.792303640863922354e+00 -2.826329126832967553e+00 -2.905329095229802761e+00
4.763250349911624326e+00 -2.681495747436462462e+00 -3.234165681957672511e+00
4.730908693092047201e+00 -2.649424705321486329e+00 -3.271990693424154717e+00
4.698188786157805552e+00 -2.540131312830959942e+00 -3.087672102953199271e+00
4.667312065128273346e+00 -2.837832640516411153e+00 -3.495267709037732207e+00
4.632359388037896153e+00 -2.779597504997462831e+00 -3.745807503097204894e+00
4.594901313006924504e+00 -2.558190884481704508e+00 -3.671941193738228915e+00
4.558181901069541908e+00 -2.500271566150029212e+00 -3.568142054915099504e+00
4.522500480520390553e+00 -2.764217216837006053e+00 -3.443579999259064994e+00
4.488064680527799943e+00 -2.449897217054862519e+00 -3.534414292465120067e+00
4.452720537603148898e+00 -2.505975085260208068e+00 -3.454302836843641700e+00
4.418177509234712197e+00 -2.237560677704058421e+00 -3.389701066324872336e+00
4.384280498571463625e+00 -2.231536453816018728e+00 -3.204771809119918657e+00
4.352232780480264296e+00 -2.052018673916847114e+00 -3.420933877986244376e+00
4.318023441700401754e+00 -2.200394915229455073e+00 -3.492140090256556917e+00
4.283102040797835741e+00 -2.253592817802795079e+00 -3.434708862900972548e+00
4.248754952168826371e+00 -2.150759443605793741e+00 -3.335994278887806974e+00
4.215395009379948377e+00 -2.405283835375698231e+00 -3.340124303580804366e+00
4.181993766344140440e+00 -2.302311900792239019e+00 -3.042130138275352280e+00
4.151572464961386544e+00 -2.672769254728344812e+00 -2.980260543034213505e+00
4.121769859531044133e+00 -2.674364447887378926e+00 -2.714374335594808230e+00
4.094626116175096087e+00 -2.665057907297730733e+00 -2.736523798930842410e+00
4.067260878185787298e+00 -2.392175531503765384e+00 -2.519077951563403417e+00
4.042070098670153655e+00 -2.417173524366727388e+00 -2.412422804336341375e+00
4.017945870626790317e+00 -2.592391441605546909e+00 -2.554858382263839545e+00
3.992397286804151957e+00 -2.468730694345564469e+00 -2.631054307253824831e+00
3.966086743731613851e+00 -2.607351594757123081e+00 -2.766572724564079433e+00
3.938421016485972981e+00 -2.849963368918441819e+00 -2.714412941498308030e+00
3.911276887070989972e+00 -3.003598496494320980e+00 -2.735506700559015236e+00
3.883921820065399988e+00 -3.084364841273584457e+00 -2.570979665144673465e+00
3.858212023413953418e+00 -3.099264101525915027e+00 -2.382288848909641210e+00
3.834389134924856890e+00 -2.858535210595946285e+00 -2.186631215925403104e+00
3.812522822765602726e+00 -3.166742076812652407e+00 -2.222494684659101605e+00
3.790297875919011794e+00 -3.483363485796771020e+00 -2.188932331314435320e+00
3.768408552605867268e+00 -3.444866989764678422e+00 -2.455191013654292931e+00
3.743856642469324481e+00 -3.441953678614951162e+00 -2.788048342571569194e+00
3.715976159043608895e+00 -3.245228988507529166e+00 -2.585076476444164939e+00
3.690125394279167192e+00 -3.537910347787481591e+00 -2.107956362100214420e+00
3.669045830658165031e+00 -3.390986814609528999e+00 -1.640698455433243330e+00
3.652638846103832382e+00 -3.551067030359863708e+00 -1.472706772771041894e+00
3.637911778376122118e+00 -3.656165243064937620e+00 -1.266740848727055724e+00
3.625244369888851459e+00 -3.747908029311771916e+00 -1.219861986024775025e+00
3.613045750028603731e+00 -3.640561703361844703e+00 -1.287869774765127096e+00
3.600167052280952351e+00 -3.612820974320615885e+00 -1.231782883943713491e+00
3.587849223441515356e+00 -3.543770333204988354e+00 -1.269391705384143698e+00
3.575155306387673981e+00 -3.584837270405487164e+00 -1.232400134529282321e+00
3.562831305042381214e+00 -3.394524306565325666e+00 -1.038154669303740896e+00
3.552449758349343956e+00 -3.405164331726785676e+00 -1.309384946490278923e+00
3.539355908884441071e+00 -3.650160828626964893e+00 -1.445312728914416533e+00
3.524902781595296908e+00 -3.527175984518863494e+00 -1.526306725313304913e+00
3.509639714342164041e+00 -3.477225065006154914e+00 -1.334984061923960796e+00
3.496289873722924213e+00 -3.294178410965317383e+00 -1.114923669028690112e+00
3.485140637032637212e+00 -3.023554164066069028e+00 -9.914921318881471102e-01
3.475225715713755825e+00 -3.140969906139270851e+00 -1.041140863589100629e+00
3.464814307077864974e+00 -3.368103645782587474e+00 -9.496281748091349728e-01
3.455318025329773501e+00 -3.405313370501013459e+00 -9.871606137977551043e-01
3.445446419191795950e+00 -3.481419797363034974e+00 -1.151590427615649892e+00
3.433930514915639609e+00 -3.243644572837518059e+00 -1.169405219562957621e+00
3.422236462720010142e+00 -3.157921204522045500e+00 -1.211606697525129839e+00
3.410120395744758781e+00 -2.908701802608132603e+00 -1.196154804467026267e+00
3.398158847700088359e+00 -3.158306912383779697e+00 -1.253346449822959396e+00
3.385625383201858796e+00 -3.380688661336649581e+00 -1.252419777199787809e+00
3.373101185429860926e+00 -3.855483155903240089e+00 -1.618609896056100173e+00
3.356915086469300036e+00 -3.436830296004638186e+00 -1.810227514368188961e+00
3.338812811325618135e+00 -3.211884218130415469e+00 -1.750777872457245143e+00
3.321305032601045593e+00 -3.078310281732848708e+00 -1.564899153520099340e+00
3.305656041065844430e+00 -3.391613032660076854e+00 -1.424239378804429412e+00
3.291413647277800170e+00 -3.638283123827459775e+00 -1.206283277007243138e+00
3.279350814507727918e+00 -3.550293163233219307e+00 -1.212757495377493999e+00
3.267223239553953107e+00 -3.692259705302574524e+00 -1.109162741310492750e+00
3.256131612140848119e+00 -3.680053559338329894e+00 -1.210551951933555914e+00
3.244026092621512536e+00 -3.866402748685301649e+00 -1.187333492580048278e+00
3.232152757695712086e+00 -3.660250035803655599e+00 -1.216975213823832114e+00
3.219983005557473632e+00 -3.581561521891014177e+00 -9.898321085749551829e-01
3.210084684471723904e+00 -3.595509804436060719e+00 -7.952152464597882497e-01
3.202132532007126109e+00 -3.797943654930608037e+00 -7.237302470356125061e-01
3.194895229536769854e+00 -3.556637991641264485e+00 -8.954640124204160667e-01
3.185940589412565860e+00 -3.846825937604461565e+00 -9.032881158747051442e-01
3.176907708253818630e+00 -3.687463618262922793e+00 -9.525044542100891132e-01
3.167382663711717949e+00 -3.554091882920447087e+00 -9.901355119058747878e-01
3.157481308592659186e+00 -3.425445711498731782e+00 -7.648003410212573794e-01
3.149833305182446530e+00 -3.314537294479301455e+00 -4.553039023848218791e-01
3.145280266158598348e+00 -3.439976652353313735e+00 -3.170729686871530117e-01
3.142109536471726638e+00 -3.358482666156916263e+00 -6.574704766222777552e-01
3.135534831705503844e+00 -3.337933230029515475e+00 -5.882487222600371046e-01
3.129652344482903636e+00 -3.423882592412469617e+00 -5.790850064667889541e-01
3.123861494418235907e+00 -3.479842798870488085e+00 -6.371003841940359180e-01
3.117490490576295681e+00 -3.354961659095246240e+00 -4.876426790097949659e-01
3.112614063786197871e+00 -3.164485342371508025e+00 -8.641719488021489814e-01
3.103972344298176367e+00 -3.398942839447905317e+00 -6.850533949667401146e-01
3.097121810348508752e+00 -3.270357473768042311e+00 -8.804584485706024033e-01
3.088317225862802662e+00 -3.155848333267248229e+00 -7.593472088802668551e-01
3.080723753773999984e+00 -3.435392962637180858e+00 -6.243563322606827670e-01
3.074480190451393202e+00 -3.350015298609056114e+00 -4.316929048660736457e-01
3.070163261402732324e+00 -3.278831429957069776e+00 -3.111251963541246113e-01
3.067052009439191096e+00 -3.156100718317239817e+00 -3.517655166189079252e-01
3.063534354273001803e+00 -2.931757216623822604e+00 -3.574563931358569757e-01
3.059959790341643338e+00 -2.760209945308640389e+00 -4.715593947993928503e-01
3.055244196393649414e+00 -2.500391623892565196e+00 -8.479075991196722839e-01
3.046765120402452620e+00 -2.620742178804136291e+00 -8.364724769877269761e-01
3.038400395632575357e+00 -2.800114353641433684e+00 -9.745319620295482821e-01
3.028655076012279679e+00 -2.592726607691278495e+00 -8.346191470785687683e-01
3.020308884541493821e+00 -2.406671401113733122e+00 -8.465326757350486453e-01
3.011843557784143144e+00 -2.863235194191703137e+00 -6.958996542155331255e-01
3.004884561241987662e+00 -3.142269952962512658e+00 -6.245897322416066322e-01
2.998638663919571457e+00 -3.191572627988092492e+00 -5.271731052509462945e-01
2.993366932867061792e+00 -3.083045058737171384e+00 -2.057266518635233465e-01
2.991309666348426433e+00 -3.070296381127026741e+00 -1.417071206064559330e-01
2.989892595142361831e+00 -3.347820282992145735e+00 5.400756941009193790e-03
2.989946602711771817e+00 -3.570664589321933757e+00 -5.269024212153515518e-02
2.989419700290556481e+00 -3.495470443141588390e+00 -7.293403464229313016e-02
2.988690359944133679e+00 -3.251404669538166203e+00 3.510912864923884102e-01
2.992201272809057677e+00 -3.557107311864586840e+00 2.929966165701386460e-02
2.992494269425627795e+00 -4.025387101576242799e+00 -1.058389476556275688e-01
2.991435879949071452e+00 -4.246576154882549581e+00 -2.145283103931331647e-01
2.989290596845139980e+00 -3.880070254337122826e+00 4.903209196949068205e-02
2.989780917764834900e+00 -4.293224346038864603e+00 1.143238299483480824e-01
2.990924156064318495e+00 -4.124568830597332258e+00 1.855028762421182809e-01
2.992779184826739769e+00 -3.871132824053176602e+00 1.035615546328695624e-01
2.993814800373068685e+00 -3.936836539140950553e+00 1.929200427505093629e-01
2.995744000800573570e+00 -4.120278468724706045e+00 4.497368445174069196e-01
3.000241369245747691e+00 -4.629924395124723091e+00 5.714662679157124225e-01
3.005956031924904792e+00 -4.957267614818356982e+00 2.904234368892689711e-01
3.008860266293797547e+00 -5.050113830348314181e+00 1.215843527671270075e-01
3.010076109821469004e+00 -4.619818697380422279e+00 4.181463611763598376e-01
3.014257573433232640e+00 -4.270056059854193009e+00 3.008277027118304026e-01
3.017265850460351118e+00 -4.467810519267446878e+00 2.338495963580002057e-01
3.019604346423931052e+00 -4.644580047687293600e+00 2.728809202891194219e-01
3.022333155626822254e+00 -4.552220172849786195e+00 3.201601403695111259e-01
3.025534757030517330e+00 -4.597947893014155518e+00 8.173383753443166366e-01
3.033708140783960339e+00 -4.677376534253196994e+00 9.340265033112576942e-01
3.043048405817073032e+00 -4.788562885854351414e+00 1.005356296443456365e+00
3.053101968781507747e+00 -4.623235607993540164e+00 1.082894274682744795e+00
3.063930911528335077e+00 -4.278714560259803790e+00 1.262635734512300933e+00
3.076557268873457929e+00 -4.121785203014924015e+00 1.149022825190358477e+00
3.088047497125361307e+00 -3.846134103005566018e+00 1.208580051467963434e+00
3.100133297640041086e+00 -3.788640064470119029e+00 1.293089907654310311e+00
3.113064196716584409e+00 -3.966636503428491167e+00 9.959482096402354490e-01
3.123023678812986592e+00 -4.131255130751090299e+00 1.205087266614705888e+00
3.135074551479133831e+00 -3.717013111621640498e+00 1.139030997108314125e+00
3.146464861450216866e+00 -3.537239992612734252e+00 1.049103577650979169e+00
3.156955897226726648e+00 -3.533478680492729840e+00 1.431858313419451356e+00
3.171274480360921189e+00 -3.554387009433506606e+00 1.006131682908524283e+00
3.181335797190006254e+00 -3.673392674343277875e+00 1.028236043916147757e+00
3.191618157629167563e+00 -3.837209511210855517e+00 7.877476834520314997e-01
3.199495634463688010e+00 -3.661223320702958084e+00 7.297108992513076098e-01
3.206792743456201134e+00 -3.731846301182827563e+00 6.779779219767291254e-01
3.213572522675968379e+00 -3.879978076372642803e+00 8.289732870909067852e-01
3.221862255546877662e+00 -3.801604303916822580e+00 7.186921930364160715e-01
3.229049177477241628e+00 -3.789396978703036822e+00 6.807840523429697921e-01
3.235857018000671381e+00 -3.717962162833366335e+00 4.881741012382314615e-01
3.240738759013053638e+00 -4.034468226489232201e+00 4.206749918174551017e-01
3.244945508931228240e+00 -4.109464841157432602e+00 2.685204148946507274e-01
3.247630713080174925e+00 -3.864321427146727217e+00 4.129972877489970218e-01
3.251760685957664876e+00 -3.829115605657346322e+00 4.700323311983587438e-01
3.256461009269648432e+00 -3.850754023810143867e+00 6.517175743415813960e-01
3.262978185013064358e+00 -4.037324063956483577e+00 5.958824082749095696e-01
3.268937009095813639e+00 -3.927763981617287126e+00 7.740209876557692104e-01
3.276677218972371186e+00 -4.106431598390172688e+00 6.244495773216318657e-01
3.282921714745587582e+00 -4.550795258110220232e+00 4.740384973273791824e-01
3.287662099718861253e+00 -4.486100936406349327e+00 1.741391789956492353e-01
3.289403491508817723e+00 -4.494506407914308888e+00 4.909948233384346661e-02
3.289894486332156198e+00 -4.417759367294283201e+00 2.998665688149153297e-03
3.289924472989037785e+00 -4.296335783514146911e+00 2.612524321414317896e-01
3.292536997310452129e+00 -4.396876636986148057e+00 2.372489046271973601e-01
3.294909486356724315e+00 -4.416917202051861224e+00 3.304615284560414312e-01
3.298214101641284923e+00 -4.339793103590658951e+00 1.838612189383859730e-01
3.300052713830668782e+00 -4.329243543190772314e+00 1.092823382140841182e-01
3.301145537212809788e+00 -4.465453030545031510e+00 4.154785566520915463e-01
3.305300322779330724e+00 -4.373736263174970773e+00 2.770078275577194660e-01
3.308070401054907794e+00 -4.196849211580106598e+00 8.017705044799888769e-02
3.308872171559387620e+00 -4.294133576011489595e+00 -8.397825735421299287e-02
3.308032388985845618e+00 -4.406270573384341915e+00 -9.193459494161254630e-02
3.307113043036429278e+00 -4.018010694915752801e+00 1.469690393117258909e-01
3.308582733429546341e+00 -3.776702129755498127e+00 -1.951623452832162986e-02
3.308387571084263179e+00 -3.732580823035673401e+00 -1.181582867966760736e-01
3.307205988216296522e+00 -3.957402454089188559e+00 -1.916345140540037795e-03
3.307186824764891231e+00 -3.876875097089226063e+00 1.395439824374074822e-01
3.308582264589265520e+00 -3.614179923983315668e+00 9.475788170244664466e-03
3.308677022470968065e+00 -3.556525311584770144e+00 -6.607608442339393817e-02
3.308016261626734345e+00 -3.484574309811958148e+00 -2.691935192748077244e-01
3.305324326433986215e+00 -3.653287329460635391e+00 -4.143924236602238298e-01
3.301180402197383845e+00 -3.648607910919182906e+00 -5.202252149848519691e-01
3.295978150047535138e+00 -3.587654035893802273e+00 -5.258773349791751039e-01
3.290719376697743392e+00 -3.478744555704273544e+00 -6.040434310758358016e-01
3.284678942386984879e+00 -3.432919080842124604e+00 -5.390647056241076873e-01
3.279288295330743619e+00 -3.495277009682235647e+00 -8.797254936904777001e-01
3.270491040393838755e+00 -3.558504044778543651e+00 -1.159005107231702691e+00
3.258900989321521724e+00 -3.391142000504829390e+00 -1.292184498288852179e+00
3.245979144338633215e+00 -3.504056990396010374e+00 -1.328529661908469217e+00
3.232693847719548597e+00 -3.563034870254432107e+00 -1.393249341492654336e+00
3.218761354304621847e+00 -3.800237951520329283e+00 -1.558637349544737649e+00
3.203174980809174510e+00 -3.870964211291973101e+00 -1.504784250144629798e+00
3.188127138307728092e+00 -3.619676215454324719e+00 -1.216195789246403702e+00
3.175965180415264211e+00 -3.864135465257604540e+00 -8.984374953564381316e-01
3.166980805461699688e+00 -3.854137057892324858e+00 -7.032590933890612295e-01
3.159948214527809274e+00 -3.829130582632194635e+00 -6.982429471904691987e-01
3.152965785055904746e+00 -3.804085425314722713e+00 -5.333373300968110575e-01
3.147632411754936577e+00 -3.815445582521189039e+00 -8.763082566454426514e-01
3.138869329188481938e+00 -3.800646267256856614e+00 -9.038503221569680335e-01
3.129830825966912311e+00 -3.395433374748860977e+00 -8.244320012581995982e-01
3.121586505954330182e+00 -3.544214348345684051e+00 -8.398346485235234082e-01
3.113188159469094884e+00 -3.565536883137556234e+00 -8.921248252870083162e-01
3.104266911216224667e+00 -3.594953918678480687e+00 -8.500848875901679813e-01
3.095766062340322922e+00 -3.286593530333188795e+00 -1.007781905469718131e+00
3.085688243285625632e+00 -3.292598067524088012e+00 -9.099715030421029471e-01
3.076588528255204569e+00 -3.665059488968982926e+00 -7.629409388586931851e-01
3.068959118866617430e+00 -3.759315279997660131e+00 -7.983854370520763188e-01
3.060975264496096582e+00 -3.972464298571728225e+00 -5.546678572863350531e-01
3.055428585923233076e+00 -3.802682186853513002e+00 -9.323709043787431483e-01
3.046104876879445644e+00 -3.941878512921551447e+00 -7.560318289636416278e-01
3.038544558589809430e+00 -3.857363915144026656e+00 -6.719406224183577248e-01
3.031825152365625886e+00 -4.149792425704208476e+00 -6.217352234737776318e-01
3.025607800130888148e+00 -4.049076124997317727e+00 -8.185619566305408767e-01
3.017422180564582668e+00 -3.981951155892404337e+00 -4.581718616077259387e-01
3.012840461948505411e+00 -4.132461401827117520e+00 -9.953360045547314794e-01
3.002887101902957934e+00 -4.164213718125438390e+00 -1.298095264158462880e+00
2.989906149261373436e+00 -4.272474320222394262e+00 -1.080376252338447474e+00
2.979102386737988883e+00 -4.375860050886114294e+00 -9.876213711933680139e-01
2.969226173026055182e+00 -4.467185735927294843e+00 -1.007176351258230351e+00
2.959154409513472750e+00 -4.384499391748659214e+00 -6.881592770398827774e-01
2.952272816743073847e+00 -4.277656995339425450e+00 -4.643967840750505283e-01
2.947628848902323462e+00 -4.144269335475036620e+00 -4.469234413380634985e-01
2.943159614488942921e+00 -4.425851289127394672e+00 -3.644170749305860046e-01
2.939515443739637135e+00 -4.569876505677463285e+00 -2.322350868321974571e-01
2.937193092871315248e+00 -4.165784058017162117e+00 -1.254776717240302653e-01
2.935938316154075078e+00 -4.506727902142054987e+00 -4.582550175405835091e-01
2.931355765978669314e+00 -4.786983667224123273e+00 -1.498675502898886291e-01
2.929857090475770587e+00 -4.993004342162306486e+00 -1.798806201168619279e-01
2.928058284274602130e+00 -4.793969587375243258e+00 -1.876143932541819714e-01
2.926182140342060478e+00 -4.453784631526695570e+00 1.371927727707282219e-01
2.927554068069767812e+00 -4.692087862342585680e+00 -2.079618867719036091e-01
2.925474449202048799e+00 -4.500904591021384960e+00 -4.536264604203841255e-01
2.920938184597845044e+00 -4.240282712598831161e+00 -4.128470903347853382e-01
2.916809713694497042e+00 -3.919702352341255747e+00 -3.587196973562459812e-01
2.913222516720934685e+00 -4.207692406127285345e+00 -3.839022106296269277e-02
2.912838614510305124e+00 -3.625685177481808186e+00 -6.248044497219330112e-02
2.912213810060582997e+00 -3.493244786606030328e+00 -1.579882324445502362e-01
2.910633927736137494e+00 -3.829949988238713576e+00 -2.939568638039845028e-01
2.907694359098097703e+00 -4.020875964709253125e+00 -4.580723643528362699e-01
2.903113635454569241e+00 -4.273614287241736420e+00 -9.137490441673208341e-01
2.893976145012896239e+00 -4.137227874660649896e+00 -1.086086256034571873e+00
2.883115282452550332e+00 -3.979885436514670971e+00 -7.555965066015113418e-01
2.875559317386535252e+00 -3.832733074083493285e+00 -7.739759242233468228e-01
2.867819558144301784e+00 -3.694945679080551049e+00 -7.966096973606300313e-01
2.859853461170695610e+00 -3.625419108416326530e+00 -7.052918552560307752e-01
2.852800542618135093e+00 -3.216951980665604172e+00 -7.910548390088086856e-01
2.844889994228047225e+00 -3.157058186697429658e+00 -8.536712066378218111e-01
2.836353282161669043e+00 -3.388899024571364826e+00 -7.123709517802621072e-01
2.829229572643866319e+00 -3.723708587527379876e+00 -4.665002711641845767e-01
2.824564569932224600e+00 -3.684962626895563531e+00 -4.011721140479278525e-01
2.820552848791745504e+00 -3.554513152074687099e+00 -6.073919990095590915e-01
2.814478928801650071e+00 -3.545029169355332854e+00 -4.823970165791978681e-01
2.809654958635857902e+00 -3.307940466600754359e+00 -2.935524196035463884e-01
2.806719434439822525e+00 -3.400596852487725918e+00 -3.744453210340080163e-01
2.802974981229482410e+00 -3.701510377737444735e+00 -4.428220309964175927e-02
2.802532159198486195e+00 -3.583103063164670754e+00 -2.038685092122201614e-01
2.800493474106363845e+00 -3.456752546331054443e+00 -1.627608806761005056e-01
2.798865865299602795e+00 -3.331854591846362901e+00 -3.186358396647296365e-01
2.795679506902955413e+00 -3.381188556808136347e+00 -4.992502459039352414e-01
2.790687004443916042e+00 -3.313718114588697805e+00 -3.489686486770597895e-01
2.787197317957145426e+00 -3.309807043556568740e+00 -6.350722974900533391e-01
2.780846594982244735e+00 -3.420286441884691886e+00 -6.975842582538680503e-01
2.773870752399706152e+00 -3.457526184048787421e+00 -7.651327238834060296e-01
2.766219425160872269e+00 -3.873950151557694177e+00 -6.347390440958172730e-01
2.759872034719914158e+00 -3.849476097225186244e+00 -3.052182989704846361e-01
2.756819851730209159e+00 -4.013426599687168306e+00 -2.307273428280749994e-01
2.754512578301928194e+00 -4.033196162638102322e+00 -3.811736063034963928e-01
2.750700842238893440e+00 -4.310883045375918599e+00 -4.760984257459842661e-01
2.745939857981433807e+00 -4.005136239452125935e+00 -4.691963739135102673e-01
2.741247894242298866e+00 -3.538000040398076695e+00 -4.394587965770762605e-01
2.736853306276528119e+00 -3.572987847177352183e+00 -6.544434734812616394e-01
2.730308871541715643e+00 -3.328971277774784632e+00 -5.348378564639992838e-01
2.724960492977075432e+00 -3.054525734872623577e+00 -6.527968234687803184e-01
2.718432524742387724e+00 -3.050258510404150414e+00 -3.677796496088758249e-01
2.714754728246298932e+00 -3.109795337676426907e+00 -4.934634033560288402e-01
2.709820094212738617e+00 -2.840730530093426243e+00 -4.373203128019503838e-01
2.705446891084719141e+00 -3.149237252537444132e+00 -6.208428870843016867e-01
2.699238462213876311e+00 -3.174605696389591003e+00 -9.773690758573281290e-01
2.689464771455302827e+00 -3.376647615241298084e+00 -1.102342566012057823e+00
2.678441345795182116e+00 -3.168062923391045338e+00 -1.071473748724298902e+00
2.667726608307939173e+00 -3.164823672970438206e+00 -1.056108421040715895e+00
2.657165524097532039e+00 -3.337434184865226250e+00 -1.288501093585240342e+00
2.644280513161679558e+00 -3.099633487214358496e+00 -1.372956621472264604e+00
2.630550946946956792e+00 -2.948440213921967867e+00 -1.397411244146376630e+00
2.616576834505492943e+00 -3.279870911574659154e+00 -1.196420008816158731e+00
2.604612634417331485e+00 -3.364032227281019694e+00 -1.404645634053917291e+00
2.590566178076792347e+00 -3.390762532488689640e+00 -1.505566062426463070e+00
2.575510517452527903e+00 -3.429056459095977782e+00 -1.366978324124288324e+00
2.561840734211285220e+00 -3.525372860430306510e+00 -1.427827373719057213e+00
2.547562460474094514e+00 -3.328094862744252591e+00 -1.289667531211087015e+00
2.534665785161983820e+00 -3.556650101260441676e+00 -1.271132810022855164e+00
2.521954457061755139e+00 -3.323512292078941055e+00 -1.097012439693005881e+00
2.510984332664825125e+00 -3.596322944727435189e+00 -1.047059227686423233e+00
2.500513740387960926e+00 -3.667747631114645745e+00 -7.738851339856243072e-01
2.492774889048104736e+00 -3.464138539908020231e+00 -9.283696895299532459e-01
2.483491192152805116e+00 -3.032970971183191367e+00 -9.444257492025551759e-01
2.474046934660779407e+00 -3.114854609306634714e+00 -9.494391268005313300e-01
2.464552543392774187e+00 -3.206147301737883648e+00 -1.049785940087901270e+00
2.454054683991895303e+00 -3.227423884277172306e+00 -1.157022351361678414e+00
2.442484460478278496e+00 -3.274078015992585300e+00 -8.928965881777370939e-01
2.433555494596501223e+00 -3.188540759707347405e+00 -8.334237893787054263e-01
2.425221256702714268e+00 -2.910816486708489581e+00 -6.692415009107700596e-01
2.418528841693606601e+00 -2.793600698336282218e+00 -9.213672228836959910e-01
2.409315169464769646e+00 -2.590376134972695699e+00 -1.029729858646144969e+00
2.399017870878308312e+00 -2.548336333633213879e+00 -9.981657472580446333e-01
2.389036213405727693e+00 -2.306054424055258067e+00 -8.983054337127877043e-01
2.380053159068599822e+00 -2.285722154453184274e+00 -1.117305980088696638e+00
2.368880099267713035e+00 -2.268783238386762324e+00 -1.237863906057363295e+00
2.356501460207139242e+00 -2.365357444919353735e+00 -1.074334025281024063e+00
2.345758119954329146e+00 -2.250359377535769312e+00 -1.351891060933893218e+00
2.332239209344990183e+00 -2.518994762926106468e+00 -1.143404290661155676e+00
2.320805166438378642e+00 -2.417009600019207394e+00 -1.129739991169356195e+00
2.309507766526685213e+00 -2.118857656804464362e+00 -1.340033202978734295e+00
2.296107434496897692e+00 -2.178793750319729217e+00 -1.110168577173866300e+00
2.285005748725159158e+00 -1.849322836291774852e+00 -1.054120668579077602e+00
2.274464542039368542e+00 -1.901101502874348537e+00 -9.559434773641022343e-01
2.264905107265727580e+00 -1.613145069124298558e+00 -9.161690025988862285e-01
2.255743417239738591e+00 -1.517190208279223018e+00 -6.554973372812253896e-01
2.249188443866926512e+00 -1.499711787967362708e+00 -3.145165080449847106e-01
2.246043278786476804e+00 -1.368237960350821680e+00 -3.360407014091430500e-01
2.242682871772385234e+00 -1.455135310847239127e+00 -5.773989117933054915e-01
2.236908882654452313e+00 -1.084253978396471307e+00 -6.475740533645500951e-01
2.230433142120806789e+00 -1.189385677379081185e+00 -6.460192369982340477e-01
2.223972949750824490e+00 -8.805634463906626408e-01 -9.569587315255609905e-01
2.214403362435569012e+00 -9.155777025104551159e-01 -9.766075865821414181e-01
2.204637286569747445e+00 -8.932436799697203167e-01 -8.580796349699376657e-01
2.196056490220048119e+00 -8.794244644524531473e-01 -9.694877137117914323e-01
2.186361613082930422e+00 -9.205878535082286929e-01 -9.336610762701956778e-01
2.177025002320228442e+00 -9.942648573132958356e-01 -9.619208315082815597e-01
2.167405794005145658e+00 -7.322048037922792574e-01 -8.973772729629909684e-01
2.158432021275515922e+00 -9.196220368875210882e-01 -1.058021137307543658e+00
2.147851809902440401e+00 -1.095125703250839466e+00 -1.227448657353910066e+00
2.135577323328901489e+00 -9.800641808997951898e-01 -8.900564833001063381e-01
2.126676758495900543e+00 -1.197091335655338096e+00 -1.097310168149228771e+00
2.115703656814408085e+00 -9.965541010733892646e-01 -9.221550371650388822e-01
2.106482106442757907e+00 -1.026128086176633980e+00 -1.091052571919764347e+00
2.095571580723560423e+00 -9.817525011366559085e-01 -1.145753634137470778e+00
2.084114044382185504e+00 -1.319533647181582836e+00 -1.341369704914843641e+00
2.070700347333036984e+00 -1.382362143463804260e+00 -1.256085258573159003e+00
2.058139494747305509e+00 -9.044967602076263713e-01 -1.271912205554306619e+00
2.045420372691762356e+00 -1.084067506400228309e+00 -1.572001147720193615e+00
2.029700361214560544e+00 -7.655266644064919745e-01 -1.633439577502111995e+00
2.013365965439539274e+00 -9.156618919954238045e-01 -1.992698810167290668e+00
1.993438977337866458e+00 -1.285699760238050215e+00 -1.986855342280304360e+00
1.973570423915063321e+00 -1.573401220609989881e+00 -2.074764211834750238e+00
1.952822781796715867e+00 -1.614320479688549081e+00 -2.184039152222476687e+00
1.930982390274491145e+00 -1.867615064035687222e+00 -2.151739551851273635e+00
1.909464994755978307e+00 -2.331807613343347185e+00 -2.120695767255344588e+00
1.888258037083424767e+00 -2.676030555131462929e+00 -1.985526082322173647e+00
1.868402776260203124e+00 -2.906591878737023293e+00 -1.994550556407166830e+00
1.848457270696131527e+00 -3.115886056187961994e+00 -1.920989671353909412e+00
1.829247373982592517e+00 -3.164843387855195811e+00 -2.260554964762789609e+00
1.806641824334964674e+00 -3.236650671853821493e+00 -1.989882806910297841e+00
1.786742996265861638e+00 -3.360133041705666734e+00 -1.947577510726218541e+00
1.767267221158599355e+00 -3.610535679180987945e+00 -1.705147467089821678e+00
1.750215746487701063e+00 -3.882671060150117537e+00 -1.748120114496276356e+00
1.732734545342738297e+00 -3.742852943278109468e+00 -1.931262664966077125e+00
1.713421918693077473e+00 -4.128476925103679029e+00 -2.134742671640796896e+00
1.692074491976669481e+00 -4.265083389801400671e+00 -1.915099936936510483e+00
1.672923492607304441e+00 -4.486000346166717279e+00 -2.145167280520272168e+00
1.651471819802101670e+00 -4.221354999296316635e+00 -2.351420432336860156e+00
1.627957615478732967e+00 -4.471836481196937996e+00 -2.385380769990028682e+00
1.604103807778832769e+00 -4.417877093497628138e+00 -2.770682730519420822e+00
1.576396980473638632e+00 -4.573430517452113264e+00 -2.662844937560424619e+00
1.549768531098034474e+00 -4.505760978178930287e+00 -3.088504975246844975e+00
1.518883481345566056e+00 -4.151298710732692854e+00 -2.617141029351665704e+00
1.492712071052049394e+00 -4.151083194856810543e+00 -2.374689128430996998e+00
1.468965179767739437e+00 -4.403122109807486417e+00 -2.321875982872699140e+00
1.445746419939012428e+00 -4.374871525514430814e+00 -2.151540242908247969e+00
1.424231017509929975e+00 -4.687547876113408840e+00 -2.209367592918293877e+00
1.402137341580746988e+00 -4.675296050620432631e+00 -2.603954715604879677e+00
1.376097794424698151e+00 -4.567902380788142480e+00 -2.508917829230579155e+00
1.351008616132392426e+00 -5.043480231945519421e+00 -2.668468173087225281e+00
1.324323934401520075e+00 -5.007213392463613744e+00 -2.661793651172851494e+00
1.297705997889791574e+00 -4.973437145620684952e+00 -2.656735326207390280e+00
1.271138644627717751e+00 -4.786161128959719235e+00 -2.763908077393665952e+00
1.243499563853781131e+00 -5.285870582215071778e+00 -2.428045437407050144e+00
1.219219109479710683e+00 -5.273766400049066938e+00 -2.771251221307623691e+00
1.191506597266634548e+00 -5.179343232126862873e+00 -2.638870976835930193e+00
1.165117887498275273e+00 -5.230739827668892339e+00 -2.434031752157364892e+00
1.140777569976701544e+00 -4.638393216019923493e+00 -2.847333934649182829e+00
1.112304230630209778e+00 -4.343242418820139505e+00 -3.003080934739434493e+00
1.082273421282815340e+00 -4.035767668378212214e+00 -2.785756835441063561e+00
1.054415852928404673e+00 -4.180528113178278105e+00 -2.477737567020341203e+00
1.029638477258201235e+00 -4.237539113882426101e+00 -2.344431787172053028e+00
1.006194159386480713e+00 -4.116900471126746730e+00 -2.329258083737941298e+00
9.829015785491013180e-01 -4.422016115733601538e+00 -2.155622027313892630e+00
9.613453582759623472e-01 -4.190205594706428727e+00 -1.954767725121841826e+00
9.417976810247439268e-01 -3.823904600863975656e+00 -2.058556131834786029e+00
9.212121197063960487e-01 -3.776516055631130353e+00 -2.048290792624681611e+00
9.007292117801491971e-01 -4.088230068040763499e+00 -1.708180512573665100e+00
8.836474066544125483e-01 -3.901029560112516226e+00 -2.240164705841147796e+00
8.612457595960010259e-01 -4.206007956329790076e+00 -2.431395593633430163e+00
8.369318036596666843e-01 -4.428191461031421916e+00 -2.448629758131557921e+00
8.124455060783510874e-01 -4.271489404387089017e+00 -2.723346217218791665e+00
7.852120439061631707e-01 -4.099916730125842790e+00 -2.500452640417808681e+00
7.602075175019851194e-01 -4.014171894098497617e+00 -2.348557854704120373e+00
7.367219389549438668e-01 -3.783709107295155860e+00 -2.377293508806395117e+00
7.129490038668798713e-01 -3.566211814738144970e+00 -2.598466513515518272e+00
6.869643387317246885e-01 -3.257935182705409716e+00 -2.357347495453455455e+00
6.633908637771901429e-01 -3.062705137754354379e+00 -2.351346280799880173e+00
6.398774009691913234e-01 -3.019827784549673932e+00 -2.359259593068144145e+00
6.162848050385099086e-01 -2.982788524105939754e+00 -2.456024339529187195e+00
5.917245616432180721e-01 -3.130277853522766218e+00 -2.448790313753106407e+00
5.672366585056870525e-01 -3.389088481715702095e+00 -2.351522638837257428e+00
5.437214321173144960e-01 -3.200188109523883995e+00 -2.536711624309615942e+00
5.183543158742183188e-01 -3.634454572522850313e+00 -2.635376526749764636e+00
4.920005506067206547e-01 -4.011605859407530339e+00 -2.760876637071047579e+00
4.643917842360101855e-01 -4.063722705747736974e+00 -2.580798672848107156e+00
4.385837975075291273e-01 -3.848974495272518226e+00 -2.575897006985326865e+00
4.128248274376758453e-01 -4.066110662149334587e+00 -2.520794694278468917e+00
3.876168804948911806e-01 -4.304791987610747661e+00 -2.534342496450281867e+00
3.622734555303883663e-01 -3.947743601117922552e+00 -2.427982789492012294e+00
3.379936276354682523e-01 -3.671162128739716479e+00 -2.167629582662861765e+00
3.163173318088396413e-01 -3.542821949009598903e+00 -1.768901099453392689e+00
2.986283208143057366e-01 -3.360476720284506946e+00 -1.800995262124560847e+00
2.806183681930601304e-01 -3.259897520886406053e+00 -1.451574523002620687e+00
2.661026229630339413e-01 -2.998932794263081458e+00 -1.469228345335424901e+00
2.514103395096796700e-01 -2.785314594891133755e+00 -1.583671150481320122e+00
2.355736280048664755e-01 -2.786975996940656675e+00 -1.721300467721148975e+00
2.183606233276549902e-01 -2.721739111191383564e+00 -1.710181200318713346e+00
2.012588113244678512e-01 -2.677927271674820808e+00 -1.698945107140806376e+00
1.842693602530597885e-01 -2.511785514102819139e+00 -1.512671154836579879e+00
1.691426487046939764e-01 -2.561281700410597217e+00 -1.364290020461065511e+00
1.554997485000833291e-01 -2.683220501784871370e+00 -1.140864672526683776e+00
1.440911017748164880e-01 -2.713745427479662187e+00 -8.350318230407381970e-01
1.357407835444091049e-01 -2.547399059396488141e+00 -1.189607495342826393e+00
1.238447085909808454e-01 -2.682023532594218107e+00 -1.272214801180833188e+00
1.111225605791725107e-01 -2.807978564214094863e+00 -8.826726854253257315e-01
1.022958337249192523e-01 -2.351298136796037941e+00 -1.148607765992761598e+00
9.080975606499164243e-02 -2.153544438367787084e+00 -1.068958190870654690e+00
8.012017415628509831e-02 -2.055422792746183891e+00 -1.068127652579627052e+00
6.943889763048882724e-02 -2.359887650003211768e+00 -7.320602177507509190e-01
6.211829545298131611e-02 -1.937001219164544707e+00 -9.826464547740654254e-01
5.229183090524065769e-02 -1.565929355696372260e+00 -9.075306999525108997e-01
4.321652390571555091e-02 -1.479390663011257878e+00 -1.118842075826893545e+00
3.202810314744661269e-02 -1.238360506648549908e+00 -7.447784734524320882e-01
2.458031841292229042e-02 -8.079179487650218761e-01 -8.308467256078357899e-01
1.627185115684393057e-02 -8.240108007757717123e-01 -6.354784265627110296e-01
9.917066891216821251e-03 -7.982340763626915026e-01 -2.581068986529541642e-01
7.335997904687279435e-03 -8.204784156471514045e-01 -7.103869760128589395e-02
6.625610928674420877e-03 -1.312856455974215741e+00 1.942905756249494187e-01
8.568516684923914439e-03 -1.293824033685681441e+00 6.681314637170736592e-01
1.524983132209465145e-02 -1.431714928636988571e+00 8.055516850960968700e-01
2.330534817305562195e-02 -1.327068374203571821e+00 9.208644385820210498e-01
3.251399255887583301e-02 -1.175999601837356412e+00 8.282016089984044482e-01
4.079600864885987721e-02 -8.494992841626565205e-01 8.273823453917384940e-01
4.906983210277726659e-02 -1.125233330741629345e+00 8.367955797712162136e-01
5.743778790048943012e-02 -1.201056832468369251e+00 1.069885812277620918e+00
6.813664602326563458e-02 -1.400195022848507609e+00 8.032433479991223368e-01
7.616907950325685350e-02 -1.440111731767198089e+00 6.743678152475678367e-01
8.291275765573252743e-02 -1.681392618017279794e+00 5.253875954081878019e-01
8.816663360981440156e-02 -1.616338092819847638e+00 6.191286513797915614e-01
9.435792012361231273e-02 -1.725098083160250262e+00 1.793686695417446852e-01
9.615160681902976125e-02 -1.736636126679033998e+00 4.498872335611793782e-01
1.006504791546415506e-01 -1.973759220297928163e+00 2.081933219696326942e-01
1.027324123743378753e-01 -2.305035845233599723e+00 3.354015760846891236e-01
1.060864281351847627e-01 -2.413846420737614462e+00 3.419485873978646007e-01
1.095059140091634020e-01 -2.501301994768144077e+00 4.795141070942858241e-01
1.143010550801062675e-01 -2.724466070730430456e+00 3.659731208320450846e-01
1.179607862884267250e-01 -2.554839532227531684e+00 6.381680211131354197e-01
1.243424664995580742e-01 -2.368546763104957265e+00 5.393028226446188178e-01
1.297354947260042635e-01 -2.656350358233608322e+00 4.993285156971505878e-01
1.347287798829757688e-01 -2.376897315593666349e+00 4.615141321998101898e-01
1.393439212049738807e-01 -2.078979222892116674e+00 4.665712127383218610e-01
1.440096333323571121e-01 -2.254966869361230142e+00 4.993993472301689329e-01
1.490036268046588119e-01 -2.205054202219795645e+00 2.383426093412228663e-01
1.513870528980710284e-01 -1.978897870817498461e+00 1.453477947763765765e-01
1.528405308458347933e-01 -2.136496437069825394e+00 1.164499584808437044e-01
1.540050304306432305e-01 -2.117291733403720233e+00 6.902209371168692431e-02
1.546952513677601060e-01 -1.886131607085339112e+00 -1.498265615710203669e-02
1.545454248061890745e-01 -1.704011904758055307e+00 2.979877986860418049e-01
1.575253027930494931e-01 -1.702276486024585589e+00 1.464439633057687540e-01
1.589897424261071945e-01 -1.614441262599112914e+00 2.123494389349884215e-01
1.611132368154570838e-01 -1.551894045417250734e+00 6.878411582950547110e-02
1.618010779737521498e-01 -1.579786029199264030e+00 -3.207896121061550865e-01
1.585931818526906123e-01 -1.561408136485628484e+00 -1.292637001484648607e-01
1.573005448512059534e-01 -1.956064329774578114e+00 -8.943223056306980057e-02
1.564062225455752630e-01 -1.913075263154414118e+00 2.302444398420532279e-01
1.587086669439957964e-01 -1.985999745329826371e+00 9.812399934603557861e-02
1.596899069374561608e-01 -2.028000389847556928e+00 -1.601954423231692903e-01
1.580879525142244724e-01 -1.930448511121573896e+00 -1.087196581571006349e-01
1.570007559326534741e-01 -1.688346830979718716e+00 1.063625547222979834e-01
1.580643814798764479e-01 -1.673618130128017079e+00 2.411320127037409888e-02
1.583055134925801799e-01 -1.857102123072430055e+00 1.642050150995033250e-03
1.583219339940901416e-01 -1.751106387458274849e+00 -1.371781817001915260e-01
1.569501521770882146e-01 -1.947333932327539374e+00 -2.238922429461155383e-01
1.547112297476270493e-01 -1.784473626909973021e+00 -1.099929657125056637e-01
1.536113000905020010e-01 -2.412822811277883339e+00 -1.022076418022618005e-01
1.525892236724793738e-01 -2.494620077892761856e+00 -8.988842161240918893e-02
1.516903394563552943e-01 -2.893596588936520053e+00 -3.365478296569222039e-01
1.483248611597860755e-01 -2.816512261042959597e+00 -3.529042098077981304e-01
1.447958190617081031e-01 -2.530955444782750252e+00 -4.259941230380185906e-01
1.405358778313279267e-01 -2.551694082487362181e+00 -8.044261484763004511e-02
1.397314516828516151e-01 -2.487720634621234606e+00 -2.498408191844833093e-01
1.372330434910067898e-01 -2.710841488359919449e+00 -4.382836438995412198e-01
1.328502070520113654e-01 -2.565723483184247922e+00 -4.393153300749185752e-01
1.284570537512621791e-01 -2.558355486579441784e+00 -7.437222049648198885e-01
1.210198317016139835e-01 -2.666290355571632631e+00 -6.476668575307825693e-01
1.145431631263061634e-01 -2.531401352923192682e+00 -5.084150972908512145e-01
1.094590121533976501e-01 -2.155553482040539759e+00 -5.533001149909984040e-01
1.039260110034876672e-01 -2.070372642069030711e+00 -5.112084587959451198e-01
9.881392641552821932e-02 -1.785197844578360060e+00 -7.722745836845645862e-01
9.109118057868256790e-02 -1.636509867356640946e+00 -8.181674116212629411e-01
8.290950646246994515e-02 -1.508391557435253993e+00 -6.858474601792408087e-01
7.605103186067753429e-02 -1.736832746079481238e+00 -8.929731717950906145e-01
6.712130014272663092e-02 -1.584731924851906060e+00 -1.436746358133304202e+00
5.275383656139358973e-02 -1.735104165072640203e+00 -1.532012771867216738e+00
3.743370884272142346e-02 -2.017652514940446284e+00 -1.431935510316132198e+00
2.311435373956010134e-02 -1.991375115906444559e+00 -1.581726641517629872e+00
7.297087324383801782e-03 -1.702327999788521895e+00 -2.062277461808273760e+00
-1.332568729369893595e-02 -1.829929828034182471e+00 -1.869887612264707233e+00
-3.202456341634600523e-02 -1.450916186888623782e+00 -1.629679692694778304e+00
-4.832136034329378993e-02 -1.394341890084472846e+00 -1.483026276783432795e+00
-6.315162311112812454e-02 -1.841480902196731106e+00 -1.463273376349061072e+00
-7.778435687461873749e-02 -1.712679457156896401e+00 -1.556981639719182020e+00
-9.335417327181055880e-02 -1.641558406610338805e+00 -1.712779344811528048e+00
-1.104819667199258421e-01 -1.898293996667884231e+00 -1.638399402502811020e+00
-1.268659607449539595e-01 -1.867179526713084847e+00 -1.788468190720443829e+00
-1.447506426521583955e-01 -1.511872275585324221e+00 -1.593792227223454594e+00
-1.606885649243929293e-01 -1.511470579716737817e+00 -1.738121367937657702e+00
-1.780697786037695185e-01 -1.631634537622989489e+00 -1.746947082642307025e+00
-1.955392494301925743e-01 -1.672922015726492795e+00 -1.451052170972824573e+00
-2.100497711399208212e-01 -1.488265358170274277e+00 -1.584516586211003553e+00
-2.258949370020308656e-01 -1.656802135627480910e+00 -1.636004327932774727e+00
-2.422549802813586117e-01 -1.635394248618730284e+00 -1.506608577284256789e+00
-2.573210660542011863e-01 -1.732294496974453146e+00 -1.663796186157027623e+00
-2.739590279157714803e-01 -1.711376971816121140e+00 -1.505935524826887306e+00
-2.890183831640403822e-01 -1.972871574238889369e+00 -1.385408486731331656e+00
-3.028724680313537032e-01 -2.142232601704782358e+00 -1.410275216439140555e+00
-3.169752201957450888e-01 -2.141360673580471996e+00 -1.419159491300444609e+00
-3.311668151087495127e-01 -2.175686354030315073e+00 -1.247050968149358230e+00
-3.436373247902431149e-01 -2.301125198987551634e+00 -1.457508681746386925e+00
-3.582124116077070042e-01 -2.563810831908479138e+00 -1.520316072379522154e+00
-3.734155723315022435e-01 -2.271330023417159616e+00 -1.527248220624221497e+00
-3.886880545377444651e-01 -2.399192603662143153e+00 -1.618852044935975787e+00
-4.048765749871042208e-01 -2.402614829216779935e+00 -1.721250361220842073e+00
-4.220890785993126615e-01 -2.397645232179625996e+00 -1.727515163476135873e+00
-4.393642302340740047e-01 -2.386692916131923248e+00 -1.411642809150585043e+00
-4.534806583255798773e-01 -2.453603596742667481e+00 -1.637124971104506166e+00
-4.698519080366249101e-01 -2.605394498822473537e+00 -1.469734719347065566e+00
-4.845492552300955658e-01 -2.439147909009492299e+00 -1.715907834422448097e+00
-5.017083335743200978e-01 -2.082348731230816874e+00 -2.009963296978355629e+00
-5.218079665441036630e-01 -1.779865318516020922e+00 -1.939625981019643230e+00
-5.412042263543000997e-01 -1.666117947192739868e+00 -2.043603251317976266e+00
-5.616402588674798135e-01 -1.663364760414350885e+00 -2.124469416040133396e+00
-5.828849530278811253e-01 -1.907661593370549191e+00 -2.150784538873055762e+00
-6.043927984166116429e-01 -1.755343306184310448e+00 -2.188596892057417698e+00
-6.262787673371857933e-01 -1.500459395056717771e+00 -2.073060362378410293e+00
-6.470093709609698873e-01 -1.389352927422932149e+00 -2.114738751109539017e+00
-6.681567584720652375e-01 -1.188039586260865033e+00 -2.146605701547195988e+00
-6.896228154875372329e-01 -1.514834471838562235e+00 -1.997144501507536640e+00
-7.095942605026126504e-01 -1.413914948207456668e+00 -1.813088655457243181e+00
-7.277251470571850511e-01 -1.558676371849541331e+00 -1.648988334743494599e+00
-7.442150304046200038e-01 -1.470941099523159767e+00 -1.806145932914332120e+00
-7.622764897337632739e-01 -1.409157281642580140e+00 -2.042940814210415290e+00
-7.827058978758674179e-01 -1.214900614939599999e+00 -1.948582581113369239e+00
-8.021917236870010903e-01 -1.327738582076174012e+00 -1.992551232185537646e+00
-8.221172360088564446e-01 -9.558192993625450606e-01 -2.250267088117029246e+00
-8.446199068900267504e-01 -7.890282785183321268e-01 -2.562693418022381486e+00
-8.702468410702505208e-01 -8.374779342079032851e-01 -2.570349138822299206e+00
-8.959503324584735529e-01 -5.607575945254632543e-01 -2.448853906062451458e+00
-9.204388715190980896e-01 -4.945370298521323260e-02 -2.388474138818836856e+00
-9.443236129072865026e-01 -6.342907600735497864e-02 -2.548477694659276871e+00
-9.698083898538792935e-01 -2.575796503895911860e-01 -2.502780903480653407e+00
-9.948361988886857965e-01 -2.298014875603412721e-01 -2.831819953141820889e+00
-1.023154398420103917e+00 9.975492377825254109e-02 -2.854486348298058029e+00
-1.051699261903084492e+00 1.608691865733902215e-01 -2.559808117697263796e+00
-1.077297343080057201e+00 2.823349512215175272e-01 -2.656906888280123891e+00
-1.103866411962858507e+00 1.135368681120302314e-01 -3.037397520610491952e+00
-1.134240387168963471e+00 1.845349771926434179e-02 -3.060697363706768037e+00
-1.164847360806031240e+00 -4.052097337992066062e-01 -3.528352716605814177e+00
-1.200130887972089333e+00 -6.107894240751856607e-01 -3.186403964201357741e+00
-1.231994927614102897e+00 -6.448325129263802191e-01 -2.958267379522726781e+00
-1.261577601409330063e+00 -7.000645280023297667e-01 -3.104570671530602510e+00
-1.292623308124636106e+00 -3.841082446382264037e-01 -3.010084325217137646e+00
-1.322724151376807544e+00 -2.978995277130763730e-01 -2.819562177343104992e+00
-1.350919773150238701e+00 -2.243037638456205074e-01 -2.945856525865330422e+00
-1.380378338408891903e+00 -2.504443721652879207e-01 -2.709927732347723328e+00
-1.407477615732369181e+00 -4.351762734201736205e-03 -2.587927910464518977e+00
-1.433356894837014339e+00 -2.793482877776055084e-01 -2.120525829830932629e+00
-1.454562153135323666e+00 -4.422883951432364791e-01 -2.126484863441857609e+00
-1.475827001769742353e+00 -3.326342488078330994e-01 -2.095683458579797875e+00
-1.496783836355540354e+00 -2.180835064807252199e-01 -2.373735419580548900e+00
-1.520521190551345825e+00 -3.036542379448774476e-01 -2.614603276167043244e+00
-1.546667223313016315e+00 -3.065959123088876082e-01 -2.666787216501937507e+00
-1.573335095478035628e+00 -2.280462822585256344e-01 -2.738478818966846529e+00
-1.600719883667704124e+00 -1.994611564267746440e-01 -2.677519432989839299e+00
-1.627495077997602513e+00 8.205558648464378324e-02 -3.010038859255906196e+00
-1.657595466590161548e+00 -2.157643532035385392e-01 -3.063152973235664600e+00
-1.688226996322518270e+00 6.741557765243808009e-02 -3.215369243828513302e+00
-1.720380688760803300e+00 -2.255132956424855950e-01 -3.204357551608024934e+00
-1.752424264276883470e+00 -6.732614131816632153e-01 -3.104083791699873363e+00
-1.783465102193882101e+00 -7.660772747902797608e-01 -3.196691197425023834e+00
-1.815432014168132380e+00 -6.664137632491385910e-01 -3.310976220387665592e+00
-1.848541776372009116e+00 -5.911153227632173213e-01 -3.471393485054789618e+00
-1.883255711222556972e+00 -3.292788310539226937e-01 -3.524788738213039174e+00
-1.918503598604687443e+00 -1.711927994940048436e-01 -3.400637496345342736e+00
-1.952509973568140822e+00 -1.211157518558082513e-01 -3.386364015939656191e+00
-1.986373613727537402e+00 -2.370904382218072537e-01 -3.280035830877653602e+00
-2.019173972036313991e+00 -5.089216215688241451e-01 -3.674233343243216598e+00
-2.055916305468746152e+00 -5.025469433337390601e-01 -3.904439119477564724e+00
-2.094960696663521915e+00 -9.556629745172995349e-01 -3.802711000827237786e+00
-2.132987806671794218e+00 -1.239798653151746199e+00 -3.784792345799024460e+00
-2.170835730129784480e+00 -1.331280549282070069e+00 -3.847672094956816835e+00
-2.209312451079352702e+00 -1.644902834934075964e+00 -3.864775889585825297e+00
-2.247960209975210955e+00 -1.418198371502670252e+00 -3.610907527683684837e+00
-2.284069285252047887e+00 -1.402160122193018221e+00 -3.549451293150106324e+00
-2.319563798183549075e+00 -1.195511950591884975e+00 -3.600974809064532600e+00
-2.355573546274194463e+00 -1.130032788864555382e+00 -3.891065663518493700e+00
-2.394484202909379356e+00 -1.278599764580946374e+00 -3.714490256697019266e+00
-2.431629105476349473e+00 -8.187583500569441952e-01 -3.763106542624471640e+00
-2.469260170902594087e+00 -7.052066292592868990e-01 -3.681664358373132551e+00
-2.506076814486325244e+00 -9.074252370629549702e-01 -3.756060451116458587e+00
-2.543637418997489963e+00 -1.365947993331576571e+00 -3.586562381181960468e+00
-2.579503042809309754e+00 -1.070088446899812418e+00 -3.551986157597157856e+00
-2.615022904385281510e+00 -9.361017762595127412e-01 -3.838039173933345261e+00
-2.653403296124615007e+00 -8.879623036984480855e-01 -3.869337743630739013e+00
-2.692096673560922415e+00 -6.764484732643605280e-01 -4.052844046681012280e+00
-2.732625114027732671e+00 -1.014002636221261078e+00 -3.826913272709081770e+00
-2.770894246754823431e+00 -7.943446553811224220e-01 -3.769554809323601763e+00
-2.808589794848059373e+00 -1.040922452532183407e+00 -3.521891044895224532e+00
-2.843808705297011574e+00 -1.065499506718119438e+00 -3.304102058359755123e+00
-2.876849725880608943e+00 -1.244328941717436576e+00 -3.538215636091355254e+00
-2.912231882241522296e+00 -1.078216976573121766e+00 -3.380179160636786140e+00
-2.946033673847890277e+00 -1.209238055469288309e+00 -3.552711994030688825e+00
-2.981560793788197383e+00 -1.149187580521878527e+00 -3.235774562853970693e+00
-3.013918539416736930e+00 -1.084883892753155221e+00 -2.943881282672760946e+00
-3.043357352243464486e+00 -1.096943171373880865e+00 -2.780779396197115005e+00
-3.071165146205435459e+00 -1.055378660961481474e+00 -2.749234429487382503e+00
-3.098657490500309475e+00 -9.930712806652278735e-01 -3.039160414643891528e+00
-3.129049094646748408e+00 -8.529788773295224891e-01 -2.998863906688565173e+00
-3.159037733713633944e+00 -7.482865160357674572e-01 -2.824364445354181630e+00
-3.187281378167175827e+00 -7.511570754077526724e-01 -2.837311470804036340e+00
-3.215654492875215986e+00 -5.848548921298128977e-01 -3.297381568394623486e+00
-3.248628308559162292e+00 -4.786405978069268041e-01 -3.601515895280067436e+00
-3.284643467511962900e+00 -2.686534979323489947e-01 -3.349631382420885650e+00
-3.318139781336171712e+00 -5.196174083435242119e-01 -3.245022137889765013e+00
-3.350590002715069460e+00 -5.484628043187961266e-02 -3.272665186339819066e+00
-3.383316654578467642e+00 -2.572725680350916311e-01 -3.282645000469368579e+00
-3.416143104583161172e+00 -2.753131252737159307e-02 -2.777315394677213778e+00
-3.443916258529933216e+00 3.546575853153869362e-01 -2.666887892922864989e+00
-3.470585137459162084e+00 6.380580792441915561e-01 -2.555371499656243550e+00
-3.496138852455724422e+00 6.368759983382038525e-01 -2.900010497309899016e+00
-3.525138957428823439e+00 8.092644695568913527e-01 -2.880963355745385091e+00
-3.553948590986277356e+00 7.673509387850845354e-01 -2.743796567962980326e+00
-3.581386556665907328e+00 4.174351417101963557e-01 -3.006651406195956167e+00
-3.611453070727866699e+00 5.317153111257942877e-01 -2.755957119121521970e+00
-3.639012641919082025e+00 7.880744058147968190e-01 -2.828358441840680193e+00
-3.667296226337488640e+00 8.854773903935333479e-01 -2.739691378540010991e+00
-3.694693140122888853e+00 6.673086487298994784e-01 -3.022316790976897316e+00
-3.724916308032657941e+00 6.030170072805796089e-01 -3.122789389332208287e+00
-3.756144201925979864e+00 3.824868128046192695e-01 -2.610581513090673322e+00
-3.782250017056886460e+00 4.376860288774848673e-01 -2.904242072732843294e+00
-3.811292437784215004e+00 3.466005587705568436e-01 -2.856615124954540175e+00
-3.839858589033760428e+00 5.364332629845031120e-01 -2.712993645499220285e+00
-3.866988525488752604e+00 3.517238336191684800e-01 -2.434885361768797996e+00
-3.891337379106440508e+00 5.278158951880247418e-01 -2.125668090931339016e+00
-3.912594060015754049e+00 6.641125038358705046e-01 -2.173732666100130828e+00
-3.934331386676755304e+00 3.742555273746268063e-01 -2.268069381733289536e+00
-3.957012080494088035e+00 6.212727834510549663e-01 -2.470631098486962607e+00
-3.981718391478957564e+00 5.334314480783454160e-01 -2.149634099371898088e+00
-4.003214732472676118e+00 3.285403078596844662e-01 -2.496531762026839019e+00
-4.028180050092944775e+00 6.190990921838990246e-01 -2.213159350952970339e+00
-4.050311643602474199e+00 5.861988215504772004e-01 -2.129142209527532081e+00
-4.071603065697749102e+00 4.105852654649929656e-01 -2.230430786649063801e+00
-4.093907373564239727e+00 3.186517356300059278e-01 -2.186841031959837700e+00
-4.115775783883838024e+00 4.790819947386751876e-01 -2.304613115298185910e+00
-4.138821915036819732e+00 3.997439843028453010e-01 -1.779176330760017244e+00
-4.156613678344419860e+00 4.994181029412376183e-01 -1.541790476333849247e+00
-4.172031583107758124e+00 6.594303051288199491e-01 -1.515554941491740637e+00
-4.187187132522675270e+00 8.551623572523847638e-01 -1.589378492276401378e+00
-4.203080917445439546e+00 7.494545991104889504e-01 -1.697177923722141824e+00
-4.220052696682660809e+00 6.373936892030342971e-01 -1.624221965045496097e+00
-4.236294916333116056e+00 4.627515252601299700e-02 -1.562834155322006202e+00
-4.251923257886335961e+00 -4.943564105475866527e-02 -1.175317391636208519e+00
-4.263676431802697842e+00 -3.210022260569837527e-01 -1.032357975227377045e+00
-4.274000011554971223e+00 -4.955223510930185649e-01 -7.924622592621584083e-01
-4.281924634147593167e+00 -4.709427809546451460e-01 -5.231291229671634069e-01
-4.287155925377264865e+00 -5.147316958054000136e-01 -5.582222917543184781e-01
-4.292738148294808376e+00 -5.479780903524607005e-01 -4.711454158891361654e-01
-4.297449602453699669e+00 -5.472098509778168252e-01 -6.266416164947529177e-01
-4.303716018618647610e+00 -4.888716144852361389e-01 -8.308085043039232787e-01
-4.312024103661686425e+00 -5.539270252336649936e-01 -8.355885571603007822e-01
-4.320379989233289031e+00 -5.376625389926813492e-01 -1.145566927337415830e+00
-4.331835658506663300e+00 -5.406359379649177122e-01 -8.487098379024058392e-01
-4.340322756885687028e+00 -5.384876412805190693e-01 -8.972516186535728355e-01
-4.349295273072223189e+00 -6.997171873509779871e-01 -6.904559443692311893e-01
-4.356199832515915915e+00 -5.630874552622679996e-01 -4.606656462837868116e-01
-4.360806488978753670e+00 -5.527598125511262728e-01 -5.070322843395665968e-01
-4.365876811822149151e+00 -4.484164427047760970e-01 -4.539852824079301796e-01
-4.370416664646228355e+00 -9.408742658990292274e-01 -4.773466748827509543e-01
-4.375190131395055637e+00 -7.680268038285165133e-01 -8.853763325085289848e-02
-4.376075507727564151e+00 -1.012324310840773567e+00 1.116584544255900813e-01
-4.374958923183307924e+00 -1.428451464880084343e+00 1.067545660518452039e-01
-4.373891377522789448e+00 -1.669203738544563942e+00 -7.873970188065043674e-02
-4.374678774541595594e+00 -1.501166483538288521e+00 -3.358837973417017619e-01
-4.378037612515012889e+00 -1.653844507776921047e+00 -8.917303273013482690e-02
-4.378929342842313943e+00 -1.737277504984636289e+00 1.406080529220858910e-01
-4.377523262313093078e+00 -1.834700081622891110e+00 -2.021174172399747837e-01
-4.379544436485493186e+00 -2.044314543516449589e+00 -2.563934385815028749e-01
-4.382108370871308445e+00 -2.001154568801128519e+00 -4.607197938339646637e-01
-4.386715568809647969e+00 -2.018772363989584040e+00 -3.106856412734044781e-01
-4.389822425222382307e+00 -2.141969484775513077e+00 -4.567770124023284306e-01
-4.394390195346405292e+00 -1.877654424340572614e+00 -2.606505212501504243e-01
-4.396996700558906568e+00 -1.698478803979440066e+00 -5.020428532976548563e-01
-4.402017129091882808e+00 -1.652368671578106740e+00 -5.559864224708933600e-01
-4.407576993316591363e+00 -1.691991383309471297e+00 -8.633626036331099041e-01
-4.416210619352922251e+00 -1.777301609525913317e+00 -4.100012971692159613e-01
-4.420310632324614630e+00 -1.455050696118837861e+00 -1.235532809448410818e-01
-4.421546165134063067e+00 -1.395870282867487155e+00 -1.967137667760025521e-01
-4.423513302801823421e+00 -1.480621180799539971e+00 -4.665857049755491315e-01
-4.428179159851579172e+00 -1.507319132222941560e+00 -5.009087613826582741e-01
-4.433188247465405851e+00 -1.311375565292358880e+00 -1.959597223069582395e-01
-4.435147844688475338e+00 -1.223430936036308481e+00 -2.178055692271896882e-01
-4.437325900380747257e+00 -1.068940174891708894e+00 -3.031981512096570963e-01
-4.440357881892843750e+00 -1.172550388353003292e+00 -5.130386710854613064e-01
-4.445488268603698501e+00 -9.665325151409231985e-01 -1.825847810212524736e-01
-4.447314116413910945e+00 -1.365356301954500973e+00 -4.411820572630469894e-01
-4.451725936986541399e+00 -1.528513673506328052e+00 -5.220059226249929019e-01
-4.456945996212791528e+00 -1.700031615524373318e+00 -3.350820412616730692e-01
-4.460296816625408667e+00 -1.678948968922821416e+00 -3.825730170079441606e-01
-4.464122546795487700e+00 -1.558582492961494426e+00 -8.634086342688435112e-02
-4.464985955429756181e+00 -1.917476797230880381e+00 -2.984367561505145428e-02
-4.465284392185906448e+00 -2.094210080651155437e+00 -3.121474182837327693e-01
-4.468405866368743595e+00 -2.224880000452371664e+00 -4.584432246129538369e-02
-4.468864309593356232e+00 -2.414600199693185623e+00 1.037276192607938380e-01
-4.467827033400748604e+00 -2.331092674678898913e+00 2.410690204174105455e-02
-4.467585964380330843e+00 -2.164550214904636949e+00 1.881656480567373280e-01
-4.465704307899763137e+00 -2.272840436243179774e+00 -2.602306672470329207e-01
-4.468306614572233215e+00 -2.174809390659869557e+00 -3.188101105719306494e-01
-4.471494715677952314e+00 -2.297726320916902765e+00 -6.643278044376690339e-01
-4.478137993722328680e+00 -2.221210713823156713e+00 -7.349832648188456830e-01
-4.485487826370516906e+00 -2.356313368408947007e+00 -6.229125244557169871e-01
-4.491716951615074116e+00 -2.248385582950438888e+00 -6.958013219743595101e-01
-4.498674964834817658e+00 -2.154188165737433991e+00 -9.056127757195749917e-01
-4.507731092592013766e+00 -2.384881272755928094e+00 -6.840668157389375725e-01
-4.514571760749403140e+00 -2.560055666621069204e+00 -6.220115973460337289e-01
-4.520791876722863201e+00 -2.208315152387696489e+00 -4.354132339003319307e-01
-4.525146009061866259e+00 -2.273370475128503099e+00 -2.829010556057356962e-01
-4.527975019617923813e+00 -2.581593844992077891e+00 -6.278613662531058459e-01
-4.534253633280455276e+00 -2.651174119235089055e+00 -5.929670724608552268e-01
-4.540183304005063647e+00 -2.452613884011342282e+00 -8.439432224623839573e-01
-4.548622736229687824e+00 -2.513304018427138242e+00 -7.889311737106124989e-01
-4.556512047966793766e+00 -2.320284129519186056e+00 -7.614897826132850378e-01
-4.564126945792926549e+00 -2.314799257544304822e+00 -8.728967895612768091e-01
-4.572855913688539609e+00 -2.602337190884216778e+00 -5.823031417615760486e-01
-4.578678945106155140e+00 -2.480650443435019614e+00 -6.839469373369190253e-01
-4.585518414479524019e+00 -2.414734711470709172e+00 -8.246455626067136224e-01
-4.593764870105591314e+00 -2.653318365899892228e+00 -5.171882544248426194e-01
-4.598936752649839477e+00 -2.527834762782622757e+00 -6.558675116445094044e-01
-4.605495427766284955e+00 -2.513362839320028019e+00 -6.741270001540136114e-01
-4.612236697767825078e+00 -2.057957878165559418e+00 -6.472146384123094176e-01
-4.618708844151948156e+00 -2.131814897621060023e+00 -7.280945016878055398e-01
-4.625989789168825972e+00 -1.778397143149378579e+00 -8.987191295670472480e-01
-4.634976980464496243e+00 -2.041668718017632500e+00 -5.088138049031817323e-01
-4.640065118513527764e+00 -1.942352180830902775e+00 -3.316514672209212033e-01
-4.643381633185737378e+00 -2.085267586310903365e+00 -1.452643109366032470e-01
-4.644834276295103592e+00 -2.154276077643222376e+00 -1.261592624366106585e-01
-4.646095868919469574e+00 -2.227666135015815563e+00 -3.654585853327060319e-01
-4.649750454772796360e+00 -2.155518401280469121e+00 -9.862088839773314186e-02
-4.650736663656773295e+00 -2.050457883262950975e+00 2.607941014894190057e-01
-4.648128722641879484e+00 -2.475242799575421149e+00 1.704235665816276613e-01
-4.646424486976063584e+00 -2.461847382677850860e+00 4.045677143194972847e-01
-4.642378809832868214e+00 -2.587315854189486064e+00 6.597976928392135232e-01
-4.635780832904476512e+00 -2.897180407458430196e+00 5.895723522669851224e-01
-4.629885109381806529e+00 -2.933008788430633729e+00 4.165583740470713003e-01
-4.625719525641335927e+00 -2.998924979503338584e+00 2.541628199640488805e-01
-4.623177897441695272e+00 -3.168706696017544733e+00 -1.279627207092062235e-01
-4.624457524648787121e+00 -2.976120593486300425e+00 8.842578888919169766e-02
-4.623573266759895439e+00 -2.926283929194414934e+00 1.084225136428209890e-01
-4.622489041623467187e+00 -2.433829808362432345e+00 8.175719453026866756e-02
-4.621671469678164890e+00 -2.710641475337816075e+00 1.589051732317828258e-02
-4.621512564504933529e+00 -2.418765328804878045e+00 -3.195425332589666989e-01
-4.624707989837522959e+00 -2.600565789442889741e+00 1.691732180163225130e-01
-4.623016257657360129e+00 -2.767998134518340869e+00 4.239552927658570003e-02
-4.622592302364593841e+00 -2.647682926383377211e+00 1.386277026509805943e-01
-4.621206025338084444e+00 -2.290839113952165551e+00 3.898569876916422317e-01
-4.617307455461167720e+00 -2.387944303774919952e+00 5.308441483600796484e-01
-4.611999013977566619e+00 -2.246869246885968341e+00 5.883850338534025726e-01
-4.606115163639032950e+00 -2.416363396703766764e+00 6.127482830933088653e-01
-4.599987680808100166e+00 -2.736598717698142114e+00 2.216298052446594169e-01
-4.597771382755653669e+00 -2.742093019161280232e+00 4.090756509834970744e-01
-4.593680626245818743e+00 -2.652926132303580431e+00 6.127555074600203877e-01
-4.587553071171218910e+00 -2.825374680261722560e+00 4.783375620098166969e-01
-4.582769695551120570e+00 -2.568591452606276082e+00 4.605336459066787236e-01
-4.578164359092053992e+00 -2.379547327183503480e+00 3.295338474599707745e-01
-4.574869020617454041e+00 -2.146053331063356939e+00 1.573872024417006243e-01
-4.573295148593037318e+00 -2.058803175499175797e+00 2.158310563570278451e-01
-4.571136838029467242e+00 -2.184912567515997939e+00 3.089956170188669637e-01
-4.568046881859278763e+00 -2.063002628840814090e+00 3.172205281965603807e-01
-4.564874676577312940e+00 -1.974287967785284703e+00 1.826308764507346971e-01
-4.563048367812805317e+00 -1.825707495876059516e+00 3.090583660566323387e-01
-4.559957784152238958e+00 -1.738742372917708279e+00 -2.015994979714221813e-01
-4.561973779131952789e+00 -1.723483579235820962e+00 -8.950183593459457021e-02
-4.562868797491298700e+00 -1.776437611342876144e+00 -3.172384266782757312e-01
-4.566041181758081713e+00 -1.964871160978217013e+00 -5.247223679626452642e-01
-4.571288405437708313e+00 -1.850657727805934849e+00 -2.195002267862979917e-01
-4.573483407705571047e+00 -1.826311914755646137e+00 -7.704768224936570098e-03
-4.573560455387820411e+00 -1.790918308878196141e+00 -2.914528957583904512e-01
-4.576474984345404451e+00 -1.850856411569987925e+00 -4.325609247370841848e-01
-4.580800593592774916e+00 -1.813337201802257992e+00 -1.939910598159440835e-01
-4.582740504190934594e+00 -1.952727102987553476e+00 -4.904244474571442525e-02
-4.583230928638391433e+00 -1.826026088853008211e+00 1.408073162629130959e-01
-4.581822855475762069e+00 -1.608939698431565368e+00 3.293228822488730723e-01
-4.578529626653272899e+00 -1.782090082613095205e+00 3.030904556879208678e-01
-4.575498722096393855e+00 -2.016294481448788645e+00 3.481091369872691965e-01
-4.572017630726521453e+00 -2.180291796301709439e+00 2.669585534087491885e-01
-4.569348045192433538e+00 -2.127998000433644066e+00 3.999544492965818598e-01
-4.565348500699467849e+00 -2.106203855705970795e+00 4.351923316674761177e-01
-4.560996577382793404e+00 -2.279217122817760455e+00 1.349487016666811590e-01
-4.559647090366127031e+00 -1.900969784097950699e+00 -1.797926154780007946e-01
-4.561445016520907281e+00 -1.979630136698628862e+00 -3.106854899899794131e-02
-4.561755702010897195e+00 -1.460779952903703771e+00 -1.748079242305036751e-02
-4.561930509935127276e+00 -1.156943162508486722e+00 3.761642939027962096e-02
-4.561554345641224195e+00 -9.396535105201722082e-01 2.967790455790121351e-01
-4.558586555185433653e+00 -8.203920458395956850e-01 5.312972242743094764e-01
-4.553273582942690467e+00 -7.493538681303819615e-01 5.858930956875826324e-01
-4.547414651985814515e+00 -7.232972932278719513e-01 3.368377139896887029e-01
-4.544046274845917388e+00 -5.465176282857688861e-01 2.952683690311780351e-01
-4.541093591155605402e+00 -5.469328517287747049e-01 -2.232770281420293212e-01
-4.543326361437025618e+00 -3.839717559235541477e-01 1.595432103041813376e-02
-4.543166818226721304e+00 -2.638798227029805488e-01 -3.819334890823624512e-02
-4.543548751715803746e+00 -5.520784276249383060e-01 -1.573451583488227890e-01
-4.545122203299292174e+00 -5.934889082957272022e-01 -2.150637090616558389e-01
-4.547272840389908310e+00 -5.342109618430186391e-01 -4.764737608138629454e-01
-4.552037577998047091e+00 -1.780120149584977773e-01 -2.229780846212675027e-01
-4.554267358844259483e+00 5.707361280805600678e-02 -2.877078061869708381e-01
-4.557144436906129137e+00 1.577447368025132468e-01 -1.565197843914442333e-01
-4.558709634750043982e+00 3.729525116999790058e-01 -2.011009264973777633e-01
-4.560720644015018088e+00 3.467090140112214502e-01 6.481457635794549144e-02
-4.560072498251438233e+00 4.292818417070373149e-01 4.002586769104835018e-01
-4.556069911482333090e+00 2.739181361996924635e-01 3.555716376719597616e-01
-4.552514195105613837e+00 3.665626268814557998e-01 2.924676732839581739e-01
-4.549589518372774144e+00 4.393047589865623492e-01 3.648103791648679706e-01
-4.545941414581125883e+00 7.389212978326757941e-01 3.013488070612593828e-01
-4.542927926510513359e+00 8.868292439129932259e-01 3.528606762474587599e-01
-4.539399319748039119e+00 8.317875912343319911e-01 3.153273775436357118e-01
-4.536246045972602836e+00 8.394487422489368411e-01 3.568483885023787661e-01
-4.532677562087578771e+00 8.293624686070981689e-01 7.678759536322238288e-01
-4.524998802551256638e+00 1.038811967131140879e+00 3.739953330427658873e-01
-4.521258849220829212e+00 1.166579305351839846e+00 3.137381646780492139e-01
-4.518121467574048644e+00 1.066064688987947928e+00 7.472026668532378846e-01
-4.510649440905516450e+00 1.110675804678693757e+00 9.189314912533032009e-01
-4.501460125992983841e+00 9.573462075190668497e-01 7.695762556068084237e-01
-4.493764363436915765e+00 1.147102472040963494e+00 8.280245623268707167e-01
-4.485484117813647309e+00 1.297121823724362244e+00 5.452062260480090572e-01
-4.480032055553166970e+00 1.330492431603285564e+00 5.264656691677761513e-01
-4.474767398861489553e+00 1.379937960009489428e+00 3.273643358493933397e-01
-4.471493755502995882e+00 1.250073151801842419e+00 2.881024213622273011e-01
-4.468612731289373308e+00 9.408421303614595832e-01 -5.868953210108390772e-02
-4.469199626610383724e+00 7.762540373111334047e-01 -4.260393460269053523e-01
-4.473460020070652909e+00 4.972120632674086882e-01 -3.856143282463226907e-01
-4.477316163353115996e+00 5.643798690850259092e-01 -1.950341625191232553e-01
-4.479266504978307140e+00 4.616135003606613996e-01 -5.854974308893132195e-02
-4.479852002409196565e+00 4.564326846478647393e-01 2.198229976146085507e-01
-4.477653772433050072e+00 6.506084445006683481e-01 2.591028219988126824e-01
-4.475062744213062160e+00 7.982236242357200195e-01 3.306001799275385955e-01
-4.471756742413786512e+00 5.763843728144368850e-01 2.450947903187425947e-01
-4.469305794510598950e+00 5.248948460770260782e-01 4.777888992746435193e-01
-4.464527905517852169e+00 4.713594472995324969e-01 3.838642466093108996e-01
-4.460689263051759390e+00 6.617372613285247285e-01 7.439312420355168598e-01
-4.453249950631404275e+00 7.820722672724471636e-01 6.197684009299303520e-01
-4.447052266622105066e+00 5.970476809420046660e-01 5.558773274912277573e-01
-4.441493493347192789e+00 3.599663987498994411e-01 5.603190044052155372e-01
-4.435890303303140492e+00 4.075202642339543213e-01 7.272403526176408617e-01
-4.428617899776964073e+00 3.926032676064672433e-01 3.385434689994665236e-01
-4.425232465086969214e+00 1.352646188341333211e-01 6.639878200631303962e-01
-4.418592586886338047e+00 8.367289218116190364e-02 4.398684405460838720e-01
-4.414193902480877618e+00 1.056797546430812418e-01 3.226577914116506296e-01
-4.410967324566761327e+00 2.020863481535778439e-02 1.720726086667966614e-01
-4.409246598480093482e+00 4.008859226254687380e-01 2.556034495993698696e-01
-4.406690563984099640e+00 3.690374896732839249e-01 5.257624608390214505e-01
-4.401432939375709452e+00 3.010010880197754868e-01 4.128663268318103485e-01
-4.397304276107391274e+00 3.143818761854343391e-01 1.827195199819297011e-01
-4.395477080907571832e+00 8.462983564838719164e-02 1.489981487529809800e-01
-4.393987099420042064e+00 1.732054415880602272e-01 -8.204450056871367969e-02
-4.394807544425729517e+00 1.273763215364518697e-01 4.517659343440411090e-02
-4.394355778491385145e+00 1.155436524479515059e-01 -1.276456550560023939e-01
-4.395632235041945002e+00 1.647034088188789602e-02 -2.816101292107059395e-02
-4.395913845171155465e+00 1.626572626001611122e-01 -9.290139738907425559e-02
-4.396842859145046134e+00 3.824005362387167262e-01 1.073947572689103735e-01
-4.395768911572356608e+00 4.223499792939490183e-01 9.957485639372212760e-02
-4.394773163008419026e+00 5.107473886466431523e-01 3.467894585401898877e-01
-4.391305268423017161e+00 6.516390305085740797e-01 4.485599437467327477e-01
-4.386819668985549647e+00 7.369140023597453570e-01 3.103950860140196610e-01
-4.383715718125409389e+00 9.815158715403282663e-01 5.545772179923549317e-01
-4.378169945945486141e+00 8.388622766570283940e-01 5.738509879347822862e-01
-4.372431436066138488e+00 7.899294539320466102e-01 5.284168022825636024e-01
-4.367147268043312991e+00 1.016787771048402567e+00 2.446766530318373323e-01
-4.364700501512994713e+00 1.077783935271155569e+00 3.915158094660774468e-01
-4.360785343418333682e+00 1.183269065096006933e+00 3.312071176107143078e-01
-4.357473272242226692e+00 1.080813373674922806e+00 5.081794347529045019e-01
-4.352391477894697935e+00 9.792695048482693565e-01 6.228766458247345650e-01
-4.346162711436450721e+00 1.095806738435149308e+00 2.431223207925230501e-01
-4.343731488228525173e+00 9.650477012987943581e-01 5.005494689666534214e-01
-4.338725993538858461e+00 6.405453200538093750e-01 4.744984005788088766e-01
-4.333981009533069972e+00 8.526200574748650229e-01 5.882524853982037394e-01
-4.328098484679087754e+00 7.955063351051901988e-01 5.500180815185068406e-01
-4.322598303863903091e+00 5.320947954313628436e-01 4.574040846512436587e-01
-4.318024263017390396e+00 6.784036168542415535e-01 3.231522157246208282e-01
-4.314792740860144526e+00 5.235427594682062757e-01 6.103496285939391530e-01
-4.308689244574205546e+00 3.256448722508302751e-01 4.772883055914146633e-01
-4.303916361518291822e+00 4.131346101988895292e-01 5.890249380645234956e-01
-4.298026112137646848e+00 5.133841384380595230e-01 6.987131341264443130e-01
-4.291038980796382241e+00 6.527692097468241750e-01 8.272797853140601010e-01
-4.282766182943241517e+00 5.058471838878028093e-01 8.959401702289184755e-01
-4.273806781240952368e+00 7.037869107938496960e-01 8.312024528504130538e-01
-4.265494756712448599e+00 5.689374738216576022e-01 1.108523370945642572e+00
-4.254409523002991911e+00 6.318091158906353755e-01 1.077968735542172984e+00
-4.243629835647570125e+00 6.711056418678308377e-01 1.202510011119696243e+00
-4.231604735536373063e+00 4.421052987036506732e-01 1.421636504561711201e+00
-4.217388370490755989e+00 4.199727665300488355e-01 1.205851962738857530e+00
-4.205329850863367191e+00 2.423365064281863268e-01 1.203639777404359457e+00
-4.193293453089323997e+00 1.789533023236837272e-01 8.878183068696425817e-01
-4.184415270020627631e+00 5.153864373715644209e-01 1.045496960552213084e+00
-4.173960300415105351e+00 2.790935962207032883e-01 1.119018499751212259e+00
-4.162770115417592898e+00 -3.361242505301242911e-02 1.007442378478417000e+00
-4.152695691632808384e+00 -3.781322528691716256e-01 9.987027647175049649e-01
-4.142708663985633422e+00 -6.100208927644584778e-01 9.320023415581840665e-01
-4.133388640570051287e+00 -5.952218655295458127e-01 7.984875446080320627e-01
-4.125403765123970778e+00 -9.328313990069352357e-01 9.796033067647043069e-01
-4.115607732056323798e+00 -9.982205635939624955e-01 1.001036469544025476e+00
-4.105597367360883432e+00 -1.244701227350585748e+00 1.018400368689698743e+00
-4.095413363673986673e+00 -1.311893948436852364e+00 1.132888509792203902e+00
-4.084084478576064825e+00 -1.290579873125268895e+00 8.407388865958498325e-01
-4.075677089710106671e+00 -1.179692713260703130e+00 8.150636355349943907e-01
-4.067526453354756377e+00 -1.095797761866410536e+00 5.319564993870247172e-01
-4.062206888360885948e+00 -1.132949570875670720e+00 3.334328467691165532e-01
-4.058872559893194953e+00 -1.430845463204473589e+00 4.901158097035295258e-01
-4.053971401796159668e+00 -1.517761323406160212e+00 6.984447886563580621e-01
-4.046986953909596174e+00 -1.323538444544429815e+00 3.925634166188132212e-01
-4.043061319743408433e+00 -1.060552011910823600e+00 2.619655361906984559e-01
-4.040441664381501319e+00 -9.793201605144309374e-01 4.529037690420159024e-01
-4.035912626691080973e+00 -7.794826487006704108e-01 2.894044993568610780e-01
-4.033018581697512595e+00 -8.394222158624550234e-01 4.770993709657694315e-01
-4.028247587987855205e+00 -7.775251033586498828e-01 5.671973681575750437e-01
-4.022575614306279412e+00 -9.185556788932811578e-01 4.599764360861833823e-01
-4.017975849945417899e+00 -7.329317487566521239e-01 5.512434107106980452e-01
-4.012463415838310787e+00 -6.843911288293078599e-01 2.287587412830536793e-01
-4.010175828425480482e+00 -1.171880521414589094e+00 2.873107024749289029e-01
-4.007302721400731293e+00 -1.090726952103142189e+00 4.346442326985142102e-01
-4.002956279073746515e+00 -1.056187810922028403e+00 3.956143039297820296e-01
-3.999000136034448705e+00 -1.037409195306687071e+00 4.227858821877312767e-01
-3.994772277212571332e+00 -1.172460875379532919e+00 3.497470923747083016e-01
-3.991274806288824362e+00 -1.605166873679223727e+00 2.717200995812337205e-01
-3.988557605293011843e+00 -1.863794184863637904e+00 5.416276076211579138e-01
-3.983141329216800308e+00 -1.925615670196474172e+00 6.329331192859084521e-01
-3.976811998023941364e+00 -1.671249745030140010e+00 5.355370236978003184e-01
-3.971456627786963178e+00 -1.171546113966750680e+00 3.517473228734092627e-01
-3.967939154558229209e+00 -1.232021423178973452e+00 3.604320467531711425e-01
-3.964334834090697424e+00 -1.291816304038326368e+00 5.744439088078201472e-03
-3.964277389699816467e+00 -1.051496953502529808e+00 5.014866200190285506e-01
-3.959262523499626152e+00 -6.873018496422942381e-01 4.024012435750908834e-01
-3.955238511063875251e+00 -8.159999430265250098e-01 3.955939304414990976e-01
-3.951282571759460183e+00 -5.672133656706416227e-01 3.701413786993615340e-01
-3.947581157972466670e+00 -4.684900390884024768e-01 3.932379562100503101e-01
-3.943648778410365985e+00 -5.416742763935694649e-01 3.510567406208271457e-01
-3.940138211004157842e+00 -7.387317587729602675e-02 3.035831977238936941e-01
-3.937102379026919063e+00 -7.754228932827197940e-02 2.051426068747486120e-01
-3.935050952958171422e+00 -4.759344327395621799e-02 -9.064467935278072708e-02
-3.935957399751699448e+00 1.312739602129940619e-01 -3.864001381587649220e-02
-3.936343799889858275e+00 5.518571915700094532e-01 1.911476676322402535e-01
-3.934432323213536087e+00 5.573392661252797309e-01 2.171476988273582376e-01
-3.932260846225262618e+00 7.700782008211801699e-01 3.866393033051113148e-02
-3.931874206921957438e+00 9.974038495953488903e-01 2.909833268249815974e-02
-3.931583223595132459e+00 1.156710954822427251e+00 1.807270372092256439e-01
-3.929775953223040297e+00 1.485517515909179576e+00 2.705845047455859853e-02
-3.929505368718294811e+00 1.219786537820867656e+00 -3.369647501268634993e-01
-3.932875016219563591e+00 1.398412891978541239e+00 -5.190601971696126027e-01
-3.938065618191259887e+00 1.542490646113856112e+00 -5.343052653200760505e-01
-3.943408670844460673e+00 1.834729166170918191e+00 -3.910095844210479954e-01
-3.947318766688671321e+00 1.793733644256660265e+00 -4.343743183205302505e-01
-3.951662509871876505e+00 1.786882622954750532e+00 -8.467497071297597211e-01
-3.960130006943173964e+00 1.832069050803748933e+00 -6.231626474365375978e-01
-3.966361633417539334e+00 1.517989611164584973e+00 -4.596907501092718507e-01
-3.970958540918632096e+00 1.156196246084147061e+00 -2.762057290309844482e-01
-3.973720598208942079e+00 9.726962839710209252e-01 -3.523087953795711602e-01
-3.977243686162737824e+00 1.169815048068044483e+00 -4.984763011453174908e-01
-3.982228449174190832e+00 1.220598431439521292e+00 -4.406864717231631090e-01
-3.986635313891422339e+00 1.421971312606052917e+00 -3.592990334567722766e-01
-3.990228304225989842e+00 1.279321306356081100e+00 2.732751075598616186e-02
-3.989955029118430030e+00 1.420589856088605885e+00 4.198347046755413481e-01
-3.985756682071674550e+00 1.439184464468629798e+00 2.912719166977298935e-01
-3.982843962904697221e+00 1.484739312099197850e+00 4.131844349829869034e-01
-3.978712118554867505e+00 1.820071605135870740e+00 2.736821601445519336e-01
-3.975975296953421889e+00 1.970229413033193655e+00 1.930509728617514353e-01
-3.974044787224804587e+00 2.098495684183569576e+00 2.364187599370789206e-01
-3.971680599625433850e+00 2.042621108630584104e+00 4.764831483184269745e-01
-3.966915768142249554e+00 2.030722289695237048e+00 1.109166498169894544e-01
-3.965806601644079610e+00 1.918538241710327608e+00 2.230704125153654682e-01
-3.963575897518925917e+00 1.983978727305368617e+00 1.357586071984674680e-01
-3.962218311446941144e+00 1.878102272838183540e+00 3.496979179670595128e-03
-3.962183341655144631e+00 1.841722094326619485e+00 -2.543931597468123140e-01
-3.964727273252612871e+00 1.938694276697103147e+00 -5.533647863200871764e-02
-3.965280638038933159e+00 1.799463939267598622e+00 2.822168708238110418e-02
-3.964998421168109299e+00 1.850887623907580659e+00 -1.801256450347936688e-01
-3.966799677618457309e+00 2.125640889833105174e+00 -2.601809002697343942e-01
-3.969401486621154440e+00 2.190755805617009333e+00 -8.002359944805578773e-02
-3.970201722615635198e+00 2.365950560082551224e+00 -1.317219758325258450e-01
-3.971518942373960304e+00 2.552836104029043707e+00 -1.479158660661152314e-01
-3.972998101034621588e+00 2.871492040992376094e+00 5.790857263220836049e-02
-3.972419015308299439e+00 2.812796004568639319e+00 6.353442802506982512e-02
-3.971783671028048524e+00 2.796858516797332328e+00 -2.413698033930336551e-01
-3.974197369061978957e+00 3.108167995340436640e+00 2.018939087326429294e-01
-3.972178429974652314e+00 3.203329146637753144e+00 2.631176667393919644e-01
-3.969547253307258217e+00 3.238126236798661850e+00 2.203302698461520326e-01
-3.967343950608796632e+00 2.906395777065307939e+00 -1.005760846883592685e-01
-3.968349711455680051e+00 3.198277734020684271e+00 -2.029508701115421698e-01
-3.970379220156795341e+00 2.924842378834631607e+00 -1.609418901204773267e-02
-3.970540162046915622e+00 2.960023785294219056e+00 3.404475999360482841e-01
-3.967135686047555065e+00 2.895798537251621951e+00 3.732196527577389400e-01
-3.963403489519977896e+00 2.869493315398330413e+00 3.577862437889199887e-01
-3.959825627082088850e+00 2.674473786431147637e+00 4.878801249631987136e-01
-3.954946825832456714e+00 2.667896749057338202e+00 6.520155839823621458e-01
-3.948426669992632920e+00 2.972313211245876552e+00 5.538989349091505421e-01
-3.942887680643541337e+00 2.907659971414508604e+00 6.565294043192106965e-01
-3.936322386600349166e+00 2.946380254945797805e+00 4.883128880237604941e-01
-3.931439257720111602e+00 3.277155456763243713e+00 5.832280974083997593e-01
-3.925606976746027765e+00 3.575148779043196168e+00 7.346198968612991376e-01
-3.918260777777414994e+00 3.388872831504440519e+00 5.110463364629969085e-01
-3.913150314412785047e+00 3.259780397873426772e+00 3.585564306215990316e-01
-3.909564750106568898e+00 3.534385085324448283e+00 2.973777343869923873e-01
-3.906590972762698843e+00 3.744082346782120041e+00 5.296237271979962191e-01
-3.901294735490719034e+00 3.730470667251478023e+00 8.895964325101053394e-01
-3.892398771165618054e+00 3.261227268928267975e+00 1.022962554440828731e+00
-3.882169145621209960e+00 2.823596765413585619e+00 1.146795863050728892e+00
-3.870701186990702869e+00 2.811491417107905288e+00 9.615844949545231390e-01
-3.861085342041157720e+00 2.951490874880988269e+00 9.016329090477223085e-01
-3.852069012950680715e+00 2.960261181393049501e+00 1.014083193557350882e+00
-3.841928181015107135e+00 3.254382534183111630e+00 1.059398817977565077e+00
-3.831334192835331276e+00 3.607609757920417604e+00 8.269812769076008152e-01
-3.823064380066255374e+00 3.568324300172867947e+00 1.212281365732305716e+00
-3.810941566408932335e+00 3.506164714521264880e+00 8.159641188429984648e-01
-3.802781925220502401e+00 3.344528014131306293e+00 9.198523732204917369e-01
-3.793583401488297646e+00 3.216528343412112800e+00 7.763939237538781679e-01
-3.785819462250759049e+00 3.620955809344780452e+00 7.060360195830674979e-01
-3.778759102054928487e+00 3.245642616185421048e+00 6.895949217665833242e-01
-3.771863152837262589e+00 3.296286371668395887e+00 1.013945872553183580e+00
-3.761723694111730687e+00 3.229931648693609603e+00 8.934570053178398918e-01
-3.752789124058552250e+00 3.192568014047532099e+00 7.291264391212320950e-01
-3.745497859667339835e+00 2.779548914451868136e+00 2.934547332938836073e-01
-3.742563312334401093e+00 2.493539903834606442e+00 1.368495760923103821e-01
-3.741194816573477855e+00 2.217735210299820459e+00 4.615690252937656446e-01
-3.736579126320540123e+00 2.098090749905299646e+00 3.255514924886052652e-01
-3.733323611395654051e+00 2.501297330889952431e+00 2.751395139395318989e-01
-3.730572216256258677e+00 2.458104663639338217e+00 2.343988556923337629e-02
-3.730337817400566358e+00 2.138434827915098868e+00 3.331898459293193560e-02
-3.730004627554637242e+00 2.219008646770007864e+00 2.088264041797550097e-01
-3.727916363512839837e+00 2.135274684061737815e+00 -1.046895835124281304e-02
-3.728021053096352233e+00 1.820993502519174800e+00 -2.004993718562356475e-01
-3.730026046814914675e+00 2.104386635376183534e+00 2.307024475299906952e-02
-3.729795344367384580e+00 2.292329584519029240e+00 -2.793182261118091203e-01
-3.732588526628502823e+00 2.257442564380599759e+00 -2.811195070546552155e-01
-3.735399721699049547e+00 2.084476422925375605e+00 -4.084586430995693629e-01
-3.739484308130045065e+00 2.116236382627820323e+00 -2.636087095408182757e-01
-3.742120395225453144e+00 2.045060421592899136e+00 -3.113790906051480123e-01
-3.745234186131504828e+00 1.960040160534204823e+00 -3.653506005708865301e-01
-3.748887692137213623e+00 1.866231404617176182e+00 -6.261855194282350823e-01
-3.755149547331495974e+00 1.779405424034613548e+00 -8.409519528024280710e-01
-3.763559066859520463e+00 2.009861859351989466e+00 -1.117631023637653209e+00
-3.774735377095896904e+00 2.264537855829863666e+00 -7.483103988837145337e-01
-3.782218481084734130e+00 2.270758673977600672e+00 -1.013106580327460149e+00
-3.792349546888008849e+00 2.110573635522215774e+00 -1.114503411031734892e+00
-3.803494580998326047e+00 1.718767242395248251e+00 -1.219690656488030100e+00
-3.815691487563206419e+00 1.613911737721909656e+00 -1.107070904237008158e+00
-3.826762196605576705e+00 1.562383094088072966e+00 -1.007836210447627279e+00
-3.836840558710052917e+00 1.226404948902230840e+00 -1.090454282404311970e+00
-3.847745101534095991e+00 1.413938011322090516e+00 -7.596853663111204913e-01
-3.855341955197207238e+00 1.463000875481989871e+00 -9.383542818582970568e-01
-3.864725498015790350e+00 1.450284878582628334e+00 -8.153476737361173843e-01
-3.872878974753151571e+00 1.416970866723483491e+00 -1.091294970698163835e+00
-3.883791924460133327e+00 9.806518338192664608e-01 -8.388867896418369385e-01
-3.892180792356551677e+00 1.060547962973277691e+00 -1.070856095542830344e+00
-3.902889353311980170e+00 1.072949279102407116e+00 -9.246415624786996634e-01
-3.912135768936767288e+00 1.022248133777474699e+00 -9.666080017741982555e-01
-3.921801848954509229e+00 6.572414391312020321e-01 -8.290860225817274776e-01
-3.930092709180326604e+00 1.005533638054400880e+00 -4.583423972663203116e-01
-3.934676133152989586e+00 8.944458513867490357e-01 -2.544650927320273315e-01
-3.937220784080309954e+00 1.233788234230691616e+00 -7.203389246942063506e-01
-3.944424173327251815e+00 1.203942133339234832e+00 -6.113549081379754391e-01
-3.950537722408631769e+00 1.436970017440212244e+00 -9.287748158478645877e-01
-3.959825470567110539e+00 1.542051677172045387e+00 -1.132112039968515838e+00
-3.971146590966795564e+00 1.398735187563732163e+00 -5.637802687056885365e-01
-3.976784393653852501e+00 1.259484278478703478e+00 -8.159548133584231255e-01
-3.984943941787436827e+00 1.124905306729815146e+00 -8.139554026851014701e-01
-3.993083495814287787e+00 1.454794746209643774e+00 -8.112762305779710470e-01
-4.001196258120067739e+00 1.057545590619879849e+00 -9.411718531507532459e-01
-4.010607976651574980e+00 8.929939790735692551e-01 -1.106364429187975507e+00
-4.021671620943454428e+00 9.797535069972916899e-01 -1.126986049297646453e+00
-4.032941481436431275e+00 9.369781936974423964e-01 -1.028162320704837374e+00
-4.043223104643479893e+00 1.183305065787349175e+00 -1.298539584880587627e+00
-4.056208500492285651e+00 1.668966977613729474e+00 -1.564475029327248690e+00
-4.071853250785558487e+00 1.537338645722276187e+00 -1.447580233145066675e+00
-4.086329053117009558e+00 1.512219988628985767e+00 -1.383477908390267963e+00
-4.100163832200911962e+00 1.059794225185749061e+00 -1.136962696340527712e+00
-4.111533459164316895e+00 8.364820550690360568e-01 -1.217824859392448555e+00
-4.123711707758241474e+00 7.089246766235413055e-01 -1.160442343553320432e+00
-4.135316131193774503e+00 3.275700270176178375e-01 -8.195027123069460462e-01
-4.143511158316844245e+00 4.986226896539993625e-01 -8.476685805664810891e-01
-4.151987844122508875e+00 5.632909470870227642e-01 -1.294849532578023599e+00
-4.164936339448289004e+00 6.815043981696351505e-01 -1.092101852949175722e+00
-4.175857357977780460e+00 5.257226711002928043e-01 -1.010451962724184138e+00
-4.185961877605022252e+00 2.340215038460569108e-01 -9.005091872427221089e-01
-4.194966969477449403e+00 3.199763848706973501e-01 -9.084991856037574198e-01
-4.204051961333487242e+00 1.934031601052295379e-01 -1.083767424173010419e+00
-4.214889635575217675e+00 3.689668444024257199e-01 -1.355425470515386532e+00
-4.228443890280371598e+00 6.321923340823339954e-01 -1.677283533190886189e+00
-4.245216725612280584e+00 5.834979666912749607e-01 -1.593886671628091944e+00
-4.261155592328561781e+00 7.679539924250933236e-01 -1.650533444971127528e+00
-4.277660926778272810e+00 9.372420531507230645e-01 -1.201247082341912797e+00
-4.289673397601691640e+00 9.436407427374675638e-01 -1.370275659342879759e+00
-4.303376154195120762e+00 9.349510421437198238e-01 -1.140480740585607000e+00
-4.314780961600976461e+00 1.337139883072852919e+00 -9.764336947141705192e-01
-4.324545298548118311e+00 1.679511978452127074e+00 -1.003436689571181928e+00
-4.334579665443830443e+00 1.445665333541994224e+00 -7.591270533895010386e-01
-4.342170935977725854e+00 1.326355498160217028e+00 -8.233268082285801759e-01
-4.350404204060011715e+00 1.517028150915457729e+00 -7.786855468797386770e-01
-4.358191059528809141e+00 1.431530877928244960e+00 -6.289219105343141214e-01
-4.364480278634152555e+00 9.110139324278800910e-01 -5.353545952565834654e-01
-4.369833824586718762e+00 9.771633180957589593e-01 -5.538898560482128364e-01
-4.375372723147201270e+00 1.007472484917547817e+00 -8.178782403368236587e-01
-4.383551505550569161e+00 1.310108312843196066e+00 -5.511271313594821031e-01
-4.389062776864164128e+00 1.195973080786473464e+00 -6.212604323580263044e-01
-4.395275381187744301e+00 1.252283563080725415e+00 -3.719035321827831031e-01
-4.398994416509571792e+00 1.513681651708530307e+00 -3.169523078106574743e-01
-4.402163939587678598e+00 1.334465248955542194e+00 -3.211503809774819973e-01
-4.405375443397453239e+00 8.974164444137375796e-01 -9.713595326985596801e-02
-4.406346802930151796e+00 8.369019024788227901e-01 -2.822575400210861618e-01
-4.409169378330362932e+00 7.651102732622497848e-01 -2.050623012936187983e-01
-4.411220001343298946e+00 9.860065331273362155e-01 -4.648811675886955763e-01
-4.415868813019185879e+00 9.875639684556584141e-01 -2.902878033606852703e-01
-4.418771691052792328e+00 1.016867820966672165e+00 -5.105086703032908346e-01
-4.423876777755824996e+00 1.136638046220717291e+00 -6.617857506973383597e-01
-4.430494635262798298e+00 1.089684862494582962e+00 -8.572323998484308039e-01
-4.439066959261282364e+00 7.733095720745785107e-01 -3.636852647801895877e-01
-4.442703811909084699e+00 1.045078458277981071e+00 1.143709252028152212e-01
-4.441560102657056142e+00 1.058635394197997126e+00 1.473773992711651104e-01
-4.440086328664344606e+00 6.512461018280819580e-01 -3.684682573565442598e-02
-4.440454796921700975e+00 7.326733712667160558e-01 1.471094500119625448e-01
-4.438983702421581690e+00 6.436854673387640835e-01 5.383412904147590883e-01
-4.433600289517434234e+00 4.685834595533812097e-01 5.069722390607536155e-01
-4.428530567126826689e+00 5.372139533247938248e-01 5.574890449100843304e-01
-4.422955676677726267e+00 5.150505587241339667e-01 5.393421255765745714e-01
-4.417562255421960238e+00 4.483253754420847281e-01 5.985859251816096904e-01
-4.411576396170143965e+00 2.824872877562636386e-01 4.178032348592622403e-01
-4.407398363821551257e+00 4.201488520854114173e-01 4.063575002465221186e-01
-4.403334788819085688e+00 1.735310225867129352e-01 5.191583668871943003e-01
-4.398143205150213397e+00 2.614521795253744729e-01 8.618736703579557012e-01
-4.389524468446634131e+00 3.265141481647589883e-01 9.678079207718059962e-01
-4.379846389238916338e+00 1.966910793412275371e-01 6.980901679086968237e-01
-4.372865487559828956e+00 2.567959513843711128e-01 5.181237662685844736e-01
-4.367684249897143545e+00 1.280584177574894122e-01 4.179015053772696664e-01
-4.363505234843370495e+00 1.206345947692905596e-01 5.640756198861344162e-01
-4.357864478644509099e+00 -2.905743914758727175e-01 5.360442678362555835e-01
-4.352504035966146212e+00 -4.119335702914744823e-02 5.469762289042385817e-01
-4.347034273677103933e+00 -2.942309161101622911e-02 4.082280519280253595e-01
-4.342951993157823765e+00 -2.264490068983670071e-02 6.226196348056193264e-01
-4.336725796809767886e+00 -2.653843071083800687e-01 1.072049760315400224e+00
-4.326005299206613586e+00 -2.577769450408020080e-01 1.581119603877226609e+00
-4.310194103167841462e+00 -2.239417587198782034e-01 1.595891063534828902e+00
-4.294235192532493528e+00 -1.428837391214318464e-01 1.238354190081020434e+00
-4.281851650631683270e+00 -5.633674677215450011e-02 8.963505390077410873e-01
-4.272888145241605429e+00 -2.338039051045163463e-01 1.025346594408838241e+00
-4.262634679297517160e+00 -2.247652743931702057e-01 9.324064182154712110e-01
-4.253310615115362125e+00 -1.979518365675234925e-01 9.814760667038553432e-01
-4.243495854448323890e+00 -2.999778106384840548e-01 7.368237542724274114e-01
-4.236127616905599247e+00 1.338353405932147799e-01 7.501670903777065691e-01
-4.228625946001821845e+00 1.455228409840174375e-01 7.576021478161318878e-01
-4.221049924523660124e+00 2.312252809444369506e-01 8.747314660146454646e-01
-4.212302609863513680e+00 2.451176514533576489e-01 6.282069586581966458e-01
-4.206020540276931285e+00 2.748831376877290955e-01 7.815758942454257285e-01
-4.198204781334476721e+00 3.173633782353680322e-01 9.843903648938256978e-01
-4.188360877685538775e+00 1.988064856228243804e-01 9.474115667015783337e-01
-4.178886762018523271e+00 3.267891087575586218e-01 1.010321086660617595e+00
-4.168783551151917344e+00 2.064462808745333444e-01 1.075364026364367787e+00
-4.158029910888273228e+00 -1.082654852764563802e-01 1.193634264861632044e+00
-4.146093568239656690e+00 -2.354543641408538002e-03 8.167521604161145365e-01
-4.137926046635495680e+00 4.580789163868952962e-01 1.047688352472297524e+00
-4.127449163110772368e+00 4.206088578783491183e-01 9.103367525350432032e-01
-4.118345795585422131e+00 6.568589463711903553e-01 1.159475778065825358e+00
-4.106751037804763804e+00 5.407314913351566332e-01 7.078861379211485172e-01
-4.099672176425552372e+00 1.636956813362043239e-01 6.137222145948433294e-01
-4.093534954279603788e+00 5.628816265323055568e-01 5.523963731029302160e-01
-4.088010990548574419e+00 4.005618697361488234e-01 3.858273356397482479e-01
-4.084152717192177207e+00 6.029023938379697301e-01 2.633995289578798804e-01
-4.081518721902598124e+00 8.452049036101629831e-01 5.554440055916727292e-01
-4.075964281846681025e+00 1.069131288630174037e+00 5.962206531211119431e-01
-4.070002075315469980e+00 7.639205048918560337e-01 7.308819367870920125e-01
-4.062693255947599447e+00 1.024872521329393216e+00 7.780192419662632641e-01
-4.054913063527936679e+00 8.606670890280450070e-01 8.911043669966476344e-01
-4.046002019857970033e+00 7.609997199869902307e-01 1.119125723949486950e+00
-4.034810762618475266e+00 7.433176748533560918e-01 8.969223466054255800e-01
-4.025841539152421156e+00 6.879888464591977781e-01 7.046202679005171277e-01
-4.018795336473416135e+00 7.588380037019683000e-01 2.761406685488561052e-01
-4.016033929787927725e+00 8.062589285765551228e-01 3.229830410003626251e-01
-4.012804099377923706e+00 8.727998500897294898e-01 7.202953255314709091e-02
-4.012083804052392288e+00 8.488446954682593582e-01 3.227365787667143548e-01
-4.008856438264724709e+00 6.083666481410039406e-01 4.352284031063811676e-01
-4.004504154233661239e+00 8.728065872847199369e-01 7.251650653286227932e-01
-3.997252503580375205e+00 9.020787956735024649e-01 6.161475848279618361e-01
-3.991091027732095675e+00 1.145082335101782034e+00 6.275741482356330669e-01
-3.984815286249739241e+00 1.271931616843308133e+00 4.404685742883067689e-01
-3.980410600506856245e+00 8.558228554774345298e-01 5.066275468460647025e-01
-3.975344325038395521e+00 8.293048282030687224e-01 6.965554822947662705e-01
-3.968378770215447826e+00 8.335778304001849603e-01 7.537199043776837692e-01
-3.960841571171671127e+00 7.478570715789636392e-01 7.953529497528666337e-01
-3.952888041674142539e+00 4.373628604045528001e-01 1.385237844257363626e+00
-3.939035663231568840e+00 3.374319467069910594e-01 1.413973046050357008e+00
-3.924895932771065077e+00 3.510744736255634324e-01 1.633515829226492633e+00
-3.908560774478800237e+00 4.489614270809199059e-01 1.263018992816127506e+00
-3.895930584550638898e+00 4.899515200612644117e-01 1.634945400967849682e+00
-3.879581130540960210e+00 2.887472301473242298e-01 1.566131599190691670e+00
-3.863919814549053200e+00 4.602006427930168675e-01 1.842990811276908003e+00
-3.845489906436283967e+00 4.431840310393869165e-01 1.552616521518718873e+00
-3.829963741221096729e+00 5.341252814647230451e-01 2.050798905612162049e+00
-3.809455752164975006e+00 3.307910458070262294e-01 2.085332184142127510e+00
-3.788602430323553705e+00 2.291986023426351715e-01 2.147759376059352299e+00
-3.767124836562960155e+00 8.528123665943404541e-02 1.888368801407363629e+00
-3.748241148548886681e+00 -8.610563193538733895e-02 1.810937419356371425e+00
-3.730131774355323060e+00 1.292790418273855324e-01 1.861452237120275299e+00
-3.711517251984120414e+00 1.964219680826716496e-01 2.190240671238900205e+00
-3.689614845271731447e+00 1.849509468241737342e-01 2.656023996099967643e+00
-3.663054605310731571e+00 7.460633971566325850e-02 2.540392409300813004e+00
-3.637650681217723392e+00 2.920610275613850226e-01 2.340748410255877321e+00
-3.614243197115164730e+00 3.068467697197191923e-01 2.175847105062695075e+00
-3.592484726064537615e+00 3.006220978870958738e-01 2.361078819940347628e+00
-3.568873937865133961e+00 2.390009274820944773e-01 2.208442281833805421e+00
-3.546789515046795849e+00 1.771580105516963322e-01 2.039574579066681714e+00
-3.526393769256129129e+00 2.849256901752047488e-01 1.832382648105669976e+00
-3.508069942775072558e+00 2.017751849188950952e-01 1.695634015091674884e+00
-3.491113602624155821e+00 3.218310283984526232e-01 1.797838411081560617e+00
-3.473135218513340394e+00 8.672454045598448902e-02 1.716864833849190752e+00
-3.455966570174848318e+00 -3.327412257532191275e-01 1.716943724325268539e+00
-3.438797132931595613e+00 -3.897712401749006128e-01 1.773151616041880541e+00
-3.421065616771176821e+00 -5.294212020297502930e-01 1.429169696303072001e+00
-3.406773919808145923e+00 -7.827727478040471532e-01 1.482553112792673433e+00
-3.391948388680219306e+00 -9.818073839508723033e-01 1.680587294497747353e+00
-3.375142515735241933e+00 -9.076956489433318787e-01 1.456532843506996411e+00
-3.360577187300171964e+00 -4.058382516234785298e-01 1.342130214589726256e+00
-3.347155885154274646e+00 -4.801437183786645413e-01 1.302360978114122769e+00
-3.334132275373133503e+00 -1.839937155752150999e-01 1.172030424039675056e+00
-3.322411971132736674e+00 -2.609671616913766812e-02 1.244538737865578337e+00
-3.309966583754080816e+00 -1.730091703052626106e-01 1.724423220970692672e+00
-3.292722351544373982e+00 2.208406273605911796e-02 1.677933999131240528e+00
-3.275943011553061446e+00 1.348051830762192205e-01 1.713283627161556355e+00
-3.258810175281445787e+00 7.053041418633865245e-02 1.691715497977642313e+00
-3.241893020301669370e+00 1.460569938114818500e-01 1.828662932074019976e+00
-3.223606390980929159e+00 2.168015066334421370e-01 1.618220786945105072e+00
-3.207424183111478033e+00 3.802587039310605377e-01 1.651191654585265400e+00
-3.190912266565625544e+00 4.178066693158468681e-01 1.371262651904668228e+00
-3.177199640046578732e+00 1.875057468996669807e-01 1.637837780139502097e+00
-3.160821262245183672e+00 5.777639605437321357e-01 1.513279011843213784e+00
-3.145688472126751734e+00 6.625598468942603958e-01 1.396676401515430266e+00
-3.131721708111597557e+00 1.208826544678422765e+00 1.654355130303843957e+00
-3.115178156808559251e+00 1.071025825805577369e+00 1.693962351707353209e+00
-3.098238533291485908e+00 1.214230577214992612e+00 1.421698096643108977e+00
-3.084021552325054927e+00 1.600342782445985268e+00 1.628169806151985810e+00
-3.067739854263535015e+00 1.811096306446538406e+00 1.783394856270667850e+00
-3.049905905700828423e+00 1.898730338078983948e+00 1.490395823582618462e+00
-3.035001947465002292e+00 1.889692023188904724e+00 1.819794075517933152e+00
-3.016804006709822961e+00 1.925904352001675202e+00 1.538737032919883729e+00
-3.001416636380624059e+00 1.687561347875857543e+00 1.598101348497549923e+00
-2.985435622895648677e+00 1.466052905917185623e+00 1.626353563143585701e+00
-2.969172087264212667e+00 1.353897924332267078e+00 1.622667281726751565e+00
-2.952945414446945360e+00 1.713142979237481933e+00 1.647950178091730278e+00
-2.936465912666028188e+00 1.738222740975648994e+00 1.501798170368817908e+00
-2.921447930962339790e+00 1.744868431706967149e+00 1.705436968488818872e+00
-2.904393561277451408e+00 1.682149660517929579e+00 1.731273565084732402e+00
-2.887080825626604064e+00 1.626094390669959200e+00 1.836610925454508880e+00
-2.868714716372058771e+00 1.634564491737668490e+00 1.840621710157782420e+00
-2.850308499270481022e+00 1.614641712340006752e+00 1.912897727971683004e+00
-2.831179521990764059e+00 2.019664584647176131e+00 1.877283703852539176e+00
-2.812406684952238667e+00 1.734071500131960875e+00 1.859661879990229805e+00
-2.793810066152336180e+00 1.656211298934366027e+00 1.841192674008245378e+00
-2.775398139412253773e+00 1.617267770183343778e+00 1.803679395604894431e+00
-2.757361345456204926e+00 1.684944121934938588e+00 1.928518059403947937e+00
-2.738076164862165651e+00 1.838511034356475893e+00 1.882553363785225642e+00
-2.719250631224313430e+00 1.968951841303921979e+00 2.102477916887061760e+00
-2.698225852055442964e+00 1.873662532885967957e+00 1.994066584619436089e+00
-2.678285186209248714e+00 1.867398918325179569e+00 2.233992433587114412e+00
-2.655945261873377650e+00 2.070467117675775626e+00 2.257194831063328966e+00
-2.633373313562744400e+00 2.064115587319959477e+00 2.055530603342621276e+00
-2.612818007529318365e+00 1.625266578228191650e+00 2.168109494145709526e+00
-2.591136912587861385e+00 1.480463260313001017e+00 2.227172319304500991e+00
-2.568865189394816451e+00 1.456401194300988911e+00 2.195296100135197825e+00
-2.546912228393464428e+00 1.413772469362664541e+00 2.271806552276363966e+00
-2.524194162870700975e+00 1.299058836811244788e+00 1.947535572332427023e+00
-2.504718807147376491e+00 1.619004283481060735e+00 2.065728477215816206e+00
-2.484061522375218267e+00 1.940618423193776421e+00 2.142987748422111594e+00
-2.462631644890997062e+00 1.951897240180238802e+00 2.600933607676489956e+00
-2.436622308814232252e+00 2.171019497037670387e+00 2.605287780497657746e+00
-2.410569431009255581e+00 2.119838710532689241e+00 2.635671777028884222e+00
-2.384212713238966774e+00 1.969155092532244744e+00 2.602392539439083219e+00
-2.358188787844575973e+00 1.921358475517906506e+00 2.547276641550010989e+00
-2.332716021429075859e+00 1.906354173376891614e+00 2.418919697725674833e+00
-2.308526824451818893e+00 1.800586902402667500e+00 2.688082931646014195e+00
-2.281645995135358707e+00 1.514100422883196684e+00 2.367245667422364086e+00
-2.257973538461135021e+00 1.424990891161796114e+00 2.510434632109184605e+00
-2.232869192140042980e+00 1.594172373347503280e+00 2.701769825392194235e+00
-2.205851493886120895e+00 1.665754566279984861e+00 2.423945748214761498e+00
-2.181612036403973498e+00 1.992103269302475832e+00 2.388284613022742864e+00
-2.157729190273745878e+00 2.042148843786225854e+00 2.332408054626529115e+00
-2.134405109727480543e+00 1.922989983684397552e+00 2.182497238326856159e+00
-2.112580137344211906e+00 1.600968813983916883e+00 2.281180798523262165e+00
-2.089768329358979493e+00 1.499563652602402986e+00 2.075912891124475745e+00
-2.069009200447734731e+00 1.130673541919849034e+00 1.994158532421507424e+00
-2.049067615123519648e+00 1.063667980120994949e+00 1.935195037076691715e+00
-2.029715664752752780e+00 1.141229922632220894e+00 1.848121962513988414e+00
-2.011234445127612958e+00 1.064953147667311972e+00 1.582954757301217485e+00
-1.995404897554600820e+00 7.518406539669260091e-01 1.660668339795873694e+00
-1.978798214156642032e+00 7.334571391690536402e-01 1.377911935260833332e+00
-1.965019094804033806e+00 7.230338628343023766e-01 1.294732335580760285e+00
-1.952071771448226301e+00 8.251841721194556056e-01 1.274306119176144225e+00
-1.939328710256464916e+00 8.091414071736896529e-01 9.519198780380393465e-01
-1.929809511476084483e+00 9.534509302061164870e-01 8.253599373896760572e-01
-1.921555912102187680e+00 9.275392723020261521e-01 7.762712879102148245e-01
-1.913793199223085439e+00 1.078248321825843403e+00 8.322472543988080895e-01
-1.905470726679097337e+00 1.157016791941651856e+00 7.555724922430776536e-01
-1.897915001756666609e+00 1.084829437631383620e+00 7.545085847643332455e-01
-1.890369915909023257e+00 1.244063729951128572e+00 5.964186673470022182e-01
-1.884405729235553162e+00 8.441733583428427945e-01 2.137605546854151051e-01
-1.882268123688699113e+00 8.226146449562777851e-01 3.954077813061121494e-01
-1.878314045875637994e+00 1.125803771377652973e+00 4.491604097477663315e-01
-1.873822441778160375e+00 7.919152569199092717e-01 2.814837890699770639e-01
-1.871007603887460569e+00 1.118270104935233267e+00 2.356051647811166494e-01
-1.868651552239649405e+00 8.210934241802800848e-01 3.787949506895735285e-01
-1.864863602732753645e+00 9.428896420662581379e-01 5.626487510565886252e-02
-1.864300953981697040e+00 1.049109846307333838e+00 2.613313132479243572e-01
-1.861687640849217784e+00 1.318776387975735265e+00 3.066122278738979690e-01
-1.858621518570478859e+00 1.684655345753100164e+00 2.403540349302978330e-01
-1.856217978221175846e+00 1.475772651654181145e+00 -9.075407364859011672e-02
-1.857125518957661647e+00 1.472250235752517566e+00 1.518009355564845786e-01
-1.855607509602096750e+00 1.786312298868720116e+00 3.454191922658575997e-01
-1.852153317679438249e+00 2.001288480704965345e+00 3.134952220603077766e-01
-1.849018365458835245e+00 1.703939883132367328e+00 5.300365136647311459e-01
-1.843718000322188022e+00 1.923194082004945127e+00 7.841389406117640348e-01
-1.835876610916070462e+00 2.148993938746587062e+00 9.671492659440540374e-01
-1.826205118256629900e+00 2.052189437481987344e+00 8.875535578712476781e-01
-1.817329582677917443e+00 2.039514409091991443e+00 9.812817971631014879e-01
-1.807516764706286416e+00 2.450179510655018156e+00 1.027363841162002078e+00
-1.797243126294666427e+00 2.175968789520507318e+00 8.518773857235585334e-01
-1.788724352437430776e+00 2.302805119734454564e+00 8.307284539555348513e-01
-1.780417067897875461e+00 2.371564124753334557e+00 1.401786458026530235e+00
-1.766399203317610134e+00 2.092157557191725914e+00 1.498503181613744406e+00
-1.751414171501472605e+00 2.219714605378160233e+00 1.153071598455074342e+00
-1.739883455516921806e+00 2.251018741004611634e+00 1.117773591768796759e+00
-1.728705719599233914e+00 2.042545409736720163e+00 1.505129897491229496e+00
-1.713654420624321606e+00 1.766255700715040344e+00 1.877892891933595543e+00
-1.694875491704985748e+00 1.840103202881002042e+00 2.173682597413479023e+00
-1.673138665730850905e+00 2.079827865927822650e+00 1.948198644793866841e+00
-1.653656679282912156e+00 2.253674581778225328e+00 2.091711680789852590e+00
-1.632739562475013617e+00 2.052835016599900086e+00 1.993687580749967436e+00
-1.612802686667514029e+00 2.289652440375213427e+00 1.793217106950877771e+00
-1.594870515598005190e+00 2.368066533197684898e+00 1.901441357461716830e+00
-1.575856102023388106e+00 2.393428944394857982e+00 1.827302995116282691e+00
-1.557583072072225239e+00 2.672654301493498252e+00 1.979891512395928865e+00
-1.537784156948265979e+00 2.339817597512177105e+00 1.887218189056103501e+00
-1.518911975057704922e+00 2.671527551571565073e+00 2.022102482218870900e+00
-1.498690950235516128e+00 2.363034459000354914e+00 2.235373448089206239e+00
-1.476337215754623955e+00 2.953987407074932126e+00 1.915517749599771946e+00
-1.457182038258626244e+00 3.042700722305521133e+00 2.008862114597577797e+00
-1.437093417112650373e+00 2.932135677952404595e+00 2.160711785608052438e+00
-1.415486299256569769e+00 2.941873563535316816e+00 2.022826437128553145e+00
-1.395258034885284326e+00 3.287927712919276768e+00 2.350830104235184237e+00
-1.371749733842932528e+00 2.961784919363413593e+00 2.403283872610342708e+00
-1.347716895116829017e+00 3.065053397649105005e+00 2.067477222091145705e+00
-1.327042122895917498e+00 3.089820528081118844e+00 2.174933464780009373e+00
-1.305292788248117342e+00 3.374477220089267426e+00 2.030218129918780257e+00
-1.284990606948929637e+00 3.438509805108160844e+00 1.651615238214143577e+00
-1.268474454566788090e+00 3.349963494191917857e+00 1.758835240425866475e+00
-1.250886102162529490e+00 3.081087685219985328e+00 1.731701335775535977e+00
-1.233569088804774116e+00 2.647250020756898081e+00 1.627493260627922655e+00
-1.217294156198494903e+00 2.493529951790022903e+00 1.945620159022146689e+00
-1.197837954608273359e+00 2.235920618937619953e+00 1.798544235748553044e+00
-1.179852512250787910e+00 2.461934437307885748e+00 1.905039720116681323e+00
-1.160802115049621053e+00 2.429284668851795281e+00 1.662660823875183214e+00
-1.144175506810869214e+00 2.209099750271421136e+00 1.718069484152998649e+00
-1.126994811969339150e+00 2.438661642397282669e+00 1.530443074004862902e+00
-1.111690381229290425e+00 2.269030786963725177e+00 1.605885939524487771e+00
-1.095631521834045552e+00 2.215668961740206111e+00 1.453679480277083158e+00
-1.081094727031274738e+00 2.266547284285653774e+00 1.377122955459312958e+00
-1.067323497476681649e+00 2.249275363221850732e+00 1.435054051755102478e+00
-1.052972956959130624e+00 2.074440570287920949e+00 1.138130579968280376e+00
-1.041591651159447851e+00 1.971945873898465873e+00 1.249345726173268556e+00
-1.029098193897715063e+00 1.664442127923608794e+00 1.331786369351585675e+00
-1.015780330204199222e+00 1.909429204919776080e+00 1.020676655663121712e+00
-1.005573563647568003e+00 1.513707227178604064e+00 8.953671334415596039e-01
-9.966198923131524001e-01 1.582272898833379404e+00 1.137659659539507429e+00
-9.852432957177573725e-01 1.519077085373595315e+00 1.347448754657238013e+00
-9.717688081711849390e-01 1.541327241855475760e+00 1.465942589269535690e+00
-9.571093822784896288e-01 1.165797092619414776e+00 1.766444037835554370e+00
-9.394449419001340562e-01 1.369966753407203974e+00 1.542527588922432358e+00
-9.240196660109096793e-01 1.349174914430322003e+00 1.516597395284217775e+00
-9.088536920580675416e-01 1.599747204786987176e+00 1.465269690115515777e+00
-8.942009951569124260e-01 1.951716916800314783e+00 1.707460669628813266e+00
-8.771263884606242955e-01 1.815476684305740829e+00 1.855090694394154305e+00
-8.585754815166827258e-01 1.826796588342980865e+00 2.049707483948806974e+00
-8.380784066771946872e-01 1.977249175994453934e+00 1.773053152853457881e+00
-8.203478751486601439e-01 1.963741017291844138e+00 1.602381174172266887e+00
-8.043240634069375172e-01 2.013186000138216247e+00 1.690029024033753657e+00
-7.874237731665999496e-01 2.177780245443769580e+00 1.845854118739096883e+00
-7.689652319792089630e-01 2.280724268565855528e+00 1.528735098847238572e+00
-7.536778809907366261e-01 2.467102682261321345e+00 1.592524422715795085e+00
-7.377526367635787174e-01 2.547303302737118358e+00 1.809268154889530633e+00
-7.196599552146834000e-01 2.522268967031715992e+00 1.827932782087243302e+00
-7.013806273938110181e-01 2.202266586241604873e+00 1.945917511809808653e+00
-6.819214522757128805e-01 2.361897444516110500e+00 1.636304628526790150e+00
-6.655584059904450234e-01 2.257124395528327998e+00 1.473608681834321921e+00
-6.508223191721017598e-01 2.249405601276850852e+00 1.277132571365185765e+00
-6.380509934584499554e-01 1.765528469848238524e+00 1.254439464317617547e+00
-6.255065988152738177e-01 1.598663798155472993e+00 1.438650739826027980e+00
-6.111200914170135112e-01 1.465466923422283241e+00 1.145022032910026022e+00
-5.996698710879132532e-01 1.447160557036190287e+00 1.681101218429493560e+00
-5.828588589036183265e-01 1.414265880748663218e+00 1.777744573595898325e+00
-5.650814131676593632e-01 1.542446221144210483e+00 1.827028904244259122e+00
-5.468111241252168186e-01 1.543366473407855599e+00 1.902874976529369322e+00
-5.277823743599231454e-01 1.572240728897031925e+00 2.087960471646610472e+00
-5.069027696434570407e-01 1.950382067867340252e+00 2.044175849753471219e+00
-4.864610111459223285e-01 2.351993397440624634e+00 1.922510620239971990e+00
-4.672359049435226286e-01 2.477613088927806739e+00 1.691613504497764042e+00
-4.503197698985449970e-01 2.436056107197584364e+00 1.257044826899880618e+00
-4.377493216295461620e-01 1.993923341531462112e+00 1.136530909016247426e+00
-4.263840125393836833e-01 1.923858087741179945e+00 1.243905072622133234e+00
-4.139449618131623709e-01 1.897722109626318154e+00 9.088955160149652102e-01
-4.048560066530127455e-01 1.780559921684785829e+00 9.281813321629083235e-01
-3.955741933313836611e-01 1.659739782362625204e+00 1.031270333986050503e+00
-3.852614899915231539e-01 1.573671982609440079e+00 1.105759326805280773e+00
-3.742038967234703195e-01 1.396655861350086791e+00 1.139410699000020788e+00
-3.628097897334701116e-01 1.581197939982040168e+00 9.842280118677639855e-01
-3.529675096147924518e-01 1.513359280274300556e+00 9.600615845781770297e-01
-3.433668937690106948e-01 1.664486668879054054e+00 1.037260305598235677e+00
-3.329942907130283292e-01 1.497436374056598796e+00 1.463769333677203299e+00
-3.183565973762563228e-01 1.235844136786415248e+00 1.466437371649747634e+00
-3.036922236597588420e-01 1.303701371662203012e+00 1.401398636233129658e+00
-2.896782372974275321e-01 1.352632608431884931e+00 1.559321757072947179e+00
-2.740850197266980759e-01 1.275691203384940797e+00 1.702719617382090656e+00
-2.570578235528771516e-01 1.225884732909670261e+00 1.874099527558144684e+00
-2.383168282772956947e-01 1.113698337663795224e+00 2.109124171435011963e+00
-2.172255865629455773e-01 1.123032810541247706e+00 1.984615666125756572e+00
-1.973794299016879972e-01 1.274386153632822927e+00 1.977603113831593928e+00
-1.776033987633720557e-01 1.189747311343572367e+00 1.898015667554449282e+00
-1.586232420878275762e-01 1.270271597688727105e+00 1.867394478739293762e+00
-1.399492973004346497e-01 9.762218961596870193e-01 1.869997736707844860e+00
-1.212493199333561922e-01 4.345338192539585087e-01 2.022779600784401666e+00
-1.010215239255121689e-01 5.548268905739807133e-01 1.877559493120026124e+00
-8.224592899431190651e-02 9.376137034653795332e-01 1.667367884249787435e+00
-6.557225015181403216e-02 1.452437060467454799e+00 1.796460463806470731e+00
-4.760764551374932485e-02 1.357951236091400116e+00 1.958522809365018658e+00
-2.802241742009913689e-02 1.101921893748376347e+00 2.152996368427301022e+00
-6.492453735826127920e-03 1.095623393174465887e+00 2.442157853323418060e+00
1.792912479740805393e-02 1.167128758112398579e+00 2.189828598834664852e+00
3.982741078575470495e-02 1.218596455350271723e+00 2.228551585394784595e+00
6.211292663970255368e-02 1.042191828060954784e+00 2.138866329207154138e+00
8.350158993177408950e-02 1.289304556041704908e+00 2.323799630756394841e+00
1.067395862393380468e-01 1.198906097687528094e+00 2.163499024342995902e+00
1.283745764827680103e-01 1.031582746092454261e+00 1.846382763824204964e+00
1.468384041210100688e-01 1.167044505008300703e+00 1.984392566800326385e+00
1.666823297890133448e-01 1.033994175456651954e+00 1.899497335929050124e+00
1.856773031483038572e-01 7.747591662348121133e-01 1.486547494032452343e+00
2.005427780886283873e-01 5.429847828099265694e-01 1.818076809093282620e+00
2.187235461795612179e-01 6.715848612631601933e-01 1.722217697728500863e+00
2.359457231568462265e-01 6.958737805149871614e-01 1.953687249395572811e+00
2.554825956508019469e-01 6.345732943595037145e-01 2.157710105965875869e+00
2.770596967104607122e-01 2.274942759620480204e-01 2.217619557175839695e+00
2.992358922822190848e-01 2.899642424823162257e-01 2.319688152130399139e+00
3.224327738035230873e-01 1.398479602972368119e-01 2.052441652520808901e+00
3.429571903287311763e-01 8.360153507385464922e-02 2.219840255888659186e+00
3.651555928876177859e-01 -3.119810571692379075e-01 1.836392222022364962e+00
3.835195151078414355e-01 -2.021328222622544302e-01 1.700560373881408349e+00
4.005251188466555368e-01 -9.235918117515377890e-02 1.679848464828630483e+00
4.173236034949418527e-01 -3.215870167424836334e-01 1.431349892059600837e+00
4.316371024155378766e-01 -1.457942240439233372e-01 1.248518236146916927e+00
4.441222847770070481e-01 -1.993659667224270682e-01 1.138275273421539113e+00
4.555050375112224548e-01 3.329195032998133463e-02 1.269284239840433814e+00
4.681978799096268018e-01 3.940400870493084851e-01 9.617792646618914532e-01
4.778156725562457408e-01 5.539993662125064500e-01 1.062343551623855298e+00
4.884391080724843071e-01 4.508770365939996361e-01 9.822531129193941002e-01
4.982616392016782636e-01 4.844032407762722259e-01 5.289023966983064096e-01
5.035506631686613721e-01 1.863601656277211749e-01 7.091729886645667946e-01
5.106423930553070090e-01 1.011397431278699133e-01 5.136639072055773081e-01
5.157790321273627576e-01 4.731350058668951641e-01 6.911861828009987496e-01
5.226908939553727151e-01 1.727624234737707987e-01 6.875389956648029210e-01
5.295662839120207632e-01 4.084144659123543630e-01 7.187930130089554837e-01
5.367542140421103225e-01 1.376766054162883446e-01 5.635853327931656942e-01
5.423900673700420283e-01 2.081944874880851115e-01 9.875211850143132963e-01
5.522652792201852012e-01 1.400032558720307740e-01 9.302257492641730074e-01
5.615675367128268869e-01 2.844316382047332170e-01 1.011259655485380327e+00
5.716801332676806346e-01 2.302343287203831301e-01 1.429474313641372341e+00
5.859748764040944025e-01 5.897966071146019118e-01 9.757301636280910628e-01
5.957321780403752598e-01 7.093730961717596983e-01 9.197339586553080482e-01
6.049295176269283703e-01 1.248061803094776767e+00 9.726636800808179384e-01
6.146561544277365785e-01 8.723427052387583425e-01 1.114950942175148008e+00
6.258056638494881030e-01 5.073972571660527731e-01 1.026266122585447471e+00
6.360683250753426110e-01 9.723751044401252042e-01 1.077472927031512873e+00
6.468430543456576975e-01 7.628748880694918855e-01 8.273637536820639404e-01
6.551166918824783414e-01 8.108948596319406343e-01 4.918098016442656872e-01
6.600347898989209483e-01 7.958630202560683653e-01 2.572075436445000474e-01
6.626068653353659466e-01 6.122559350589587002e-01 1.936768951414736262e-01
6.645436342867806490e-01 6.421251633258505676e-01 5.287723531271992794e-01
6.698313578180525862e-01 6.938628084490034986e-01 3.452444173108373260e-01
6.732838019911610017e-01 6.628118568420258150e-01 2.548956435326504844e-01
6.758327584264874899e-01 4.460018106516646097e-01 1.227749144399855330e-01
6.770605075708873155e-01 6.061797889809918960e-01 2.858303468329607133e-01
6.799188110392169193e-01 6.518214263855224289e-01 4.275970264777351204e-01
6.841947813039942483e-01 7.749800982645700387e-01 7.804210723432183361e-01
6.919989920274264295e-01 6.460403486360760672e-01 9.025495725030761029e-01
7.010244877524571816e-01 8.343507063811631541e-01 6.661093890727376454e-01
7.076855816431845136e-01 9.449920433000243980e-01 8.918444296298013718e-01
7.166040259394825807e-01 5.310084440893243496e-01 8.142490537489029956e-01
7.247465164769716361e-01 5.962987524385603422e-01 9.265275317236847386e-01
7.340117917942085013e-01 7.107019171305534178e-01 9.876013027172112491e-01
7.438878048213806160e-01 5.438471696731564942e-01 7.813672407075233917e-01
7.517014772284558166e-01 6.829861795494438503e-01 1.089358813172319529e+00
7.625950653601789586e-01 8.344013536377361540e-01 1.257533139430478952e+00
7.751703967544837370e-01 7.748690395462325409e-01 1.512465244991849644e+00
7.902950492044021891e-01 1.070780545789600025e+00 1.625164295654462521e+00
8.065466921609467654e-01 9.624268442399720458e-01 1.456516117176507530e+00
8.211118533327118607e-01 1.146367387663934867e+00 1.401583846199024874e+00
8.351276917947021428e-01 1.380124294978043897e+00 1.461006446996121255e+00
8.497377562646633020e-01 1.398693745000617827e+00 1.489126429934689355e+00
8.646290205640101423e-01 1.335372796773820925e+00 1.533218661191493970e+00
8.799612071759250753e-01 1.376659617572236094e+00 1.488504850703354476e+00
8.948462556829586134e-01 1.370014261333531103e+00 1.569997962314524820e+00
9.105462353061039016e-01 1.418463263238118666e+00 1.608734502486853790e+00
9.266335803309724284e-01 8.400414145831417434e-01 1.426626766320928885e+00
9.408998479941816928e-01 9.605262200651121240e-01 1.514759446034260160e+00
9.560474424545243322e-01 8.947436525738797775e-01 1.395132195801946029e+00
9.699987644125438457e-01 1.058610094704196536e+00 1.600779231592400320e+00
9.860065567284678201e-01 6.752637292146324022e-01 1.211357973387808373e+00
9.981201364623458749e-01 6.415224163175139438e-01 1.138211318744823064e+00
1.009502249649794070e+00 4.694960716833571635e-01 1.351733451544779641e+00
1.023019584165241858e+00 8.003651066140587966e-02 1.527474588496106733e+00
1.038294330050202996e+00 -5.935257994626025324e-02 1.638732400574826276e+00
1.054681654055951157e+00 2.055043313224679813e-01 1.843591307362541398e+00
1.073117567129576511e+00 -2.023980286110457494e-01 1.498530817182217589e+00
1.088102875301398598e+00 1.370186854923000630e-01 1.448159552702669162e+00
1.102584470828425367e+00 -2.467946784282818995e-01 1.523886802534898832e+00
1.117823338853774384e+00 -3.051147751151894183e-01 1.147963232769733777e+00
1.129302971181471715e+00 -4.981009994846410383e-01 1.206652454826578236e+00
1.141369495729737560e+00 -6.329572828912812810e-01 9.198113386379315193e-01
1.150567609116116774e+00 -8.939240776471366612e-01 1.196622359196122920e+00
1.162533832708078085e+00 -7.789932807078313592e-01 1.213396162206031414e+00
1.174667794330138459e+00 -3.785906679133967390e-01 1.503019849792080809e+00
1.189697992828059325e+00 -3.409144137100403871e-01 1.143968103316895801e+00
1.201137673861228272e+00 -2.604967532023872434e-01 1.459902140133673143e+00
1.215736695262565004e+00 -2.650072688304549451e-01 1.472008941874731081e+00
1.230456784681312365e+00 -1.674115820850070602e-01 1.716587372442463844e+00
1.247622658405737051e+00 -4.311662870509630485e-01 1.399243895106985436e+00
1.261615097356806992e+00 -2.824375373543301926e-01 1.293361644137526412e+00
1.274548713798182353e+00 -5.160627580320217289e-01 1.095558267109076889e+00
1.285504296469273111e+00 -5.572177527748015669e-01 1.406160819527099815e+00
1.299565904664544025e+00 -5.509648091202669073e-01 1.209693069036052782e+00
1.311662835354904466e+00 -1.643797307298012211e-01 1.056406003187392084e+00
1.322226895386778400e+00 -1.515906564895084796e-01 9.883085924319281457e-01
1.332109981311097702e+00 5.845126501642319838e-02 5.272682857328010453e-01
1.337382664168425661e+00 4.579975211488404030e-01 5.085579007710286925e-01
1.342468243176135889e+00 6.532880631660199500e-01 3.140118485158777117e-01
1.345608361661294605e+00 8.496437766991833396e-01 -4.445807575454924221e-02
1.345163780903749107e+00 1.037614016491701374e+00 -1.825121726446301551e-01
1.343338659177302885e+00 1.032939442620097292e+00 -1.081505461160181952e-01
1.342257153716142737e+00 8.247131785727280784e-01 8.433275672348916618e-02
1.343100481283377556e+00 9.908901522236226445e-01 -2.210286557430836130e-01
1.340890194725946616e+00 1.236926775991483485e+00 -4.041112129437306466e-01
1.336849082596509364e+00 1.354346410021985747e+00 -3.789989004053290755e-01
1.333059093592456001e+00 1.329815612391199053e+00 -3.467512956062515639e-01
1.329591580636393378e+00 1.192979524792626478e+00 -5.578718195755282272e-01
1.324012862440638205e+00 1.197752586614595049e+00 -5.725413800769491024e-01
1.318287448639868797e+00 1.156750067665860415e+00 -8.018742231673025023e-01
1.310268706408195705e+00 1.009343096166617437e+00 -9.043281987643199127e-01
1.301225424420552557e+00 1.163956501607207317e+00 -9.147178138752761756e-01
1.292078246281799903e+00 7.669198967397397038e-01 -5.373602405964343909e-01
1.286704643875835608e+00 8.040343260744701182e-01 -5.871145665058390417e-01
1.280833498210777188e+00 4.783805442902581695e-01 -7.577855093882144288e-01
1.273255643116895097e+00 6.515984236576282118e-01 -9.592230617065271581e-01
1.263663412499829830e+00 4.146684389344647004e-01 -1.011763650940463499e+00
1.253545775990425160e+00 2.401073851980303486e-01 -1.187909775256660971e+00
1.241666678237858479e+00 4.434166300753463741e-01 -1.416031891242083951e+00
1.227506359325437613e+00 5.232959763048354862e-01 -1.738082212290537054e+00
1.210125537202532353e+00 3.937302599849217266e-01 -1.616464966395695591e+00
1.193960887538575433e+00 8.773364987392217040e-01 -1.598573695215515400e+00
1.177975150586420217e+00 6.240166340418402680e-01 -1.589283999752112653e+00
1.162082310588899103e+00 4.771867779055951608e-01 -1.491860818650318166e+00
1.147163702402395957e+00 5.483460222977378784e-01 -1.261658697144335539e+00
1.134547115430952546e+00 7.443264573665677730e-01 -1.458492368493205182e+00
1.119962191746020519e+00 7.847887236369135433e-01 -1.289214908606385546e+00
1.107070042659956677e+00 5.442156134707651916e-01 -8.814377622513575039e-01
1.098255665037443096e+00 5.358793573082452077e-01 -7.262348061042873670e-01
1.090993316976400118e+00 7.483425865406255761e-01 -2.955225994548896229e-01
1.088038090981851225e+00 9.329017927431306756e-01 -1.834522885303695450e-01
1.086203568096547611e+00 7.653477477104168036e-01 2.396520823475319917e-01
1.088600088920022912e+00 1.079696690456910080e+00 -5.236621442413749716e-02
1.088076426775781647e+00 1.340305917847355310e+00 -1.707133269428665612e-01
1.086369293506352918e+00 1.349589823572435066e+00 -3.023877612317315000e-01
1.083345415894035657e+00 1.447998529588908179e+00 -2.775813772758030096e-01
1.080569602121277617e+00 1.542587945584197762e+00 -2.202597292621079894e-01
1.078367004828656439e+00 1.596601546256251947e+00 -1.875548201358575306e-01
1.076491456627297838e+00 1.459328071400202376e+00 3.980278783877971849e-02
1.076889484505685557e+00 1.260049704860688902e+00 9.603557821835868868e-02
1.077849840287869121e+00 1.366331781704963388e+00 2.697846045787968272e-01
1.080547686333657165e+00 1.254907288565393353e+00 4.053122201783556644e-01
1.084600808535440830e+00 9.908033005241976277e-01 5.769329022279411356e-01
1.090370137557720165e+00 8.033989725948036398e-01 6.321972419156529632e-01
1.096692109976876717e+00 7.157779150383313249e-01 7.082241930750835524e-01
1.103774351907627516e+00 1.041220336229726318e+00 5.262502164724983666e-01
1.109036854072352529e+00 9.574461505119548077e-01 3.270887035518004193e-01
1.112307741107870562e+00 5.593224548481151581e-01 7.561693539103307993e-01
1.119869434646973971e+00 5.047128388708105318e-01 9.549095032951936401e-01
1.129418529679925953e+00 5.123161166780827447e-01 1.045442979936321404e+00
1.139872959479289127e+00 4.689467061874872389e-01 1.133018078066364343e+00
1.151203140259952740e+00 6.435954475828001842e-01 1.181550848024542022e+00
1.163018648740198113e+00 5.002067843684704362e-01 1.182222356981524669e+00
1.174840872310013440e+00 9.767037604688277863e-01 1.103045373733115175e+00
1.185871326047344576e+00 8.641216033588949852e-01 9.778714964951309430e-01
1.195650041012295883e+00 8.241012856804672548e-01 1.373164177023068255e+00
1.209381682782526557e+00 9.396178004170629983e-01 1.518427836151539312e+00
1.224565961144042037e+00 1.399060801555624955e+00 1.695733000729113371e+00
1.241523291151333197e+00 1.450289766535939995e+00 2.272932243567398647e+00
1.264252613587007135e+00 1.404400420423200568e+00 2.168900077575359298e+00
1.285941614362760665e+00 1.261965771541762704e+00 2.013796309090513326e+00
1.306079577453665763e+00 1.405771497135291259e+00 1.678170017016495041e+00
1.322861277623830656e+00 1.095851329582534506e+00 1.873084793303371187e+00
1.341592125556864357e+00 1.032231599982590620e+00 1.657246355422794082e+00
1.358164589111092280e+00 9.403544103612894167e-01 1.501926858099210671e+00
1.373183857692084286e+00 9.043168598296338345e-01 1.540989813368138561e+00
1.388593755825765719e+00 4.653246998469405815e-01 1.855317252743148071e+00
1.407146928353197213e+00 4.799130697044604044e-01 1.910992088146096890e+00
1.426256849234658119e+00 5.552610209228781013e-01 2.032289562705650976e+00
1.446579744861714589e+00 2.975737968400140598e-01 1.914370691906138511e+00
1.465723451780776010e+00 3.488907811196358955e-01 1.871856643130308084e+00
1.484442018212078995e+00 2.858686732307557099e-01 1.770365440539536817e+00
1.502145672617474448e+00 7.168972658224020966e-02 1.883220162223743221e+00
1.520977874239711980e+00 1.338167802732856404e-02 1.899130014303880065e+00
1.539969174382750827e+00 -1.392141219832850052e-01 1.617686540002790219e+00
1.556146039782778656e+00 -2.240429663457960130e-01 1.466772414996594831e+00
1.570813763932744633e+00 4.125015117540895004e-02 1.531682408196316514e+00
1.586130588014707854e+00 1.359374579786465642e-01 1.582427409244817396e+00
1.601954862107155986e+00 -1.970893694690889486e-01 1.528047320540865783e+00
1.617235335312564581e+00 -3.586209190788342549e-01 1.397116026147254830e+00
1.631206495574037074e+00 -4.209380407667373536e-01 1.440903080952751880e+00
1.645615526383564564e+00 -3.380457681507083589e-01 1.568848252191945347e+00
1.661304008905484020e+00 -3.670185545252286907e-01 1.513605389286485137e+00
1.676440062798348896e+00 -3.512617857679026789e-01 1.521714630041915317e+00
1.691657209098768044e+00 -3.656197740112876460e-01 1.236655675455280878e+00
1.704023765853320826e+00 -1.773356292900604425e-01 1.171741654077194106e+00
1.715741182394092679e+00 -1.736394670311937893e-01 1.148238854149481236e+00
1.727223570935587427e+00 -1.786271394992741679e-01 9.301462493179780688e-01
1.736525033428767184e+00 -2.439687076259312581e-01 7.929124223821845119e-01
1.744454157652588933e+00 -3.896457054698970746e-02 6.837259823568437866e-01
1.751291417476157353e+00 -1.334148897635257236e-01 7.482343013231500528e-01
1.758773760489388938e+00 -3.448282588335654930e-03 5.318957800560404348e-01
1.764092718289949291e+00 -4.230414688763068504e-02 4.848803236426437735e-01
1.768941521526375737e+00 -3.067658263111063682e-02 4.987944643681627710e-01
1.773929466170057312e+00 -1.736430552603553390e-01 4.092288657417643138e-01
1.778021754827475043e+00 -2.785912996056977287e-01 4.841403399381490336e-01
1.782863158226856592e+00 4.803582872134010140e-02 3.577916343210693628e-01
1.786441074570067178e+00 1.263838307347565915e-01 6.280927243290999051e-01
1.792722001813358279e+00 1.121560716161045107e-01 3.247259178658007950e-01
1.795969260992016370e+00 1.697035773085485144e-01 1.761489086343155930e-01
1.797730750078359474e+00 6.403247183637625350e-02 3.433796527449454183e-01
1.801164546605808825e+00 3.109335347566930530e-01 2.229945452731339484e-01
1.803394492058540077e+00 3.033311381859474798e-01 3.930878188461541245e-01
1.807325370247001572e+00 2.641931199986050638e-01 7.113178248919824753e-01
1.814438548495921344e+00 3.783117495457538615e-01 7.035709081164299716e-01
1.821474257577085698e+00 7.299871410868492561e-01 7.741325872069941827e-01
1.829215583449155691e+00 9.756559969969638146e-01 1.010875581396692091e+00
1.839324339263122665e+00 9.261399469495362746e-01 1.633082158014363516e+00
1.855655160843266316e+00 1.044581222833220524e+00 1.526603796917833433e+00
1.870921198812444564e+00 8.507255807197338093e-01 1.663380977733878829e+00
1.887555008589783423e+00 1.102096872315392329e+00 1.891946960543194223e+00
1.906474478195215427e+00 1.166150490115917204e+00 1.773798282191767717e+00
1.924212461017133169e+00 1.349294915617621271e+00 1.634651539963150491e+00
1.940558976416764780e+00 1.570523511126221239e+00 1.521261093136298870e+00
1.955771587348127838e+00 1.543495101434203320e+00 1.478661652059569453e+00
1.970558203868723490e+00 1.398010770799408053e+00 1.451796802270225450e+00
1.985076171891425822e+00 1.085032068736700106e+00 1.227001462404329724e+00
1.997346186515469135e+00 8.617321755030316055e-01 1.568768647256991500e+00
2.013033872988039263e+00 1.133031829754018061e+00 1.731503508729802299e+00
2.030348908075337189e+00 1.099072686142572586e+00 1.905978256514876623e+00
2.049408690640485808e+00 1.140729849569746213e+00 1.869902619685383405e+00
2.068107716837339627e+00 8.235972927429653367e-01 2.163008592495764937e+00
2.089737802762297481e+00 7.598370668486194024e-01 2.426524882343672029e+00
2.114003051585734205e+00 9.938617376426310823e-01 2.400938984492683836e+00
2.138012441430661159e+00 7.195167201580792149e-01 2.302814719385224418e+00
2.161040588624513425e+00 6.070040624014009234e-01 2.523011300385622047e+00
2.186270701628369562e+00 3.564266476939881301e-01 2.448054105215002885e+00
2.210751242680519368e+00 3.043893116892053552e-01 2.206699174868750113e+00
2.232818234429206683e+00 4.226768249780011866e-01 2.092660459337763346e+00
2.253744839022584490e+00 4.540946712063496093e-01 1.970052302698279245e+00
2.273445362049567375e+00 4.587781186851633830e-01 1.870974055023624683e+00
2.292155102599803485e+00 4.428293348062522505e-01 1.684306608019129792e+00
2.308998168679994745e+00 4.407576283189071353e-01 1.587066759454773823e+00
2.324868836274542439e+00 8.650772430627818865e-01 1.991402234067475518e+00
2.344782858615217069e+00 7.082307465399502178e-01 1.892290412271667721e+00
2.363705762737933647e+00 6.159662444269202730e-01 1.778029811155321216e+00
2.381486060849486996e+00 7.729115107875459412e-01 2.018237177936557991e+00
2.401668432628852656e+00 9.803534207641428910e-01 1.835516366168569169e+00
2.420023596290538315e+00 9.197703395334686505e-01 1.741629686428245671e+00
2.437439893154820680e+00 1.129566963466744234e+00 1.719359559451318242e+00
2.454633488749333736e+00 9.507939018585219726e-01 1.554963205122483760e+00
2.470183120800558463e+00 1.092758226280470257e+00 1.192708377027174915e+00
2.482110204570830092e+00 1.115480189927856136e+00 1.104573395254441870e+00
2.493155938523374360e+00 7.988939386288836930e-01 1.225469460381458875e+00
2.505410633127188813e+00 8.613823156762674405e-01 1.053516166384072639e+00
2.515945794791029755e+00 4.534197285331264538e-01 6.612444337782741322e-01
2.522558239128812385e+00 3.605484030848085109e-01 9.406002554807093574e-01
2.531964241683619665e+00 4.033325546309998733e-01 9.583589350403449725e-01
2.541547831034022931e+00 3.686447202977585769e-01 8.210548947524258789e-01
2.549758379981547307e+00 2.362376806752059522e-01 6.234256792012489168e-01
2.555992636773559923e+00 2.676287046927590119e-01 4.860815064006314135e-01
2.560853451837566297e+00 5.404398629352166195e-01 4.340930193641169277e-01
2.565194382031207532e+00 9.343464573324953282e-01 7.587297008402413834e-01
2.572781679039609859e+00 5.576377242426548975e-01 5.821291876588752245e-01
2.578602970916198611e+00 6.351889145771508760e-01 6.843396199529473423e-01
2.585446367115728172e+00 7.718576890487346409e-01 5.764762386510908776e-01
2.591211129502239086e+00 9.088486061004911187e-01 7.054251365616780456e-01
2.598265380867855967e+00 5.237005592389749609e-01 9.957110011577736675e-01
2.608222490879433586e+00 2.721526917964662839e-01 1.180027748192588266e+00
2.620022768361359500e+00 6.640110564221785028e-02 8.706631191589344620e-01
2.628729399552948820e+00 1.587934222667749390e-02 1.048274235101316565e+00
2.639212141903962028e+00 6.953284099814137365e-02 8.208801177480729017e-01
2.647420943081442601e+00 1.814003188225500607e-01 7.663440327171359145e-01
2.655084383408613746e+00 3.238075360986981677e-01 9.903052435894565964e-01
2.664987435844508479e+00 5.128324587060354434e-01 1.129550776640882548e+00
2.676282943610917453e+00 8.123008609011663772e-01 1.039080262948434141e+00
2.686673746240401783e+00 9.729085180580085979e-01 1.217759828268539124e+00
2.698851344523087281e+00 1.142195133514321670e+00 1.313031987498091357e+00
2.711981664398068315e+00 1.050565524129135175e+00 1.226831277046158686e+00
2.724249977168530013e+00 8.036163632449268013e-01 1.549605784627509530e+00
2.739746035014805070e+00 1.258347670851293731e+00 1.668120234596340401e+00
2.756427237360768334e+00 7.431599656205295501e-01 1.422139260344627898e+00
2.770648629964214571e+00 9.109864770436725268e-01 1.497726446761423968e+00
2.785625894431828620e+00 1.097466842453315161e+00 1.662909203477157982e+00
2.802254986466599984e+00 1.001190091148300487e+00 1.717158385059081249e+00
2.819426570317190794e+00 1.450238652309689957e+00 1.511505079431195053e+00
2.834541621111502874e+00 1.123767881286329651e+00 1.538388857366445928e+00
2.849925509685167224e+00 1.283052242686082645e+00 1.365905083295329225e+00
2.863584560518120714e+00 1.446137377085490838e+00 1.192458175412634658e+00
2.875509142272246965e+00 1.216192194751335665e+00 1.326811856222074759e+00
2.888777260834467508e+00 1.216377964971955494e+00 1.456620957932007965e+00
2.903343470413787486e+00 7.296219040444908988e-01 1.297715580610298014e+00
2.916320626219890411e+00 6.171485784846033606e-01 1.192664878615620427e+00
2.928247275006046646e+00 6.544487333740560686e-01 1.398028622360651729e+00
2.942227561229653343e+00 4.209188764258077198e-01 9.882291387641378710e-01
2.952109852617294639e+00 5.475674739052889262e-01 1.235199857953968472e+00
2.964461851196834363e+00 3.700751884261160862e-01 1.317103206412808092e+00
2.977632883260962426e+00 1.942029594601077380e-01 1.716886735865218450e+00
2.994801750619614733e+00 3.235008314151176512e-01 1.640732338379824462e+00
3.011209074003413200e+00 3.556343812074407307e-01 1.845772415074946826e+00
3.029666798154162510e+00 1.561145943852188522e-01 2.059290764492957670e+00
3.050259705799092114e+00 1.553822670178691967e-01 2.169711011673431500e+00
3.071956815915826589e+00 -1.340806282942202388e-01 1.930007687350604018e+00
3.091256892789332689e+00 -3.234134341955984815e-01 1.909924434612867428e+00
3.110356137135461552e+00 -1.020282577488642317e-01 2.085387421131911889e+00
3.131210011346780675e+00 -2.474826649438951476e-01 2.285165948849717132e+00
3.154061670835277997e+00 -1.089148929308130787e-01 2.248666761816733750e+00
3.176548338453445197e+00 -3.901944268105734803e-01 2.321692150950944278e+00
3.199765259962954467e+00 -2.064034810929391006e-01 2.334877603201425345e+00
3.223114035994968596e+00 -1.682719730327179863e-01 2.489012752812762574e+00
3.248004163523096288e+00 1.381991899639950505e-02 2.431132244016558364e+00
3.272315485963261938e+00 -3.578019259323845236e-01 2.771365224364502833e+00
3.300029138206907131e+00 -9.644242202522319563e-01 2.568871652354530077e+00
3.325717854730452228e+00 -1.091065162071489292e+00 2.665814048379772760e+00
3.352375995214250004e+00 -7.938377980440707304e-01 2.415338215976533753e+00
3.376529377374015262e+00 -7.025870611004524369e-01 2.676391794850070838e+00
3.403293295322515899e+00 -9.403508645029758917e-01 2.340151735229039520e+00
3.426694812674806467e+00 -5.148634169211896427e-01 2.659038037718941094e+00
3.453285193051995883e+00 -5.375709585965281478e-01 2.705417463846893078e+00
3.480339367690464591e+00 -3.626405050431637522e-01 2.839904481400953529e+00
3.508738412504474269e+00 -2.620363969610419730e-01 2.583772670987248166e+00
3.534576139214346657e+00 -2.713761213611501910e-01 2.507470316559541779e+00
3.559650842379942226e+00 -4.359354862518320939e-01 2.086400261826293345e+00
3.580514844998205159e+00 -5.088494202659674670e-01 2.040985653219276053e+00
3.600924701530397787e+00 -2.456439875480974089e-01 2.035380537329368078e+00
3.621278506903691685e+00 -2.522678380522718200e-01 2.106283035830775141e+00
3.642341337261999268e+00 -2.821812850928976379e-01 2.262687402345542775e+00
3.664968211285454913e+00 1.136802680038318525e-01 2.673527083272780214e+00
3.691703482118182666e+00 2.147113670082647363e-01 2.505290539848326947e+00
3.716756387516666038e+00 2.800354366613595491e-01 2.642054646125871820e+00
3.743176933977924836e+00 6.995672841144165433e-02 2.796049995899697826e+00
3.771137433936921912e+00 1.032449181925042397e-01 2.647521958041920698e+00
3.797612653517341119e+00 6.308783548742828706e-02 2.979557647546956289e+00
3.827408229992810718e+00 -6.097766100204585205e-03 2.897627646158981385e+00
3.856384506454400452e+00 1.248769768977187611e-01 2.729700185285200753e+00
3.883681508307252450e+00 1.804050839922799465e-02 2.788700827078474553e+00
3.911568516578037169e+00 2.485529571856453374e-02 2.361237861900185031e+00
3.935180895197039064e+00 -1.676939997067981858e-01 2.338058336574304619e+00
3.958561478562782288e+00 1.349081624297909787e-02 2.194939985314933395e+00
3.980510878415931764e+00 2.678845805660090562e-01 1.882186250223944812e+00
3.999332740918171147e+00 -8.812022459933083196e-02 1.979509355487066191e+00
4.019127834473041894e+00 -1.862805149618369238e-01 2.414937089546917104e+00
4.043277205368511318e+00 2.404807497302097197e-03 2.101305559289023073e+00
4.064290260961401557e+00 9.320484735351462768e-02 2.194355156948297303e+00
4.086233812530884357e+00 1.881086694708939411e-01 2.044985071879755090e+00
4.106683663249682148e+00 1.243233812961975771e-01 1.767657932677834109e+00
4.124360242576460500e+00 6.621901965451942873e-01 1.730635459759916062e+00
4.141666597174059383e+00 3.318156506737657829e-01 1.580295799083859531e+00
4.157469555164897912e+00 3.474732135121177956e-01 1.636143181576965366e+00
4.173830986980667568e+00 1.098201442042959775e-01 1.329591894129713125e+00
4.187126905921965125e+00 3.761146419414908015e-01 9.014814353387541335e-01
4.196141720275353038e+00 2.458811241799160885e-01 1.300466420383155741e+00
4.209146384479184988e+00 1.066460977212576045e-01 1.537537061354302903e+00
4.224521755092728093e+00 5.910733480797293604e-02 1.715051793560382842e+00
4.241672273028331830e+00 2.587814352284891761e-01 1.712379246771243091e+00
4.258796065496044392e+00 -1.092262626061350217e-01 1.685147592066659872e+00
4.275647541416710773e+00 3.300103932649069427e-01 1.752358884636977310e+00
4.293171130263080393e+00 3.842347643067729468e-01 1.591564034969760844e+00
4.309086770612777784e+00 3.366087489135171085e-01 1.429562341265733671e+00
4.323382394025435005e+00 2.828342784322960823e-01 1.508254960497830588e+00
4.338464943630413018e+00 1.442131958269219916e-01 1.658598631306666515e+00
4.355050929943479865e+00 4.270307587851251974e-01 1.606260594104814921e+00
4.371113535884528112e+00 1.782908250230679503e-01 1.685638879040248561e+00
4.387969924674930411e+00 4.571090258830778907e-02 1.299546282686674381e+00
4.400965387501797110e+00 2.936382155559066898e-01 1.375960492423792925e+00
4.414724992426035222e+00 3.169945803980061538e-01 1.370137397251548039e+00
4.428426366398550584e+00 2.134201857377531764e-01 1.349927872518330574e+00
4.441925645123733446e+00 4.474407328683056573e-01 1.267260474315089702e+00
4.454598249866884352e+00 3.767427100424331488e-01 9.154864071919859292e-01
4.463753113938803807e+00 5.266506434580182638e-01 1.004351008099919618e+00
4.473796624019803048e+00 3.688399810851404892e-01 9.647033671988104464e-01
4.483443657691791095e+00 3.562890430443796386e-01 9.786368891942623938e-01
4.493230026583733938e+00 3.599671337480506716e-01 1.038611618067187159e+00
4.503616142764405694e+00 2.563242491097780240e-01 1.123173573156811100e+00
4.514847878495974243e+00 4.004618744561995181e-01 9.266452079429772226e-01
4.524114330575404352e+00 7.829603174603356752e-01 1.219357095320257489e+00
4.536307901528607189e+00 7.319160604353243116e-01 1.294049314759313063e+00
4.549248394676200569e+00 2.737668187266198427e-01 1.377174626293299120e+00
4.563020140939133995e+00 2.534174378130537031e-01 1.766927234483506970e+00
4.580689413283969280e+00 8.592622284643280928e-02 1.629992059116822434e+00
4.596989333875137085e+00 2.103366467163245435e-01 1.606217720271607474e+00
4.613051511077853384e+00 4.112675507451337698e-01 1.922751213194786146e+00
4.632279023209801672e+00 3.671438393744467787e-01 1.942340409594199624e+00
4.651702427305743903e+00 4.433157673338286586e-01 1.570806845924318296e+00
4.667410495764986678e+00 4.388261940574397224e-01 1.269132702885452435e+00
4.680101822793841571e+00 4.792227120190628020e-01 9.070372210166794957e-01
4.689172195004008614e+00 1.040214077613032639e+00 7.860662371335606080e-01
4.697032857375344150e+00 7.562771281920073196e-01 7.891140965302199106e-01
4.704923998340646563e+00 5.543362972574208403e-01 2.803695287622425258e-01
4.707727693628268817e+00 2.409086236395019953e-01 2.843357511473331156e-01
4.710571051139742060e+00 3.928703621072263674e-01 9.009304257252603865e-03
4.710661144182314963e+00 2.063708432886905697e-01 3.084655771106868394e-01
4.713745799953422022e+00 9.594209602649712842e-02 -3.005317847275568166e-02
4.713445268168694469e+00 1.942465451803017384e-01 7.057049146784849514e-02
4.714150973083373053e+00 4.603088318929126066e-01 2.712969756927244847e-01
4.716863942840300084e+00 6.842567132698018639e-01 1.348929117089040786e-01
4.718212871957389254e+00 7.183014587578687715e-01 1.999187645422221826e-01
4.720212059602811649e+00 6.108107803521862778e-01 -1.452196642823349870e-01
4.718759862959988283e+00 1.706795063533384504e-01 2.022612632327686066e-02
4.718962124223221366e+00 1.608390576981074682e-01 1.511405682741134848e-01
4.720473529905962806e+00 1.119818509647042964e-01 1.707902787419390001e-01
4.722181432693382419e+00 4.360918403251266839e-02 2.599140293845927374e-01
4.724780572987228311e+00 -1.236501405902913076e-01 -4.562936907545289689e-02
4.724324279296474138e+00 -8.944704840132913781e-02 4.420191780836728312e-02
4.724766298474557757e+00 -8.042216465945839499e-02 1.153216161974013054e-01
4.725919514636531815e+00 1.316392797613169241e-01 -1.909217235200665885e-01
4.724010297401330938e+00 4.885384970820800254e-01 -4.683098563097595757e-02
4.723541987545020859e+00 6.051621923249401735e-01 -1.208245392799976586e-01
4.722333742152220459e+00 8.582067637360579759e-01 1.306078936658487955e-01
4.723639821088879032e+00 9.892892083110881307e-01 2.751051824777733801e-01
4.726390872913656338e+00 1.137639508668850663e+00 -5.525821821514620424e-03
4.726335614695440945e+00 1.107349072993156325e+00 -1.945233150599392502e-01
4.724390381544841588e+00 1.289265095303124609e+00 -2.305596405695034823e-01
4.722084785139146312e+00 1.328350828788081861e+00 -1.721253359542230521e-01
4.720363531779604216e+00 5.954077424217695258e-01 -6.159147345166738896e-01
4.714204384434437678e+00 8.565189665815828857e-01 -9.760719103348688419e-01
4.704443665331089264e+00 8.391299921692356723e-01 -5.554761880228982207e-01
4.698888903450860077e+00 9.686114418836327955e-01 -3.601220718682993649e-01
4.695287682732177004e+00 1.058493286517058651e+00 -6.683675992782136532e-01
4.688604006739394592e+00 1.110584543681543135e+00 -3.905349474500787177e-01
4.684698657264894095e+00 1.256329208747871684e+00 -5.498170219481133270e-01
4.679200487045412693e+00 1.072646801563310826e+00 -3.384575895386748856e-01
4.675815911150025705e+00 7.581163196545968042e-01 -1.152394617116775100e-01
4.674663516532908680e+00 3.968609026424104735e-01 -5.413289013673845684e-02
4.674122187631541081e+00 5.182493636510613344e-01 8.247053039255292095e-02
4.674946892935466281e+00 6.760925755512706692e-01 2.810507633044941889e-01
4.677757400568511414e+00 4.965319282687211677e-01 3.635899935296289520e-01
4.681393300503807531e+00 5.632931188730952998e-01 1.529451390228270258e-01
4.682922751894035507e+00 2.087657083735112162e-01 1.383208691295423065e-01
4.684305960585330553e+00 8.989569097113060681e-02 2.146631635736177823e-02
4.684520623748904100e+00 2.550469003972426485e-01 6.548909050918048091e-01
4.691069532799821751e+00 1.205758892260741094e-01 2.545722449788072050e-01
4.693615255249610207e+00 4.660411934577338711e-01 2.477217450085040518e-01
4.696092472699695541e+00 5.169430431708286200e-01 1.466907967852621453e-01
4.697559380667548190e+00 1.940519536317262261e-01 3.702011968553681198e-01
4.701261392636101988e+00 5.431208533743288047e-01 4.616479332169080019e-01
4.705877871968271009e+00 6.608566494181276063e-01 4.877078544423746886e-01
4.710754950512694883e+00 5.628463443464974958e-01 4.389692873219736557e-01
4.715144643385914769e+00 5.836322071758052177e-01 3.435356403605119846e-01
4.718579999789519697e+00 4.774459119977504384e-01 2.921877487951584085e-01
4.721501877277471060e+00 2.205965047952016256e-01 3.480203435806561441e-01
4.724982080713277632e+00 1.034823631978079722e-01 5.507719346213295619e-01
4.730489800059491046e+00 2.723638398987664466e-01 4.462500192958656076e-01
4.734952300252449398e+00 4.344904329681833488e-01 5.987622978333302370e-01
4.740939923230782505e+00 6.016953838817377109e-01 8.359645612784551982e-01
4.749299568843566632e+00 5.908987416592090813e-01 8.422139117681589626e-01
4.757721707961247937e+00 7.337182591828679268e-01 9.960670318996038830e-01
4.767682378280244215e+00 8.525275104071843302e-01 1.099383056971841022e+00
4.778676208849963025e+00 8.804677801517155622e-01 1.489302691178985505e+00
4.793569235761752978e+00 6.360064827069414894e-01 1.630050130517043838e+00
4.809869737066923001e+00 4.327894870697229779e-01 1.258534314650302077e+00
4.822455080213425838e+00 4.576357882310140845e-01 1.668348985758684400e+00
4.839138570071012779e+00 7.059490329306568057e-01 1.513108858398207079e+00
4.854269658654994934e+00 5.850133512915443035e-01 1.709671164521332720e+00
4.871366370300208359e+00 5.755049644671040854e-01 1.639282741155514200e+00
4.887759197711763370e+00 4.150558082932014892e-01 1.626174927631957257e+00
4.904020946988082663e+00 5.274300281768756760e-02 1.663227861850655076e+00
4.920653225606589132e+00 1.083260400914544397e-01 1.666607160132683285e+00
4.937319297207915625e+00 1.710481181918756255e-02 1.633904685107115062e+00
4.953658344058986529e+00 -2.596624056833690686e-01 1.336479377200101126e+00
4.967023137830987700e+00 -2.700998015907160044e-01 1.636931874414690125e+00
4.983392456575134410e+00 -4.818618725040872408e-01 1.753720202093378866e+00
5.000929658596068528e+00 -3.346868488782277495e-01 1.727186998452115763e+00
5.018201528580589432e+00 -2.109665526994498330e-01 1.728103419281803887e+00
5.035482562773407444e+00 -3.050748887162570422e-01 1.280250039665557171e+00
5.048285063170062870e+00 -2.447048253714318999e-01 1.250989728027503078e+00
5.060794960450337499e+00 3.622533678342271246e-02 1.473233477564992233e+00
5.075527295225987778e+00 -2.778604738022112663e-02 1.301910721784917291e+00
5.088546402443837380e+00 -1.053408002447088765e-01 1.273194739636404726e+00
5.101278349840201010e+00 -1.501971298916310871e-01 1.473989496403446786e+00
5.116018244804235060e+00 1.479387830987779762e-01 1.641363740002927285e+00
5.132431882204264717e+00 -8.485921216473318873e-03 1.225509217286892216e+00
5.144686974377133737e+00 -1.417265094670695086e-02 1.383538015739547822e+00
5.158522354534529342e+00 -3.520863431555634054e-02 1.385901838869697089e+00
5.172381372923226195e+00 5.731226075931510067e-03 1.410930027635618256e+00
5.186490673199582346e+00 -1.574193196038921050e-01 1.340075790743841200e+00
5.199891431107020345e+00 -3.102997724012390712e-01 1.068715753049448214e+00
5.210578588637514663e+00 -1.658693511706453849e-01 1.056141493398132347e+00
5.221140003571496102e+00 -9.133495744826904128e-02 9.168303669120607680e-01
5.230308307240616905e+00 -1.586347976028510964e-01 8.814654542142744686e-01
5.239122961782759269e+00 -1.380683600157174284e-01 9.992670942576676874e-01
5.249115632725335878e+00 -2.920971555360697414e-01 1.121753046009402510e+00
5.260333163185429761e+00 1.115115530642856734e-01 9.829163388905953758e-01
5.270162326574335587e+00 -1.283052626285307030e-01 7.326721376015196130e-01
5.277489047950350454e+00 -2.148513707812801377e-01 5.652861484869129427e-01
5.283141909435219219e+00 3.268202959070727331e-01 1.392051315777533826e-01
5.284533960750996684e+00 9.749140614338491773e-02 3.332301923159042278e-01
5.287866262674155493e+00 -5.754897944884498906e-02 2.062042688888200415e-01
5.289928305363043926e+00 -1.449508741178943683e-01 1.713357489898584829e-01
5.291641662852942574e+00 -4.709701034993949431e-01 3.390196441135342464e-01
5.295031859294077492e+00 -3.038872874149565195e-01 5.581829175663696185e-01
5.300613688469741014e+00 1.309311424711883109e-01 6.096058634866166059e-01
5.306709747104607189e+00 2.320145854084449399e-01 6.871992058690132854e-01
5.313581739163296902e+00 8.499892264244243711e-02 6.210009046956096457e-01
5.319791748210253246e+00 2.892408878677058537e-01 4.613141934013631484e-01
5.324404890144267100e+00 2.686350759813852518e-01 5.152036538773596686e-01
5.329556926683040707e+00 2.928763218915322875e-01 2.584340113648807002e-01
5.332141266796689649e+00 2.639796061738466926e-01 4.876936320774102884e-01
5.337018203117463777e+00 1.498564658891120560e-01 5.618912539620314339e-01
5.342637115657083768e+00 3.202768763037193711e-01 9.868849357010370804e-01
5.352505965014094258e+00 5.720280756191166160e-01 1.248141272168356908e+00
5.364987377735777940e+00 4.240877959906950712e-01 1.574242765410792666e+00
5.380729805389885989e+00 7.050110840233352327e-01 1.337194904406013407e+00
5.394101754433946461e+00 7.365906393203903724e-01 1.090470914655249590e+00
5.405006463580498632e+00 8.347847711741940291e-01 1.146079515383956249e+00
5.416467258734337875e+00 7.076580458561660958e-01 1.210570893625383837e+00
5.428572967670591609e+00 8.886936784842452974e-01 1.068661825692456713e+00
5.439259585927516127e+00 9.952085954700568005e-01 8.738149194709522449e-01
5.447997735122225293e+00 1.024489051729469136e+00 7.824821650368977144e-01
5.455822556772594645e+00 1.095693620433731308e+00 8.029076156327796809e-01
5.463851632928922619e+00 1.156434975056702896e+00 7.756598746840539516e-01
5.471608231675762823e+00 1.212081644546791237e+00 7.088588411213310181e-01
5.478696820086976338e+00 1.352799575661646880e+00 7.575010197399278944e-01
5.486271830284375817e+00 1.369590715166907335e+00 8.472794615387245765e-01
5.494744624899762897e+00 1.315127139150076285e+00 6.999296349764300151e-01
5.501743921249527602e+00 1.519005374646925199e+00 5.108940769880547794e-01
5.506852862019408157e+00 1.267891549579925003e+00 7.179295086965614692e-01
5.514032157106373511e+00 1.229780907887438879e+00 8.226026764611920061e-01
5.522258183870984993e+00 1.284403364696064198e+00 8.313589349223033942e-01
5.530571773220207987e+00 1.475923993301337500e+00 7.214658549818634414e-01
5.537786431770026496e+00 1.432583073383467465e+00 9.747921843140934239e-01
5.547534353613167823e+00 1.699022309022322652e+00 1.154264758287580239e+00
5.559077001196043533e+00 1.875375888990050921e+00 1.310829347647796572e+00
5.572185294672521216e+00 2.217581013841431137e+00 1.413545278812453176e+00
5.586320747460645997e+00 2.295669219973114128e+00 1.103311056862671835e+00
5.597353858029272544e+00 1.857606316918131162e+00 1.430855497639650364e+00
5.611662413005668704e+00 1.820563398782092834e+00 1.359235682249912758e+00
5.625254769828167412e+00 1.526310153620752841e+00 1.600930023852982664e+00
5.641264070066696945e+00 1.426021417098080502e+00 1.305252686923596528e+00
5.654316596935933248e+00 1.375858248502580317e+00 9.802913525412155771e-01
5.664119510461345541e+00 1.403264241015718561e+00 1.384241963579444290e+00
5.677961930097139565e+00 1.510742304247353784e+00 1.132464365449074029e+00
5.689286573751630272e+00 1.509611382112197253e+00 1.047548704278002729e+00
5.699762060794410168e+00 1.498729603737043448e+00 1.046166217469486570e+00
5.710223722969105076e+00 1.569770239086004882e+00 1.509677185454101345e+00
5.725320494823646023e+00 1.459423865602726522e+00 1.569070375339392420e+00
5.741011198577039565e+00 1.503280233833005797e+00 1.855669481520153763e+00
5.759567893392240734e+00 1.399508943797056038e+00 1.851569666569800043e+00
5.778083590057939034e+00 1.179535934755343796e+00 2.102814367022582509e+00
5.799111733728165241e+00 1.267840279040792550e+00 2.160569162413438882e+00
5.820717425352299301e+00 1.090445630337777416e+00 2.215249901864691839e+00
5.842869924370946322e+00 1.572924684570732312e+00 2.238750434276249646e+00
5.865257428713708698e+00 1.904025512368077599e+00 2.034029866163739264e+00
5.885597727375346366e+00 1.876894330928717158e+00 2.068566313079751584e+00
5.906283390506144038e+00 1.786012744075410330e+00 1.875329552419968460e+00
5.925036686030344057e+00 1.771026835927036913e+00 1.725238265696218631e+00
5.942289068687306219e+00 1.567318404057731929e+00 1.767544675882670502e+00
5.959964515446133149e+00 2.123305621144012001e+00 1.730498528254504009e+00
5.977269500728677798e+00 2.319289998123736929e+00 1.494327480842746914e+00
5.992212775537105074e+00 2.282908305665666493e+00 1.485257923463402907e+00
6.007065354771738974e+00 2.360154030886000953e+00 1.467288607105450282e+00
6.021738240842793743e+00 2.465558602287629686e+00 1.388690298820485225e+00
6.035625143830998240e+00 2.573707924683505510e+00 8.430466749567678830e-01
6.044055610580565840e+00 2.500693818854686334e+00 9.987195956610767089e-01
6.054042806537176524e+00 2.778272235679709823e+00 8.867440293243613603e-01
6.062910246830420569e+00 2.531563837380496729e+00 1.150016270550896724e+00
6.074410409535929922e+00 2.666447291382128881e+00 1.010311275040335799e+00
6.084513522286333576e+00 2.953365798209950377e+00 1.087866905578825705e+00
6.095392191342122068e+00 2.724386488241303361e+00 1.290126785786026131e+00
6.108293459199982678e+00 2.708356904042060531e+00 1.393767802218311314e+00
6.122231137222165387e+00 2.489633979544697340e+00 1.596473645445463330e+00
6.138195873676620451e+00 2.470178945654438074e+00 1.724588513065582474e+00
6.155441758807276287e+00 2.750672687743049405e+00 1.304464264010279928e+00
6.168486401447379031e+00 2.465650539014897724e+00 1.017752359670853979e+00
6.178663925044087790e+00 2.190408789504888265e+00 8.493788281466991830e-01
6.187157713325555086e+00 2.256689816738710164e+00 8.984868557250385024e-01
6.196142581882805089e+00 2.227115024272302346e+00 1.008626546736694607e+00
6.206228847350171662e+00 2.244925771997511088e+00 1.171525181612631528e+00
6.217944099166297534e+00 2.281451598256512003e+00 9.945858453924845133e-01
6.227889957620222461e+00 2.753395984750501402e+00 1.002201729246184447e+00
6.237911974912684343e+00 2.659214668070823961e+00 1.054848838334219607e+00
6.248460463296026113e+00 2.533727087525533772e+00 6.543558115492058569e-01
6.255004021411518345e+00 2.259875958843869270e+00 5.695384046642523179e-01
6.260699405458161060e+00 1.900731083719053860e+00 1.524854148288629085e-01
6.262224259606449905e+00 2.001267375991748310e+00 1.174025052505176803e-01
6.263398284658954651e+00 1.847407936037604781e+00 2.396041804470291914e-01
6.265794326463424824e+00 1.799312857686853118e+00 6.464173272050643959e-02
6.266440743790630208e+00 1.838810556595074086e+00 2.919669232677394449e-02
6.266732710713897703e+00 1.891887955567011614e+00 -6.987936121270335588e-02
6.266033917101770712e+00 1.780163361834597779e+00 1.170130591745367904e-01
6.267204047693516245e+00 1.828898462516004519e+00 -4.327416770115279088e-02
6.266771306016504894e+00 1.458073485270333647e+00 -7.628259028388968688e-02
6.266008480113666401e+00 1.281119457614239510e+00 -1.540430318075549088e-01
6.264468049795590687e+00 1.153008508798317289e+00 9.857218898022435116e-03
6.264566621984570816e+00 1.295836279635938171e+00 3.599148598572905478e-01
6.268165770583143726e+00 9.964399537166311882e-01 1.585779709822890682e-01
6.269751550292967046e+00 1.193997931492547515e+00 2.475304355509270193e-01
6.272226854648476291e+00 1.223381920765173936e+00 3.061199879724803008e-01
6.275288054528201265e+00 1.163968236147147506e+00 6.149576313111322357e-01
6.281437630841312902e+00 1.258859219788903916e+00 3.914197562492305327e-01
6.285351828403805463e+00 1.421669476725410775e+00 6.912168033604126904e-01
6.292263996437409190e+00 1.556458140682933644e+00 1.049436031517270607e+00
6.302758356752582003e+00 1.607800280766515488e+00 9.424403248312355208e-01
6.312182760000894177e+00 1.588118148300704524e+00 1.007520439424011816e+00
6.322257964395133989e+00 1.276910146407491675e+00 1.017776086214091213e+00
6.332435725257274939e+00 1.069278558021204306e+00 9.739581449963935489e-01
6.342175306707239280e+00 1.238728459850052976e+00 1.119559546375465731e+00
6.353370902170993872e+00 1.190010876846570698e+00 9.656372268183863738e-01
6.363027274439177816e+00 1.220171905594036099e+00 8.751328006005999471e-01
6.371778602445183459e+00 1.170399107898124402e+00 1.112861594084596728e+00
6.382907218386029591e+00 1.154871428246083020e+00 1.367123714613913910e+00
6.396578455532168306e+00 1.110604325365526224e+00 1.446950483428958378e+00
6.411047960366458298e+00 1.480204344868804700e+00 1.429197009615647218e+00
6.425339930462614646e+00 1.299095613721771070e+00 1.483725486437420082e+00
6.440177185326988685e+00 1.069546009604202208e+00 1.250945160622263241e+00
6.452686636933210984e+00 1.261985378004871095e+00 1.250100102623024734e+00
6.465187637959441069e+00 1.368345704179953826e+00 1.009876471928027541e+00
6.475286402678721132e+00 1.684166361052894079e+00 1.018233378326700134e+00
6.485468736461988293e+00 1.792449834761401295e+00 6.808166336802967677e-01
6.492276902798791660e+00 2.100718440895514849e+00 5.345240564629194502e-01
6.497622143363420477e+00 1.891072551449370254e+00 2.487756220954847053e-01
6.500109899584375128e+00 1.771284624787762496e+00 2.515704686575880311e-01
6.502625604270950710e+00 1.775559597478374885e+00 4.138261081884507808e-01
6.506763865352835019e+00 1.837383558126056471e+00 3.228850041811530680e-01
6.509992715394646190e+00 1.789815341624414469e+00 3.257185200105350287e-01
6.513249900594751729e+00 1.810629926926570876e+00 1.988561057435697388e-01
6.515238461652187674e+00 1.539635837629882653e+00 3.228336554412394865e-01
6.518466798206600465e+00 1.620793659934538278e+00 1.842399290431021852e-01
6.520309197497031306e+00 2.000081738267286191e+00 5.163681231588828080e-01
6.525472878728620252e+00 2.291968250209894364e+00 6.795884626182358002e-01
6.532268763354802665e+00 2.380040773186193892e+00 5.593542079043445359e-01
6.537862305433845833e+00 2.476350811227660209e+00 4.107720982953609878e-01
6.541970026416799477e+00 1.856192186094220542e+00 2.137645536410651970e-01
6.544107671953209859e+00 1.685100779933079940e+00 6.566079025659971036e-02
6.544764279855775690e+00 1.923101263370347480e+00 -6.975375183120260947e-03
6.544694526103944199e+00 2.025056299634909518e+00 -1.925242607909763426e-01
6.542769283496034483e+00 1.828054037055854675e+00 -6.254521010524902724e-01
6.536514762485509777e+00 1.802040701749352491e+00 -7.487706222039267612e-01
6.529027056263470463e+00 2.128124729493136691e+00 -7.081728325126481760e-01
6.521945327938343695e+00 2.177982066452673227e+00 -7.979486084955302871e-01
6.513965841853388561e+00 2.298554553955272972e+00 -7.470348112615921021e-01
6.506495493740772851e+00 2.499589696281228957e+00 -5.480129503346111708e-01
6.501015364237426652e+00 2.324939912578382284e+00 -5.753788856277510799e-01
6.495261575381149122e+00 2.435609691060434123e+00 -5.015137862940666214e-01
6.490246437518208289e+00 2.323111272923696458e+00 -8.448839758037040015e-01
6.481797597760171392e+00 2.051729139086392095e+00 -9.013320579162188428e-01
6.472784277181009571e+00 2.120026874310052989e+00 -1.209726640914926987e+00
6.460687010771859917e+00 2.317158726552241088e+00 -1.426956460010236905e+00
6.446417446171757604e+00 2.532864965683741421e+00 -1.438169528193879554e+00
6.432035750889818715e+00 2.516950519614799209e+00 -1.403185157319720266e+00
6.418003899316621741e+00 2.517463172270868466e+00 -1.796246606362480236e+00
6.400041433252996903e+00 2.527847714980624438e+00 -1.946810228710722734e+00
6.380573330965889411e+00 2.196791778562217523e+00 -1.992557284920362104e+00
6.360647758116686035e+00 2.353575410494777032e+00 -1.880177093765221796e+00
6.341845987179033806e+00 2.420458032391801684e+00 -1.847748254287159719e+00
6.323368504636162513e+00 2.663572136507580179e+00 -1.986012113805279089e+00
6.303508383498109602e+00 2.613339093591496187e+00 -1.800793165996762424e+00
6.285500451838141878e+00 2.602018704139727134e+00 -1.943845865297057385e+00
6.266061993185171097e+00 2.511635792767775044e+00 -1.777497022703592222e+00
6.248287022958135317e+00 2.356983187524017254e+00 -1.655704700450297828e+00
6.231729975953632206e+00 2.707084745185773134e+00 -1.618782273948410788e+00
6.215542153214148158e+00 2.717339953741546132e+00 -1.623026363466030020e+00
6.199311889579488088e+00 2.430261185476341179e+00 -1.908485177412204248e+00
6.180227037805366308e+00 2.659856695594041476e+00 -1.807391884264705872e+00
6.162153118962719667e+00 2.672124856169002083e+00 -1.794985233588844986e+00
6.144203266626830917e+00 2.669191818853528630e+00 -2.050890541499434949e+00
6.123694361211836856e+00 2.571773731083851544e+00 -2.063975440167713504e+00
6.103054606810159655e+00 2.520046546939485932e+00 -1.906459139010942661e+00
6.083990015420050135e+00 2.359246677568576978e+00 -1.940125215032314054e+00
6.064588763269727067e+00 2.433042498098487272e+00 -1.545322171942545619e+00
6.049135541550301198e+00 2.378099846468707312e+00 -1.691246744760062315e+00
6.032223074102700977e+00 2.039098261102439302e+00 -1.773214157014478154e+00
6.014490932532556400e+00 2.373474547524494938e+00 -1.608810777030380113e+00
5.998402824762252727e+00 2.280728279522048041e+00 -1.510995065114041136e+00
5.983292874111111992e+00 2.556154478731443636e+00 -1.422021532776581942e+00
5.969072658783345808e+00 2.277353301726143364e+00 -1.148939120234665712e+00
5.957583267580998765e+00 2.075002488554832158e+00 -1.117154244712969424e+00
5.946411725133868842e+00 1.799735859486624401e+00 -1.058110768883125719e+00
5.935830617445037483e+00 2.022349735810371918e+00 -5.481796343678300154e-01
5.930348821101358858e+00 1.717007397986878292e+00 -6.141646712429064126e-01
5.924207174388929964e+00 2.161485900186595366e+00 -8.364819427772732796e-01
5.915842354961156957e+00 2.344616244432886187e+00 -1.002531475859515631e+00
5.905817040202562040e+00 1.908596435998072494e+00 -5.530414396208729322e-01
5.900286625806352880e+00 1.564516328864276051e+00 -7.972375795512545160e-01
5.892314250010840304e+00 1.623165512057897830e+00 -7.409142099439771645e-01
5.884905107911400535e+00 1.748789591588169490e+00 -6.735461771054109814e-01
5.878169646140346316e+00 1.363978161815839085e+00 -4.604961426438010097e-01
5.873564684713908690e+00 1.552234902552745321e+00 -2.303974710367816536e-01
5.871260710003540773e+00 1.812384797976799744e+00 -2.050167281215375947e-04
5.871258659836259497e+00 1.781571702968098192e+00 -2.073124020466138862e-01
5.869185535815793386e+00 1.610497527586899569e+00 -2.217696667365910146e-01
5.866967839148427899e+00 1.856290939217117408e+00 4.141009254161144293e-01
5.871108848402588620e+00 1.950119343864139321e+00 4.036626987472424766e-01
5.875145475390061378e+00 2.026606996237157787e+00 -1.700645444845788612e-02
5.874975410845577173e+00 2.051354787800079738e+00 -7.922826096608812096e-02
5.874183128235916485e+00 2.006955658564833822e+00 1.680229321370914630e-01
5.875863357557287614e+00 1.868343975010688940e+00 -3.221025548411168837e-02
5.875541255002446839e+00 1.603954661268329529e+00 -3.172129838998039020e-01
5.872369125163448444e+00 1.391719730909859898e+00 3.208810131173905900e-02
5.872690006176565447e+00 1.452366811933413882e+00 4.815053833086499480e-01
5.877505060009651672e+00 1.454927392936698372e+00 4.374589203073779853e-01
5.881879649212725880e+00 1.511524352807965599e+00 6.303679871655878397e-01
5.888183329084381690e+00 1.310141642562934416e+00 5.078093027507109003e-01
5.893261422111888415e+00 1.581162918571280995e+00 9.466819807155574251e-01
5.902728241919043661e+00 1.180439005378260076e+00 9.491631554284543082e-01
5.912219873473327780e+00 1.394159465569119849e+00 8.085012918208187571e-01
5.920304886391535959e+00 1.186673971445921572e+00 8.839053381296795298e-01
5.929143939772832717e+00 1.240538535573415979e+00 4.527572039149608818e-01
5.933671511811982491e+00 1.110163917523994570e+00 5.483213595928573270e-01
5.939154725407910895e+00 1.250706994124471949e+00 1.021649294861030510e+00
5.949371218356521496e+00 1.201384703916890562e+00 1.242597906028257704e+00
5.961797197416804472e+00 1.567848282433791818e+00 1.392352193852650188e+00
5.975720719355330779e+00 1.607542141412395820e+00 1.349797076856662059e+00
5.989218690123897737e+00 1.607710775828202543e+00 1.326428408489168875e+00
6.002482974208789734e+00 1.517720841102968787e+00 1.238963177025041329e+00
6.014872605979039832e+00 1.455337202789164008e+00 1.634496135692865781e+00
6.031217567335968255e+00 1.578172140818478342e+00 1.915906282444502118e+00
6.050376630160413605e+00 1.728601248248185618e+00 1.594592230162113156e+00
6.066322552462034778e+00 1.854684001377108205e+00 1.486507021882045532e+00
6.081187622680855220e+00 1.875890398244828949e+00 1.419439769490342229e+00
6.095382020375758714e+00 1.847548754090341250e+00 1.236409632969062367e+00
6.107746116705449424e+00 1.776302519938630198e+00 1.120128295621123815e+00
6.118947399661660569e+00 2.072325816292837963e+00 1.273636269318134451e+00
6.131683762354842138e+00 1.996283376352958161e+00 1.542206883773295623e+00
6.147105831192575032e+00 1.939732584539717086e+00 1.651100802866428241e+00
6.163616839221239374e+00 1.652572362183729826e+00 1.190171634828116609e+00
6.175518555569520451e+00 1.596647956688402425e+00 1.220330014402102758e+00
6.187721855713541608e+00 2.036004017523087573e+00 1.379152836392700143e+00
6.201513384077468771e+00 1.826007165981166303e+00 1.392220855932006396e+00
6.215435592636788797e+00 1.848721714223045209e+00 1.485185708404841431e+00
6.230287449720837145e+00 1.717533852044738074e+00 1.779902009479711777e+00
6.248086469815634203e+00 1.501731271856938887e+00 1.844012128260413386e+00
6.266526591098238619e+00 1.324481076310535688e+00 1.702735503167834619e+00
6.283553946129917023e+00 1.655882463061523424e+00 1.832530682068782335e+00
6.301879252950604915e+00 1.796578479970502240e+00 1.815931607854869290e+00
6.320038569029153841e+00 1.964069168611558780e+00 2.174923491381571594e+00
6.341787803942969148e+00 2.041170296045156540e+00 2.180903806995892591e+00
6.363596842012928079e+00 1.874470697845848965e+00 2.520146658202716772e+00
6.388798308594955344e+00 2.079488956480699979e+00 2.835720225653774129e+00
6.417155510851492828e+00 1.769767627973833468e+00 2.782465065222367251e+00
6.444980161503716332e+00 1.846469688618475935e+00 2.502722354187898457e+00
6.470007385045595250e+00 2.110454462812016985e+00 2.477080188737051714e+00
6.494778186932966157e+00 1.994692791147300470e+00 3.056152602367997684e+00
6.525339712956646387e+00 2.042823351766687612e+00 3.139623976426903162e+00
6.556735952720915250e+00 1.888837769820895351e+00 3.271397461180400867e+00
6.589449927332719170e+00 2.009916447492931635e+00 3.308420317862331039e+00
6.622534130511342099e+00 2.068529450530272484e+00 3.207427026512281731e+00
6.654608400776464983e+00 2.039407165193190430e+00 2.961199960438503975e+00
6.684220400380850080e+00 2.304527873539749638e+00 2.886847872933493431e+00
6.713088879110184592e+00 2.310198881378501934e+00 2.885524252913695964e+00
6.741944121639321885e+00 2.491195951170460887e+00 2.882496239317581477e+00
6.770769084032497886e+00 2.194307070918190661e+00 2.854383187875353833e+00
6.799312915911251309e+00 2.408332704554370540e+00 2.880558193644157772e+00
6.828118497847692758e+00 2.364222055530108779e+00 2.860223157601443411e+00
6.856720729423707361e+00 2.101926168458007282e+00 2.722635270671590835e+00
6.883947082130423389e+00 1.811443766153687074e+00 2.961542683515033580e+00
6.913562508965573450e+00 2.040675839896777699e+00 2.839365067223288630e+00
6.941956159637806323e+00 2.243654531524690743e+00 2.630900047579871170e+00
6.968265160113604750e+00 1.815016704120180124e+00 2.387583419377419247e+00
6.992140994307378676e+00 1.660052235100584639e+00 2.576721913500324757e+00
7.017908213442382248e+00 1.983842322887409138e+00 2.544894311650324426e+00
7.043357156558885279e+00 1.790303406768196659e+00 2.407643390741423417e+00
7.067433590466299265e+00 1.698107306063386890e+00 2.605690777577071682e+00
7.093490498242069897e+00 1.519648490143906461e+00 2.490399607521036618e+00
7.118394494317279886e+00 1.466166547285433053e+00 2.338314856154035670e+00
7.141777642878820664e+00 1.509613878205319892e+00 2.191542353175765179e+00
7.163693066410578680e+00 1.390327787522913416e+00 2.318342503073279826e+00
7.186876491441311465e+00 1.604811488668973496e+00 2.215223952668496032e+00
7.209028730967996346e+00 1.670170177957642110e+00 2.526704308528003651e+00
7.234295774053276062e+00 1.651177243495555169e+00 2.649295014393362901e+00
7.260788724197209554e+00 1.669825778960194018e+00 2.504224706100052877e+00
7.285830971258209665e+00 2.043590148660048733e+00 2.313995544464445331e+00
7.308970926702854420e+00 1.984162389647293079e+00 2.320322158549394054e+00
7.332174148288348015e+00 1.988721523953719705e+00 2.197537372641015452e+00
7.354149522014758134e+00 2.074392182456259892e+00 2.262145667242319469e+00
7.376770978687181568e+00 2.218965887279040317e+00 2.194414610579389802e+00
7.398715124792975217e+00 2.049438670992099976e+00 2.502092477912222002e+00
7.423736049572097428e+00 1.879274245750941041e+00 2.707299035687773081e+00
7.450809039928975253e+00 1.535929697198983757e+00 2.551345724413706328e+00
7.476322497173112147e+00 1.502838697956478509e+00 2.335082423595064238e+00
7.499673321409062510e+00 1.899226545535552813e+00 2.266388944502370162e+00
7.522337210854086464e+00 2.162839773267561494e+00 2.054811073518335807e+00
7.542885321589269942e+00 2.094650912731453651e+00 1.921455085867930235e+00
7.562099872447949345e+00 1.860742839189236664e+00 2.021683023381301680e+00
7.582316702681762166e+00 2.110838148498793032e+00 1.939732196337168091e+00
7.601714024645134238e+00 1.972781939569314913e+00 2.395524292531172605e+00
7.625669267570446053e+00 1.549679468415650518e+00 2.209897313506563599e+00
7.647768240705511644e+00 1.734897892766029681e+00 2.081657330004504480e+00
7.668584814005556360e+00 2.121211995959526142e+00 2.277069036448743589e+00
7.691355504370044116e+00 2.208215938759452879e+00 2.264665003762578177e+00
7.714002154407669565e+00 2.536255298724535479e+00 1.988103291930696459e+00
7.733883187326976660e+00 2.634093805130020893e+00 2.086577193948983222e+00
7.754748959266466457e+00 2.733854572948600570e+00 1.998062468026848615e+00
7.774729583946735190e+00 2.588517254918971222e+00 1.821879888144785298e+00
7.792948382828183362e+00 2.216480202646466946e+00 1.777921238779687663e+00
7.810727595215980479e+00 2.011632354424516045e+00 1.742139365894874947e+00
7.828148988874929159e+00 2.080324993288948932e+00 1.537926872787005461e+00
7.843528257602799592e+00 1.875879949358773890e+00 1.510713782333836797e+00
7.858635395426137649e+00 1.416743651804429849e+00 1.203708462165532511e+00
7.870672480047793407e+00 1.216207864253036508e+00 1.225489181702544617e+00
7.882927371864818511e+00 1.191580159743183875e+00 8.626617791732031915e-01
7.891553989656550527e+00 9.502624046839076577e-01 9.452126145320128847e-01
7.901006115801870955e+00 7.820570764822920573e-01 8.007276819975142068e-01
7.909013392621845995e+00 5.252271847497513857e-01 4.840017922496300251e-01
7.913853410544342104e+00 5.450546022812868818e-01 2.833330614563555061e-01
7.916686741158905249e+00 3.730371542391336392e-01 -1.398527033309870382e-01
7.915288214125595800e+00 6.793910170955479444e-01 -4.134179490043743410e-04
7.915284079946105500e+00 7.087012516464429313e-01 -1.058888686887982794e-01
7.914225191259217418e+00 8.697210408468343257e-01 3.110598395668862093e-01
7.917335789654885936e+00 1.286567489652452378e+00 2.266327627949845103e-01
7.919602117282836140e+00 1.216737816266879380e+00 4.191638702603837086e-01
7.923793755985440335e+00 1.102848933470919945e+00 1.298600063039268004e-01
7.925092356048479836e+00 1.321318882531765659e+00 -2.068122805514338580e-02
7.924885543767928198e+00 1.205087489885824814e+00 -1.168864551209523872e-02
7.924768657312807107e+00 8.237795950993813676e-01 3.570906347138655401e-01
7.928339563659945632e+00 8.321701836617952930e-01 1.346534885289850381e-01
7.929686098545235318e+00 7.450233965363807220e-01 -2.746136368868340449e-02
7.929411484908348129e+00 8.180615150044362460e-01 -4.830087567775729340e-01
7.924581397340572764e+00 7.784855597121809190e-01 -4.724386420561708655e-01
7.919857010920011042e+00 4.422399500075114287e-01 -3.580648601158286648e-01
7.916276362318853010e+00 6.229495676344236621e-01 -6.553028315200012388e-01
7.909723334003652795e+00 5.436360395379877808e-01 -6.055620122365059643e-01
7.903667713881287860e+00 2.644505066846303265e-01 -2.404328908929781461e-01
7.901263384972358139e+00 4.859890649426513720e-01 -4.093025473532915237e-01
7.897170359498825398e+00 5.322716915687966122e-01 -3.618989784089332584e-01
7.893551369714735699e+00 4.684973663350804340e-01 -1.878620933949617655e-01
7.891672748780786506e+00 5.194190314924990171e-01 -1.224472770032765112e-01
7.890448276010753936e+00 2.747937323450352354e-01 -2.357755690143648331e-01
7.888090520320610644e+00 5.449204909482500137e-01 -3.309500769246720986e-01
7.884781019551364345e+00 5.172240620370135433e-01 -2.078068272982771525e-01
7.882702951278381498e+00 2.373796539159410690e-01 -1.880209867485296282e-01
7.880822741410896448e+00 2.169719295932582559e-01 8.513648008559082658e-02
7.881674106211752573e+00 1.276198750091284140e-02 -1.421395613178898509e-01
7.880252710598573351e+00 6.168915074048998692e-02 1.213188938462003985e-01
7.881465899537035469e+00 6.407155370171260800e-02 1.595649770759418051e-01
7.883061549307794458e+00 -1.483645924183775167e-01 2.329363062465952539e-01
7.885390912370260352e+00 -2.863517205185074355e-01 3.694012343890180627e-01
7.889084924714150127e+00 -4.962384308400071831e-01 2.598189888142021786e-01
7.891683114602292548e+00 -4.954779577558868775e-01 6.048704873055854581e-01
7.897731819475348303e+00 -4.211134253467893052e-01 5.911139437048015255e-01
7.903642958912396210e+00 -6.867347270295103279e-01 6.703808830488567905e-01
7.910346767742884921e+00 -6.129761588928175353e-01 5.714463710816108932e-01
7.916061231453700664e+00 -5.063456211481043301e-01 8.523640601741242495e-01
7.924584872055441487e+00 -5.574061206950611247e-01 1.033470339516609160e+00
7.934919575450607887e+00 -7.041356876380526764e-01 1.330543778445338665e+00
7.948225013235060921e+00 -3.680449404176709405e-01 1.370050910934312416e+00
7.961925522344404094e+00 -5.067810661560416818e-01 1.316124067582916002e+00
7.975086763020232894e+00 -6.192703213689685349e-01 1.294069066768554821e+00
7.988027453687918111e+00 -8.093815265606285614e-01 1.220199458700263362e+00
8.000229448274920330e+00 -6.930577520872840402e-01 1.390945492814302575e+00
8.014138903203063435e+00 -7.617696153631503542e-01 1.332417998938471682e+00
8.027463083192447613e+00 -3.050843072537163803e-01 9.472592899831369095e-01
8.036935676092278769e+00 -4.594711056621224587e-01 8.555187662532323101e-01
8.045490863754810817e+00 -1.906191676755922271e-01 6.269932823102604136e-01
8.051760796577912771e+00 9.421762129525332319e-02 5.251568492725973147e-01
8.057012365070638893e+00 3.395977642890833925e-01 7.539732837846832014e-01
8.064552097908485706e+00 1.895544683785183593e-01 7.006425190448448692e-01
8.071558523098934401e+00 5.350862714491549932e-01 6.919657302769549601e-01
8.078478180401704734e+00 4.513770567392874078e-01 7.365505908003069369e-01
8.085843686309708289e+00 5.097915675206080577e-01 8.950778487658576088e-01
8.094794464797367084e+00 5.822749109241501797e-01 8.104694683788401521e-01
8.102899159481156133e+00 5.608398207395765001e-01 6.215188809494114341e-01
8.109114348290649588e+00 5.426798820638931709e-01 5.391301301676849622e-01
8.114505649592326009e+00 6.822943659183178244e-01 5.289208006077716906e-01
8.119794857598403581e+00 6.019001657006692874e-01 5.244959542606487668e-01
8.125039817141010090e+00 6.802083134933893938e-01 2.920811412433751419e-01
8.127960628553443811e+00 5.207961782934393824e-01 -6.613940243803950736e-02
8.127299234529063554e+00 3.484039704208941046e-02 -3.695363133534672606e-01
8.123603871395529197e+00 1.741818206118716794e-01 -6.406641923968752206e-01
8.117197229471560860e+00 8.464390341426403230e-02 -5.304453164867664050e-01
8.111892776306692809e+00 4.118869807196620103e-01 -3.380849774893489590e-01
8.108511926531798863e+00 6.601224314722642372e-01 -3.481498151095198668e-01
8.105030428380704421e+00 9.838343279829228072e-01 -5.666929398276270291e-01
8.099363498982429022e+00 1.061901260311243433e+00 -6.927569954197426716e-01
8.092435929028232167e+00 9.857597309441188393e-01 -6.770243327198642858e-01
8.085665685701034278e+00 9.770434868774818815e-01 -7.311857158421544156e-01
8.078353828542612192e+00 9.703532122728143472e-01 -1.047018449525269013e+00
8.067883644047359581e+00 1.010634377452659605e+00 -1.287644154814982844e+00
8.055007202499210095e+00 8.812544964319067864e-01 -1.134611845781655193e+00
8.043661084041392684e+00 1.017389572842904100e+00 -1.434659897568162590e+00
8.029314485065711438e+00 7.014950856861423834e-01 -1.252086301988655004e+00
8.016793622045824463e+00 7.864519646274715781e-01 -1.337354845536913084e+00
8.003420073590454820e+00 1.024714217357357571e+00 -1.336863691856274183e+00
7.990051436671891771e+00 8.232383103375897626e-01 -1.545556595465269023e+00
7.974595870717239521e+00 7.257905592313154131e-01 -1.326785905965326862e+00
7.961328011657585968e+00 4.704102414100342910e-01 -1.330765344318547871e+00
7.948020358214400893e+00 5.076695719708915755e-01 -1.069897621912378360e+00
7.937321381995277036e+00 5.047350281117761739e-01 -1.270740014598987555e+00
7.924613981849287114e+00 4.142025285818233815e-01 -1.102446166375638414e+00
7.913589520185531079e+00 5.916956619417680363e-01 -1.291139641128932647e+00
7.900678123774241612e+00 4.284987174304534241e-01 -1.317472020608611238e+00
7.887503403568155491e+00 4.098315110646941206e-01 -1.050581796008729585e+00
7.876997585608068064e+00 5.819989290029548012e-02 -8.274332459645425963e-01
7.868723253148422359e+00 3.506965328734701903e-01 -5.753155906242877204e-01
7.862970097242179435e+00 6.527215369559511426e-01 -5.195609441207897916e-01
7.857774487800971208e+00 4.980713713766306006e-01 -4.805838310431523874e-01
7.852968649490539299e+00 6.540883632966668637e-01 -4.708632249804874936e-01
7.848260017240734854e+00 5.085946220724590905e-01 -9.571484009807534887e-02
7.847302868839753920e+00 5.582842036170487798e-01 -1.231505263528910321e-01
7.846071363576225366e+00 5.771996250635468284e-01 -1.273957404595107701e-01
7.844797406171630350e+00 6.267564233895666082e-01 -1.798749165514927084e-01
7.842998657006114982e+00 5.130526204747635211e-01 -2.710647829879238024e-01
7.840288009176235917e+00 5.856563687022947606e-01 -2.978041097756412570e-01
7.837309968078479905e+00 7.377195419482663885e-01 -1.893813689756606855e-01
7.835416154388723520e+00 6.121954671048307484e-01 -2.286678031339023920e-01
7.833129476357384213e+00 8.871240893319205512e-01 4.932322531540467292e-03
7.833178799582699803e+00 4.187853915618233724e-01 -2.266715008683910237e-01
7.830912084574015886e+00 2.564787488052177045e-01 -4.749607070385101770e-01
7.826162477503630477e+00 3.078266246577096021e-01 -4.796315992620280300e-01
7.821366161511010162e+00 3.878832444961959336e-01 -5.990008928219149320e-01
7.815376152582791391e+00 -1.036126320448453875e-01 -4.312772034517465269e-01
7.811063380548273649e+00 -3.841885741775876717e-01 -5.932688317841765535e-01
7.805130692230432210e+00 -2.618205471276680019e-01 -8.032039850744695508e-01
7.797098652379687245e+00 -3.679420489323198540e-01 -7.031231789431118262e-01
7.790067420590256475e+00 -4.054634705536583339e-01 -7.160135860052823098e-01
7.782907284730203656e+00 -8.997836394937375193e-01 -7.467929272121409667e-01
7.775439355458082069e+00 -6.780445510186140501e-01 -5.223177543277945922e-01
7.770216177914804234e+00 -5.682394050609442804e-01 -2.697647603656163628e-01
7.767518530311147806e+00 -8.622420274629605252e-01 -1.474351861469007097e-01
7.766044178449678981e+00 -9.988643229025128134e-01 -2.803330857225270756e-01
7.763240847592453697e+00 -1.041661372669197227e+00 -2.289538277245854736e-01
7.760951309315207602e+00 -1.008768977456171445e+00 -3.448415072890096411e-01
7.757502894242317204e+00 -1.207268562375316323e+00 -1.802062796215811447e-01
7.755700831446101340e+00 -8.718403108120220679e-01 -2.535175509035483277e-01
7.753165655937065637e+00 -1.189611503830267702e+00 3.334321040464695018e-01
7.756499976977530686e+00 -7.614864450008942409e-01 2.316171347689577609e-01
7.758816148325220041e+00 -7.262724860214155864e-01 1.286403487810468260e-01
7.760102551813030658e+00 -7.987979822860347134e-01 1.662927847752969646e-01
7.761765479660783562e+00 -8.537288140749510479e-01 3.522834134992456345e-01
7.765288313795775998e+00 -6.188704112424576742e-01 5.137226962244852979e-01
7.770425540758020944e+00 -8.750739044579258774e-01 6.913320702344182278e-01
7.777338861460364683e+00 -8.163650540110019005e-01 7.077639036382730175e-01
7.784416500496747382e+00 -9.969465037394157347e-01 6.746371372867038252e-01
7.791162871869614648e+00 -9.037690093634226374e-01 5.810819410869230150e-01
7.796973691280483898e+00 -7.994709868605445191e-01 7.515850614351082815e-01
7.804489541894835014e+00 -1.098766841534460248e+00 7.445963716301299273e-01
7.811935505611136144e+00 -1.144595788008500703e+00 1.269756410720968676e+00
7.824633069718346157e+00 -1.616907357322661998e+00 1.643217809975776600e+00
7.841065247818104211e+00 -1.738230178114656965e+00 1.876984648365269015e+00
7.859835094301756975e+00 -1.439192958366569020e+00 2.173281126393057150e+00
7.881567905565687759e+00 -1.393779441239873407e+00 2.149152755048544972e+00
7.903059433116172983e+00 -1.340410708892046943e+00 1.857706035256288191e+00
7.921636493468735551e+00 -1.599641247324619986e+00 1.870113075902337663e+00
7.940337624227758795e+00 -1.713752274356740157e+00 1.692125011441714122e+00
7.957258874342175936e+00 -1.429697905494340615e+00 1.430004373296479114e+00
7.971558918075141165e+00 -1.694348694981243852e+00 1.734789485158825917e+00
7.988906812926729550e+00 -2.031526174580881694e+00 2.029937325298535544e+00
8.009206186179714138e+00 -1.614817170382378375e+00 2.253834671082350916e+00
8.031744532890536803e+00 -1.730332293245590458e+00 2.250299869163847166e+00
8.054247531582175768e+00 -1.876212991495607163e+00 2.644432978116356914e+00
8.080691861363339612e+00 -1.716952145489735404e+00 2.414959170705750058e+00
8.104841453070397606e+00 -2.099628364418632209e+00 2.708909678979199764e+00
8.131930549860189927e+00 -2.289493755259885077e+00 2.776665616888017052e+00
8.159697206029070671e+00 -2.257847924419007946e+00 2.238830408242472370e+00
8.182085510111495097e+00 -2.260627399337050036e+00 2.064849348394460105e+00
8.202734003595439916e+00 -2.298064444826609432e+00 1.816367774210603026e+00
8.220897681337545393e+00 -2.179849737182859570e+00 1.601830102513694509e+00
8.236915982362681632e+00 -2.162642582243048839e+00 1.306322496352275264e+00
8.249979207326203934e+00 -2.067826338197611413e+00 1.439984187566148321e+00
8.264379049201865612e+00 -1.962995363381310199e+00 1.454976747192884945e+00
8.278928816673793989e+00 -2.033540922695755704e+00 1.489532307343529149e+00
8.293824139747229651e+00 -1.938641172718495120e+00 1.240706372902992571e+00
8.306231203476260205e+00 -1.816396880321014651e+00 1.282807765758677165e+00
8.319059281133846184e+00 -2.065635942883993437e+00 1.064790280933153088e+00
8.329707183943177995e+00 -2.145437415312181351e+00 7.344557138242763239e-01
8.337051741081420886e+00 -1.860394787485236900e+00 5.594321585326517132e-01
8.342646062666746687e+00 -1.964703415664740271e+00 6.231401304077537340e-01
8.348877463970824309e+00 -2.231193884859371757e+00 5.946517717673225345e-01
8.354823981688497270e+00 -2.270518707198052599e+00 1.007430571725578705e+00
8.364898287405752697e+00 -2.137783009781182297e+00 1.084904034986678312e+00
8.375747327755618699e+00 -2.339389155838858869e+00 1.439548954687682292e+00
8.390142817302495004e+00 -2.475960887579550462e+00 1.454491339172361064e+00
8.404687730694218928e+00 -2.221606056523613759e+00 1.454487833898320259e+00
8.419232609033201697e+00 -2.362483641221301500e+00 1.531525382847759520e+00
8.434547862861679235e+00 -2.386227772897857591e+00 1.249101149123908128e+00
8.447038874352918114e+00 -2.261577322216733688e+00 1.473506295216277850e+00
8.461773937305080651e+00 -2.331055661009230118e+00 1.142241477833159324e+00
8.473196352083412819e+00 -2.232944476746220985e+00 8.702187427814558340e-01
8.481898539511227852e+00 -2.072011443035390421e+00 1.277963377709568693e+00
8.494678173288322753e+00 -1.446998689588256948e+00 8.651617970912157674e-01
8.503329791259234938e+00 -1.530612040024571741e+00 7.777637296345937257e-01
8.511107428555581222e+00 -1.591277582324042372e+00 4.192840646298230389e-01
8.515300269201880212e+00 -1.554124341539866228e+00 4.145374215456744671e-01
8.519445643417336456e+00 -1.176633261801071306e+00 3.376014555975699327e-01
8.522821657973311815e+00 -1.201137384579275214e+00 2.465859838934857662e-01
8.525287517812246918e+00 -1.140978063068117887e+00 -5.197089765777151982e-04
8.525282320722480378e+00 -1.414711169757189024e+00 -5.568838984001933667e-02
8.524725436824081015e+00 -1.240891520891340916e+00 -3.398443136885127003e-01
8.521326993687196705e+00 -1.389913921981616118e+00 2.798279760131155980e-02
8.521606821663210596e+00 -1.380527454901376849e+00 7.834612494798209870e-02
8.522390282912690296e+00 -1.240001435892633896e+00 3.931149083431891289e-01
8.526321431996121802e+00 -1.093524221266341856e+00 8.606021469230165089e-01
8.534927453465352087e+00 -8.033387217541032577e-01 7.518813829159076700e-01
8.542446267294511841e+00 -7.732019874800042381e-01 8.804160927206962084e-01
8.551250428221718991e+00 -8.543441423589824835e-01 7.550725885034793583e-01
8.558801154106753017e+00 -1.004846650706284761e+00 1.210325820691684262e+00
8.570904412313669951e+00 -9.705759293809065325e-01 1.326993148303599490e+00
8.584174343796705742e+00 -1.033566029100452699e+00 1.354820712825715479e+00
8.597722550924963514e+00 -7.463010549665665128e-01 1.472864447506370356e+00
8.612451195400026904e+00 -8.255501607131315867e-01 1.383657155143476203e+00
8.626287766951461933e+00 -5.713012448806258359e-01 1.201652662732322963e+00
8.638304293578785931e+00 -5.651970311837561933e-01 1.363787979572242293e+00
8.651942173374507661e+00 -2.650860965602041541e-01 1.290269735058727996e+00
8.664844870725094239e+00 -4.174610830460718791e-01 1.135895415571490208e+00
8.676203824880809989e+00 -1.303391614470587045e-01 9.919471901354044441e-01
8.686123296782163550e+00 -4.848635720249859504e-02 6.562720875255163566e-01
8.692686017657418773e+00 -6.777072602714019622e-02 6.848434089492621002e-01
8.699534451746911756e+00 2.653598558778825778e-01 7.596759623998968758e-01
8.707131211370910506e+00 4.486736974454081928e-01 6.857129324522295288e-01
8.713988340695433266e+00 2.278761245688804005e-01 8.064019391214863886e-01
8.722052360086648193e+00 2.441557332373067990e-01 7.367738966595748229e-01
8.729420099053243121e+00 2.367021147518515445e-01 8.212361579403208989e-01
8.737632460632646314e+00 1.626500201649597188e-02 9.645116983425436885e-01
8.747277577616070943e+00 -3.022236520795013384e-02 9.435982600539151166e-01
8.756713560216610404e+00 5.377828787035211083e-02 8.670536093280720724e-01
8.765384096309890793e+00 -3.176532476106676550e-01 1.024214633316507417e+00
8.775626242643056685e+00 -1.843043563717995936e-01 8.561505077171703837e-01
8.784187747720228145e+00 -3.079534688824903665e-01 9.778276706848503252e-01
8.793966024427076533e+00 -4.405632163784913846e-01 1.132055981139429734e+00
8.805286584238471548e+00 -2.857070757828373275e-01 6.759630938017109347e-01
8.812046215176488673e+00 -4.216689858401200808e-01 7.052027868483964346e-01
8.819098243044972918e+00 -2.913280339708697042e-01 6.202618753269019125e-01
8.825300861798242025e+00 -4.858243427858837116e-01 6.341709604645597853e-01
8.831642571402888109e+00 -3.042100269386658340e-01 7.164884079276050421e-01
8.838807455482164954e+00 -3.728634063408360344e-01 6.551747033592095759e-01
8.845359202515757246e+00 -5.873588394070553553e-01 4.669179802945532254e-01
8.850028382318702924e+00 -2.576181021784114122e-01 3.220378620948698423e-01
8.853248760939651518e+00 -2.252033748102352795e-01 1.923138874385203201e-01
8.855171899814036962e+00 -1.500696066430498576e-01 2.684577414761302183e-01
8.857856477228798653e+00 -8.374369249435439921e-02 8.564923395145312979e-02
8.858712969568312445e+00 -2.511426871057477195e-01 1.353568549749959160e-01
8.860066538118061885e+00 -5.889160007214949699e-02 6.493952956005175081e-02
8.860715933413661816e+00 -1.271809722966514566e-01 2.060946949609590018e-01
8.862776880363272269e+00 1.822819237260975278e-02 4.368839974550610128e-01
8.867145720337822112e+00 4.799628707305050868e-02 4.437777759478554462e-01
8.871583498097301401e+00 2.168385014356337126e-01 5.598382757334251503e-01
8.877181880854635665e+00 2.828107103847593562e-03 7.900478632851762884e-01
8.885082359487487480e+00 -1.631731959541170285e-01 9.856120025722326927e-01
8.894938479513209373e+00 1.293197586022044321e-01 1.103257328494221312e+00
8.905971052798150822e+00 3.144373252121999696e-01 1.225568910154087199e+00
8.918226741899692556e+00 5.492648382442641974e-01 9.335076852209287512e-01
8.927561818751902578e+00 4.123388865730886477e-01 1.149263110308053504e+00
8.939054449854983986e+00 9.770274751408469793e-02 7.387634917041074889e-01
8.946442084772025183e+00 1.991314049504688266e-01 2.296857453849877606e-01
8.948738942225874737e+00 3.405275506731316737e-01 1.920271700195042563e-01
8.950659213926069668e+00 6.651886061179403953e-01 -8.312858871750566925e-03
8.950576085337353049e+00 5.482495855461011480e-01 5.021239657470970980e-02
8.951078209303100053e+00 2.150894855555001706e-01 -1.805079885463113654e-02
8.950897701314554311e+00 5.952963437594888108e-02 -1.281932776121638418e-01
8.949615768538432548e+00 -3.135527310699323666e-01 6.925007749144812541e-03
8.949685018615923582e+00 -1.337981686789470326e-01 1.753194063181495177e-01
8.951438212679105888e+00 -1.212955864793941047e-01 1.189585747253942838e-01
8.952627798426359362e+00 -2.599363133589426833e-01 3.538235316502724714e-01
8.956166033742862354e+00 -4.537884520705289804e-01 5.465609374149519306e-01
8.961631643117012658e+00 -2.015654464039058902e-01 6.954162953762625943e-01
8.968585806070775490e+00 -1.374949755894930292e-01 7.406868129947882240e-01
8.975992674200723442e+00 -3.147607867767671652e-01 1.013159116101952417e+00
8.986124265361743468e+00 -1.921635028487383157e-01 1.017753976713084541e+00
8.996301805128874562e+00 -4.036104371945442582e-01 8.806142821638467399e-01
9.005107947950513392e+00 -7.512724573324905952e-01 7.990792351635294111e-01
9.013098740302147860e+00 -9.211898739483295184e-01 9.984197736722757455e-01
9.023082938038870182e+00 -8.246410181483232460e-01 9.971431369057190963e-01
9.033054369407928164e+00 -7.280027903887326124e-01 6.271238255181641463e-01
9.039325607663108997e+00 -5.170013310320084043e-01 6.320920922030406341e-01
9.045646528585139734e+00 -2.654731228747581606e-01 6.271323692351680190e-01
9.051917852277490795e+00 -7.629030181235935126e-02 6.970386024209374032e-02
9.052614890879912224e+00 -2.878971348041220457e-01 2.440168686087865746e-01
9.055055059565999542e+00 -3.258193926979645050e-01 2.039878975341691270e-01
9.057094938541341733e+00 -4.772511179392256997e-01 5.851293368095613623e-01
9.062946231909437600e+00 -4.241340794734171915e-01 9.059707557593319471e-01
9.072005939467031155e+00 -4.155070862821721445e-01 8.144559851822716912e-01
9.080150499318854429e+00 -3.750818160719784355e-01 7.259538795501515596e-01
9.087410038114356325e+00 -5.099711526419901109e-01 6.157681365848107768e-01
9.093567719480203593e+00 -5.803158876938163679e-01 3.207174315275323484e-01
9.096774893795478434e+00 -5.070631512430390231e-01 1.850433938267997402e-01
9.098625327733746104e+00 -8.467175256816493745e-01 7.437417176112434691e-02
9.099369069451357817e+00 -1.028697327147379603e+00 1.808851107494318933e-01
9.101177920558852108e+00 -1.017327822031377060e+00 -4.627280746776818443e-03
9.101131647751383724e+00 -9.486659757475992549e-01 -3.867840974044872704e-01
9.097263806777338147e+00 -1.374330300993032328e+00 -9.384184555404371242e-01
9.087879622221933573e+00 -1.568587847468061680e+00 -8.233846019249960735e-01
9.079645776202683649e+00 -1.586807384129331533e+00 -8.824440750911559661e-01
9.070821335451771716e+00 -1.602142738957394563e+00 -9.749545402561604623e-01
9.061071790049210151e+00 -1.528327084143563219e+00 -8.055502434096535325e-01
9.053016287615113455e+00 -1.639900464472370922e+00 -5.567663476839781467e-01
9.047448624138274553e+00 -1.560435142348650439e+00 -4.521651290758529895e-01
9.042926972847515898e+00 -1.623406868768768163e+00 -1.735905419971820463e-01
9.041191067427543970e+00 -1.576223904112449059e+00 -4.319309078284162551e-01
9.036871758349260375e+00 -2.055759404006998192e+00 -6.664968486029687611e-01
9.030206789863230554e+00 -1.898981302297430673e+00 -8.979423734319823547e-01
9.021227366128909964e+00 -1.664692190183749920e+00 -1.059314553174319551e+00
9.010634220597166788e+00 -1.638982442934804107e+00 -1.007432880930060115e+00
9.000559891787865752e+00 -1.861290831631216003e+00 -1.153299096430868476e+00
8.989026900823557042e+00 -1.775437902574275029e+00 -1.305524282489572307e+00
8.975971657998661257e+00 -1.617453326579183503e+00 -1.428850957044978998e+00
8.961683148428210899e+00 -1.803681313381906737e+00 -1.381839562466175231e+00
8.947864752803548427e+00 -1.884641130558900590e+00 -1.430637823319301782e+00
8.933558374570354843e+00 -1.757319089191877737e+00 -1.054206170679086174e+00
8.923016312863563115e+00 -1.791381064188584560e+00 -1.048114250801001734e+00
8.912535170355553760e+00 -1.926870809316312938e+00 -7.672639966855261395e-01
8.904862530388697905e+00 -1.712949453226211949e+00 -8.187115180303417006e-01
8.896675415208394000e+00 -1.491386428681315213e+00 -9.542144101637125564e-01
8.887133271106756993e+00 -1.928000478105572402e+00 -8.042465069115349863e-01
8.879090806037641670e+00 -1.881895455178278054e+00 -1.098618403824453305e+00
8.868104621999396642e+00 -2.130412612878715084e+00 -9.275232693479303903e-01
8.858829389305917346e+00 -2.123760267584194672e+00 -5.160804505074908510e-01
8.853668584800843178e+00 -1.953405683741861854e+00 -3.578513015183997781e-01
8.850090071785659873e+00 -1.883444828731440701e+00 -4.317889668843649109e-01
8.845772182116816040e+00 -1.814342436552902837e+00 -3.512024513566017192e-01
8.842260157603250903e+00 -2.032105883224635257e+00 -3.611686807651475761e-01
8.838648470795599010e+00 -1.911634252436995363e+00 -4.927812464928998937e-01
8.833720658330669551e+00 -1.974364768034349460e+00 -5.117703866940841451e-01
8.828602954463729446e+00 -1.899998518093036992e+00 -2.457881745986382760e-01
8.826145072717743290e+00 -1.915704008157184113e+00 -2.191734540851176527e-01
8.823953338176892203e+00 -1.917152026966505662e+00 -8.188212652639373368e-02
8.823134516911627756e+00 -2.037975452964001288e+00 -1.240686954705272904e-01
8.821893829956922062e+00 -1.765953007891093884e+00 -3.683417604620944918e-02
8.821525488196460429e+00 -1.563754299703823625e+00 -2.111037982929279411e-01
8.819414450213530543e+00 -1.995814911265039182e+00 -4.377146329652281675e-01
8.815037303883878295e+00 -1.833362184628191116e+00 -5.989227730922553894e-01
8.809048076152956597e+00 -1.703045084947391707e+00 -9.838993300380585172e-01
8.799209082852575747e+00 -1.654144471738814293e+00 -1.062744117621729822e+00
8.788581641676358913e+00 -1.485075938523995109e+00 -1.016586644225239811e+00
8.778415775234106988e+00 -1.245063155275583977e+00 -9.516733082469462923e-01
8.768899042151637957e+00 -1.516447091658082114e+00 -8.068225867805605134e-01
8.760830816283831979e+00 -1.449251381641196046e+00 -7.240238939224329373e-01
8.753590577344606771e+00 -1.293286102763850476e+00 -1.061199735459817495e+00
8.742978579990008825e+00 -1.414200235777801629e+00 -1.282194680562728450e+00
8.730156633184382287e+00 -1.388234890371309538e+00 -1.542353721985215254e+00
8.714733095964529497e+00 -1.654889802769124341e+00 -1.161293326026245687e+00
8.703120162704266249e+00 -1.622003856722324722e+00 -8.468510518810552501e-01
8.694651652185456214e+00 -1.819729621242572870e+00 -7.125672664646909293e-01
8.687525979520810182e+00 -1.618562918148110263e+00 -8.612582016395474716e-01
8.678913397504414817e+00 -1.671778416980282511e+00 -7.954668334888111980e-01
8.670958729169527146e+00 -1.616910580771291572e+00 -8.498806081155241277e-01
8.662459923088372094e+00 -1.601492195306135180e+00 -9.756487889574561034e-01
8.652703435198796811e+00 -1.569665213190479580e+00 -6.625051344151555721e-01
8.646078383854645111e+00 -1.780972105684510032e+00 -6.654725024568307612e-01
8.639423658830077457e+00 -2.035830021724587269e+00 -5.369924356041445579e-01
8.634053734474035124e+00 -1.853031107494119478e+00 -6.030799700246769479e-01
8.628022934773788677e+00 -1.791584273609587274e+00 -7.581406578548560704e-01
8.620441528195240011e+00 -2.018034707588756138e+00 -9.187503335023097240e-01
8.611254024860217626e+00 -1.827385309935605662e+00 -6.830454079148239321e-01
8.604423570781069230e+00 -1.462316825157258471e+00 -6.706287982196723618e-01
8.597717282798871707e+00 -1.735146973250409674e+00 -6.436466482427644076e-01
8.591280816316444913e+00 -1.687066727855796922e+00 -2.339847388953144036e-01
8.588940968927492037e+00 -1.934164734415689368e+00 -4.348593816215409191e-01
8.584592375111276041e+00 -1.999706566501636029e+00 -4.240832620638015915e-01
8.580351542490637584e+00 -2.017465895743129067e+00 -3.603925645018505874e-01
8.576747616845619149e+00 -2.122972079602573281e+00 -2.402269820326374539e-01
8.574345347025293052e+00 -1.917221642731000930e+00 1.373625417567244655e-01
8.575718972442860633e+00 -2.296963114182824395e+00 -4.739592922780283546e-03
8.575671576513633099e+00 -2.272395918325356146e+00 1.068931959231099044e-01
8.576740508472864732e+00 -2.783600858221808139e+00 -1.136240008319508860e-01
8.575604268464545044e+00 -2.914812736235336654e+00 1.716721357095582490e-02
8.575775940600253833e+00 -3.028312131375114458e+00 3.276908281181327154e-01
8.579052848881435267e+00 -3.465047801657015203e+00 6.195596065625867954e-01
8.585248444947060520e+00 -3.357412369592615242e+00 5.515509348845063498e-01
8.590763954295905336e+00 -3.464751541481621899e+00 6.082346235688314007e-01
8.596846300531593599e+00 -3.393367555718828754e+00 9.138973394217475565e-01
8.605985273925810475e+00 -3.412676610971592250e+00 1.422661681008782431e+00
8.620211890735898663e+00 -3.556957943090179430e+00 1.102695334914277403e+00
8.631238844085041606e+00 -3.602410171493509061e+00 9.561030234804031025e-01
8.640799874319846197e+00 -3.699252394261216548e+00 7.786107970447811999e-01
8.648585982290294183e+00 -3.565101362896900383e+00 6.876476666086135392e-01
8.655462458956380445e+00 -3.715880929328037929e+00 8.801073924024512829e-01
8.664263532880404739e+00 -3.682987342132490571e+00 6.283707789666372889e-01
8.670547240670071432e+00 -3.491988685528596204e+00 8.941557281255245737e-01
8.679488797951327328e+00 -3.576045394831944613e+00 8.481003246586774624e-01
8.687969801197914066e+00 -3.484131201153263468e+00 9.162559058556378755e-01
8.697132360256469852e+00 -3.525304513857654420e+00 8.453884084147154088e-01
8.705586244340617341e+00 -3.709557917900583757e+00 1.039792374526065766e+00
8.715984168085878281e+00 -3.915319939396519011e+00 1.009693754878038918e+00
8.726081105634658996e+00 -4.078839440562610719e+00 1.114141020762779544e+00
8.737222515842287152e+00 -4.445455263268200952e+00 1.141659256962731517e+00
8.748639108411914833e+00 -4.404794512985003685e+00 1.203305048734558014e+00
8.760672158899259543e+00 -4.378353126730972100e+00 1.177051483012327537e+00
8.772442673729383245e+00 -4.181978712513805263e+00 8.693106897095350671e-01
8.781135780626478038e+00 -3.896861880754642904e+00 8.751031741838865008e-01
8.789886812368317592e+00 -3.863025817433299647e+00 5.424780441799799124e-01
8.795311592810117318e+00 -4.360829806081365057e+00 4.155180861140025939e-01
8.799466773671257513e+00 -4.316603519817792112e+00 4.990439897523983870e-01
8.804457213568781526e+00 -3.951508522552426239e+00 6.111883715970781727e-01
8.810569097284751905e+00 -4.264870584725295899e+00 9.039550251848358364e-01
8.819608647536600898e+00 -3.889821671139018555e+00 1.291951077067566178e+00
8.832528158307276556e+00 -3.940502945445321092e+00 1.595308236542665181e+00
8.848481240672702697e+00 -3.569643560588394049e+00 1.234454551263710620e+00
8.860825786185339226e+00 -3.833138781541983953e+00 1.170247233615187454e+00
8.872528258521491296e+00 -3.948018516945834833e+00 1.099540278822414008e+00
8.883523661309714825e+00 -4.035310360079824576e+00 7.851864858934883840e-01
8.891375526168650012e+00 -4.152791951154946481e+00 8.898884485632896357e-01
8.900274410654283486e+00 -4.087032865085468814e+00 1.070162014012900009e+00
8.910976030794412139e+00 -4.247443885687198772e+00 8.972782525142967147e-01
8.919948813319555470e+00 -4.212274558560641147e+00 8.843465444200924175e-01
8.928792278763756585e+00 -4.343951222734683704e+00 7.415927158177375578e-01
8.936208205921934322e+00 -4.377765716229153448e+00 7.403091498937309778e-01
8.943611297420870798e+00 -4.053558088681193716e+00 6.495249834924564647e-01
8.950106547255796130e+00 -4.450216861283511349e+00 7.883122877816944873e-01
8.957989670133613913e+00 -4.446526041182217170e+00 7.985750931813687670e-01
8.965975421065428108e+00 -4.179542672373390388e+00 4.510612373294120570e-01
8.970486033438723084e+00 -4.111870623213818909e+00 7.262172211559148050e-01
8.977748205650282642e+00 -4.343271021851061953e+00 7.461117063917610537e-01
8.985209322714199587e+00 -4.181513323482690225e+00 4.445174912464234795e-01
8.989654497626663243e+00 -4.369501480046290354e+00 6.437328277222844619e-01
8.996091825903885564e+00 -4.455229313179106754e+00 7.225521186302171772e-01
9.003317347090188605e+00 -4.877917579969770934e+00 8.340485861432758163e-01
9.011657832951621927e+00 -4.984990551042812967e+00 5.472054724116240942e-01
9.017129887675737976e+00 -5.071938635787087257e+00 4.176327411732135841e-01
9.021306215087470548e+00 -5.203858302299721572e+00 2.466657129457876241e-01
9.023772872216929031e+00 -5.305838333068418677e+00 3.770605647442140662e-02
9.024149932781673655e+00 -5.569000521961330108e+00 -1.123240531730335667e-01
9.023026692249942471e+00 -5.379431611859511797e+00 3.427127152936637611e-03
9.023060963521471578e+00 -5.672146075673994758e+00 2.436626066745216646e-01
9.025497589588216130e+00 -5.613292318665715541e+00 4.674621996980999894e-01
9.030172211585197672e+00 -5.785237625956038521e+00 2.985603945389011527e-01
9.033157815530586277e+00 -5.649552783627674657e+00 1.841338994573812893e-02
9.033341949430043982e+00 -5.429710895584492825e+00 -5.046047092238536980e-02
9.032837344720819672e+00 -5.585862727384204085e+00 -2.615785257147000831e-01
9.030221559463672776e+00 -5.808000709955004837e+00 -3.535418466214484412e-01
9.026686140997458807e+00 -5.991310646804219431e+00 -4.125211438721797519e-01
9.022560929558737897e+00 -5.881672730868276133e+00 -2.055243668439009075e-01
9.020505685890299219e+00 -5.949285745076075216e+00 -3.134078147823936566e-01
9.017371607742475703e+00 -6.145099205158447653e+00 -3.611366090931429351e-01
9.013760241651544547e+00 -6.150929574403705580e+00 -4.671794451541553261e-01
9.009088447200003458e+00 -6.108440815437804261e+00 -4.950217364384552066e-01
9.004138229835618290e+00 -5.929140991891152623e+00 -4.242353688266220502e-01
8.999895876147352425e+00 -6.151863996677623625e+00 -2.537576108507273998e-01
8.997358300038845513e+00 -6.268528872046821299e+00 -5.467396757079877601e-01
8.991890903281765546e+00 -6.465754820165569683e+00 -7.288487027297910759e-01
8.984602416254467983e+00 -6.705383019768422770e+00 -8.027112640175497749e-01
8.976575303614293233e+00 -7.389471012579276632e+00 -7.857526213298692275e-01
8.968717777400994962e+00 -7.392006637313230044e+00 -8.353841669626527189e-01
8.960363935731368912e+00 -7.093767170260342425e+00 -7.632449125937678103e-01
8.952731486605431499e+00 -7.104284205680014175e+00 -9.211741097500860675e-01
8.943519745507931162e+00 -7.283407660772981629e+00 -8.968278126728589372e-01
8.934551467381202983e+00 -7.282121106577767122e+00 -7.054827827416969566e-01
8.927496639553785585e+00 -7.368618292663518865e+00 -4.176904654376043524e-01
8.923319734899409994e+00 -7.647008322995053398e+00 -6.478977840957556023e-01
8.916840757058452027e+00 -7.789448628725851975e+00 -6.605263429276159171e-01
8.910235493629174996e+00 -7.754654115416201421e+00 -7.209319610480302565e-01
8.903026174018695116e+00 -7.568536383846871551e+00 -9.923312453994320714e-01
8.893102861564701200e+00 -7.485091501075435083e+00 -1.300895707228843623e+00
8.880093904492412094e+00 -7.431020684144675315e+00 -1.384621175086960587e+00
8.866247692741541897e+00 -7.295211566858534447e+00 -1.499288281513337484e+00
8.851254809926407674e+00 -7.354022604970763766e+00 -1.824450152323196406e+00
8.833010308403176580e+00 -7.357997345037926351e+00 -2.111678197692560488e+00
8.811893526426251455e+00 -7.256242238424822411e+00 -2.107503915983802489e+00
8.790818487266413683e+00 -7.262261506762946794e+00 -2.283530899418583449e+00
8.767983178272228173e+00 -7.316341807445524204e+00 -2.115068481650021592e+00
8.746832493455727331e+00 -7.524599270166873133e+00 -1.788009846743699782e+00
8.728952394988290564e+00 -7.605313933581445696e+00 -2.040868972587193575e+00
8.708543705262417944e+00 -7.474381887514254252e+00 -2.025517800971277982e+00
8.688288527252705506e+00 -7.198279876631929142e+00 -2.210506137268668514e+00
8.666183465880019199e+00 -7.450750326647295196e+00 -2.147997532183199443e+00
8.644703490558187653e+00 -7.364916776249241792e+00 -2.376833292755131222e+00
8.620935157630636780e+00 -7.455862984509347591e+00 -2.300787578726978921e+00
8.597927281843366742e+00 -7.691706659322437467e+00 -2.457691977093991120e+00
8.573350362072426734e+00 -7.714051526296562322e+00 -2.248441376849653395e+00
8.550865948303929542e+00 -7.537563705192398267e+00 -2.128125103878045987e+00
8.529584697265148563e+00 -7.529040213480118204e+00 -1.894424829041291947e+00
8.510640448974735151e+00 -7.748168554894484750e+00 -1.909448844378051291e+00
8.491545960530954673e+00 -7.864223000697132093e+00 -1.707159820742137457e+00
8.474474362323533683e+00 -7.708445893773642865e+00 -1.435544942528335088e+00
8.460118912898250798e+00 -7.597424513246222588e+00 -1.266485039276421976e+00
8.447454062505485695e+00 -7.595140538565840593e+00 -1.523201823679440903e+00
8.432222044268691263e+00 -7.392556583676010540e+00 -1.206601509556110674e+00
8.420156029173130108e+00 -7.743414802817660814e+00 -1.519235830501326046e+00
8.404963670868117021e+00 -7.966946211408186151e+00 -1.687172991945321776e+00
8.388091940948664060e+00 -7.787603684522497183e+00 -1.890300956361614437e+00
8.369188931385048491e+00 -7.710389751765975852e+00 -1.878204842080988701e+00
8.350406882964238164e+00 -7.432130154896162466e+00 -1.767113684092068704e+00
8.332735746123317355e+00 -7.186738285262959991e+00 -1.878986654280391022e+00
8.313945879580513676e+00 -6.965520921265898835e+00 -2.053964870419028976e+00
8.293406230876323448e+00 -6.615035324075446255e+00 -2.078579351930214703e+00
8.272620437357021572e+00 -6.560626540313186261e+00 -2.329546622442588699e+00
8.249324971132596218e+00 -6.615470639136837860e+00 -2.375202106343262454e+00
8.225572950069164335e+00 -6.613553631721116766e+00 -2.461074597416086807e+00
8.200962204095002761e+00 -6.942199878288701775e+00 -2.449151143549546994e+00
8.176470692659506767e+00 -7.011739903445812772e+00 -2.547552464591597232e+00
8.150995168013590586e+00 -6.752170584164360889e+00 -2.351690155132935889e+00
8.127478266462262013e+00 -7.067750168007758127e+00 -2.508275151326496033e+00
8.102395514948996791e+00 -6.866192791875150192e+00 -2.686613090792521863e+00
8.075529384041072234e+00 -6.323889600393836297e+00 -2.643862648081081179e+00
8.049090757560261267e+00 -6.133968351889928172e+00 -2.523054875247113138e+00
8.023860208807789718e+00 -6.350017701498615885e+00 -2.550095306906953407e+00
7.998359255738719753e+00 -6.206178077919632052e+00 -2.489392872812540070e+00
7.973465327010594628e+00 -6.635577449190522614e+00 -2.362124837078757089e+00
7.949844078639807243e+00 -6.560126343009698324e+00 -2.378019848222370225e+00
7.926063880157583341e+00 -6.505363854784756761e+00 -2.236791664268279245e+00
7.903695963514900669e+00 -6.419605519644265179e+00 -2.094664627855125083e+00
7.882749317236349640e+00 -6.494126239957390467e+00 -2.419906579675947356e+00
7.858550251439590184e+00 -6.495316449026279138e+00 -2.431879672271233694e+00
7.834231454716877430e+00 -6.277003890154843724e+00 -2.360372059141574219e+00
7.810627734125461963e+00 -6.335368880367061806e+00 -2.443609069390307198e+00
7.786191643431559228e+00 -6.543124043672934320e+00 -2.569773075123904960e+00
7.760493912680320072e+00 -6.581333112971199384e+00 -2.458841210960629464e+00
7.735905500570713578e+00 -6.623423050703602932e+00 -2.894914597397734823e+00
7.706956354596735892e+00 -7.029383562353609172e+00 -2.638507857741886564e+00
7.680571276019317217e+00 -6.896691361151500388e+00 -2.582466722114325819e+00
7.654746608798173924e+00 -6.614232870988254298e+00 -2.583966175946449173e+00
7.628906947038709419e+00 -6.906834109226074325e+00 -2.753005170440011806e+00
7.601376895334309047e+00 -7.067433375100872439e+00 -2.692298729127450496e+00
7.574453908043034644e+00 -6.913199744074153941e+00 -2.671163349035829082e+00
7.547742274552676101e+00 -7.017018057100884221e+00 -2.709855159489561682e+00
7.520643722957780497e+00 -7.300915830341409674e+00 -2.823803285278647657e+00
7.492405690104994243e+00 -7.399435425447718373e+00 -3.116088349189745088e+00
7.461244806613096969e+00 -7.627424104405340799e+00 -3.360314055869377370e+00
7.427641666054403125e+00 -7.356966311172943307e+00 -3.488663767366102952e+00
7.392755028380742388e+00 -7.203785404688800575e+00 -3.985666637294173142e+00
7.352898362007800337e+00 -7.135230347782002269e+00 -3.660614406801481646e+00
7.316292217939785125e+00 -7.073466295701790862e+00 -3.609372155278152139e+00
7.280198496387003892e+00 -6.789980008032705072e+00 -3.566391567648942829e+00
7.244534580710514149e+00 -6.598651725499387943e+00 -3.560693101383755277e+00
7.208927649696676987e+00 -6.267705144327794464e+00 -3.714981714851939287e+00
7.171777832548157150e+00 -6.375184101919643354e+00 -3.855744698061883469e+00
7.133220385567538457e+00 -6.246107713659611704e+00 -3.655517994618234123e+00
7.096665205621356165e+00 -6.197253799191043022e+00 -3.768313073560314308e+00
7.058982074885753022e+00 -6.131352002897554776e+00 -3.868170819463353283e+00
7.020300366691119898e+00 -6.175045656832881313e+00 -4.075022067557078742e+00
6.979550146015548684e+00 -6.198791598285416704e+00 -4.121585559177852964e+00
6.938334290423770589e+00 -6.302409369624847102e+00 -4.144172064699718661e+00
6.896892569776773563e+00 -6.222252928631883506e+00 -4.202160477466549082e+00
6.854870965002108463e+00 -6.107348077209003634e+00 -4.262004010295037837e+00
6.812250924899157845e+00 -5.912131107973013222e+00 -4.058740545173501246e+00
6.771663519447423063e+00 -5.513875919948564075e+00 -4.308641428521042371e+00
6.728577105162212746e+00 -5.745886319352081273e+00 -4.156878720842406061e+00
6.687008317953788250e+00 -5.493514370067688724e+00 -4.486828243644034764e+00
6.642140035517347663e+00 -5.670969160754372851e+00 -4.609270134167925193e+00
6.596047334175668020e+00 -5.756348319968052962e+00 -4.707813912970677528e+00
6.548969195045961200e+00 -5.490223204979191252e+00 -4.628365799686186222e+00
6.502685537049099018e+00 -5.699657567491807519e+00 -4.701903548569873692e+00
6.455666501563400494e+00 -6.173514965746910832e+00 -4.806380333485995138e+00
6.407602698228540561e+00 -6.499676320131054119e+00 -4.917567818443656869e+00
6.358427020044103983e+00 -6.654045139931424657e+00 -4.698088125967402107e+00
6.311446138784430282e+00 -6.475254736746003381e+00 -4.472846390364057179e+00
6.266717674880789346e+00 -6.842896803010991569e+00 -4.877146349954678328e+00
6.217946211381242705e+00 -7.052684422146749732e+00 -4.844230382805676527e+00
6.169503907553186117e+00 -7.282674220259263365e+00 -4.723387585155752966e+00
6.122270031701628312e+00 -7.383720003535503729e+00 -4.775585549399222529e+00
6.074514176207635785e+00 -7.460629460019955417e+00 -4.488058454800934349e+00
6.029633591659626646e+00 -7.367313594212880901e+00 -4.537023875712021592e+00
5.984263352902506661e+00 -7.334200418214157580e+00 -4.435608976013925897e+00
5.939907263142367277e+00 -7.420780380007736987e+00 -4.178534118062739999e+00
5.898121921961739567e+00 -7.589615813847433223e+00 -4.063393302201979473e+00
5.857487988939719337e+00 -7.312712706443094568e+00 -4.163549258104135120e+00
5.815852496358678181e+00 -7.252168296542410353e+00 -3.938872303427289889e+00
5.776463773324405082e+00 -7.263436173186598843e+00 -3.838741740153610582e+00
5.738076355922869354e+00 -7.266860418769126362e+00 -3.067287166125459485e+00
5.707403484261615034e+00 -7.146477094848539657e+00 -3.192427847166094068e+00
5.675479205789954129e+00 -7.098163479318107427e+00 -3.063387147507818042e+00
5.644845334314876339e+00 -7.380227295094361040e+00 -2.947509810096099248e+00
5.615370236213915511e+00 -7.376915669293542699e+00 -2.758255685202635199e+00
5.587787679361889026e+00 -7.416092699906903896e+00 -2.887096474209045915e+00
5.558916714619798860e+00 -7.475020572554329057e+00 -3.023880445920026361e+00
5.528677910160598508e+00 -7.371152536881834472e+00 -2.855433227997448586e+00
5.500123577880623671e+00 -7.219640047291961515e+00 -2.952711433019590714e+00
5.470596463550427835e+00 -7.270305108030559182e+00 -3.198676116132112224e+00
5.438609702389106459e+00 -7.382719198214671152e+00 -3.322595359895789358e+00
5.405383748790148601e+00 -7.650230510623424074e+00 -3.303638060350616357e+00
5.372347368186642491e+00 -7.377670689107207913e+00 -3.294327670835166089e+00
5.339404091478290759e+00 -7.583354091024921750e+00 -3.417555627349138980e+00
5.305228535204799201e+00 -7.527737367809943514e+00 -3.443005212273800630e+00
5.270798483082061558e+00 -7.532722548457355671e+00 -3.296351401205213971e+00
5.237834969070009450e+00 -7.543990523323721220e+00 -3.109840526767781110e+00
5.206736563802331297e+00 -7.437590588827952764e+00 -3.083137324095059029e+00
5.175905190561381097e+00 -7.447765935594856224e+00 -3.051679695461570585e+00
5.145388393606765476e+00 -7.588677614806312199e+00 -2.866007654089578693e+00
5.116728317065869724e+00 -7.647734950070167237e+00 -2.797917348690929007e+00
5.088749143578960243e+00 -7.657053231751823397e+00 -2.995406035754264451e+00
5.058795083221417244e+00 -7.590075368856466831e+00 -2.927935239582263094e+00
5.029515730825594666e+00 -7.028645126207149652e+00 -2.732932170348773671e+00
5.002186409122106880e+00 -6.964658463879986883e+00 -2.962767680091838773e+00
4.972558732321188835e+00 -7.082880228744519613e+00 -2.989440331700011999e+00
4.942664329004188950e+00 -7.180568749718863941e+00 -2.825078039926847584e+00
4.914413548604920301e+00 -7.463112968567945593e+00 -2.737163844226704779e+00
4.887041910162653657e+00 -7.111898538836416428e+00 -2.856775925705058672e+00
4.858474150905602862e+00 -6.909749361039344784e+00 -2.542118268812040061e+00
4.833052968217482537e+00 -7.295191913232137004e+00 -2.582516897458330352e+00
4.807227799242899557e+00 -7.288728592679268203e+00 -2.271756833871795500e+00
4.784510230904182038e+00 -7.078120767877519981e+00 -2.436816720889614984e+00
4.760142063695285586e+00 -7.182462024683171187e+00 -2.482868787803315325e+00
4.735313375817252535e+00 -7.192519378963050158e+00 -2.576155477679279215e+00
4.709551821040459885e+00 -7.409863651619459368e+00 -2.481643329959204003e+00
4.684735387740867729e+00 -7.171774384679909353e+00 -2.443743529915694879e+00
4.660297952441711189e+00 -7.366287095888290004e+00 -2.376094315581398497e+00
4.636537009285897071e+00 -7.383446671318686150e+00 -2.260978554661822848e+00
4.613927223739278993e+00 -7.359169190907137725e+00 -2.441198573013841688e+00
4.589515238009140852e+00 -7.436825775454178888e+00 -2.321099893470111031e+00
4.566304239074439941e+00 -7.291265473748570258e+00 -2.125914294118240289e+00
4.545045096133257800e+00 -6.940676302033352840e+00 -1.871488723180829261e+00
4.526330208901449659e+00 -6.909297499033565160e+00 -1.795107201902967020e+00
4.508379136882419758e+00 -6.997249827967012337e+00 -1.870762922886015867e+00
4.489671507653559601e+00 -6.988852602638793599e+00 -1.789791790746016797e+00
4.471773589746099731e+00 -6.617387332661623489e+00 -2.092173204115865381e+00
4.450851857704940961e+00 -6.992755900315178685e+00 -2.017884517718327331e+00
4.430673012527758026e+00 -7.050152837847355691e+00 -2.032926008897416370e+00
4.410343752438784293e+00 -6.947745202911817408e+00 -1.880355242748861011e+00
4.391540200011295525e+00 -6.954431788137516612e+00 -2.345546356608539718e+00
4.368084736445210225e+00 -6.828145075445577028e+00 -2.582856045566809478e+00
4.342256175989541944e+00 -6.551533519385549731e+00 -2.765935756664024137e+00
4.314596818422901769e+00 -6.269373435103683612e+00 -2.949789224458871484e+00
4.285098926178313228e+00 -6.067470979134211184e+00 -2.990959220905998528e+00
4.255189333969252807e+00 -6.417904750901997524e+00 -2.980265582410112746e+00
4.225386678145151897e+00 -6.200008159182256229e+00 -3.018699999383512633e+00
4.195199678151317002e+00 -5.814689022761982073e+00 -2.878547641882083230e+00
4.166414201732496103e+00 -5.816498946847859841e+00 -2.724137732234014120e+00
4.139172824410155549e+00 -6.055444919968246076e+00 -2.458530674902234203e+00
4.114587517661132843e+00 -6.051198461065054879e+00 -2.322440437291942494e+00
4.091363113288213782e+00 -6.109869309132440307e+00 -2.410361320073969083e+00
4.067259500087474500e+00 -6.305022388393202171e+00 -2.336710545911510284e+00
4.043892394628359810e+00 -6.611493037840766362e+00 -2.238133714151807840e+00
4.021511057486841345e+00 -6.772681739877217666e+00 -2.381776094144463229e+00
3.997693296545396624e+00 -6.428078264216901871e+00 -2.435753507576866816e+00
3.973335761469627858e+00 -6.536695158148396523e+00 -2.291927029655531189e+00
3.950416491173072586e+00 -6.744783311722402530e+00 -2.487555464912910796e+00
3.925540936523943536e+00 -6.954423483690385765e+00 -2.530009981223546145e+00
3.900240836711708070e+00 -6.976389435653308269e+00 -2.289223635143293745e+00
3.877348600360275288e+00 -7.105543553898831632e+00 -2.257192669672279273e+00
3.854776673663552700e+00 -7.070210123372303812e+00 -2.373269660111335000e+00
3.831043977062439154e+00 -6.961761112789374373e+00 -2.173093192002903074e+00
3.809313045142410203e+00 -7.179809279563123425e+00 -2.273667288469252590e+00
3.786576372257717704e+00 -7.040384476668040570e+00 -2.121086074390323262e+00
3.765365511513814489e+00 -7.139200239913476409e+00 -2.051734148058018015e+00
3.744848170033234336e+00 -7.226813583157516874e+00 -2.348821758303128782e+00
3.721359952450203235e+00 -6.988985220315888647e+00 -2.073930145461712282e+00
3.700620650995586125e+00 -7.207713740139505276e+00 -2.278634517935637760e+00
3.677834305816229943e+00 -7.117989395612968728e+00 -1.974898958157061291e+00
3.658085316234659157e+00 -7.075786784532493101e+00 -2.129706412112917224e+00
3.636788252113530184e+00 -6.977723744740380596e+00 -2.130437025732148104e+00
3.615483881856208725e+00 -7.126024422766268351e+00 -2.065296475089437145e+00
3.594830917105314327e+00 -7.056149023750225346e+00 -2.188115691735464274e+00
3.572949760187959622e+00 -7.047840420028040676e+00 -2.056251992212293267e+00
3.552387240265836521e+00 -6.927745474510741630e+00 -2.062633055657117076e+00
3.531760909709265484e+00 -6.984521782791728306e+00 -2.093112674320253053e+00
3.510829782966062851e+00 -6.773582211045662937e+00 -2.200119495095087530e+00
3.488828588015111976e+00 -6.715852336568986836e+00 -2.381020782471199748e+00
3.465018380190399760e+00 -6.641272650334308914e+00 -2.460516739443270318e+00
3.440413212795967013e+00 -6.268650493381065836e+00 -2.300575549665013764e+00
3.417407457299316942e+00 -6.654624089467398029e+00 -2.350485513575311991e+00
3.393902602163563653e+00 -6.454182171422624847e+00 -2.280350640558184150e+00
3.371099095757981612e+00 -6.549519092075148485e+00 -2.416104336677167286e+00
3.346938052391209784e+00 -6.637598485874839582e+00 -2.733437250294906473e+00
3.319603679888260661e+00 -6.597248753510164043e+00 -2.811765494448040137e+00
3.291486024943780286e+00 -6.358442023541914345e+00 -3.046520151538214094e+00
3.261020823428398163e+00 -6.744864094269190424e+00 -2.821708843868373062e+00
3.232803734989714517e+00 -6.789756395523363963e+00 -2.725649428842829902e+00
3.205547240701286160e+00 -6.347593397435425722e+00 -2.699374363956023259e+00
3.178553497061725963e+00 -6.402023633325239160e+00 -2.649328869085902483e+00
3.152060208370866867e+00 -6.210598557720044433e+00 -2.967482172152291930e+00
3.122385386649344063e+00 -6.012446582788097516e+00 -2.771715233359874464e+00
3.094668234315745448e+00 -5.724307770281921393e+00 -2.693113342573133284e+00
3.067737100890014279e+00 -5.625484148437882581e+00 -2.731779017792395514e+00
3.040419310712090262e+00 -5.507153997224529363e+00 -2.751241684008991495e+00
3.012906893872000502e+00 -5.486170227433881053e+00 -3.038853053476782140e+00
2.982518363337232525e+00 -5.426883062366424149e+00 -2.503751023183162783e+00
2.957480853105400875e+00 -5.907952823506181339e+00 -2.544412885190325380e+00
2.932036724253497706e+00 -5.958153198184641397e+00 -2.484714642972364107e+00
2.907189577823773963e+00 -5.848326088700113168e+00 -2.480625188790637203e+00
2.882383325935867546e+00 -6.094462012450630795e+00 -2.473055272561642592e+00
2.857652773210251240e+00 -6.232908161549541859e+00 -2.557046277412439395e+00
2.832082310436126793e+00 -6.412232490232082860e+00 -2.507051620001067960e+00
2.807011794236116131e+00 -6.666837246542344886e+00 -2.647937555693002043e+00
2.780532418679185991e+00 -6.510305610416843081e+00 -2.586083186088042218e+00
2.754671586818305595e+00 -6.238551932883284579e+00 -2.475673115784212008e+00
2.729914855660463324e+00 -5.927169446167752653e+00 -2.415008926298151337e+00
2.705764766397481758e+00 -5.858333975152364204e+00 -2.479368985822122173e+00
2.680971076539260700e+00 -5.586982189400383270e+00 -2.602655059676489913e+00
2.654944525942495748e+00 -5.770688387591466295e+00 -2.537605970241905151e+00
2.629568466240076674e+00 -5.096502961250848784e+00 -2.617169098162066110e+00
2.603396775258456142e+00 -5.005996627985380698e+00 -2.628592295516607447e+00
2.577110852303289956e+00 -5.058715638843077400e+00 -2.505915476364630301e+00
2.552051697539643449e+00 -5.476888464964854819e+00 -2.576529218644353580e+00
2.526286405353199704e+00 -5.278344608847219455e+00 -2.421934265223922189e+00
2.502067062700960687e+00 -5.247263480293383076e+00 -2.384955111109548831e+00
2.478217511589865030e+00 -5.249725483471312515e+00 -2.399022166769780195e+00
2.454227289922167099e+00 -5.494801080672512050e+00 -2.406700651363824495e+00
2.430160283408528965e+00 -5.644111969950766472e+00 -2.197768000145153167e+00
2.408182603407077238e+00 -5.285827685791275599e+00 -2.072063790055862942e+00
2.387461965506518791e+00 -4.978753579746123314e+00 -2.115506691663527228e+00
2.366306898589883634e+00 -5.054487053491021342e+00 -2.396445945491963325e+00
2.342342439134963872e+00 -4.968520133239179515e+00 -2.189404409456066514e+00
2.320448395040403344e+00 -4.988376394183625884e+00 -2.329550476492499023e+00
2.297152890275478310e+00 -4.916471430607829873e+00 -2.049496204937625521e+00
2.276657928226101912e+00 -4.632081735119040644e+00 -2.097910020208636261e+00
2.255678828024015647e+00 -4.747383978728914045e+00 -1.724729042807688462e+00
2.238431537595938714e+00 -4.613513706955362004e+00 -1.757262884441439077e+00
2.220858908751524474e+00 -4.794064787195523536e+00 -1.967607828686118276e+00
2.201182830464663454e+00 -4.628522697211463033e+00 -1.750189679840650436e+00
2.183680933666257040e+00 -4.516397976682377191e+00 -1.871748838539006865e+00
2.164963445280867038e+00 -4.485682146156303673e+00 -1.649485581396093803e+00
2.148468589466906220e+00 -4.625990271854069746e+00 -1.635774370787574483e+00
2.132110845759030315e+00 -4.369190377692315330e+00 -1.343145752734508092e+00
2.118679388231685223e+00 -4.412440699473989980e+00 -1.433947261926512118e+00
2.104339915612420064e+00 -4.138657691022065599e+00 -1.334684246542634956e+00
2.090993073146993897e+00 -4.243574694627051613e+00 -1.432099128247725561e+00
2.076672081864516795e+00 -3.947118500499006810e+00 -1.634485892332243839e+00
2.060327222941194414e+00 -4.302617948672611270e+00 -1.419501394231477587e+00
2.046132208998879598e+00 -4.312523946963557009e+00 -1.479581135994713970e+00
2.031336397638932478e+00 -4.114053593913176599e+00 -1.498729986012260484e+00
2.016349097778809885e+00 -4.004134386678834368e+00 -1.540806109643847899e+00
2.000941036682371443e+00 -4.097960619679503758e+00 -1.421078153704509184e+00
1.986730255145326307e+00 -3.944064127407866494e+00 -1.399481049052442083e+00
1.972735444654801995e+00 -3.909597756010220859e+00 -1.182913097614466391e+00
1.960906313678657309e+00 -3.795401447044418397e+00 -1.132095080409595722e+00
1.949585362874561412e+00 -3.759686887595702132e+00 -1.192098226224557189e+00
1.937664380612315940e+00 -3.778861670566832753e+00 -1.383040515866309494e+00
1.923833975453652867e+00 -3.750390929861147971e+00 -1.674249186616829865e+00
1.907091483587484593e+00 -3.493545105147204843e+00 -2.103860759007669667e+00
1.886052875997407785e+00 -3.450855932237935075e+00 -1.767093366177362013e+00
1.868381942335634260e+00 -3.650394243605302513e+00 -2.010137531122992538e+00
1.848280567024404242e+00 -3.724606311810795933e+00 -2.128114295612973272e+00
1.826999424068274536e+00 -3.667612643411016560e+00 -2.226044946659668788e+00
1.804738974601677759e+00 -3.531129745904509232e+00 -2.386123702831869142e+00
1.780877737573359099e+00 -3.576190886051393125e+00 -2.415220132964141175e+00
1.756725536243717745e+00 -3.612896578494636302e+00 -2.730670672524184717e+00
1.729418829518475809e+00 -3.621667685270056225e+00 -2.933481395498972688e+00
1.700084015563485984e+00 -3.979462128475513616e+00 -2.649105323892831265e+00
1.673592962324557565e+00 -3.637250608201733737e+00 -2.868243905290403628e+00
1.644910523271653435e+00 -3.734047044581533026e+00 -2.885755064586397189e+00
1.616052972625789508e+00 -3.796439528803298380e+00 -2.829525978957148524e+00
1.587757712836217916e+00 -3.999895720686263534e+00 -2.779733263324145831e+00
1.559960380202976449e+00 -4.418911594698636591e+00 -2.979302745149012388e+00
1.530167352751486298e+00 -4.318472609690318542e+00 -2.993548144211767514e+00
1.500231871309368525e+00 -4.444468541624165603e+00 -2.756105720366231360e+00
1.472670814105706105e+00 -4.685886364176321983e+00 -2.661002681625766808e+00
1.446060787289448424e+00 -4.351186248681205626e+00 -2.925171492781588167e+00
1.416809072361632449e+00 -4.445604754062792985e+00 -2.985320439891739674e+00
1.386955867962714972e+00 -4.799591330987163396e+00 -2.922624635484624811e+00
1.357729621607868697e+00 -4.775997750217543469e+00 -2.787425753878273849e+00
1.329855364069085999e+00 -4.857108275723281743e+00 -2.805237394025246189e+00
1.301802990128833493e+00 -4.767501958155798469e+00 -3.118246920339643680e+00
1.270620520925437091e+00 -4.723330930127199956e+00 -3.299498259780258014e+00
1.237625538327634445e+00 -4.818850484389593625e+00 -3.336168684615934854e+00
1.204263851481475189e+00 -4.746484511966856168e+00 -3.291648465256694855e+00
1.171347366828908276e+00 -4.866070027216811589e+00 -3.023337401366341215e+00
1.141113992815244949e+00 -4.884886534565056948e+00 -2.828056443330793090e+00
1.112833428381936995e+00 -4.668899606820701820e+00 -2.868476578611193428e+00
1.084148662595824986e+00 -4.811114279397169291e+00 -3.222467109258430273e+00
1.051923991503240785e+00 -4.692197145494847454e+00 -3.290891922876040265e+00
1.019015072274480405e+00 -4.645950743882718115e+00 -3.300094412824368550e+00
9.860141281462366791e-01 -4.498648814201907875e+00 -3.900933100212157001e+00
9.470047971441151180e-01 -4.717460148854726754e+00 -3.770414417094444914e+00
9.093006529731706422e-01 -4.717640905758426761e+00 -3.772247765603420344e+00
8.715781753171364388e-01 -4.894250323350625820e+00 -4.177290941047870021e+00
8.298052659066577075e-01 -4.871138824599777095e+00 -4.125328231419257641e+00
7.885519835924651444e-01 -4.777329806244489774e+00 -3.993964622679354370e+00
7.486123373656715652e-01 -5.054012498591054836e+00 -3.822799212184419648e+00
7.103843452438273198e-01 -5.149608946748445604e+00 -4.010013733328862351e+00
6.702842079105386652e-01 -5.263894780522676342e+00 -4.160216373279359559e+00
6.286820441777450919e-01 -5.193934940634703956e+00 -4.383498416686345323e+00
5.848470600108816031e-01 -4.977316851858239133e+00 -4.014837762519910314e+00
5.446986823856825310e-01 -5.038689172828970442e+00 -4.067313357348694147e+00
5.040255488121956340e-01 -5.240309920867107785e+00 -3.773679215740552539e+00
4.662887566547900819e-01 -5.123785062581526439e+00 -3.520371225723144537e+00
4.310850443975586255e-01 -5.134781269409793403e+00 -3.661286249925279179e+00
3.944721818983058514e-01 -4.948186856552013957e+00 -3.713029589332479841e+00
3.573418860049810686e-01 -5.044389683965649240e+00 -4.070728137601390628e+00
3.166346046289671423e-01 -4.934777501117442178e+00 -4.028567067749476927e+00
2.763489339514723642e-01 -4.719316757251418970e+00 -4.050861178829983089e+00
2.358403221631725222e-01 -4.761294719469934655e+00 -3.880981006903183150e+00
1.970305120941406862e-01 -4.731479091279494398e+00 -3.828849490185903814e+00
1.587420171922816481e-01 -4.867091353446092228e+00 -3.418980262105210777e+00
1.245522145712295303e-01 -4.982497379072587051e+00 -3.556423707528111322e+00
8.898797749594841711e-02 -4.637652345058629777e+00 -3.446525141834247741e+00
5.452272607760593609e-02 -4.616845279077296027e+00 -3.764242218597253498e+00
1.688030389163339834e-02 -4.549175314328781639e+00 -3.832573699596423022e+00
-2.144543310433083549e-02 -4.617889947688108343e+00 -3.928596600322649568e+00
-6.073139910755732951e-02 -4.563828507354138253e+00 -3.715175326950241885e+00
-9.788315237705974559e-02 -4.334205185716129449e+00 -3.813548327177652908e+00
-1.360186356488362613e-01 -3.971110926065448687e+00 -3.857013934768265706e+00
-1.745887749965189251e-01 -3.907536468567439858e+00 -3.696321220464787949e+00
-2.115519872011668023e-01 -3.756245150187621284e+00 -3.788989088675223993e+00
-2.494418780879190389e-01 -3.413640836875612816e+00 -3.786613024476481293e+00
-2.873080083326838285e-01 -3.379773566842827481e+00 -4.037686475708730960e+00
-3.276848730897711226e-01 -3.102550402350580327e+00 -4.126908283455378523e+00
-3.689539559243248945e-01 -2.787016927847396186e+00 -4.323680525417358922e+00
-4.121907611784985104e-01 -2.976408674158015799e+00 -4.230875030933842318e+00
-4.544995114878369602e-01 -2.935469037918839508e+00 -4.083617338152289555e+00
-4.953356848693598602e-01 -2.425260256968341466e+00 -4.083435793023642013e+00
-5.361700427995962359e-01 -2.384025425642751550e+00 -3.915381196312507583e+00
-5.753238547627212984e-01 -2.498732869158804437e+00 -3.806074380571750737e+00
-6.133845985684388546e-01 -2.618591894234994388e+00 -3.728089948518409358e+00
-6.506654980536229482e-01 -2.489529747311070018e+00 -3.695914485623288392e+00
-6.876246429098558099e-01 -2.086407764104400098e+00 -3.941988958210460137e+00
-7.270445324919604380e-01 -2.290980321982521772e+00 -4.084308121319536689e+00
-7.678876137051557915e-01 -2.275613671287731510e+00 -4.033190054077474329e+00
-8.082195142459305259e-01 -2.368268066613667067e+00 -3.972200491573828263e+00
-8.479415191616688219e-01 -2.365754525639132133e+00 -3.713243105114839349e+00
-8.850739502128172065e-01 -2.150485189980106071e+00 -3.784220597958646959e+00
-9.229161561924036361e-01 -2.264646755375644194e+00 -3.916348631971160010e+00
-9.620796425121151962e-01 -2.764172441641498779e+00 -4.408822170318175360e+00
-1.006167864215296914e+00 -3.043851965955484573e+00 -4.280580196263975346e+00
-1.048973666177936748e+00 -3.101497871655349403e+00 -4.007677394917384284e+00
-1.089050440127110608e+00 -3.049823087701450941e+00 -3.885621362506186838e+00
-1.127906653752172472e+00 -3.156300281728030122e+00 -3.819159458250840355e+00
-1.166098248334680898e+00 -2.822228584807556118e+00 -3.917710904433339358e+00
-1.205275357379014256e+00 -2.890241510384528922e+00 -4.052069517860745762e+00
-1.245796052557621714e+00 -2.848634825585933061e+00 -3.998627244576764994e+00
-1.285782325003389293e+00 -3.074941015824787627e+00 -4.156409067676771762e+00
-1.327346415680157099e+00 -2.767803277614914848e+00 -4.633230292636646652e+00
-1.373678718606523574e+00 -2.517245961563390644e+00 -4.650631473160790286e+00
-1.420185033338131397e+00 -2.708499203450045911e+00 -4.397537743871709814e+00
-1.464160410776848442e+00 -2.750870050515591636e+00 -4.317291750794278293e+00
-1.507333328284791163e+00 -2.796435568437917407e+00 -4.250809952913437328e+00
-1.549841427813925643e+00 -2.670993574226340872e+00 -4.039219451823619522e+00
-1.590233622332161811e+00 -2.788521703091803250e+00 -4.018780248024078183e+00
-1.630421424812402487e+00 -2.370346343250269161e+00 -4.087917451301507299e+00
-1.671300599325417524e+00 -2.366032586860384423e+00 -4.029126817709488328e+00
-1.711591867502512354e+00 -2.244592996205676538e+00 -4.232269499820208836e+00
-1.753914562500714425e+00 -2.413835907109179502e+00 -4.469811605901637286e+00
-1.798612678559730726e+00 -2.042469793532151634e+00 -4.448882939165213379e+00
-1.843101507951382834e+00 -1.815573575706764364e+00 -4.506720037691682279e+00
-1.888168708328299639e+00 -1.719639108857059506e+00 -4.694834075499985993e+00
-1.935117049083299401e+00 -1.595124260125646565e+00 -4.388000097888220985e+00
-1.978997050062181629e+00 -1.555523343851043627e+00 -4.231100643584600363e+00
-2.021308056498027472e+00 -1.114908232523443399e+00 -4.348130703667055563e+00
-2.064789363534698108e+00 -1.113129437978564784e+00 -4.267510931242541439e+00
-2.107464472847123460e+00 -1.197084972094968558e+00 -4.394134125911762112e+00
-2.151405814106241099e+00 -9.966616550213180936e-01 -4.481965805056093544e+00
-2.196225472156802194e+00 -1.139204749629634028e+00 -4.471271846404171413e+00
-2.240938190620843873e+00 -1.024591982106231480e+00 -4.614747534429392672e+00
-2.287085665965137959e+00 -9.004660459753114354e-01 -4.662309107601218194e+00
-2.333708757041150328e+00 -6.702398284123614047e-01 -4.381071195614048008e+00
-2.377519468997290719e+00 -8.213988465837798181e-01 -4.403871684639048212e+00
-2.421558185843680988e+00 -1.123527921561042309e+00 -4.078892121549467120e+00
-2.462347107059175588e+00 -1.155151478145455934e+00 -3.953244100936990968e+00
-2.501879548068545400e+00 -1.093635792479962454e+00 -3.918569407572649599e+00
-2.541065242144271874e+00 -9.757173253922912792e-01 -3.842015864335833086e+00
-2.579485400787630223e+00 -1.040155405973756331e+00 -3.527360286744434248e+00
-2.614759003655074743e+00 -8.546927128229869775e-01 -3.236028129654756391e+00
-2.647119284951622298e+00 -8.850426239894275682e-01 -3.245000646034788883e+00
-2.679569291411969978e+00 -8.915525499166553347e-01 -3.247466289755118307e+00
-2.712043954309521165e+00 -7.124268641298766580e-01 -3.285908808040551854e+00
-2.744903042389926551e+00 -9.070299224557443196e-01 -3.348071674189063263e+00
-2.778383759131817232e+00 -1.004896160731330701e+00 -3.527192298611187660e+00
-2.813655682117929047e+00 -9.034562320297083726e-01 -3.530985632315108091e+00
-2.848965538441079914e+00 -1.098308511126421916e+00 -3.303836212456877419e+00
-2.882003900565648813e+00 -9.715726189967494042e-01 -3.173363704610675295e+00
-2.913737537611755357e+00 -9.541956024197245645e-01 -2.861131266387301419e+00
-2.942348850275628536e+00 -7.642486769509131417e-01 -2.520168480799152455e+00
-2.967550535083620211e+00 -4.731845089637540802e-01 -2.578068433696360184e+00
-2.993331219420583889e+00 -5.084315379524968481e-01 -2.463420169996219045e+00
-3.017965421120546221e+00 -2.336071712496477493e-01 -2.811882325935004090e+00
-3.046084244379896333e+00 -2.871677938194838187e-01 -2.442488818390165406e+00
-3.070509132563798094e+00 -3.840829567381151000e-01 -2.517079604445690677e+00
-3.095679928608254805e+00 -3.046791873611311430e-01 -2.620864236313580342e+00
-3.121888570971390386e+00 -5.140507699862003621e-01 -2.400098067211446473e+00
-3.145889551643505033e+00 -6.569648321602920005e-01 -2.752382712052547920e+00
-3.173413378764030401e+00 -5.652406962291881554e-01 -2.744406601997006589e+00
-3.200857444784000361e+00 -6.349668893809627956e-01 -2.691137447159205998e+00
-3.227768819255592447e+00 -8.737555999986240662e-01 -2.526088407652703705e+00
-3.253029703332119382e+00 -7.318084589816855612e-01 -2.123043669291239333e+00
-3.274260140025031962e+00 -5.730382449616014950e-01 -2.115201772567614213e+00
-3.295412157750708282e+00 -5.664164743145221337e-01 -1.997068653657354753e+00
-3.315382844287281916e+00 -2.667197384901645596e-01 -2.126310158488076141e+00
-3.336645945872162677e+00 -4.219156528445975884e-01 -2.371102549791526570e+00
-3.360356971370078050e+00 -4.961371878565454807e-01 -2.467923320690192046e+00
-3.385036204576980179e+00 -4.069487801903616808e-01 -2.279669478918180392e+00
-3.407832899366161961e+00 -4.454098699619734592e-01 -2.115605351143256652e+00
-3.428988952877594532e+00 -6.548084984049871160e-01 -2.183061472308108986e+00
-3.450819567600675430e+00 -4.267921385242097188e-01 -2.401807016484050816e+00
-3.474837637765515908e+00 -6.970238103864165868e-01 -2.581207206153253608e+00
-3.500649709827048373e+00 -3.229955039409783679e-01 -2.569489355005610598e+00
-3.526344603377104647e+00 -3.365116532232590996e-01 -2.459524065393714043e+00
-3.550939844031041570e+00 -2.765423854783732316e-01 -2.373285038550383419e+00
-3.574672694416545227e+00 -4.373720875489230386e-01 -2.129751382909074842e+00
-3.595970208245636179e+00 -3.733047990129343963e-01 -1.701335424393640494e+00
-3.612983562489572531e+00 1.152537282315801992e-02 -1.707714720600112424e+00
-3.630060709695573706e+00 -1.302190854635952577e-02 -1.579258331602730214e+00
-3.645853293011600993e+00 -1.482752070597236627e-01 -1.787331922450211552e+00
-3.663726612236103186e+00 -1.067399795036430149e-01 -1.668294183880799642e+00
-3.680409554074911327e+00 -1.040850849197678951e-01 -1.349466158337205179e+00
-3.693904215658283530e+00 4.689206588957101074e-02 -1.415612433460748498e+00
-3.708060339992890864e+00 8.585109169586840894e-02 -1.584324638843616295e+00
-3.723903586381327013e+00 7.852483213371572179e-02 -1.966169729026733259e+00
-3.743565283671594468e+00 1.888561150818197087e-01 -1.990339643233447253e+00
-3.763468680103928765e+00 1.845704647469325610e-01 -1.897241533154106596e+00
-3.782441095435469691e+00 1.092397041176567385e-01 -1.776263281451571974e+00
-3.800203728249985424e+00 5.283450121377608610e-01 -1.692596959335031626e+00
-3.817129697843335556e+00 2.495578583165822262e-01 -1.542965037293395625e+00
-3.832559348216269424e+00 5.924199523378317900e-02 -1.284692913157080341e+00
-3.845406277347840351e+00 1.867703880175607123e-02 -1.269217677206385453e+00
-3.858098454119904375e+00 3.846689121205734696e-02 -9.683266273328043905e-01
-3.867781720393232536e+00 -1.077403610484416463e-01 -1.271410222418640767e+00
-3.880495822617418877e+00 -3.582103659369445525e-01 -1.503932909252693406e+00
-3.895535151709945687e+00 -2.775325619034118008e-01 -1.757645447070315115e+00
-3.913111606180649016e+00 -1.435940619006273455e-01 -1.701088715409051266e+00
-3.930122493334739620e+00 -1.528242860277772563e-01 -1.522896988334061064e+00
-3.945351463218080390e+00 1.875171683935493716e-01 -1.278731556485997123e+00
-3.958138778782940292e+00 3.654232051157324523e-02 -1.238124984476719481e+00
-3.970520028627707365e+00 3.118698766165755032e-01 -1.117261522429429554e+00
-3.981692643852001723e+00 6.869041336186961777e-01 -1.147225682136027380e+00
-3.993164900673361828e+00 7.294332857636937062e-01 -1.064219485170055712e+00
-4.003807095525062643e+00 7.721877221961016557e-01 -7.580315084068449671e-01
-4.011387410609130733e+00 6.128243803432966708e-01 -9.617446310779280694e-01
-4.021004856919909720e+00 5.705304693673156624e-01 -9.719466540188279602e-01
-4.030724323460098013e+00 4.143755420804037248e-01 -8.937001987284378668e-01
-4.039661325447382545e+00 3.712971795389449214e-01 -5.198166756558764146e-01
-4.044859492203941365e+00 6.433264885131833033e-01 -5.328861973237073446e-01
-4.050188354177178596e+00 8.519154898246872332e-01 -5.138585115008796889e-01
-4.055326939292187127e+00 6.311892301325048305e-01 -3.875608602883957032e-01
-4.059202547895071511e+00 8.703490045862143365e-01 -6.906753413526165453e-01
-4.066109301308597601e+00 8.744494910256181974e-01 -5.438392899796636870e-01
-4.071547694208394574e+00 9.098386792353219121e-01 -3.148815792389605961e-01
-4.074696510000784144e+00 7.909188562761713115e-01 -5.630408291968280743e-02
-4.075259550829980704e+00 1.041381499256431642e+00 -2.700561281837767780e-01
-4.077960112111818525e+00 7.599000932429418320e-01 2.570133126227730491e-02
-4.077703098799196013e+00 1.036477927961932721e+00 -1.399691637796032784e-02
-4.077843067962975354e+00 8.716611237531236567e-01 -1.237040938018860448e-01
-4.079080108900994261e+00 1.310478476855316377e+00 1.740624035838518324e-01
-4.077339484865155406e+00 1.338480729048624696e+00 2.574615645242627759e-01
-4.074764869219912988e+00 1.081359765634108738e+00 1.937444413977302271e-01
-4.072827424805935514e+00 9.140471243325939410e-01 2.276162496513002287e-01
-4.070551262309422214e+00 1.089562559423790766e+00 -9.361649134252431059e-02
-4.071487427222847622e+00 1.198599755809741207e+00 -2.927779742741040692e-03
-4.071516705020274962e+00 1.195884822889062837e+00 -1.835911375357673070e-01
-4.073352616395633063e+00 1.029337900407164774e+00 -3.491620038310700447e-01
-4.076844236433943891e+00 8.359085114459304799e-01 -5.755556644460357862e-02
-4.077419792098390339e+00 7.902553182895623030e-01 -1.804030700571357393e-01
-4.079223822798962118e+00 6.376294694090985926e-01 -5.860739797660559358e-02
-4.079809896778727740e+00 8.216712498794174202e-01 1.933285586112674231e-02
-4.079616568220116868e+00 7.419681545629241981e-01 3.169116258092174454e-01
-4.076447451962025070e+00 9.383720653126679245e-01 7.871092899000289300e-01
-4.068576359063024839e+00 9.704350213378910572e-01 9.373719021262365558e-01
-4.059202640041762677e+00 1.027089242478590680e+00 1.130420338791194634e+00
-4.047898436653850851e+00 1.186548078425282426e+00 9.556199513327863215e-01
-4.038342237140523316e+00 1.482011909088005730e+00 8.601709006019785386e-01
-4.029740528134503563e+00 1.711214036408651440e+00 6.395843789424576764e-01
-4.023344684345079081e+00 1.530422797923991718e+00 6.401885079643943044e-01
-4.016942799265435404e+00 1.222161963460394407e+00 4.157723255268696572e-01
-4.012785076010167096e+00 8.998739611645694136e-01 4.561641436849342979e-01
-4.008223434573317867e+00 9.916953042229899040e-01 4.299895012800257210e-01
-4.003923539560517497e+00 8.224735547129973234e-01 3.760620673496180011e-01
-4.000162918887021135e+00 9.107974906132028092e-01 1.829413802986494531e-01
-3.998333505084034734e+00 8.291070936934232805e-01 1.495570137388823606e-01
-3.996837934946646076e+00 9.606455920879947152e-01 1.817792328007181712e-01
-3.995020142618638914e+00 8.024798417130354355e-01 3.943868285600282686e-01
-3.991076274333038576e+00 8.922387056838316788e-01 5.131529635923651744e-01
-3.985944744697115016e+00 8.132077454962675089e-01 7.510226889400065664e-01
-3.978434517807714954e+00 9.496366771980555566e-01 6.174734941043805714e-01
-3.972259782866671252e+00 9.545356251903953648e-01 7.106162550806062184e-01
-3.965153620315865268e+00 1.048108957929837270e+00 6.555041561729330057e-01
-3.958598578754136010e+00 8.069019585520569304e-01 1.125264127399890235e+00
-3.947345937480136957e+00 5.325857983693909059e-01 1.135193573041712867e+00
-3.935994001749719917e+00 3.903940439881741775e-01 7.878113475640853292e-01
-3.928115888274079204e+00 2.410004180200412405e-01 8.146213122863062983e-01
-3.919969675151216304e+00 1.415500092505406760e-01 8.088880282488890572e-01
-3.911880794868727307e+00 2.288291658370971982e-01 9.138763300607490869e-01
-3.902742031568119607e+00 4.185368901078684312e-01 8.655016712371182974e-01
-3.894087014855748485e+00 6.171645516577110024e-01 9.315681131701550877e-01
-3.884771333724046816e+00 9.189587596287099869e-01 9.532994568404993263e-01
-3.875238339155641754e+00 9.993727719445912872e-01 6.995084775238594732e-01
-3.868243254380403062e+00 1.028001154610736823e+00 7.300253918003418718e-01
-3.860943000462399688e+00 1.182824043918874635e+00 3.330483960147477274e-01
-3.857612516502252120e+00 1.108408162529135321e+00 5.760396237071596648e-01
-3.851852120265180535e+00 1.076876724661026019e+00 6.605234125641887832e-01
-3.845246886139538578e+00 1.153700510143286451e+00 7.746899702531455656e-01
-3.837499986437006960e+00 1.096782134037047607e+00 6.449640441895421183e-01
-3.831050345995111517e+00 1.278481980776890126e+00 7.041438106491071380e-01
-3.824008907888620357e+00 1.708936628698486615e+00 3.194107826963086816e-01
-3.820814800061657301e+00 1.937828691839677209e+00 5.880857434146068430e-01
-3.814933942627511065e+00 1.717634506538181061e+00 5.855541257832075352e-01
-3.809078401369678790e+00 1.862409414684069286e+00 2.914531055012121730e-01
-3.806163870314666742e+00 1.611325167080000176e+00 4.110664612589189360e-01
-3.802053205702077499e+00 1.720907682284889884e+00 3.978466019383131158e-01
-3.798074739682694378e+00 1.782748366817378471e+00 4.256735871079324607e-01
-3.793818003811614936e+00 1.884100955429559354e+00 4.054246518443624936e-01
-3.789763757293171498e+00 2.066837127397914475e+00 3.565959746825673737e-01
-3.786197797546345889e+00 1.980294434733272935e+00 3.288092610594995913e-01
-3.782909704935750739e+00 1.964812964578317445e+00 3.870632405615624383e-01
-3.779039072530135268e+00 2.240047584009283721e+00 5.215685411872300614e-01
-3.773823387118262929e+00 2.486721269069487761e+00 7.958308578262853761e-01
-3.765865078540000077e+00 2.535520590797762264e+00 7.764244503283297405e-01
-3.758100834036716797e+00 2.460204670820561379e+00 1.063590974787601340e+00
-3.747464924288840926e+00 2.612614099705044435e+00 7.836887463475284976e-01
-3.739628036825365598e+00 3.015823187326507782e+00 8.467948305384005447e-01
-3.731160088519981599e+00 3.195322258528214832e+00 9.507789613259651773e-01
-3.721652298906721779e+00 3.101118143232479252e+00 5.788538136018657188e-01
-3.715863760770703017e+00 3.166224802692068518e+00 5.739728676332217505e-01
-3.710124032094370694e+00 3.277067567516323887e+00 5.274995202295391650e-01
-3.704849036892075453e+00 2.973748903362061657e+00 6.239117916694165711e-01
-3.698609918975381383e+00 3.069511781984722187e+00 5.224604614087913212e-01
-3.693385314361293581e+00 2.730520495686378002e+00 5.012221428887840835e-01
-3.688373092932405672e+00 2.679680777565073946e+00 7.198535205048459673e-01
-3.681174557727357133e+00 3.130947138197549329e+00 1.001507672071308308e+00
-3.671159481006644132e+00 3.090648403347514339e+00 7.070464586937270646e-01
-3.664089016419707079e+00 2.952566092356697425e+00 3.794269495069169107e-01
-3.660294746924638076e+00 2.699313869663514165e+00 3.787467752710122482e-01
-3.656507279171927749e+00 2.782748084652998610e+00 3.977767388662480919e-01
-3.652529511783265459e+00 2.631023115656793365e+00 5.367566019267512312e-01
-3.647161945763997881e+00 2.656321444844977897e+00 7.453528853107862506e-01
-3.639708416910889976e+00 2.754487969794392477e+00 1.177764730749551791e+00
-3.627930769603394445e+00 2.959869147869270911e+00 1.086429207834999966e+00
-3.617066477525044288e+00 2.917468123463326179e+00 8.216123854291758066e-01
-3.608850353670752575e+00 3.102486132497392024e+00 1.006960967602666290e+00
-3.598780743994725917e+00 3.033272810172163325e+00 8.976520874347451162e-01
-3.589804223120378612e+00 2.858596329765907829e+00 9.743054385605753875e-01
-3.580061168734772981e+00 2.805342184257764160e+00 9.626587547631862973e-01
-3.570434581187141188e+00 2.801483167217813541e+00 9.987363660319003023e-01
-3.560447217526822250e+00 2.924181686637765676e+00 9.037041356466433140e-01
-3.551410176170355815e+00 3.012471579833703839e+00 9.145034035167336484e-01
-3.542265142135188505e+00 3.206100785500393791e+00 8.368335184809128080e-01
-3.533896806950379332e+00 3.064665671829073901e+00 1.106893354554505438e+00
-3.522827873404834165e+00 3.268587378814244548e+00 1.252790353078626628e+00
-3.510299969874048021e+00 3.416799982954964676e+00 1.121086202027460788e+00
-3.499089107853773584e+00 3.487149962575144535e+00 1.235835988863688062e+00
-3.486730747965136601e+00 3.292688640676332046e+00 1.437260783813356646e+00
-3.472358140127003168e+00 2.761184017848100858e+00 1.247896266336855131e+00
-3.459879177463634825e+00 2.775192447422247355e+00 1.230557913265873937e+00
-3.447573598330976097e+00 2.693666000596159460e+00 1.297094974030324588e+00
-3.434602648590672658e+00 2.384668898507152690e+00 1.509867796156414421e+00
-3.419503970629108380e+00 2.524746305389283130e+00 1.825067440981263278e+00
-3.401253296219295841e+00 2.488772928101407267e+00 2.330102486855085253e+00
-3.377952271350745050e+00 2.537553292655768011e+00 2.224281988234272589e+00
-3.355709451468402271e+00 2.570638228948131765e+00 2.202259798945878977e+00
-3.333686853478943668e+00 2.691609122179337454e+00 2.375870616388053413e+00
-3.309928147315063018e+00 2.368806347592570027e+00 2.699944776679381153e+00
-3.282928699548269158e+00 2.559890685186988257e+00 2.903806124757625007e+00
-3.253890638300692917e+00 2.697816018811868499e+00 2.925139749151794533e+00
-3.224639240809175078e+00 3.200767730202749739e+00 3.171228424012608293e+00
-3.192926956569048791e+00 3.105837567304353453e+00 3.080498893702460439e+00
-3.162121967632024244e+00 3.082493189531858579e+00 3.271317096099251920e+00
-3.129408796671031556e+00 3.016568166937242612e+00 3.221913595994767121e+00
-3.097189660711083814e+00 3.076663687826144411e+00 3.163629738183447948e+00
-3.065553363329249326e+00 2.957572848064097926e+00 3.001445264820290504e+00
-3.035538910681046421e+00 3.061316161285888349e+00 2.918640780033038951e+00
-3.006352502880715871e+00 2.948077766175048353e+00 2.427914790153274716e+00
-2.982073354979183133e+00 3.160291516745910023e+00 2.223882671461337779e+00
-2.959834528264569720e+00 3.028003872765151705e+00 2.128218901331835333e+00
-2.938552339251251588e+00 2.893541402093589010e+00 1.739719079616090625e+00
-2.921155148455090611e+00 2.464848752129596310e+00 1.962481884200837801e+00
-2.901530329613082326e+00 2.466257608688315006e+00 2.124870956125847421e+00
-2.880281620051823754e+00 2.280302490530600412e+00 2.376015531676884063e+00
-2.856521464735054749e+00 2.461630935872281878e+00 2.202698960960288055e+00
-2.834494475125451718e+00 2.814525524246417110e+00 2.059379007393792538e+00
-2.813900685051513584e+00 2.954177293251885494e+00 2.049265008291822454e+00
-2.793408034968595466e+00 3.009018877738862674e+00 1.780290914288832793e+00
-2.775605125825707287e+00 3.365374729878922722e+00 1.421318516491200779e+00
-2.761391940660795186e+00 3.154204977397062848e+00 1.350276519191115243e+00
-2.747889175468884115e+00 2.944125267435802051e+00 1.384799771421885373e+00
-2.734041177754665153e+00 3.114190530126920819e+00 1.454425357610019454e+00
-2.719496924178565145e+00 3.275336013462379015e+00 1.959739503036669550e+00
-2.699899529148198418e+00 3.404243359682938674e+00 1.886694335015798085e+00
-2.681032585798040380e+00 3.712533148424692619e+00 1.597808916456096240e+00
-2.665054496633479264e+00 3.776410419007807384e+00 1.561985585262889220e+00
-2.649434640780850447e+00 3.559267011978904272e+00 1.495647940251900287e+00
-2.634478161378331240e+00 3.931288519934329706e+00 1.466294509488902165e+00
-2.619815216283442272e+00 3.878741145727013340e+00 1.152399494623900011e+00
-2.608291221337203147e+00 3.757135943784866150e+00 1.295348488716461022e+00
-2.595337736450038513e+00 3.770060299674941273e+00 1.292677649908388737e+00
-2.582410959950954599e+00 3.607356631665527225e+00 1.232988049961310839e+00
-2.570081079451341566e+00 3.620730606026877130e+00 1.311818291613680465e+00
-2.556962896535204699e+00 3.900543802507836499e+00 1.464236755965550696e+00
-2.542320528975549276e+00 3.984933258446097692e+00 1.672420744832677553e+00
-2.525596321527222354e+00 3.607599061361067783e+00 1.413323039315911078e+00
-2.511463091134063408e+00 3.206960898729745768e+00 1.418680968218053895e+00
-2.497276281451882962e+00 3.047903194876062205e+00 1.634110326864061324e+00
-2.480935178183242495e+00 3.175070850716126269e+00 1.643977036258841506e+00
-2.464495407820654016e+00 3.245563667119435891e+00 1.770411967878229964e+00
-2.446791288141871856e+00 3.207140237330517785e+00 1.776526945403076319e+00
-2.429026018687840960e+00 3.251884567623367417e+00 1.545884877340644170e+00
-2.413567169914434540e+00 3.139125867356035826e+00 1.411083195547905733e+00
-2.399456337958955299e+00 3.829897074930228129e+00 1.407765320188180791e+00
-2.385378684757073486e+00 3.787718562642346409e+00 1.094215356419248497e+00
-2.374436531192881006e+00 3.359723061620914830e+00 9.810617347170770275e-01
-2.364625913845710414e+00 3.495445607227410267e+00 1.255634195721103241e+00
-2.352069571888499411e+00 3.538413157609734405e+00 1.181246285131210882e+00
-2.340257109037187089e+00 3.716358132035119777e+00 1.236834416485681265e+00
-2.327888764872330096e+00 3.762922570588752791e+00 1.445910806521358616e+00
-2.313429656807116430e+00 3.756716506410419321e+00 1.972927682720319709e+00
-2.293700379979913162e+00 3.428203767709229410e+00 2.254259418397865034e+00
-2.271157785795934636e+00 3.433011719527994998e+00 2.330699828161113096e+00
-2.247850787514323656e+00 3.298837743932061528e+00 2.568684873617889330e+00
-2.222163938778144665e+00 3.145602829081238117e+00 2.384861355360751833e+00
-2.198315325224537098e+00 3.071422583943550499e+00 2.288428678884794731e+00
-2.175431038435688968e+00 3.020752115451894149e+00 2.317107640733522267e+00
-2.152259962028353790e+00 3.031377452606312417e+00 2.257210349716959108e+00
-2.129687858531184030e+00 3.018803287235769073e+00 2.377899574399220395e+00
-2.105908862787191804e+00 3.334102605467876401e+00 2.210158302177328338e+00
-2.083807279765418574e+00 3.496698392984628256e+00 2.227715895583749717e+00
-2.061530120809580868e+00 3.521682310805688498e+00 2.187182539196769415e+00
-2.039658295417613232e+00 3.021392768662378714e+00 2.367332343257933847e+00
-2.015984971985033791e+00 3.375230068239122527e+00 2.219771321167475886e+00
-1.993787258773358939e+00 3.102344552933361754e+00 2.255367802503021935e+00
-1.971233580748328773e+00 3.132804199924155597e+00 2.337997565556253043e+00
-1.947853605092766172e+00 2.971973456340144537e+00 2.165498916725822731e+00
-1.926198615925508006e+00 2.469670037785388406e+00 2.195045269215846417e+00
-1.904248163233349445e+00 2.304365965840939889e+00 1.891400874948534039e+00
-1.885334154483864211e+00 2.240023204762640496e+00 1.956265587991421029e+00
-1.865771498603949974e+00 2.429940063867119360e+00 2.152457125887712319e+00
-1.844246927345072784e+00 2.508531552223623784e+00 1.921476398469650126e+00
-1.825032163360376325e+00 2.231744019444828808e+00 2.036677381094372130e+00
-1.804665389549432675e+00 2.169199888066492665e+00 2.073030113116640649e+00
-1.783935088418266313e+00 2.084790394034694572e+00 2.100646476300256804e+00
-1.762928623655263705e+00 2.040060606047862102e+00 1.926923054242162037e+00
-1.743659393112842126e+00 2.334675228784620415e+00 1.406006064154538437e+00
-1.729599332471296824e+00 1.925369740549714104e+00 1.594251081736805631e+00
-1.713656821653928741e+00 2.102105355596223024e+00 1.626698336700696856e+00
-1.697389838286921693e+00 2.231731169976093998e+00 1.398013565630744193e+00
-1.683409702630614291e+00 2.410308263845371446e+00 1.184046307055621972e+00
-1.671569239560058096e+00 2.615774655430534779e+00 1.417871086143229320e+00
-1.657390528698625909e+00 2.576330770030069051e+00 1.497510112610704880e+00
-1.642415427572518904e+00 2.526007384143378331e+00 1.322332760319971046e+00
-1.629192099969319241e+00 2.426104698555331396e+00 9.298666376622160001e-01
-1.619893433592697107e+00 2.388106960306597859e+00 9.815832406074833649e-01
-1.610077601186622243e+00 2.242022946062302236e+00 1.184961828315385324e+00
-1.598227982903468458e+00 2.147195308367148225e+00 1.365020557984820471e+00
-1.584577777323620262e+00 2.358029159078252057e+00 1.061761249984270572e+00
-1.573960164823777541e+00 2.496774574826742477e+00 1.029864082842083750e+00
-1.563661523995356628e+00 2.540647249881651248e+00 7.655128325456275196e-01
-1.556006395669900400e+00 2.842063555840209865e+00 3.202675317105629360e-01
-1.552803720352794681e+00 2.657491145378319430e+00 6.300790938271170205e-01
-1.546502929414523608e+00 2.522674280606873598e+00 7.618683969021904367e-01
-1.538884245445501620e+00 2.657309061105428860e+00 1.026537748136512107e+00
-1.528618867964136596e+00 2.335755720856273587e+00 8.957393545196731255e-01
-1.519661474418939839e+00 2.363694308869051852e+00 1.140878046688941438e+00
-1.508252693952050416e+00 2.411559935837889412e+00 1.169005117704009944e+00
-1.496562642775010277e+00 2.499040350982819181e+00 9.274249644206065124e-01
-1.487288393130804298e+00 2.457795755152191841e+00 1.148131994194939276e+00
-1.475807073188854845e+00 2.671189456000435225e+00 1.267977468191357815e+00
-1.463127298506941232e+00 2.661318181421352680e+00 1.633334781425759274e+00
-1.446793950692683683e+00 2.595689034720773947e+00 1.638284851249266261e+00
-1.430411102180191074e+00 2.572132671887739530e+00 1.921421785972945662e+00
-1.411196884320461642e+00 2.233327113332587377e+00 1.972654645050822442e+00
-1.391470337869953333e+00 2.172238694833215078e+00 1.975179138384381972e+00
-1.371718546486109469e+00 2.189674126911972163e+00 1.851897460861413380e+00
-1.353199571877495400e+00 2.447098606704975143e+00 1.914935344270761064e+00
-1.334050218434787771e+00 2.537545835859579491e+00 1.481225264618541537e+00
-1.319237965788602418e+00 2.689261205643981967e+00 1.631027291424516301e+00
-1.302927692874357168e+00 2.463055427356882099e+00 1.948023955069824842e+00
-1.283447453323658838e+00 2.100723668177215231e+00 1.786652669723811870e+00
-1.265580926626420633e+00 2.050269102691884004e+00 1.842229565433731731e+00
-1.247158630972083238e+00 2.501525749102310847e+00 2.065429447081347902e+00
-1.226504336501269776e+00 2.435357373177071683e+00 1.586467233150756773e+00
-1.210639664169762320e+00 2.462845267469869093e+00 1.611068030318864253e+00
-1.194528983866573579e+00 2.572862648429591115e+00 1.790783766475066985e+00
-1.176621146201823009e+00 2.287651728145833285e+00 1.489024366314822601e+00
-1.161730902538674837e+00 2.090796896878209576e+00 1.326848731135848114e+00
-1.148462415227316402e+00 2.072145730910809114e+00 8.371625286079209527e-01
-1.140090789941237137e+00 2.011033112204628548e+00 8.492420077812861123e-01
-1.131598369863424214e+00 1.631364976403097744e+00 7.832212111106811037e-01
-1.123766157752317474e+00 1.594429919672049722e+00 7.867003286176901256e-01
-1.115899154466140519e+00 1.367136305942557195e+00 7.878281590550719748e-01
-1.108020872875589813e+00 1.389660762931533400e+00 4.688657604903798681e-01
-1.103332215270685923e+00 1.298813434462047889e+00 6.224799782926839775e-01
-1.097107415487759141e+00 1.225492803249673690e+00 4.533875127838886687e-01
-1.092573540359920159e+00 1.378751879280327275e+00 8.366662007825464986e-02
-1.091736874159137560e+00 1.549599266509938511e+00 2.983401597359625068e-01
-1.088753472561778013e+00 1.452570938361905428e+00 5.761162986072121406e-01
-1.082992309575705914e+00 1.345918064333308184e+00 4.089972510929342775e-01
-1.078902337064776562e+00 1.552720418629898846e+00 6.637493936922725934e-01
-1.072264843127853862e+00 1.678614601260396189e+00 7.514375856647547147e-01
-1.064750467271206258e+00 1.828727755836244251e+00 1.001309297699873646e+00
-1.054737374294207441e+00 2.000265870903225718e+00 1.266305610258267711e+00
-1.042074318191624771e+00 1.912586592494349036e+00 1.493085513594774039e+00
-1.027143463055677053e+00 1.885684823703708046e+00 1.542868052975729043e+00
-1.011714782525919842e+00 1.892007939336157962e+00 1.749229737362992809e+00
-9.942224851522899476e-01 1.816456509237251993e+00 1.844363660270947669e+00
-9.757788485495805242e-01 1.955240706898937475e+00 2.176007683281194094e+00
-9.540187717167686321e-01 2.127601559824993771e+00 2.092441706364402076e+00
-9.330943546531246247e-01 2.008465525504407712e+00 2.039395334605271781e+00
-9.127004013070718624e-01 2.381065780140575683e+00 1.923233172621026998e+00
-8.934680695808615569e-01 2.285227465420629045e+00 1.530939326324399108e+00
-8.781586763176175703e-01 2.472575459281984411e+00 1.824259307197799940e+00
-8.599160832456396175e-01 2.420538242349991265e+00 1.847792237443436347e+00
-8.414381608712052651e-01 2.647265262754118886e+00 1.523642724393217129e+00
-8.262017336272731161e-01 2.616008890814839116e+00 1.425827818576828721e+00
-8.119434554415048133e-01 2.472793801034876005e+00 2.045680397358230707e+00
-7.914866514679225196e-01 2.689765211998802918e+00 1.849159346078681043e+00
-7.729950580071357491e-01 2.416492782689525498e+00 1.815575104059128364e+00
-7.548393069665444433e-01 2.212078861695073062e+00 1.791482501335708521e+00
-7.369244819531873825e-01 2.212121340385210466e+00 1.538193397195302126e+00
-7.215425479812344056e-01 2.304212902568694599e+00 1.980994680402033969e+00
-7.017326011772140326e-01 2.228952457068765991e+00 1.714994505430530225e+00
-6.845826561229086948e-01 1.933040888765197085e+00 1.692322410919725462e+00
-6.676594320137114735e-01 2.018604495103171637e+00 1.606969901843211979e+00
-6.515897329952793360e-01 2.024244902640695010e+00 1.619589444584460081e+00
-6.353938385494347640e-01 2.095582376695562576e+00 1.620699354738535325e+00
-6.191868450020494574e-01 2.323567720104779077e+00 1.546078522913702624e+00
-6.037260597729123823e-01 1.982390723822937684e+00 1.442415700986930949e+00
-5.893019027630430617e-01 2.250364391099427319e+00 1.845985776998794847e+00
-5.708420449930551310e-01 2.222029641771856578e+00 1.772099864932404456e+00
-5.531210463437310487e-01 2.341928171102203304e+00 2.206254648511249972e+00
-5.310584998586185268e-01 2.342631482746164728e+00 2.139177409414680930e+00
-5.096667257644716953e-01 2.461796380665073336e+00 1.733259677061541382e+00
-4.923341289938562571e-01 2.235247067348031802e+00 1.704210057582568938e+00
-4.752920284180305877e-01 1.804053805150327205e+00 1.481650876396999106e+00
-4.604755196540605833e-01 1.868472499858758296e+00 1.203459176762852412e+00
-4.484409278864320836e-01 2.105491741375765891e+00 1.033316834499635295e+00
-4.381077595414357151e-01 1.958131302221939984e+00 1.110293511633146712e+00
-4.270048244251042346e-01 2.132219417638739234e+00 1.230437913942262762e+00
-4.147004452856816181e-01 1.868595746352515352e+00 8.940939109526839790e-01
-4.057595061761548050e-01 2.036567894807133516e+00 1.034344926897285299e+00
-3.954160569071819564e-01 2.254377458609486684e+00 1.439887776943524544e+00
-3.810171791377466866e-01 2.308196056304617549e+00 1.579110807411692630e+00
-3.652260710636297536e-01 2.066467963998794399e+00 1.866570127323021300e+00
-3.465603697903995584e-01 1.869352172727293482e+00 1.753923567431707076e+00
-3.290211341160824698e-01 1.797947650241732420e+00 1.702185705560824047e+00
-3.119992770604742560e-01 1.720262516742750103e+00 2.225019995219894131e+00
-2.897490771082752992e-01 1.977027852454688484e+00 2.013469566816281642e+00
-2.696143814401124605e-01 1.913495795061051163e+00 2.115103955034618455e+00
-2.484633418897662649e-01 2.050678505626140957e+00 2.034506710288453313e+00
-2.281182747868817362e-01 2.227273160495168547e+00 1.574285509589292475e+00
-2.123754196909888037e-01 2.312263191897052650e+00 1.690563005045547129e+00
-1.954697896405333257e-01 2.340561638977756598e+00 1.821787836320420961e+00
-1.772519112773291161e-01 2.243049361969271516e+00 1.862844413219838735e+00
-1.586234671451307310e-01 2.398111396849462729e+00 1.720961515542796194e+00
-1.414138519897027713e-01 2.717906924796203327e+00 1.972212309931136609e+00
-1.216917288903913985e-01 2.937281471174106873e+00 1.632104479228108751e+00
-1.053706840981103177e-01 2.974682978165857250e+00 1.616604746514910484e+00
-8.920463663296121504e-02 2.846547755591625872e+00 1.416699438330291105e+00
-7.503764224965830953e-02 3.088183224343874933e+00 1.565571309623512875e+00
-5.938192915342317690e-02 2.980371825475018888e+00 1.552291142782817879e+00
-4.385901772559500089e-02 2.775755939846668241e+00 1.697440819023852576e+00
-2.688460953535647471e-02 2.755075536172968853e+00 1.448903498633987486e+00
-1.239557454901659903e-02 2.740671507988486688e+00 1.645213824714015338e+00
4.056563698123554634e-03 2.910745508421576311e+00 1.550023023998593485e+00
1.955679393810948880e-02 3.055288445917524687e+00 1.519568257927526922e+00
3.475247651738475746e-02 2.750455403438077262e+00 1.457348060815215174e+00
4.932595712553691086e-02 2.535562413785576119e+00 1.381455849495072385e+00
6.314051562048764166e-02 2.392712738675965234e+00 1.530639674285855234e+00
7.844691236334619400e-02 2.083423684846080093e+00 1.868371462207117695e+00
9.713062698541737039e-02 1.891623026955879139e+00 1.970053617726856388e+00
1.168311631626859359e-01 1.451552567116389802e+00 1.932171849639523042e+00
1.361528816590811819e-01 1.249074641835854038e+00 1.883059811788249993e+00
1.549834797769636952e-01 1.585686235265225674e+00 1.410402578022369680e+00
1.690875055571873786e-01 1.669168873605856751e+00 1.388664986893670461e+00
1.829741554261240799e-01 1.655172098098469435e+00 1.310061012566907879e+00
1.960747655517931509e-01 1.870526590321565541e+00 1.079898870359950802e+00
2.068737542553926723e-01 1.974871083752752554e+00 9.794970906849214121e-01
2.166687251622418930e-01 1.870787588144988023e+00 1.136744020216947648e+00
2.280361653644113751e-01 2.129348479894654922e+00 1.334434865385498936e+00
2.413805140182663789e-01 1.926005699528707815e+00 1.155701532563824019e+00
2.529375293439046213e-01 2.040306427776598319e+00 1.272314263681409763e+00
2.656606719807187433e-01 1.974564445196008267e+00 1.256317448250971358e+00
2.782238464632284525e-01 2.142665777751079137e+00 1.272820350234391107e+00
2.909520499655723902e-01 2.408423483561935363e+00 1.582509575271834557e+00
3.067771457182907335e-01 2.288284920931562105e+00 1.274447041612765785e+00
3.195216161344183736e-01 2.440285513987000332e+00 1.351425895918179965e+00
3.330358750936001644e-01 2.610005748858875041e+00 1.426964717684523043e+00
3.473055222704454215e-01 2.770178065859617789e+00 1.608991798866838518e+00
3.633954402591138000e-01 2.883642212519436310e+00 1.491392714790285234e+00
3.783093674070166501e-01 2.944040219656335999e+00 1.480707382140580730e+00
3.931164412284224863e-01 2.652238444029455522e+00 1.180307389515956595e+00
4.049195151235820411e-01 2.764275030250222365e+00 1.046697846950957356e+00
4.153864935930915991e-01 2.720774086027663241e+00 1.097521098954902019e+00
4.263617045826406105e-01 2.784330045419102895e+00 9.233225617815447039e-01
4.355949302004560320e-01 2.501286441098826252e+00 1.216253093390279760e+00
4.477574611343588251e-01 2.738123291122848357e+00 1.190019642908789699e+00
4.596576575634467310e-01 2.643340278232373386e+00 6.746987570323910166e-01
4.664046451337706678e-01 2.693437303843202013e+00 6.852949551896913016e-01
4.732575946856675819e-01 2.964791032583839137e+00 4.270209430977797149e-01
4.775278041166453602e-01 2.985646293833930098e+00 4.928076067465470000e-01
4.824558801841108413e-01 3.248096844771117819e+00 6.551193861066852975e-01
4.890070740451776810e-01 3.243472499818853105e+00 2.263459660852050193e-01
4.912705337060297439e-01 2.994716150538889288e+00 2.482030470109075626e-02
4.915187367530406415e-01 2.964191294802724030e+00 -1.918401457211544453e-02
4.913268966073194854e-01 2.833101733536905975e+00 6.569158813087422333e-02
4.919838124886282138e-01 2.988333718739757394e+00 -1.989362796339341211e-01
4.899944496922888915e-01 3.052346667421809823e+00 -7.397105420910239648e-02
4.892547391501978482e-01 3.046523507769889783e+00 -2.113452721661030487e-01
4.871412864285368238e-01 3.021399334686998728e+00 -2.297123482715353604e-01
4.848441629458214441e-01 2.793645374420201222e+00 -4.383385936589209719e-01
4.804607770092322316e-01 2.862206334755619697e+00 -3.210652376875331449e-01
4.772501246323568869e-01 2.769105304942745427e+00 -4.701976996070370562e-01
4.725481476362864974e-01 2.761572510685873727e+00 -4.020147261224466528e-01
4.685280003750620370e-01 2.695263614475416070e+00 -2.895566835979309639e-01
4.656324335390827351e-01 2.979495158328108406e+00 -1.501477040570441401e-01
4.641309564985122704e-01 3.098145061056493788e+00 -7.278516067045656679e-02
4.634031048918076934e-01 2.996909418754971188e+00 -8.357100142574296064e-02
4.625673948775502753e-01 2.852515318746240869e+00 -2.768726642048660591e-01
4.597986682355016397e-01 2.974035150909617009e+00 2.672561218297281327e-02
4.600659243573313462e-01 2.630343734622314855e+00 -2.392400854504472818e-02
4.598266842718808922e-01 2.590240226767838827e+00 -9.518929055917889348e-02
4.588747913662891142e-01 2.727195087497065185e+00 1.228098991466627654e-01
4.601028903577557561e-01 2.425203705647818619e+00 2.111186704277968618e-01
4.622140770620337125e-01 2.466189683269338406e+00 3.210993730502057497e-01
4.654250707925357555e-01 2.438161638224516814e+00 5.122258843918578997e-01
4.705473296364543478e-01 2.372806100217359049e+00 5.882351462477406479e-01
4.764296810989317454e-01 2.522150193897801262e+00 5.741217593920552309e-01
4.821708986928522900e-01 2.233799750491360925e+00 6.876715951393260751e-01
4.890476146442455652e-01 2.417200878570965106e+00 7.740457039889473423e-01
4.967880716841350242e-01 2.035636025393551041e+00 8.378397260129338830e-01
5.051664689442643130e-01 2.286767748980323312e+00 3.765070793209561173e-01
5.089315397374738481e-01 2.320064236787096945e+00 4.620955282443132695e-01
5.135524950199169547e-01 2.157369598859741444e+00 7.993226640159880603e-01
5.215457216600768442e-01 2.137895700141997590e+00 8.985461542427797266e-01
5.305311832025045859e-01 2.262601032734515627e+00 7.739264801698289009e-01
5.382704480042028727e-01 2.360861750535713011e+00 7.804332681740515643e-01
5.460747806859433950e-01 2.433435688013532161e+00 1.029975382289771257e+00
5.563745345088411121e-01 2.278721337121738522e+00 8.894448655347446664e-01
5.652689831641886098e-01 2.395529763133877221e+00 7.801195329825900693e-01
5.730701784940145371e-01 1.879586544122295644e+00 6.588989716245404749e-01
5.796591682102599785e-01 1.772291998018281634e+00 5.764397193573485012e-01
5.854235654038334458e-01 1.950797808302533909e+00 5.738456685005538516e-01
5.911620220888389454e-01 1.958547858293597121e+00 4.008477744332233361e-01
5.951704998331711627e-01 1.834444215251874288e+00 7.889317175499599433e-01
6.030598170086707288e-01 1.810876264866983387e+00 6.664885896407437560e-01
6.097247029050781864e-01 1.530153160217628816e+00 8.935733827740592883e-01
6.186604367328187859e-01 1.440978963980958039e+00 8.980772683650373178e-01
6.276412094164691702e-01 1.745574486888308519e+00 1.002139107680261265e+00
6.376626004932718361e-01 1.748007887019490836e+00 1.156554510662815671e+00
6.492281455998999418e-01 1.700353430642950636e+00 1.356685724980338570e+00
6.627950028497032742e-01 1.616533799473736099e+00 1.485392959446529604e+00
6.776489324441685724e-01 1.403285526270333872e+00 1.339660687049191168e+00
6.910455393146605063e-01 1.495551248534471966e+00 1.127870971038844372e+00
7.023242490250489745e-01 1.288017083263039320e+00 9.786564833994840784e-01
7.121108138590438452e-01 1.398149120328077810e+00 9.593658854554766302e-01
7.217044727135986104e-01 1.485718018989588440e+00 9.523205976623194680e-01
7.312276786902217607e-01 1.570490541070884039e+00 1.024302464613108032e+00
7.414707033363527877e-01 1.709316462110086476e+00 1.055955222829722651e+00
7.520302555646499743e-01 1.775681269540185792e+00 1.221245512275357603e+00
7.642427106874035703e-01 1.894965330388717284e+00 1.025642217702796177e+00
7.744991328644315054e-01 2.223965686344741233e+00 9.742621106056880143e-01
7.842417539704883422e-01 2.616672085083334931e+00 7.732665073522413390e-01
7.919744190440107801e-01 2.466000456665180973e+00 5.824648347980365681e-01
7.977990673919911346e-01 2.274809269627240838e+00 3.586868869965685325e-01
8.013859362619568660e-01 2.264631970212061862e+00 1.718499883095798708e-01
8.031044361450526692e-01 2.288508078482365260e+00 2.875947988435310632e-01
8.059803841334879371e-01 2.415801458620057574e+00 7.290935896705549313e-01
8.132713200301935341e-01 2.469404475725955894e+00 6.403850085855693486e-01
8.196751701160491788e-01 2.621692288086359568e+00 3.894341652229126316e-01
8.235695117682783062e-01 2.641896277263585446e+00 3.660427234595093893e-01
8.272299390028734489e-01 2.893439405429584443e+00 -1.320652964757646486e-01
8.259092860381157530e-01 2.955543823670849779e+00 -2.583135002956054027e-01
8.233261510351597146e-01 2.780135116399793382e+00 -8.036720036121733357e-02
8.225224790315475154e-01 3.055623819901361227e+00 1.642922617577963207e-01
8.241654016491254398e-01 3.018009295166885764e+00 2.970847372701100886e-01
8.271362490218265862e-01 3.037075518303913313e+00 8.427407157707664798e-01
8.355636561795342088e-01 3.093139573419466881e+00 9.282213039630482498e-01
8.448458692191647135e-01 3.220079266417426922e+00 8.511463981403801782e-01
8.533573332005685019e-01 3.284132915771658556e+00 8.072176629879638243e-01
8.614295098304481924e-01 3.339833315578148998e+00 8.246218558050344427e-01
8.696757283884984924e-01 3.312172711888784260e+00 6.015573645193055263e-01
8.756913020336914988e-01 3.440645471519226728e+00 4.318154585314352145e-01
8.800094566190058698e-01 3.555363156746307318e+00 3.353204663799874696e-01
8.833626612828057167e-01 4.042801927043997878e+00 3.664492514063811823e-01
8.870271537968695830e-01 4.322297620359290882e+00 3.401933310413597922e-01
8.904290871072831903e-01 4.218588670130987595e+00 1.462099683169491848e-01
8.918911867904526503e-01 4.003690700152477078e+00 -1.679014979567550747e-01
8.902121718108850779e-01 3.877153392329481196e+00 -3.897447338719597365e-01
8.863147244721655271e-01 3.762352697924464362e+00 -3.741097387561144738e-01
8.825736270846044063e-01 3.786654886184833479e+00 -4.213879188210568061e-01
8.783597478963938165e-01 3.434566266604328177e+00 5.164130542150863201e-02
8.788761609506089423e-01 3.136979315715267891e+00 2.503864042190737660e-01
8.813800249927996600e-01 3.212038182641049122e+00 4.804355826217163172e-01
8.861843808190168481e-01 3.023916499124360335e+00 2.599314694052152208e-01
8.887836955130690164e-01 3.017598895599092668e+00 3.817372733376744875e-01
8.926010682464458057e-01 3.158141018323482818e+00 3.410312717094285961e-01
8.960113809635400495e-01 3.256589419948222375e+00 -2.356544259160792132e-02
8.957757265376239397e-01 3.023344863646065583e+00 2.073367333571940821e-02
8.959830632709810949e-01 2.983467087412206009e+00 8.393515367761661405e-02
8.968224148077572622e-01 2.862936745805282346e+00 -6.615533859792760429e-02
8.961608614217779767e-01 2.653555605949772467e+00 -1.094328648418936012e-01
8.950665327733590138e-01 2.982709489967325656e+00 -1.794928935060853548e-02
8.948870398798529635e-01 3.242351729673855765e+00 -5.117709439042580737e-03
8.948358627854625658e-01 3.260835815127858250e+00 -1.685114368558516262e-01
8.931507484169040056e-01 3.110044678959984932e+00 -1.524793533159063408e-01
8.916259548837449644e-01 2.972279298276514936e+00 -2.674629501263086073e-01
8.889513253824818939e-01 3.386305186892415442e+00 -2.905955880636207911e-01
8.860453695018456477e-01 3.486761294660799315e+00 -4.440605099873824457e-01
8.816047644019717744e-01 3.990913143841901878e+00 -3.859804834668238982e-01
8.777449595673035843e-01 4.397021012705047305e+00 -5.222732208435478807e-01
8.725222273588680855e-01 4.630018266148422157e+00 -4.049444862699770331e-01
8.684727824961683273e-01 4.734491058992576384e+00 -2.039433494901699562e-01
8.664333490012666728e-01 4.597936918225991931e+00 9.385363919868361382e-02
8.673718853932534945e-01 4.568779750128872941e+00 4.190638803808393043e-01
8.715625241970619275e-01 4.874794156091985187e+00 5.351352414372515520e-01
8.769138766114344952e-01 4.763987510546486170e+00 6.260167477628986177e-01
8.831740440890635258e-01 5.025342426221437009e+00 5.286743632558358330e-01
8.884607877216218474e-01 5.285207709575266755e+00 2.504419843735875562e-01
8.909652075653576864e-01 5.307287971637076218e+00 2.769980101430820074e-01
8.937351876667884998e-01 5.381113158383366013e+00 -7.444751807661759146e-02
8.929907124860223533e-01 5.045261774642767705e+00 1.856430885785267937e-02
8.931763555746008443e-01 4.985132016952889877e+00 2.328410526721074597e-02
8.934091966272729168e-01 5.520923266825123576e+00 7.125132727898672580e-02
8.941217099000627888e-01 5.441125477753709916e+00 -2.360722746420612639e-01
8.917609871536421595e-01 5.310773803865526332e+00 -3.991076909797635075e-01
8.877699102438445511e-01 5.005025084750573505e+00 -3.260846630072067320e-02
8.874438255808373421e-01 5.090275875127267646e+00 1.057393614275418392e-01
8.885012191951127125e-01 5.096014598863030542e+00 3.477624789124098559e-01
8.919788439842367689e-01 4.980368163596602393e+00 4.530758249724018416e-01
8.965096022339608117e-01 4.533473118954375103e+00 5.782677893376630962e-01
9.022922801273374205e-01 4.468577289237567030e+00 5.910663222025899222e-01
9.082029433493633563e-01 4.371262462896387646e+00 8.580554794522570194e-01
9.167834981438859332e-01 4.540413390282299844e+00 8.910731367664507241e-01
9.256942295115504482e-01 4.346909795428263834e+00 9.414526346982200478e-01
9.351087558585327031e-01 3.849161702081207004e+00 1.253834304226896013e+00
9.476470989008016765e-01 4.017494762367235239e+00 1.405540568514003885e+00
9.617025045859417531e-01 3.852160721076028693e+00 1.093423122510475576e+00
9.726367358110464822e-01 3.829219184944851584e+00 1.224052550283251328e+00
9.848772613138789822e-01 4.416085642266155631e+00 1.244675414820981096e+00
9.973240154620888198e-01 4.443723994667103661e+00 1.174804102209848544e+00
1.009072056484187296e+00 4.517305512647205923e+00 9.048552504409832498e-01
1.018120608988597020e+00 4.522893860875529803e+00 1.011645782775165703e+00
1.028237066816348744e+00 4.760910980018234540e+00 9.178029863679961764e-01
1.037415096680028626e+00 4.962791079437006481e+00 7.407472948093294374e-01
1.044822569628121922e+00 4.740929909891002048e+00 5.758610094429827964e-01
1.050581179722551717e+00 5.053677731576186716e+00 4.113096373605934497e-01
1.054694276096157735e+00 5.295263747754954231e+00 7.234488659440034830e-01
1.061928764755597721e+00 5.359362301765566272e+00 8.177631766708115535e-01
1.070106396522305880e+00 5.465280294271666506e+00 8.109230489042300594e-01
1.078215627011348099e+00 5.428124104387386240e+00 6.070655042958119640e-01
1.084286282054306216e+00 5.528920696090313669e+00 3.570832145166928373e-01
1.087857114199473063e+00 5.950827274785442711e+00 -1.042860954055035982e-03
1.087846685589932472e+00 5.904036847540917066e+00 6.875240213865613237e-02
1.088534209611319081e+00 5.982430424508645928e+00 2.775746841596622716e-02
1.088811784295478757e+00 5.898736278222195928e+00 4.996474757894504154e-02
1.089311431771268213e+00 6.049249568769273999e+00 1.115708389321981020e-01
1.090427140160590280e+00 5.958609134655932671e+00 1.545446546226921791e-01
1.091972586706817294e+00 5.545475858207002950e+00 2.675014665894187571e-02
1.092240088173406676e+00 5.678172298267298856e+00 -1.265734835968723715e-02
1.092113514689809772e+00 5.682989425205711598e+00 -3.560142590380445116e-01
1.088553372099429373e+00 5.487728641920385009e+00 -4.271660913089274647e-01
1.084281711186340091e+00 5.276210329639474672e+00 -4.573920428468164490e-01
1.079707790757871821e+00 5.659160350335364242e+00 -6.283336079917937189e-01
1.073424454677953888e+00 5.777518854440232055e+00 -5.264170275660031706e-01
1.068160284402293936e+00 5.611953271620926387e+00 -9.612370959194008746e-01
1.058547913443099953e+00 5.645933017969647416e+00 -1.025529015377341757e+00
1.048292623289326597e+00 5.817265606518226662e+00 -7.458208387425677710e-01
1.040834414901900873e+00 5.835367312634962111e+00 -8.015534193610531766e-01
1.032818880708290310e+00 5.700027766838765331e+00 -8.544036196146130857e-01
1.024274844512144123e+00 5.654179434320337982e+00 -9.969166531329808345e-01
1.014305677980814391e+00 5.595191031251468772e+00 -1.257610231763512276e+00
1.001729575663179217e+00 5.609118573925863771e+00 -9.697845649873697571e-01
9.920317300133054683e-01 5.789301871723158577e+00 -1.125881188189215454e+00
9.807729181314133182e-01 5.845234019991559116e+00 -9.576455524949266662e-01
9.711964626064640838e-01 5.792559903712434455e+00 -1.181745262101868921e+00
9.593790099854453413e-01 5.779416083417806327e+00 -8.861806396386882057e-01
9.505172035890584459e-01 5.816745262000596384e+00 -8.760357474854715276e-01
9.417568461142037384e-01 5.905351189722993333e+00 -1.028767489338282548e+00
9.314691712208209573e-01 5.872069484939066442e+00 -1.121158167450605481e+00
9.202575895463148692e-01 5.822190535123933586e+00 -1.554621748168462325e+00
9.047113720646302593e-01 5.823565574485181529e+00 -1.409578052193181996e+00
8.906155915426984260e-01 6.039231974442091477e+00 -1.463032033121966613e+00
8.759852712114787332e-01 6.320098536712405846e+00 -1.684259189980196414e+00
8.591426793116767602e-01 6.227715039584738044e+00 -1.888739603861719019e+00
8.402552832730595389e-01 6.090375079799312807e+00 -1.383355937825736071e+00
8.264217238948021738e-01 6.037029651962666499e+00 -1.314549961936069655e+00
8.132762242754414395e-01 6.254977184555897018e+00 -1.769759592161016082e+00
7.955786283538313075e-01 6.179847949563500364e+00 -1.663114498621600879e+00
7.789474833676153231e-01 6.089433267311993525e+00 -1.694923327118946332e+00
7.619982500964258554e-01 5.885975368580639966e+00 -1.357609673922238525e+00
7.484221533572035234e-01 5.793506543106714979e+00 -1.366990471493920500e+00
7.347522486422642940e-01 5.669062663472304919e+00 -1.143739267160774675e+00
7.233148559706565894e-01 5.430984432568326525e+00 -8.044753914174247456e-01
7.152701020564823375e-01 5.674110186328941374e+00 -8.955905232739034272e-01
7.063141968237433010e-01 5.396012856712979477e+00 -6.432837901758259314e-01
6.998813589219849973e-01 5.349898200510830648e+00 -1.016778381989889235e+00
6.897135751020860850e-01 5.414690563578361093e+00 -8.166458361283474021e-01
6.815471167408025943e-01 5.510916539573845085e+00 -7.329930294656754608e-01
6.742171864461458108e-01 5.095997085279712735e+00 -6.258693350775270670e-01
6.679584930953705868e-01 4.655493650287080065e+00 -4.623123281396812612e-01
6.633353698139737853e-01 4.549669553983965109e+00 -4.075941386875083783e-01
6.592594284270987259e-01 4.563969413232589645e+00 -4.264510059884096815e-01
6.549949183672145736e-01 4.627155260561655048e+00 -4.908677908554703873e-01
6.500862404586598142e-01 4.617427250468341349e+00 -4.700659469557137426e-01
6.453855809891027029e-01 4.471299471878788623e+00 -3.670028568257021617e-01
6.417155524208456585e-01 4.140141679704363753e+00 -3.243801570056967787e-01
6.384717508507886663e-01 4.056727431504367765e+00 -1.278156611015267008e-01
6.371935942397733976e-01 4.255667009050759120e+00 9.237198429798269828e-02
6.381173140827531842e-01 4.350977860995209667e+00 8.135047284113577915e-02
6.389308188111645359e-01 4.460353270817832616e+00 8.323390269549789389e-02
6.397631578381195450e-01 4.578960587177789421e+00 4.329959941386088418e-03
6.398064574375333935e-01 4.718194618857214806e+00 4.931265087266826219e-01
6.447377225248002164e-01 4.660523280360108878e+00 8.131853510610912439e-01
6.528695760354111810e-01 4.741104777870138953e+00 6.379602240524729906e-01
6.592491782759358765e-01 4.894491376595065724e+00 5.716079562505120837e-01
6.649652578384409596e-01 5.169064541779476052e+00 8.912721842026365415e-01
6.738779796804673650e-01 4.939033698230998581e+00 4.765073917795307201e-01
6.786430535982627132e-01 4.791585913876629022e+00 3.225988180175387576e-01
6.818690417784381008e-01 4.873651206289943971e+00 4.269760140418852878e-01
6.861388019188568999e-01 4.942170000968268972e+00 7.077100531560434060e-01
6.932159024504173095e-01 4.940927418163296281e+00 8.169964024050750950e-01
7.013858664744681004e-01 4.868212800598044510e+00 6.485719612735570960e-01
7.078715860872036858e-01 5.109335639796886319e+00 5.794177245727850645e-01
7.136657633329315242e-01 5.257989357905971772e+00 7.927763803209662008e-01
7.215935271361412218e-01 5.208451420178575653e+00 7.749768683642619393e-01
7.293432958197838545e-01 5.353809732333861149e+00 1.026382511827073296e+00
7.396071209380545852e-01 5.370773824101711114e+00 9.168827260091704234e-01
7.487759481981463017e-01 5.382797544736688700e+00 1.481242891921154881e+00
7.635883771173578305e-01 5.711402896487332903e+00 1.626410548677917456e+00
7.798524826041369762e-01 5.725103366894095380e+00 1.703903146203113117e+00
7.968915140661680940e-01 5.689284042197803259e+00 1.739717057063711270e+00
8.142886846368052600e-01 5.332903235273000142e+00 1.485978693596061717e+00
8.291484715727658328e-01 5.705643178351945011e+00 1.495383297872944439e+00
8.441023045514952639e-01 5.788833189208583363e+00 1.314603660374749516e+00
8.572483411552427324e-01 5.323798364063166311e+00 1.368522930562373841e+00
8.709335704608665019e-01 5.478286269613888315e+00 1.389158107909288509e+00
8.848251515399594425e-01 5.320936906981727610e+00 1.520067543295272161e+00
9.000258269729121130e-01 5.230246609671235447e+00 1.790369201209755401e+00
9.179295189850096293e-01 5.098119869545373106e+00 1.829288281281012729e+00
9.362224017978197921e-01 4.852505540307164189e+00 2.015610710688550355e+00
9.563785089047053267e-01 4.947392508038923609e+00 2.108175129540489579e+00
9.774602602001102314e-01 4.748923459805297398e+00 2.143859332739190826e+00
9.988988535275021841e-01 4.798402461358294957e+00 2.317037589159906208e+00
1.022069229419101166e+00 4.668388374721072154e+00 1.990904992685179620e+00
1.041978279345952885e+00 5.183436234339485971e+00 1.977720092596448875e+00
1.061755480271917351e+00 4.785957940987543680e+00 1.987778744631811811e+00
1.081633267718235425e+00 4.606283416064410829e+00 2.191648816085955520e+00
1.103549755879094985e+00 4.796587148700010239e+00 2.143051945732069807e+00
1.124980275336415758e+00 4.958861921188240984e+00 2.366959501877695882e+00
1.148649870355192615e+00 5.079100097849215345e+00 2.446855712626485158e+00
1.173118427481457449e+00 4.888542850697648490e+00 2.271690058907419374e+00
1.195835328070531611e+00 4.809661329803015306e+00 2.242369191525472871e+00
1.218259019985786340e+00 4.840840147825913320e+00 2.117611776499960463e+00
1.239435137750785954e+00 4.708508435136534942e+00 2.015977279677069856e+00
1.259594910547556568e+00 4.760209977109492563e+00 1.914308416497897181e+00
1.278737994712535464e+00 4.522877348067805947e+00 1.394169128906897814e+00
1.292679686001604544e+00 4.676647880764652321e+00 1.235108487602601279e+00
1.305030770877630530e+00 4.769045479162012491e+00 1.519233174888235283e+00
1.320223102626512990e+00 4.861207411056312822e+00 1.511724906178397942e+00
1.335340351688296900e+00 5.023501807689736864e+00 1.763005296821730683e+00
1.352970404656514303e+00 4.981352774652929583e+00 2.088612256023963720e+00
1.373856527216753998e+00 4.965133912611390699e+00 2.020490885708964512e+00
1.394061436073843696e+00 4.882058711140880192e+00 2.085888126847918578e+00
1.414920317342322820e+00 4.875447235709426508e+00 2.064412633512353601e+00
1.435564443677446400e+00 4.835901426984728246e+00 2.488238641621371983e+00
1.460446830093660164e+00 4.721314833454152371e+00 2.557217833413295782e+00
1.486019008427793109e+00 4.662440770213708952e+00 2.383307457836480570e+00
1.509852083006157919e+00 4.777012126624762267e+00 2.226170102313332677e+00
1.532113784029291326e+00 4.608238796362853940e+00 2.419782818214796016e+00
1.556311612211439321e+00 4.225512138443573207e+00 2.394157184977995900e+00
1.580253184061219285e+00 4.164684386419909679e+00 2.668688821753224083e+00
1.606940072278751463e+00 4.010124363697268990e+00 2.686295355966789700e+00
1.633803025838419298e+00 4.310965618050618176e+00 2.514926985202103893e+00
1.658952295690440337e+00 4.377319719051876667e+00 2.423663057643341112e+00
1.683188926266873775e+00 4.217472501187189415e+00 2.921304527514032578e+00
1.712401971542014012e+00 4.624123000143122830e+00 2.951921069905066197e+00
1.741921182241064736e+00 4.866589035169289978e+00 3.057829656470184787e+00
1.772499478805766637e+00 4.869641415571431153e+00 3.016719821097405774e+00
1.802666677016740771e+00 5.140410064146680114e+00 3.146362863091928030e+00
1.834130305647660109e+00 4.954052423653416248e+00 3.345754296752459389e+00
1.867587848615184676e+00 4.665526470565799499e+00 3.301843118792187504e+00
1.900606279803106480e+00 4.348661133924618838e+00 3.271882988923617841e+00
1.933325109692342725e+00 4.153544976128092259e+00 2.920669169942043730e+00
1.962531801391763198e+00 3.879508803032707842e+00 2.929096670342709707e+00
1.991822768095190321e+00 3.535494742567271143e+00 2.939264462463750505e+00
2.021215412719827853e+00 3.722620975131380128e+00 3.066665032077142250e+00
2.051882063040599391e+00 3.614092174347436792e+00 3.140581087599117360e+00
2.083287873916590538e+00 3.412983019082482361e+00 3.191062383817764747e+00
2.115198497754767981e+00 3.095211858103982028e+00 3.256371157054264831e+00
2.147762209325310589e+00 3.162861085011947626e+00 3.078540302873988832e+00
2.178547612354050589e+00 3.330817518022954005e+00 3.129539881893210751e+00
2.209843011172982763e+00 3.026255064503878156e+00 2.966893620620958405e+00
2.239511947379192236e+00 2.948556216601919910e+00 3.129377678150213615e+00
2.270805724160694261e+00 2.871801343700785658e+00 2.839461782113477106e+00
2.299200341981828988e+00 2.678060599144489462e+00 2.914825047817086734e+00
2.328348592459999811e+00 2.224109227725740379e+00 2.828299743368462682e+00
2.356631589893684264e+00 2.331869652129868520e+00 2.439717442614107501e+00
2.381028764319825353e+00 2.611186650490362915e+00 2.559456531435480908e+00
2.406623329634180131e+00 2.454091985885728633e+00 2.007929738862876956e+00
2.426702627022808922e+00 2.817013820771137933e+00 1.592754534290089286e+00
2.442630172365710006e+00 2.885638574827724234e+00 1.629716870045249566e+00
2.458927341066162509e+00 2.695217501622832135e+00 1.782776001652295328e+00
2.476755101082685595e+00 2.672998872283915972e+00 1.610993656714339028e+00
2.492865037649829141e+00 2.962646530205407025e+00 1.386041301309060003e+00
2.506725450662919741e+00 2.199640099925046499e+00 1.368557229129310437e+00
2.520411022954212932e+00 1.960933090635283094e+00 1.569640576416007516e+00
2.536107428718373136e+00 1.840999446935620343e+00 1.652970683207112934e+00
2.552637135550444469e+00 2.158237572742850663e+00 1.431359566323914922e+00
2.566950731213683667e+00 1.881969807503074410e+00 1.449331741657240435e+00
2.581444048630256116e+00 1.800223485842717963e+00 1.879680886158423769e+00
2.600240857491840529e+00 1.959348082669817970e+00 2.162478096866374599e+00
2.621865638460504133e+00 1.522968040388572586e+00 2.220000133716766744e+00
2.644065639797671619e+00 1.837614111566370001e+00 2.265627451791161207e+00
2.666721914315583142e+00 1.739923163183945576e+00 2.478379952285706178e+00
2.691505713838440172e+00 1.895680471192391359e+00 2.524122272210659546e+00
2.716746936560546555e+00 2.075266411581706105e+00 2.622839584522392187e+00
2.742975332405770406e+00 2.070023234802397027e+00 2.601411873804911234e+00
2.768989451143819558e+00 2.208721828387334440e+00 2.579018815395955233e+00
2.794779639297779283e+00 2.240845126402804866e+00 2.451265372574650048e+00
2.819292293023525797e+00 2.396844136059264052e+00 2.452652830709319165e+00
2.843818821330618807e+00 2.231556539495363811e+00 2.403122543733907879e+00
2.867850046767957739e+00 2.520102426804057938e+00 2.442062971171724772e+00
2.892270676479674840e+00 1.847418735358775432e+00 2.162085573857792209e+00
2.913891532218252589e+00 1.774282607989592364e+00 1.912172880356510118e+00
2.933013261021817808e+00 2.148389553893968351e+00 1.797606606778289873e+00
2.950989327089600600e+00 2.148557408942735059e+00 1.516527489140895302e+00
2.966154601981009442e+00 2.134108847174863488e+00 1.621498277778194552e+00
2.982369584758791436e+00 2.238512393986669569e+00 1.415524441747046946e+00
2.996524829176261839e+00 2.145443542262872150e+00 1.281228756532763580e+00
3.009337116741589657e+00 2.009780273325620481e+00 8.716615738049988682e-01
3.018053732479639706e+00 1.658143342404218012e+00 8.767801304971458709e-01
3.026821533784611162e+00 1.566588648518303595e+00 7.210806165358594200e-01
3.034032339949969792e+00 1.740914111188035518e+00 8.386127754771410814e-01
3.042418467704741225e+00 1.916652733144935450e+00 1.187219062886212706e+00
3.054290658333603137e+00 1.989456898707135490e+00 8.850372692280772391e-01
3.063141031025883976e+00 2.210309273112960327e+00 1.115127821902446970e+00
3.074292309244908594e+00 2.192541487209330064e+00 1.144639624613329243e+00
3.085738705491041678e+00 2.520308421199810578e+00 1.045630652043349595e+00
3.096195012011475178e+00 2.642053077208993628e+00 1.026183351230938623e+00
3.106456845523784427e+00 2.699853023377091876e+00 8.931065623750202853e-01
3.115387911147534439e+00 2.621514740146480893e+00 5.853038023951029345e-01
3.121240949171485646e+00 2.556855530877000682e+00 7.523191253663109590e-01
3.128764140425148721e+00 2.696385310886197484e+00 5.930879235818994344e-01
3.134695019660967752e+00 2.598854043123377089e+00 3.258012869445811033e-01
3.137953032530413466e+00 2.439577276264003114e+00 2.018754667154374072e-01
3.139971787197567643e+00 2.348724910248429776e+00 -1.569454882712593702e-01
3.138402332314854881e+00 2.137050487634090778e+00 -2.165835285632518870e-01
3.136236497029222470e+00 2.204377234764700599e+00 -2.064297375691253322e-01
3.134172199653530999e+00 1.987005292488089658e+00 -1.256473254103759596e-01
3.132915726399427392e+00 2.386304189654763874e+00 -4.340705649339547667e-02
3.132481655834493228e+00 2.703792475797733630e+00 -3.505785088886231859e-01
3.128975870745606791e+00 2.854027184733384903e+00 -7.043113695958519438e-02
3.128271559376011091e+00 2.770897948404658973e+00 1.242104060514021280e-01
3.129513663436525039e+00 3.136749099851240175e+00 2.614418937642529195e-01
3.132128082374167732e+00 2.939164315377026604e+00 4.671005446916129400e-01
3.136799087821084076e+00 3.198334613131191606e+00 4.691277662503307022e-01
3.141490365483587510e+00 3.090367584134665169e+00 1.928700976209458684e-01
3.143419066459796962e+00 3.247705249915078252e+00 8.812489885459431904e-02
3.144300315448342875e+00 3.509981286048011739e+00 -7.649205090956073816e-02
3.143535394939247052e+00 3.332228499314616066e+00 3.619979406298762248e-02
3.143897392879877017e+00 3.458653138410831662e+00 3.701440647287005947e-01
3.147598833527164075e+00 3.893688466933467485e+00 6.384079610601036681e-01
3.153982913137765021e+00 3.880337741409071395e+00 6.117792696796815477e-01
3.160100705834561818e+00 4.432433785490654365e+00 3.912946105230680205e-01
3.164013651939792560e+00 4.532149938566249148e+00 2.937480290964517016e-01
3.166951132230757082e+00 4.735403233742241369e+00 4.678531989784868728e-01
3.171629664220541933e+00 4.505026862825951994e+00 4.297316718319956763e-01
3.175926980938861721e+00 4.282853203422617661e+00 6.273276137637795458e-01
3.182200257076499561e+00 4.093832144110312932e+00 5.230764894389050568e-01
3.187431021970888789e+00 4.023723956977693028e+00 7.062891948029327294e-01
3.194493913918917904e+00 3.796185951350342869e+00 1.103611764559931041e+00
3.205530031564517213e+00 4.041341700526128733e+00 9.468727671641740118e-01
3.214998759236158854e+00 4.006129868168831543e+00 9.539860559172417265e-01
3.224538619795331407e+00 3.905746441857826490e+00 1.019672003837065910e+00
3.234735339833702206e+00 3.748550666930404063e+00 1.016692714300118094e+00
3.244902266976703586e+00 4.237680590181489571e+00 1.046497819258485951e+00
3.255367245169288548e+00 3.888608389834963042e+00 1.018727858333237535e+00
3.265554523752621119e+00 4.025343142257493234e+00 9.581299986926622436e-01
3.275135823739547813e+00 4.050629112372343243e+00 6.056239203250337599e-01
3.281192062942797971e+00 4.281660560986626507e+00 1.074169059652311908e+00
3.291933753539320939e+00 4.237741642710775025e+00 1.142814173095192620e+00
3.303361895270272797e+00 4.182199103716271793e+00 7.268461184493671956e-01
3.310630356454766332e+00 3.807585786625310664e+00 7.818572418248228573e-01
3.318448928873014570e+00 3.694545989055564306e+00 1.180960162650098066e+00
3.330258530499515590e+00 3.715085895436743169e+00 1.155397087967229952e+00
3.341812501379187950e+00 3.703267494677790594e+00 1.179420863779677919e+00
3.353606710016984849e+00 4.038174305779802964e+00 8.452678254005294711e-01
3.362059388270989935e+00 4.105035869119065595e+00 8.490749920997674449e-01
3.370550138191987788e+00 4.051576875061059013e+00 6.071020895826311214e-01
3.376621159087814128e+00 3.894434500230588014e+00 5.777459606379824475e-01
3.382398618694193893e+00 3.932266914664694912e+00 6.264880815041923290e-01
3.388663499509235955e+00 3.626664182958540206e+00 4.836802586258112102e-01
3.393500302095493915e+00 3.432428526579235584e+00 4.790702417630233190e-01
3.398291004513124047e+00 3.340914065027133617e+00 4.671483625432967801e-01
3.402962488138557173e+00 2.954660696019358657e+00 1.157908912835634574e-01
3.404120397051392910e+00 3.137475327045375018e+00 -1.786044560042133467e-01
3.402334352491350966e+00 3.134177109912831050e+00 -3.237617329299330438e-01
3.399096735162051797e+00 3.282977287949892187e+00 -2.674781800914180496e-01
3.396421953361137724e+00 2.828556079459046302e+00 -2.961062799145014468e-03
3.396392342733146386e+00 2.873686924889190308e+00 1.065322536515894425e-01
3.397457665269662197e+00 2.589397941723705632e+00 3.580677277626171939e-01
3.401038342547288540e+00 2.270934901572617459e+00 2.719156395461038711e-01
3.403757498942749482e+00 2.613200168446247584e+00 3.250166937575540982e-01
3.407007665880325220e+00 2.271519738739666838e+00 4.542208340618807960e-01
3.411549874220944023e+00 2.243077480852829098e+00 5.247080937877739437e-01
3.416796955158821980e+00 2.529535496695659802e+00 9.441896967687928299e-01
3.426238852126509915e+00 2.652268579374991830e+00 1.023286527789075917e+00
3.436471717404400827e+00 2.423448029207362797e+00 1.296802968395977418e+00
3.449439747088360431e+00 2.446767062897654110e+00 1.188322189516416216e+00
3.461322968983524540e+00 2.293775567523695269e+00 1.275123523029060069e+00
3.474074204213815076e+00 2.092198692999265752e+00 1.352481012253294645e+00
3.487599014336348002e+00 1.912787105906794016e+00 1.439269806848358257e+00
3.501991712404831425e+00 1.747124926508176523e+00 1.735106391061226772e+00
3.519342776315443899e+00 2.111538588310340803e+00 1.688295971771206938e+00
3.536225736033156153e+00 2.512962920777330744e+00 1.470412916621143262e+00
3.550929865199367708e+00 2.256312253386058675e+00 1.712183854877966427e+00
3.568051703748147396e+00 2.390272889603727080e+00 1.858790221270125498e+00
3.586639605960848520e+00 2.343996567043804546e+00 1.650225075814310438e+00
3.603141856718991676e+00 2.148206500770531768e+00 1.886044475327420589e+00
3.622002301472265984e+00 1.941768301951516618e+00 1.920395635712642379e+00
3.641206257829392445e+00 1.743650328903106006e+00 1.848874910076304001e+00
3.659695006930155703e+00 1.912866727984315007e+00 1.631166693029599379e+00
3.676006673860451546e+00 2.008667512850500714e+00 1.614036688859484148e+00
3.692147040749046205e+00 2.069954226839683109e+00 9.808727996099571023e-01
3.701955768745145647e+00 1.811557868180903696e+00 1.124178362455356073e+00
3.713197552369699395e+00 1.660119395191282710e+00 1.203030720995858616e+00
3.725227859579657963e+00 1.356469794564286957e+00 1.242444740872511888e+00
3.737652306988382911e+00 1.423653194178601478e+00 1.686305683483534601e+00
3.754515363823218266e+00 1.538519006883581008e+00 1.415876113594157992e+00
3.768674124959159766e+00 1.713072359760086538e+00 1.516223380305506296e+00
3.783836358762215024e+00 1.670688791800382100e+00 1.559929448804601826e+00
3.799435653250260891e+00 1.976711272757428084e+00 1.644746301659544496e+00
3.815883116266856501e+00 1.605651432975617965e+00 1.604366682833906044e+00
3.831926783095195521e+00 1.417987454502666500e+00 1.948009942579799203e+00
3.851406882520993502e+00 1.287935381749938601e+00 1.665766216392828403e+00
3.868064544684922001e+00 1.335949193097516252e+00 1.651587073210732282e+00
3.884580415417029364e+00 1.543171091779203197e+00 1.758074583094209054e+00
3.902161161247971410e+00 1.543138582675164239e+00 1.506325181791524415e+00
3.917224413065886868e+00 1.288418337520558898e+00 1.452757282074792489e+00
3.931751985886634770e+00 1.333909874716887600e+00 1.526694593418212120e+00
3.947018931820816867e+00 1.388472191681712875e+00 1.696789076464581214e+00
3.963986822585462644e+00 1.293349130979503991e+00 1.334429913140728230e+00
3.977331121716869866e+00 1.577908768748119028e+00 1.296165733093047834e+00
3.990292779047800220e+00 1.275366053106397946e+00 8.131186939572470074e-01
3.998423965987372597e+00 1.290114324271929069e+00 8.817804312474762929e-01
4.007241770299847516e+00 1.130661872972000159e+00 6.250305989441513610e-01
4.013492076289288946e+00 1.020830655070781301e+00 5.729427656454514350e-01
4.019221503945743734e+00 1.104398175006853666e+00 8.020460281950869685e-01
4.027241964227694204e+00 7.994619100723769911e-01 9.181348302939239536e-01
4.036423312530633467e+00 6.698633404055370777e-01 6.537684839177779761e-01
4.042960997369811516e+00 6.407101424022931813e-01 1.053615052477977265e+00
4.053497147894590924e+00 8.457068350633261122e-01 1.133470142555969673e+00
4.064831849320150958e+00 7.651379271950845551e-01 1.172424392549072492e+00
4.076556093245641499e+00 1.069536537535216603e+00 1.257767806035970271e+00
4.089133771306001641e+00 1.096951502383695543e+00 1.444260017868612245e+00
4.103576371484687790e+00 1.003392993305065151e+00 1.353370233763584451e+00
4.117110073822323635e+00 7.082914220656264526e-01 1.361624823511706106e+00
4.130726322057440392e+00 7.726272367253728124e-01 1.492488428527499300e+00
4.145651206342715334e+00 9.531506893824512883e-01 1.917404239676296918e+00
4.164825248739478347e+00 8.086135188157692610e-01 2.005483305668309679e+00
4.184880081796161555e+00 7.197852424257291659e-01 1.941046747166290887e+00
4.204290549267824417e+00 8.685619740674325184e-01 1.852157116566088169e+00
4.222812120433485639e+00 9.238749810550422881e-01 1.821609985077511373e+00
4.241028220284261074e+00 6.271715844234720949e-01 1.773283749974945644e+00
4.258761057784010262e+00 8.723480599348341080e-01 1.645789462749851273e+00
4.275218952411508511e+00 8.386514077322979599e-01 1.844784378023852423e+00
4.293666796191747181e+00 9.020036327490579264e-01 1.951774733244038273e+00
4.313184543524187120e+00 8.566375973663444832e-01 1.747070075828577540e+00
4.330655244282472616e+00 1.078172659745480821e+00 1.721115562475868055e+00
4.347866399907231560e+00 1.508989514757242301e+00 1.499234291060725033e+00
4.362858742817838476e+00 1.401477399681927860e+00 1.561310245366955840e+00
4.378471845271508123e+00 1.207204278576218703e+00 1.638736637612505209e+00
4.394859211647633046e+00 1.090945520062217566e+00 1.239616800237632877e+00
4.407255379650009353e+00 1.041936797885905763e+00 8.485048790753091374e-01
4.415740428440762422e+00 1.114636769976932618e+00 7.001260341144218691e-01
4.422741688781906433e+00 5.768535927444232714e-01 6.419791178411790034e-01
4.429161479960318282e+00 5.871745588227530455e-01 6.510713104391256945e-01
4.435672193064709390e+00 2.774146048296826095e-01 7.949798592181427370e-01
4.443621991656891090e+00 4.574174117912585547e-02 7.286994288597086200e-01
4.450908985945488006e+00 -1.733584394419016572e-01 6.324664869722285143e-01
4.457233650815210169e+00 2.211271314511123465e-02 3.904206524699533332e-01
4.461137857339910084e+00 -1.734921516535124220e-01 5.206422918766062669e-01
4.466344280258676136e+00 -5.140439112884905848e-01 9.050758699330818668e-01
4.475395038958007277e+00 -2.826512233824595710e-01 7.402536134379775756e-01
4.482797575092386744e+00 -5.135533421854941993e-01 7.620167267861958083e-01
4.490417742360248710e+00 -4.746727539376033866e-01 6.437074756985744495e-01
4.496854817117234226e+00 -7.617915893081035339e-01 6.127865121564023410e-01
4.502982682238798162e+00 -8.597232364026352602e-01 8.653998379232288318e-01
4.511636680618030582e+00 -7.065882059585896213e-01 1.002466572731591121e+00
4.521661346345346111e+00 -7.136857395397987469e-01 9.485438359775034689e-01
4.531146784705121000e+00 -3.883306969954581911e-01 6.354636188830038446e-01
4.537501420893951476e+00 -5.037860141788227386e-01 4.959203045892407458e-01
4.542460623939843956e+00 -6.070784322405828881e-01 6.158736406085277837e-01
4.548619360345929508e+00 -8.403995239880088786e-01 6.601212359797699047e-01
4.555220572705727555e+00 -6.796282671157247712e-01 2.498344199415259981e-01
4.557718916905142414e+00 -3.504098605306696368e-01 1.663635692446885916e-01
4.559382552597589289e+00 -1.967320054649491223e-01 1.522574364432238148e-01
4.560905126962021328e+00 -5.787394871977478150e-01 4.517870268339310713e-02
4.561356913988855233e+00 -7.323765939273110259e-01 1.332511362533741195e-01
4.562689425351388550e+00 -7.905531939502513650e-01 1.346176383042606561e-01
4.564035601734430792e+00 -8.896620694112236105e-01 8.062525223061535462e-02
4.564841854256736831e+00 -7.237433368164358782e-01 -3.273084717402233723e-01
4.561568769539334767e+00 -8.191837749814013803e-01 -3.562719387146140448e-03
4.561533142345463254e+00 -9.514408326387867598e-01 3.133263236842451782e-01
4.564666405582305408e+00 -5.792920273748870530e-01 2.452791999881950291e-01
4.567119197582186985e+00 -8.824594231560400903e-01 3.780708063410704867e-01
4.570899905645597450e+00 -1.042731706790474888e+00 2.891498505406335795e-01
4.573791404151004159e+00 -1.356130894529735675e+00 2.591138590599386116e-01
4.576382542741603388e+00 -1.432493222004093125e+00 2.491860844213345250e-01
4.578874403585817099e+00 -1.366976052521643226e+00 3.023818750275529821e-01
4.581898222336092452e+00 -1.235373746836735398e+00 1.544887050765153258e-01
4.583443109386857728e+00 -1.150345969027559256e+00 5.815878729224235322e-01
4.589258988116082350e+00 -1.273471544775617970e+00 6.818372651375258497e-01
4.596077360767457876e+00 -1.027737643737947737e+00 5.828551253073087635e-01
4.601905912020530565e+00 -1.409807575818048608e+00 7.736015583269689744e-01
4.609641927603799871e+00 -1.379223868504753314e+00 8.022328072328444026e-01
4.617664255676128704e+00 -1.622735701287261634e+00 7.180295293922093203e-01
4.624844550970050427e+00 -1.973893250932251764e+00 6.482733080703395601e-01
4.631327284050754223e+00 -2.188645469876650651e+00 7.291430371189260295e-01
4.638618714421943068e+00 -1.886061107535530468e+00 9.726924674945613969e-01
4.648345639096888249e+00 -1.994650865682328522e+00 8.490586819668731744e-01
4.656836225916556771e+00 -1.731840021234431592e+00 6.111864956763541912e-01
4.662948090873320517e+00 -1.869030604491526804e+00 3.348625757274326653e-01
4.666296716630594865e+00 -1.989835658893063242e+00 5.828373957305681419e-01
4.672125090587900154e+00 -2.241042441603391833e+00 6.184130235843970924e-01
4.678309220823743786e+00 -2.489356744326414628e+00 1.147052420127995687e+00
4.689779745025023594e+00 -2.371219136860619248e+00 1.281263081733563514e+00
4.702592375842359118e+00 -2.335930795538701865e+00 1.216606942205547215e+00
4.714758445264414455e+00 -2.313279774360942564e+00 1.130589396192239970e+00
4.726064339226336841e+00 -2.215270875899003844e+00 1.449886188878513948e+00
4.740563201115121750e+00 -2.419555368310650767e+00 1.735110113552405853e+00
4.757914302250645378e+00 -2.538821386881909170e+00 1.822112508576102741e+00
4.776135427336406281e+00 -2.920842844185170151e+00 1.925373665432232428e+00
4.795389163990728676e+00 -2.864206203149740393e+00 1.814811344300906626e+00
4.813537277433737493e+00 -2.896722229803087689e+00 1.760776471420991696e+00
4.831145042147947599e+00 -3.309962679853152956e+00 2.003083179800686064e+00
4.851175873945954287e+00 -3.531516741224024258e+00 2.176967973163673520e+00
4.872945553677591413e+00 -3.342335304348772684e+00 2.069986305678084726e+00
4.893645416734372589e+00 -3.298313852113990752e+00 2.115110756224611865e+00
4.914796524296618507e+00 -3.495480950587900537e+00 1.862073737958422015e+00
4.933417261676202870e+00 -3.144942977750346813e+00 1.867704644540597370e+00
4.952094308121608890e+00 -3.152217349611151853e+00 1.779806363399726310e+00
4.969892371755606497e+00 -3.334953449976735040e+00 1.865214266164210599e+00
4.988544514417248443e+00 -3.072488966899628693e+00 1.996405496783803191e+00
5.008508569385086595e+00 -3.381220606231583936e+00 2.172095096818264182e+00
5.030229520353269201e+00 -3.428898231457757628e+00 2.000726143185360240e+00
5.050236781785122808e+00 -3.359023118770942951e+00 2.138238365414534492e+00
5.071619165439267718e+00 -3.703110147853370115e+00 2.440933693121608794e+00
5.096028502370483437e+00 -3.727945122780677245e+00 2.849656997771934819e+00
5.124525072348203203e+00 -3.786615956168097874e+00 2.741941173734608661e+00
5.151944484085549725e+00 -3.837274540199849593e+00 2.356459442270248061e+00
5.175509078508252259e+00 -3.737018930424556462e+00 2.577809090484233678e+00
5.201287169413094880e+00 -3.991337043820021524e+00 2.460640225462251252e+00
5.225893571667717730e+00 -3.685347614531198079e+00 2.327097096626439487e+00
5.249164542633981689e+00 -3.452356585878350703e+00 2.290818108309494061e+00
5.272072723717077025e+00 -3.336504043544305187e+00 2.464216028631093014e+00
5.296714884003387525e+00 -3.545573340492821579e+00 2.351801148439542466e+00
5.320232895487783331e+00 -3.525377631048631333e+00 2.308321604826228945e+00
5.343316111536045909e+00 -3.505590727139559437e+00 1.751359646851887497e+00
5.360829708004565042e+00 -3.425244166860922590e+00 1.501026702295727100e+00
5.375839975027522755e+00 -3.316692995083886597e+00 1.458943918936768114e+00
5.390429414216890258e+00 -3.017015556964572465e+00 1.108161799176782480e+00
5.401511032208658136e+00 -3.076918511456604222e+00 7.782225580392270192e-01
5.409293257789050458e+00 -2.847769600988273364e+00 8.870928669991724469e-01
5.418164186459041964e+00 -3.042769154961953326e+00 6.423895596858354429e-01
5.424588082055900706e+00 -2.926086495009820432e+00 7.554248005627692830e-01
5.432142330061528135e+00 -2.975588061436877929e+00 1.018579581265789846e+00
5.442328125874186462e+00 -2.994699479868212055e+00 1.116805169824632404e+00
5.453496177572432657e+00 -2.826516985251419367e+00 1.369473992076708058e+00
5.467190917493200075e+00 -2.701226357659143762e+00 1.195314553421532366e+00
5.479144063027415079e+00 -2.530445044043728497e+00 1.094721561959275391e+00
5.490091278647008188e+00 -2.880271493133929717e+00 8.695610085396939803e-01
5.498786888732404954e+00 -2.524139648704762706e+00 1.009044652575498802e+00
5.508877335258159924e+00 -2.465850452184233710e+00 1.265603790880049484e+00
5.521533373166960246e+00 -2.400937071533324474e+00 1.470989933374829750e+00
5.536243272500708912e+00 -2.403835016387021462e+00 1.500617866274323697e+00
5.551249451163451809e+00 -2.455987391478457571e+00 1.323493735632201185e+00
5.564484388519773894e+00 -2.561934865954288654e+00 1.558530419108194565e+00
5.580069692710855733e+00 -2.582706782197416118e+00 1.657002031702873079e+00
5.596639713027884433e+00 -2.781066126669114347e+00 1.307544490877348808e+00
5.609715157936657981e+00 -2.635299073584431717e+00 1.208552561846006901e+00
5.621800683555117750e+00 -2.695146728081647236e+00 1.234034347063345027e+00
5.634141027025751036e+00 -2.637918611692644966e+00 1.391120849138193893e+00
5.648052235517132758e+00 -2.941819428499190536e+00 1.210331070633362982e+00
5.660155546223466061e+00 -3.046305846875706713e+00 9.473700878422967042e-01
5.669629247101888758e+00 -3.031127020679075912e+00 7.110411714604092381e-01
5.676739658816492451e+00 -3.047917984281975912e+00 7.871449488417144869e-01
5.684611108304909344e+00 -3.024249497718552337e+00 5.366743129277438129e-01
5.689977851434186995e+00 -3.220110391254683790e+00 5.981521050867978362e-01
5.695959372485054573e+00 -3.217556414655191155e+00 6.700517409757699161e-01
5.702659889894812650e+00 -3.496420183476312449e+00 7.282896206672604400e-01
5.709942786101485090e+00 -3.488137256230657623e+00 8.858224511136023605e-01
5.718801010612621027e+00 -3.560430208277286734e+00 1.291059247741805693e+00
5.731711603090039020e+00 -3.684959390017326974e+00 1.126724542517872241e+00
5.742978848515218004e+00 -4.227001092993951659e+00 9.773997332387180936e-01
5.752752845847605379e+00 -4.403572074117564128e+00 1.259317970288154287e+00
5.765346025550487141e+00 -4.326863972715459639e+00 1.171858413051947378e+00
5.777064609681006324e+00 -4.191574502605599939e+00 9.736564819839255147e-01
5.786801174500845413e+00 -3.902925626976075701e+00 1.164609605924289859e+00
5.798447270560088462e+00 -3.925063007441162988e+00 1.311628874025842606e+00
5.811563559300346959e+00 -4.021337185658813596e+00 1.608352382898357025e+00
5.827647083129330774e+00 -3.970476895974303311e+00 1.704085316308051379e+00
5.844687936292411123e+00 -4.064878277057386136e+00 1.554677517750253868e+00
5.860234711469913371e+00 -3.815410863763229798e+00 1.977872885179869700e+00
5.880013440321712359e+00 -3.542247968689089088e+00 1.990841664508446573e+00
5.899921856966797051e+00 -3.415270218150173509e+00 1.941645423032591022e+00
5.919338311197122948e+00 -3.529093072514013496e+00 2.111497263060098106e+00
5.940453283827723752e+00 -3.619916221260854439e+00 1.923347194967803819e+00
5.959686755777402034e+00 -3.655814129590876149e+00 2.070566900678894484e+00
5.980392424784191086e+00 -3.803423346297453378e+00 2.186556182054270714e+00
6.002257986604734086e+00 -3.917412989832563142e+00 2.271523662415083411e+00
6.024973223228885288e+00 -3.979539259743338331e+00 1.657926468700374745e+00
6.041552487915889280e+00 -3.700559258203658164e+00 1.600823307444663612e+00
6.057560720990335490e+00 -3.768381655583793233e+00 1.778829261604048417e+00
6.075349013606375692e+00 -3.430068781388781129e+00 1.445941760313451452e+00
6.089808431209510431e+00 -3.473722940439405438e+00 1.287247646359011233e+00
6.102680907673100563e+00 -3.649848010777400287e+00 1.271417131725865124e+00
6.115395078990359501e+00 -4.329405328660532959e+00 1.045673620753930777e+00
6.125851815197898453e+00 -4.293938827474919506e+00 1.343804654601387760e+00
6.139289861743912446e+00 -4.099367532331708475e+00 1.159965873299570127e+00
6.150889520476908068e+00 -4.362011577641590421e+00 1.387348219424116458e+00
6.164763002671149295e+00 -4.521393630163829336e+00 1.306009986179726079e+00
6.177823102532946642e+00 -4.499425258109912562e+00 1.340980010450834925e+00
6.191232902637454849e+00 -4.545083382885511725e+00 1.318636426522732163e+00
6.204419266902681862e+00 -4.799126972746230457e+00 1.565445428802779926e+00
6.220073721190710003e+00 -5.148301611215671869e+00 1.387178053439696468e+00
6.233945501725107086e+00 -4.942344362573556360e+00 1.276338967654390810e+00
6.246708891401651087e+00 -5.117572117938397724e+00 1.485622569283564953e+00
6.261565117094487043e+00 -5.016162274757462569e+00 1.514147374826137371e+00
6.276706590842748845e+00 -4.625087121554908975e+00 1.674605489526868052e+00
6.293452645738017104e+00 -4.447257517073187394e+00 1.443580787347777949e+00
6.307888453611495194e+00 -4.592903416939896566e+00 1.329767215265876823e+00
6.321186125764153729e+00 -4.559753220555767150e+00 1.644776693039517568e+00
6.337633892694548798e+00 -4.555556188368301562e+00 1.584281516168423831e+00
6.353476707856232863e+00 -4.417030899312733183e+00 1.894775184163038029e+00
6.372424459697863419e+00 -4.399922628144696368e+00 1.801950785201104299e+00
6.390443967549874316e+00 -4.568839359250032039e+00 1.522565977320548658e+00
6.405669627323080206e+00 -4.686609809358826872e+00 1.601792583636816758e+00
6.421687553159448392e+00 -4.647711875315843066e+00 9.219753072410575845e-01
6.430907306231858911e+00 -4.462728924532056496e+00 9.741433128083224480e-01
6.440648739359942532e+00 -4.168921726949385231e+00 4.872900482035697478e-01
6.445521639841977901e+00 -4.483613979672123051e+00 3.341681431047653916e-01
6.448863321273025306e+00 -4.277176116758475644e+00 1.763987357275061674e-01
6.450627308630300760e+00 -3.976948478086570482e+00 3.204168611371541742e-01
6.453831477241672054e+00 -3.912806508274665251e+00 2.796181701008324527e-01
6.456627658942680092e+00 -3.711391694319270851e+00 9.203961561833876037e-02
6.457548055098863315e+00 -3.546862389025785767e+00 -8.197224513234721566e-03
6.457466082853731137e+00 -3.421490954367029769e+00 -1.044408575302119696e-01
6.456421674278429279e+00 -3.728862590886898420e+00 -3.815902864355007473e-01
6.452605771414074098e+00 -3.426343000923552928e+00 -1.187461919833294743e-01
6.451418309494241221e+00 -3.279905673020027113e+00 2.202113205094379800e-01
6.453620422699335890e+00 -3.214831052932429767e+00 4.483445195610352707e-02
6.454068767218896774e+00 -3.340976171042326914e+00 -7.931731005680013602e-02
6.453275594118328407e+00 -3.691917824409038484e+00 1.581010774745937320e-01
6.454856604893074667e+00 -3.724097886712563810e+00 -1.410033222486042903e-01
6.453446571670588661e+00 -4.135258895769274190e+00 -4.707929743080871976e-01
6.448738641927508120e+00 -3.816933186909452047e+00 -4.199249730204183129e-01
6.444539392197303762e+00 -3.721308811749242551e+00 -4.793022033051289599e-01
6.439746370164252554e+00 -3.747960954090484353e+00 -3.451598628824344983e-01
6.436294771535428616e+00 -3.823341804048325354e+00 -2.835635576886087472e-01
6.433459135958542241e+00 -3.738830308571412964e+00 -2.960458380745406015e-01
6.430498677577796585e+00 -3.630354355090170237e+00 -3.018251763081933325e-01
6.427480425814714238e+00 -3.537971787111731548e+00 -4.133973953433601745e-01
6.423346451861280393e+00 -3.505054897248307100e+00 -5.853313623768741092e-01
6.417493138237511552e+00 -3.418678626258738085e+00 -7.383960080208926691e-01
6.410109178157302523e+00 -3.409064441854213978e+00 -4.027514435277068650e-01
6.406081663722025255e+00 -3.369115517686397610e+00 -5.642086865309066113e-01
6.400439576856716606e+00 -3.605800825561724210e+00 -4.098017097247163010e-01
6.396341559759469497e+00 -3.769426786943335550e+00 -3.488705517654317467e-01
6.392852854241815486e+00 -3.987040837490928080e+00 -4.338651933774377301e-01
6.388514202308041234e+00 -4.225222164278561898e+00 -3.233408145124103128e-01
6.385280794162917495e+00 -4.037665232189364239e+00 -5.346866127536857860e-01
6.379933928035380397e+00 -4.232632137052643628e+00 -6.358044329555985197e-01
6.373575883705824729e+00 -4.019528734946089976e+00 -4.761613104779954808e-01
6.368814270601045102e+00 -4.217657597610767084e+00 -6.237010020221909201e-01
6.362577260580823513e+00 -4.280293545241655728e+00 -8.870901526029162376e-01
6.353706359054794639e+00 -4.304209624714379068e+00 -7.232262232913442279e-01
6.346474096821880906e+00 -4.250253782209926001e+00 -6.462768383460479882e-01
6.340011328438420080e+00 -4.487312108807170574e+00 -9.279682309988654954e-01
6.330731646128431755e+00 -4.235118510580918816e+00 -1.267524648891396710e+00
6.318056399639517373e+00 -4.499858853822479965e+00 -1.464881077191332093e+00
6.303407588867604439e+00 -4.409915444778204296e+00 -1.246942643640828408e+00
6.290938162431196190e+00 -4.380143083568637685e+00 -7.718703422069224107e-01
6.283219459009126595e+00 -4.123004999232191103e+00 -7.962869821793365777e-01
6.275256589187333311e+00 -4.279199960499999733e+00 -7.089521945908475731e-01
6.268167067241424917e+00 -4.061671891895930031e+00 -5.628121566244471685e-01
6.262538945675180102e+00 -4.296095328538105385e+00 -6.982064781439749623e-01
6.255556880893740512e+00 -4.193665430988684939e+00 -9.032654528982033693e-01
6.246524226364758903e+00 -4.214575238142111324e+00 -8.588674582727005014e-01
6.237935551782031851e+00 -3.998319027065661224e+00 -7.421664229783391242e-01
6.230513887552248775e+00 -3.990653696164589981e+00 -1.013995097687030000e+00
6.220373936575378515e+00 -3.806604244368833267e+00 -1.040419071438203558e+00
6.209969745860996149e+00 -3.967971590907820811e+00 -8.478268053915347657e-01
6.201491477807080877e+00 -4.241368021965768342e+00 -1.193502702653052694e+00
6.189556450780550279e+00 -4.330655279472701125e+00 -1.243975256694319187e+00
6.177116698213606760e+00 -4.507967116158614118e+00 -1.090838310521785370e+00
6.166208315108389293e+00 -4.663586057051150036e+00 -9.076470701453467349e-01
6.157131844406936061e+00 -4.365057539693899535e+00 -1.039042853315814474e+00
6.146741415873777648e+00 -4.216441084738654865e+00 -7.135489956572842463e-01
6.139605925917204665e+00 -4.374765800003986627e+00 -6.816671940232897908e-01
6.132789253976971722e+00 -4.291872024456163892e+00 -1.046619086618557404e+00
6.122323063110786556e+00 -4.357569643926256120e+00 -1.203287357293402415e+00
6.110290189537852967e+00 -4.194380132409859741e+00 -7.574632812989150477e-01
6.102715556724863433e+00 -4.471007233943412373e+00 -8.323758670034536733e-01
6.094391798054829223e+00 -4.068373637736949711e+00 -7.630412183125315773e-01
6.086761385871703567e+00 -4.109873811090899665e+00 -6.797195567525520232e-01
6.079964190304178118e+00 -4.003815516295117227e+00 -6.781380341694803748e-01
6.073182809962482942e+00 -4.012144549492873580e+00 -4.072935290302698297e-01
6.069109874672180105e+00 -3.866217377638784036e+00 -4.146397655832376183e-01
6.064963477016347859e+00 -3.721562693540672040e+00 -6.403743993865496087e-01
6.058559733022482519e+00 -4.293789781528343674e+00 -5.296207250431690383e-01
6.053263525772051068e+00 -4.184869115747945401e+00 -4.405229302782752709e-01
6.048858296469268758e+00 -4.208595142082441676e+00 -7.258475258321055446e-01
6.041599821210947852e+00 -4.328358052975176840e+00 -7.274731601275381543e-01
6.034325089609672510e+00 -3.961019017104304041e+00 -9.083123773467770556e-01
6.025241965836205082e+00 -4.142425124759481214e+00 -9.244121820299555647e-01
6.015997844015905649e+00 -4.062191692152716804e+00 -1.016273146848415188e+00
6.005835112547421417e+00 -3.449220383741241847e+00 -1.346768797088406355e+00
5.992367424576537260e+00 -3.084085001605337606e+00 -1.611387761861557966e+00
5.976253546957921436e+00 -2.901094558739329976e+00 -1.560545442968573004e+00
5.960648092528235686e+00 -2.650032157048818338e+00 -1.527425485165984087e+00
5.945373837676576123e+00 -2.679895177570643217e+00 -1.273241526091456688e+00
5.932641422415661836e+00 -2.464215738394202049e+00 -1.332023744097168283e+00
5.919321184974689842e+00 -2.396849836587512605e+00 -1.505340998344430359e+00
5.904267774991245332e+00 -2.420288898060690919e+00 -1.786687954885105345e+00
5.886400895442394088e+00 -2.874891323659919173e+00 -1.630388918524468878e+00
5.870097006257149808e+00 -2.932202729373805994e+00 -1.379035278422145572e+00
5.856306653472928225e+00 -3.046832763069388328e+00 -1.592206553771013056e+00
5.840384587935218086e+00 -2.873792547522990404e+00 -1.738686532716866129e+00
5.822997722608049820e+00 -3.303833843482155697e+00 -1.706637594936499136e+00
5.805931346658685044e+00 -3.315513024931275865e+00 -2.082109231007303052e+00
5.785110254348611925e+00 -3.181678339557405977e+00 -2.118764796113733251e+00
5.763922606387474445e+00 -3.099919761385717010e+00 -1.962267158627872821e+00
5.744299934801195384e+00 -3.213265223832923123e+00 -1.830552226785021164e+00
5.725994412533345290e+00 -3.331812573697395585e+00 -2.041492915814293596e+00
5.705579483375202265e+00 -3.444086407054371080e+00 -1.790135322823753317e+00
5.687678130146964328e+00 -3.669228366835503685e+00 -1.813515136223743163e+00
5.669542978784726905e+00 -3.555121191425322902e+00 -1.711335827418058120e+00
5.652429620510546648e+00 -3.860402997181060503e+00 -1.539845170694223997e+00
5.637031168803604331e+00 -3.468285391801740669e+00 -1.521636893585355921e+00
5.621814799867750345e+00 -3.455727542491532578e+00 -1.414026582007607447e+00
5.607674534047673909e+00 -3.421161932299209507e+00 -1.328584523009880725e+00
5.594388688817574895e+00 -3.316561211922705699e+00 -1.507579628494497115e+00
5.579312892532629853e+00 -3.215993398219155530e+00 -1.526145722323939857e+00
5.564051435309390392e+00 -3.465514934061386221e+00 -1.192158605824193529e+00
5.552129849251148386e+00 -3.632537812397858445e+00 -1.152276574396144948e+00
5.540607083507186559e+00 -3.566532693414603106e+00 -8.895583487991378657e-01
5.531711500019195427e+00 -3.671776779505481425e+00 -1.000378154079344828e+00
5.521707718478402249e+00 -3.742208067714012820e+00 -9.420567530751408070e-01
5.512287150947650538e+00 -3.604158351622178902e+00 -7.134603385573872192e-01
5.505152547562076393e+00 -3.802181691364467042e+00 -7.038215158314076181e-01
5.498114332403762461e+00 -3.901786187477576995e+00 -8.298671229879874822e-01
5.489815661173882866e+00 -4.230185420591622503e+00 -6.509566199108122175e-01
5.483306094974774503e+00 -4.264794310068569239e+00 -4.198671098515713851e-01
5.479107423876258487e+00 -4.243894809972140969e+00 -5.095041709190347712e-01
5.474012382167067869e+00 -4.001047289167249943e+00 -4.479451058736186875e-01
5.469532931108331830e+00 -3.555776385148477825e+00 -6.244888434216143702e-01
5.463288042674115275e+00 -3.441642562074128442e+00 -6.766712034988505708e-01
5.456521330639127143e+00 -3.383725592061928911e+00 -6.933334885009172499e-01
5.449587995754117564e+00 -3.134925380583477583e+00 -6.809043066646716102e-01
5.442778952687470806e+00 -2.998179342910901823e+00 -6.021418958615831762e-01
5.436757533728854952e+00 -2.993984162186094977e+00 -4.344394610429945236e-01
5.432413139118424716e+00 -2.960455358225763778e+00 -2.633387601843233394e-01
5.429779751516581321e+00 -2.865634089915815697e+00 1.909599669131700761e-02
5.429970711483494306e+00 -2.771944081784207370e+00 3.484319553320662788e-01
5.433455031036815264e+00 -2.850829847609592793e+00 3.294498135561313990e-01
5.436749529172376860e+00 -2.557958287088603733e+00 2.523543139995780837e-01
5.439273072312373003e+00 -2.599185865383934591e+00 1.309063855126599285e-01
5.440582136167499527e+00 -2.709051483422126871e+00 2.422326142918097003e-01
5.443004462310417679e+00 -2.631129184641139318e+00 2.217890718844257592e-01
5.445222353029262052e+00 -2.882862627025627233e+00 2.015513248637178512e-01
5.447237866277899521e+00 -2.879935951386242365e+00 1.310926995853177734e-01
5.448548793273753077e+00 -2.894897078226161824e+00 1.561212336378333398e-01
5.450110005610131481e+00 -2.762716578046141791e+00 3.317486981863729256e-02
5.450441754308317677e+00 -2.676053565731121076e+00 2.800641581665131441e-01
5.453242395889982497e+00 -2.722720338708517929e+00 -3.003114109339062310e-01
5.450239281780643097e+00 -2.752832730055427835e+00 -2.264442975923107726e-01
5.447974838804720221e+00 -2.858628419655218966e+00 -5.876415911863314134e-01
5.442098422892857279e+00 -2.651153731993119322e+00 -5.681199695700920316e-01
5.436417223197156368e+00 -2.124320666181573891e+00 -4.716134637425181686e-01
5.431701088559731438e+00 -2.044490685366731508e+00 -6.818238862106449361e-01
5.424882849697625353e+00 -2.519251312108763408e+00 -6.789977879263006111e-01
5.418092871818362077e+00 -2.585069121942842774e+00 -7.629912886339593747e-01
5.410462958932022559e+00 -2.519201754179518637e+00 -6.754475408114262169e-01
5.403708483523907979e+00 -2.608524502618329244e+00 -7.279503941893453733e-01
5.396428979582014840e+00 -2.572551359272062577e+00 -9.087493095609255889e-01
5.387341486486405984e+00 -2.523958993349154412e+00 -8.514604106378071968e-01
5.378826882380027818e+00 -2.292447863228479932e+00 -9.272866363559040259e-01
5.369554016016468978e+00 -2.191130450625248915e+00 -1.024747680685977880e+00
5.359306539209609532e+00 -2.064659041079948576e+00 -1.449116004664495749e+00
5.344815379162964675e+00 -2.285967020088922386e+00 -1.567180452806164359e+00
5.329143574634903402e+00 -1.919144791714867182e+00 -1.689813252206973315e+00
5.312245442112833338e+00 -1.888838044353455814e+00 -1.569406614943775091e+00
5.296551375963395536e+00 -1.882596793481005282e+00 -1.626353516972542268e+00
5.280287840793669751e+00 -2.040842222999294187e+00 -1.665271193418750517e+00
5.263635128859482037e+00 -2.055740218735948144e+00 -1.369467574777454955e+00
5.249940453111707761e+00 -2.340305317062827406e+00 -1.280129876402740674e+00
5.237139154347680403e+00 -2.506950953415032046e+00 -1.123908177274662634e+00
5.225900072574933830e+00 -2.387829148773869203e+00 -1.198224129235799795e+00
5.213917831282575577e+00 -2.395259944287575049e+00 -1.184568293920327031e+00
5.202072148343372504e+00 -2.183518616685432345e+00 -1.262190565227413908e+00
5.189450242691098225e+00 -2.091369357128190831e+00 -1.477517741883368263e+00
5.174675065272264618e+00 -2.060792368022330567e+00 -1.381898004273495850e+00
5.160856085229529988e+00 -2.071898799670646607e+00 -1.501521590475691781e+00
5.145840869324772804e+00 -1.936951990383757316e+00 -1.136080540664651473e+00
5.134480063918126724e+00 -1.599064383420317315e+00 -1.198647184694371148e+00
5.122493592071182711e+00 -1.325688956480375769e+00 -1.470679010527440100e+00
5.107786801965908730e+00 -1.692772656445377111e+00 -1.466363789104161430e+00
5.093123164074866871e+00 -1.754140223666843079e+00 -1.513154920169344608e+00
5.077991614873173631e+00 -1.753998697446414567e+00 -1.338178740026090940e+00
5.064609827472912329e+00 -1.555106505507499293e+00 -8.777394067830315283e-01
5.055832433405082149e+00 -1.605664833780197087e+00 -9.500478542242124513e-01
5.046331954862839808e+00 -1.567054984748013524e+00 -1.078164843527032346e+00
5.035550306427569289e+00 -1.540547595687086657e+00 -8.805484012787975212e-01
5.026744822414781488e+00 -1.636458801605862101e+00 -9.271325326857550175e-01
5.017473497087923562e+00 -1.896679780201985910e+00 -8.447285931894596978e-01
5.009026211156029085e+00 -1.670276637636272543e+00 -9.725542303423024837e-01
4.999300668852606044e+00 -1.918525100367872938e+00 -1.487138307632757339e+00
4.984429285776278640e+00 -2.105457103525714579e+00 -1.370612511814454537e+00
4.970723160658134354e+00 -1.649774140957824375e+00 -1.175825820556736678e+00
4.958964902452566825e+00 -1.746284393416087433e+00 -1.302988409337243692e+00
4.945935018359194579e+00 -1.596285272110373521e+00 -1.414751360136534686e+00
4.931787504757829232e+00 -1.869614149705466799e+00 -1.646015235880941230e+00
4.915327352399019745e+00 -1.741579279636610078e+00 -1.672252905460237971e+00
4.898604823344417269e+00 -1.920360949197715827e+00 -1.884805611463240105e+00
4.879756767229785019e+00 -1.962802770945867525e+00 -1.474466285239855123e+00
4.865012104377386848e+00 -2.097373405593213835e+00 -1.880029544925087892e+00
4.846211808928136300e+00 -1.938890810676964227e+00 -1.855842783846144872e+00
4.827653381089675122e+00 -2.398067835383231206e+00 -2.157858303398553002e+00
4.806074798055689712e+00 -2.492705009863439791e+00 -1.771387220974596222e+00
4.788360925845943861e+00 -2.561110967752682210e+00 -1.792598385692193874e+00
4.770434941989021738e+00 -2.771279434894581950e+00 -1.811042249120271341e+00
4.752324519497818756e+00 -2.471533432964284849e+00 -1.639326499490411537e+00
4.735931254502914634e+00 -2.433044446665089122e+00 -1.608816989543062403e+00
4.719843084607483696e+00 -2.316968292260299656e+00 -1.766401613260162096e+00
4.702179068474881873e+00 -2.425165448696543713e+00 -1.619334348885913544e+00
4.685985724986022838e+00 -2.350194385014095833e+00 -1.693537643220138111e+00
4.669050348553821728e+00 -2.453986459682432120e+00 -1.652794891324621762e+00
4.652522399640575124e+00 -2.395535721347470837e+00 -1.593356946271136998e+00
4.636588830177863940e+00 -2.608332356031731081e+00 -1.845261630514198892e+00
4.618136213872721996e+00 -2.603726900796766053e+00 -2.013679630046773639e+00
4.597999417572253833e+00 -2.759091552223077226e+00 -2.049116070380284427e+00
4.577508256868450864e+00 -2.544529855072571678e+00 -1.757449372623355099e+00
4.559933763142216989e+00 -2.624667135893438363e+00 -1.623970978687955480e+00
4.543694053355337381e+00 -2.798507715767363457e+00 -1.287890218680783683e+00
4.530815151168529731e+00 -2.768888473326329702e+00 -1.137998403628793120e+00
4.519435167132241915e+00 -2.844010283184098764e+00 -1.078479949957357853e+00
4.508650367632668576e+00 -2.734703652755945846e+00 -1.044285465232056564e+00
4.498207512980347822e+00 -3.003212749687730110e+00 -1.033647875666355631e+00
4.487871034223684497e+00 -3.217130345065397634e+00 -1.074119927095068761e+00
4.477129834952734200e+00 -3.039270371011117966e+00 -1.070811089671393601e+00
4.466421724056020004e+00 -3.245873511923814014e+00 -9.325078861516657991e-01
4.457096645194503104e+00 -3.213629755186981907e+00 -8.690912315882792782e-01
4.448405732878620178e+00 -3.201136318612616716e+00 -8.774298593032460181e-01
4.439631434285587375e+00 -3.024456222913654457e+00 -1.067397466579508514e+00
4.428957459619792481e+00 -3.209865582624420455e+00 -9.016289288125332035e-01
4.419941170331667557e+00 -3.310113063135963873e+00 -7.686308376207279247e-01
4.412254861955460683e+00 -3.444211990972825266e+00 -7.674483040014926649e-01
4.404580378915445849e+00 -3.488052512762186197e+00 -4.107070443269595361e-01
4.400473308472176548e+00 -3.488862938354382770e+00 -7.617105700453077333e-01
4.392856202771723062e+00 -3.472057008856060722e+00 -6.392240164714176887e-01
4.386463962607009215e+00 -3.257896961442184214e+00 -5.719782039958349884e-01
4.380744180567051060e+00 -3.217650693762833747e+00 -5.851813183888917580e-01
4.374892367383162117e+00 -3.155318355705514666e+00 -5.745018398646626334e-01
4.369147348984515844e+00 -2.922149365107592711e+00 -7.669649131762683592e-01
4.361477699852753354e+00 -2.863282488758386979e+00 -1.298769365537236098e+00
4.348490006197381241e+00 -2.729618846030551715e+00 -1.439860601610873481e+00
4.334091400181272924e+00 -2.820130578855420289e+00 -1.699598176309547126e+00
4.317095418418177566e+00 -2.668794587007934815e+00 -1.278635986487755893e+00
4.304309058553299927e+00 -2.807925187351485885e+00 -1.304792421463055740e+00
4.291261134338669514e+00 -2.968128194557234867e+00 -1.048654328714442974e+00
4.280774591051525135e+00 -3.349111262159522262e+00 -1.167448233329284601e+00
4.269100108718232534e+00 -3.157645486191312578e+00 -1.115674112945440610e+00
4.257943367588778116e+00 -3.042654713820109436e+00 -1.384554474727943685e+00
4.244097822841498946e+00 -3.067479195279385173e+00 -1.581113247852748316e+00
4.228286690362971889e+00 -3.107213911832048758e+00 -1.739498445285040162e+00
4.210891705910121630e+00 -3.201579791301898847e+00 -1.938659734916724497e+00
4.191505108560954262e+00 -2.920670538137568606e+00 -1.691580416409969700e+00
4.174589304396854494e+00 -2.724662687593451427e+00 -1.920975000649570941e+00
4.155379554390358443e+00 -2.634701010647535480e+00 -1.889779354998953220e+00
4.136481760840369226e+00 -3.118804815756085702e+00 -1.730705821233972985e+00
4.119174702628029650e+00 -3.027729983082140031e+00 -1.734346818361192755e+00
4.101831234444417440e+00 -3.189111028409406412e+00 -1.757091774826981645e+00
4.084260316696147974e+00 -3.157464593245062012e+00 -2.031339755184474072e+00
4.063946919144303394e+00 -3.188845059921850300e+00 -2.192116048834480857e+00
4.042025758655958256e+00 -2.994995113597485492e+00 -2.336039926202289063e+00
4.018665359393935432e+00 -3.035027526401251841e+00 -2.308371795112480029e+00
3.995581641442810472e+00 -2.928748296273970375e+00 -2.438255114490365472e+00
3.971199090297906853e+00 -2.865542404934913634e+00 -2.342155683878044403e+00
3.947777533459126520e+00 -2.767194900432598637e+00 -2.279725895733211605e+00
3.924980274501794320e+00 -2.917965178306587859e+00 -2.124158090122238995e+00
3.903738693600571796e+00 -3.289306800991290913e+00 -1.918332869931263174e+00
3.884555364901259189e+00 -3.530578588634079917e+00 -1.899349959418160205e+00
3.865561865307077571e+00 -3.506913371628260112e+00 -1.718041089772462504e+00
3.848381454409353086e+00 -3.429571751235800381e+00 -1.657107922022177382e+00
3.831810375189131257e+00 -3.250794003952834466e+00 -1.549377461527398303e+00
3.816316600573857354e+00 -3.689461336532562363e+00 -1.300662310915514208e+00
3.803309977464702119e+00 -3.357865451790507993e+00 -1.279864727585765527e+00
3.790511330188844674e+00 -3.311597605962173230e+00 -1.392215861890972795e+00
3.776589171569935122e+00 -3.231572838503001588e+00 -1.384876079693303286e+00
3.762740410773002253e+00 -3.389258199027750162e+00 -1.141585574441954520e+00
3.751324555028582530e+00 -3.342565572273134222e+00 -1.126675638540202584e+00
3.740057798643180664e+00 -3.175694519387774584e+00 -1.039976055312357373e+00
3.729658038090057026e+00 -3.122823392199123305e+00 -1.218904018529738176e+00
3.717468997904759487e+00 -3.090186092264948670e+00 -1.207697814427046712e+00
3.705392019760489042e+00 -3.080554334679281414e+00 -1.168681362965441339e+00
3.693705206130834640e+00 -2.760628833812190486e+00 -1.576192817506830934e+00
3.677943277955766366e+00 -2.972022373908851378e+00 -1.342396793716939651e+00
3.664519310018596876e+00 -3.164533713911240831e+00 -1.299337880247742882e+00
3.651525931216119236e+00 -3.346116031188080431e+00 -1.191268987062178430e+00
3.639613241345497574e+00 -2.943400485949417611e+00 -8.931163020102119710e-01
3.630682078325395246e+00 -2.954243585098530467e+00 -1.007724822071286441e+00
3.620604830104682481e+00 -2.660665395403214006e+00 -9.993221460397962996e-01
3.610611608644284320e+00 -2.759283279808449230e+00 -1.409737372322091398e+00
3.596514234921063480e+00 -2.338219370256392704e+00 -1.237687936689255030e+00
3.584137355554171123e+00 -2.257827495742801283e+00 -1.199979786611688803e+00
3.572137557688054077e+00 -2.371356726116765401e+00 -1.497692706578023891e+00
3.557160630622274056e+00 -2.193191625830882785e+00 -1.646266920472600148e+00
3.540697961417548001e+00 -2.226579791896797111e+00 -1.795537779775813636e+00
3.522742583619789869e+00 -1.966255355451797637e+00 -2.002465842564856935e+00
3.502717925194141380e+00 -2.106333890233499151e+00 -2.214364660872500501e+00
3.480574278585416348e+00 -2.117153670310262470e+00 -2.084667342500980070e+00
3.459727605160406672e+00 -2.004287314583007795e+00 -2.035280725928472201e+00
3.439374797901121994e+00 -2.190421398061500380e+00 -1.752505016510630398e+00
3.421849747736015690e+00 -2.310253612340295692e+00 -1.691673560318663894e+00
3.404933012132829173e+00 -2.204919204161026602e+00 -2.140391093063923833e+00
3.383529101202189970e+00 -2.494579956659551456e+00 -2.277805767569875961e+00
3.360751043526491344e+00 -2.714132443795355787e+00 -2.380004013035386112e+00
3.336951003396137594e+00 -2.721477361197367273e+00 -2.466573567039357595e+00
3.312285267725743942e+00 -2.723418329696316142e+00 -2.440100573190914002e+00
3.287884261993834656e+00 -2.703088859829833712e+00 -2.197469065457542392e+00
3.265909571339259188e+00 -2.896151803645875322e+00 -2.279539023033978484e+00
3.243114181108919247e+00 -2.903150171279158975e+00 -2.278885650883483383e+00
3.220325324600084471e+00 -2.588957595902736664e+00 -2.190341869176531286e+00
3.198421905908319207e+00 -2.788002046040865878e+00 -2.223282547797285957e+00
3.176189080430346312e+00 -2.766120324839099087e+00 -2.436623407930997409e+00
3.151822846351036489e+00 -2.969496434583670741e+00 -2.699182419196389127e+00
3.124831022159072713e+00 -2.637667958131494128e+00 -2.170370997542898195e+00
3.103127312183643571e+00 -2.323724403894976476e+00 -2.127431793321454823e+00
3.081852994250429134e+00 -2.550353821790445785e+00 -2.178115742036405234e+00
3.060071836830065006e+00 -2.619857045011327212e+00 -1.913976536171787535e+00
3.040932071468346987e+00 -2.857973264557808424e+00 -1.693462284076094893e+00
3.023997448627586238e+00 -3.228878968416011741e+00 -1.784783952773441484e+00
3.006149609099851627e+00 -3.276174343351233809e+00 -1.699806471925956242e+00
2.989151544380592274e+00 -3.393485834908115173e+00 -1.481030442453049156e+00
2.974341239956061589e+00 -2.905476911630039183e+00 -1.379619407188640068e+00
2.960545045884175330e+00 -3.180027674381206371e+00 -1.689876637898589884e+00
2.943646279505189423e+00 -3.351146643371374800e+00 -1.894618991557463161e+00
2.924700089589614915e+00 -3.240659782474093031e+00 -1.799514416607322476e+00
2.906704945423541631e+00 -3.219012163879744648e+00 -1.839368459615432272e+00
2.888311260827387095e+00 -3.189220890015793675e+00 -1.837022289185911150e+00
2.869941037935527905e+00 -3.448655591461999403e+00 -1.816288967096845397e+00
2.851778148264559665e+00 -3.222475556337592639e+00 -1.783921749293460701e+00
2.833938930771624953e+00 -3.073424313998879942e+00 -1.753045353413994700e+00
2.816408477237485108e+00 -3.152392662688492830e+00 -2.123179470152913417e+00
2.795176682535955859e+00 -2.954859722510796871e+00 -1.922551183651074025e+00
2.775951170699445303e+00 -2.910229898653489577e+00 -1.594218240538254117e+00
2.760008988294062604e+00 -2.837237372089006726e+00 -1.576395790690289012e+00
2.744245030387159723e+00 -2.743767323093001309e+00 -1.703718830369564285e+00
2.727207842083464229e+00 -2.643347057573207426e+00 -1.698612028948915276e+00
2.710221721793975025e+00 -2.692269983198146477e+00 -1.886602084925660838e+00
2.691355700944718432e+00 -2.614872673753990462e+00 -2.093405214975978534e+00
2.670421648794958802e+00 -2.694102327006715036e+00 -2.166079046677015896e+00
2.648760858328188750e+00 -2.966108320360593353e+00 -2.175629298933671407e+00
2.627004565338852071e+00 -3.190185907976738733e+00 -2.036013602336233852e+00
2.606644429315489564e+00 -3.335288867064781559e+00 -2.220017853803712526e+00
2.584444250777452545e+00 -3.682666259924056718e+00 -2.195430469196152590e+00
2.562489946085491077e+00 -3.969545308985294785e+00 -2.520210198223681086e+00
2.537287844103254475e+00 -3.636929264315944099e+00 -2.479267744661214135e+00
2.512495166656642187e+00 -3.677946767966020047e+00 -2.543452081874603810e+00
2.487060645837896100e+00 -3.580308649138452370e+00 -2.615024210121566384e+00
2.460910403736680241e+00 -3.608183719678695667e+00 -2.799332782805014741e+00
2.432917075908630267e+00 -3.839846830238222264e+00 -2.830015582367298332e+00
2.404616920084957421e+00 -4.098419357149449382e+00 -3.154531947594535257e+00
2.373071600609012233e+00 -4.171170418437745830e+00 -2.841423620429198493e+00
2.344657364404720390e+00 -4.005946768920273016e+00 -2.704556122895759085e+00
2.317611803175762653e+00 -4.149593799663184868e+00 -2.692787705380134344e+00
2.290683926121961367e+00 -4.555881467465615842e+00 -2.532415607268194702e+00
2.265359770049279575e+00 -4.474165986099865933e+00 -2.579949795285961134e+00
2.239560272096420057e+00 -4.167466250844134024e+00 -2.482163632717755419e+00
2.214738635769242681e+00 -4.106638687819545552e+00 -2.456429027782866203e+00
2.190174345491413987e+00 -3.840469430390922145e+00 -2.546090251748638789e+00
2.164713442973927648e+00 -3.436751650389991752e+00 -2.741605569203195536e+00
2.137297387281895666e+00 -2.953790560321046144e+00 -2.664694969584477491e+00
2.110650437586051087e+00 -2.572726216595508042e+00 -2.195829959733778480e+00
2.088692137988713338e+00 -2.485801875978361775e+00 -2.211126353061235061e+00
2.066580874458101125e+00 -2.693200873451959687e+00 -2.226658601366513501e+00
2.044314288444435856e+00 -2.527896196805564877e+00 -2.069282626929637825e+00
2.023621462175139385e+00 -2.314176454457404830e+00 -2.391055469252912236e+00
1.999710907482610267e+00 -2.291871899927096390e+00 -2.416615477342936469e+00
1.975544752709180951e+00 -2.131600511170498535e+00 -2.381232791931558346e+00
1.951732424789865306e+00 -2.240544124551582250e+00 -2.520768899075159553e+00
1.926524735799113763e+00 -2.105640883520139894e+00 -2.975720301248562905e+00
1.896767532786628241e+00 -2.199659085087826593e+00 -3.115639098579394251e+00
1.865611141800834316e+00 -2.010082625770556852e+00 -3.490918266309290807e+00
1.830701959137741364e+00 -1.892462598937648233e+00 -3.311748539162288729e+00
1.797584473746118405e+00 -2.045170091212435537e+00 -3.077043711188836461e+00
1.766814036634229979e+00 -1.873706977040301647e+00 -3.259802247027788091e+00
1.734216014163951991e+00 -2.064298884257553812e+00 -3.319291696649529833e+00
1.701023097197456702e+00 -2.112457574249644310e+00 -3.107797992929693276e+00
1.669945117268159862e+00 -2.213621397871987195e+00 -3.220513476632683059e+00
1.637739982501833058e+00 -2.165386459874959257e+00 -3.162279262145923475e+00
1.606117189880373886e+00 -2.068672865906189262e+00 -3.002667540262422996e+00
1.576090514477749727e+00 -2.226825413439928791e+00 -3.206969330137483976e+00
1.544020821176374847e+00 -2.529251996318765627e+00 -3.329503953050130693e+00
1.510725781645873456e+00 -2.526387679451545853e+00 -3.001187465151233358e+00
1.480713906994361118e+00 -2.380448420053740133e+00 -3.182101562135138284e+00
1.448892891373009695e+00 -2.434541256350905680e+00 -3.144372311937062570e+00
1.417449168253638980e+00 -2.418418080724547448e+00 -3.479159056777574754e+00
1.382657577685863171e+00 -2.679534397246754462e+00 -3.509429396908176901e+00
1.347563283716781468e+00 -2.801292986513211236e+00 -3.529361124048141729e+00
1.312269672476300109e+00 -2.604826779800709424e+00 -3.276931843682628909e+00
1.279500354039473820e+00 -2.607318279601800626e+00 -3.749723658623433487e+00
1.242003117453239547e+00 -2.658378486078827319e+00 -3.755078776134793017e+00
1.204452329691891643e+00 -2.696184160950392705e+00 -3.669874882161888063e+00
1.167753580870272812e+00 -2.629152159923943799e+00 -3.756240540361850844e+00
1.130191175466654263e+00 -2.652731624637501007e+00 -3.256368824735430767e+00
1.097627487219299924e+00 -2.580116694230767393e+00 -3.334177177832537975e+00
1.064285715440974611e+00 -2.523813805974625790e+00 -3.121891228194816126e+00
1.033066803159026437e+00 -2.763995957635145828e+00 -3.183694875185415274e+00
1.001229854407172271e+00 -2.893940937049015005e+00 -3.004697562477655293e+00
9.711828787823957310e-01 -2.606659852052889637e+00 -2.920627498807834233e+00
9.419766037943173576e-01 -2.501955222382842958e+00 -3.468005864209288802e+00
9.072965451522244651e-01 -2.534388740916855287e+00 -3.731896488961211844e+00
8.699775802626124044e-01 -2.414680916524681642e+00 -3.682944926964056176e+00
8.331481309929718027e-01 -2.172862734543599128e+00 -3.547249707779255523e+00
7.976756339151792607e-01 -2.191503983505356246e+00 -3.627924329611412091e+00
7.613963906190651665e-01 -2.231583760719733966e+00 -3.507435678300823145e+00
7.263220338360569794e-01 -1.922946486819960166e+00 -3.388174918191038110e+00
6.924402846541466428e-01 -1.907545827617864287e+00 -3.421977467278769058e+00
6.582205099813589477e-01 -2.060411021349370042e+00 -3.326173085883732394e+00
6.249587791225216238e-01 -2.036578987856366929e+00 -3.524811416027850530e+00
5.897106649622431140e-01 -1.715971944100425084e+00 -3.700546863822781418e+00
5.527051963240152688e-01 -1.551475231201662419e+00 -3.818215281090192370e+00
5.145230435131133984e-01 -1.718655936824350583e+00 -3.718795568146609387e+00
4.773350878316472978e-01 -2.251022095918743027e+00 -3.889805351043091441e+00
4.384370343212163901e-01 -2.265290678709983574e+00 -3.635276174764986656e+00
4.020842725735664924e-01 -2.302144447848133435e+00 -3.451051110577247005e+00
3.675737614677940246e-01 -2.674095400364164821e+00 -3.507591186075497802e+00
3.324978496070390421e-01 -2.642067485909514790e+00 -3.665955211761827481e+00
2.958382974894207540e-01 -2.613968837294749381e+00 -4.135997715551411602e+00
2.544783203339066602e-01 -2.493892813808803677e+00 -4.153823409494902918e+00
2.129400862389576321e-01 -2.366131502512239138e+00 -4.130027072832610280e+00
1.716398155106315382e-01 -2.180970331589580091e+00 -4.191881138126499096e+00
1.297210041293665461e-01 -2.050183386791830209e+00 -4.092708297559943809e+00
8.879392115376710803e-02 -1.942559696581041884e+00 -3.986619965870985993e+00
4.892772149505724560e-02 -2.063395554104827223e+00 -3.497173304737616562e+00
1.395598844768108221e-02 -2.090150801718171802e+00 -3.403200128423057080e+00
-2.007601283654948665e-02 -1.786856814957020534e+00 -3.464493065106253766e+00
-5.472094348761202820e-02 -1.854926306534783631e+00 -3.247293033328888967e+00
-8.719387382090092176e-02 -1.728576830979597467e+00 -3.487395682609744085e+00
-1.220678306469983598e-01 -1.693628912508715390e+00 -3.645991766900325004e+00
-1.585277483160016099e-01 -1.712077461217591967e+00 -3.214357190569477662e+00
-1.906713202216963887e-01 -1.230330253724311262e+00 -3.114950292079908589e+00
-2.218208231424954602e-01 -1.342928789167556980e+00 -3.456838051980097859e+00
-2.563892036622964499e-01 -1.406526271388407023e+00 -3.695994375771545215e+00
-2.933491474200118909e-01 -1.511046250944643621e+00 -3.746376786502585432e+00
-3.308129152850377563e-01 -1.596189011615511077e+00 -3.676339566721724683e+00
-3.675763109522550143e-01 -1.891622119484413389e+00 -3.594463552600906109e+00
-4.035209464782640865e-01 -1.776228287181774501e+00 -3.289814706056485516e+00
-4.364190935388289616e-01 -1.863592044510562928e+00 -3.231675439100377467e+00
-4.687358479298327496e-01 -1.996417774356481711e+00 -3.186465972668075519e+00
-5.006005076565135381e-01 -1.355279937158419212e+00 -2.871753228091435517e+00
-5.293180399374278755e-01 -1.123516663073875099e+00 -2.881684519576849901e+00
-5.581348851331964234e-01 -1.207987087437727425e+00 -3.173370166233738132e+00
-5.898685867955337780e-01 -1.395903071739065027e+00 -3.292441968264254726e+00
-6.227930064781763697e-01 -1.141780845997393934e+00 -3.365158978375988319e+00
-6.564445962619362973e-01 -1.021673161771097904e+00 -3.255141827768734064e+00
-6.889960145396236690e-01 -1.141849474992119085e+00 -3.406996273396862396e+00
-7.230659772735923418e-01 -8.712136741710858612e-01 -3.211074846975157548e+00
-7.551767257433439351e-01 -1.166316965471584588e+00 -2.782907548311967183e+00
-7.830058012264635714e-01 -1.181256755793930413e+00 -2.671503475476163736e+00
-8.097208359812252398e-01 -1.213682513655127249e+00 -2.790820549328427713e+00
-8.376290414745095614e-01 -1.152946181816975280e+00 -2.714459313188963829e+00
-8.647736346063992219e-01 -9.166577494067563725e-01 -2.836600734321318651e+00
-8.931396419496123729e-01 -9.402239425552582075e-01 -2.754805217374607373e+00
-9.206876941233584910e-01 -1.193089790806667327e+00 -2.621883287314911382e+00
-9.469065269965075693e-01 -1.084358630926978595e+00 -2.595455381875082956e+00
-9.728610808152583500e-01 -1.071468894935769578e+00 -2.591587899652370908e+00
-9.987769598117820502e-01 -1.204891724848916379e+00 -2.549346023073955081e+00
-1.024270420042521668e+00 -1.295803414997263703e+00 -2.496057996129525058e+00
-1.049231000003816971e+00 -1.169369709338133889e+00 -2.327384756863309700e+00
-1.072504847572450126e+00 -1.065930541682522215e+00 -2.357337332387484441e+00
-1.096078220896324895e+00 -1.253137709985430392e+00 -2.485404742646980747e+00
-1.120932268322794689e+00 -1.640831115485585023e+00 -2.786931750764129134e+00
-1.148801585830435901e+00 -1.774633392360903672e+00 -3.184758583148148414e+00
-1.180649171661917407e+00 -1.906263044227254344e+00 -3.522795326230870216e+00
-1.215877124924226171e+00 -1.946775894705948584e+00 -3.740539795063421380e+00
-1.253282522874860305e+00 -2.098548627977941727e+00 -3.829351594000806713e+00
-1.291576038814868266e+00 -2.025417429286017867e+00 -3.854729854812319001e+00
-1.330123337362991487e+00 -2.181790198950190440e+00 -4.106727584399768816e+00
-1.371190613206989095e+00 -2.257184386611336802e+00 -4.046737771235934034e+00
-1.411657990919348515e+00 -2.017125897934650247e+00 -4.056505980492967289e+00
-1.452223050724278153e+00 -2.188633217644229578e+00 -4.114282549246059517e+00
-1.493365876216738775e+00 -2.254412569797112464e+00 -4.307918740251250433e+00
-1.536445063619251261e+00 -2.025084040528167595e+00 -4.427171840940391512e+00
-1.580716782028655176e+00 -1.960215585391894777e+00 -4.553499052177966355e+00
-1.626251772550434849e+00 -1.791309724168770767e+00 -4.554291586719255491e+00
-1.671794688417627350e+00 -1.829569961503892950e+00 -4.609704573699075603e+00
-1.717891734154618044e+00 -1.683274964380012673e+00 -4.184687005022190043e+00
-1.759738604204839962e+00 -1.931017729359553403e+00 -4.482750712724745235e+00
-1.804566111332087441e+00 -1.760846349451065551e+00 -4.729435669251315311e+00
-1.851860468024600692e+00 -1.703034497646779277e+00 -4.570410034151661804e+00
-1.897564568366117310e+00 -1.609740732425859466e+00 -4.729875125749451570e+00
-1.944863319623611808e+00 -1.707605120121516995e+00 -4.326295288041948517e+00
-1.988126272504031400e+00 -1.584412255152756632e+00 -4.137434742012632505e+00
-2.029500619924157867e+00 -1.290075168919386339e+00 -4.231064447338376944e+00
-2.071811264397541485e+00 -1.246484591977195633e+00 -4.139726794868492377e+00
-2.113208532346226409e+00 -1.182733469496094925e+00 -4.174070349274719760e+00
-2.154949235838973465e+00 -1.129274951612640798e+00 -3.733201296743972719e+00
-2.192281248806413174e+00 -9.684953303022235671e-01 -3.817473708539624422e+00
-2.230455985891809600e+00 -1.133836185507613559e+00 -3.989613976094573911e+00
-2.270352125652755237e+00 -9.544082437390528639e-01 -3.720207529640494393e+00
-2.307554200949160084e+00 -1.159989404878173147e+00 -3.741164720504183805e+00
-2.344965848154201726e+00 -1.045176184567846667e+00 -3.422909075336343143e+00
-2.379194938907565060e+00 -1.071972387257693837e+00 -3.585894206665455108e+00
-2.415053880974219691e+00 -6.513279012208712526e-01 -3.458075476538394089e+00
-2.449634635739603716e+00 -4.684508567662347689e-01 -3.450038440877681190e+00
-2.484135020148380502e+00 -2.306812990756071657e-01 -3.385474571040528957e+00
-2.517989765858785756e+00 -1.873687167879613535e-01 -3.539691384014749254e+00
-2.553386679698933293e+00 -1.247155104062440956e-01 -3.362387607630473951e+00
-2.587010555775238085e+00 5.279625585181124681e-02 -3.147540060800157136e+00
-2.618485956383239444e+00 2.121629561897513394e-01 -3.363309479013046221e+00
-2.652119051173369879e+00 4.870898085226855745e-01 -3.399067096142661892e+00
-2.686109722134796485e+00 7.007575173546353176e-01 -3.120766282892356358e+00
-2.717317384963719995e+00 8.470409486576557789e-01 -3.135051507617101940e+00
-2.748667900039890810e+00 7.944649866496471535e-01 -2.791885158591083993e+00
-2.776586751625801597e+00 6.547708169310876292e-01 -2.951252253242384604e+00
-2.806099274158225576e+00 5.575961452900637383e-01 -2.547305617679471723e+00
-2.831572330335020204e+00 6.631795402747617807e-01 -2.308402346829378615e+00
-2.854656353803314062e+00 5.140877493200910475e-01 -2.418918928340880292e+00
-2.878845543086722802e+00 6.243516092957683838e-01 -2.116071636144949863e+00
-2.900006259448172141e+00 6.490415091790848745e-01 -2.490957218336191215e+00
-2.924915831631534235e+00 5.300697955301973963e-01 -2.397269939618675849e+00
-2.948888531027721083e+00 4.281110862124720695e-01 -2.347512842216254114e+00
-2.972363659449883677e+00 6.346657041674342858e-01 -2.485446311927870244e+00
-2.997218122569162535e+00 6.236902612914346777e-01 -2.542127298873066099e+00
-3.022639395557893405e+00 8.332838370972184272e-01 -3.023823630490677150e+00
-3.052877631862800367e+00 7.656565929182728159e-01 -3.028939864982358454e+00
-3.083167030512623974e+00 5.907570615119503987e-01 -3.045614579478286732e+00
-3.113623176307406926e+00 3.317315822050667107e-01 -2.810483798436311353e+00
-3.141728014291770066e+00 1.150622445079989564e-01 -2.785474351011865579e+00
-3.169582757801888917e+00 -1.409723454015454625e-02 -2.692768735846152950e+00
-3.196510445160350322e+00 1.999576956241098380e-01 -2.763857053086264948e+00
-3.224149015691212927e+00 5.338741010035046308e-01 -2.805834953219216388e+00
-3.252207365223405144e+00 3.164621733619650268e-01 -3.151119601031508566e+00
-3.283718561233720301e+00 6.380196214485851502e-01 -3.344694600307023258e+00
-3.317165507236790489e+00 6.153140902340029639e-01 -3.395874245541963710e+00
-3.351124249692210011e+00 4.751509770464078519e-01 -3.477457557485041484e+00
-3.385898825267060541e+00 6.933869395986547168e-01 -3.619200302946696812e+00
-3.422090828296527665e+00 1.077642052676216489e+00 -3.362480951339204438e+00
-3.455715637809919638e+00 1.087899261317823552e+00 -3.495970443348986656e+00
-3.490675342243409585e+00 1.198462877461680787e+00 -3.207108930030162952e+00
-3.522746431543711143e+00 5.406429126094840498e-01 -3.306550481554274334e+00
-3.555811936359253966e+00 5.972365914516444274e-01 -3.733437743518889018e+00
-3.593146313794442825e+00 7.329464164949641702e-01 -3.734069875181035947e+00
-3.630487012546253389e+00 8.347953015072450134e-01 -3.629493896498030558e+00
-3.666781951511233650e+00 1.086697024935670886e+00 -3.459344531112169108e+00
-3.701375396822355501e+00 1.306801434192804923e+00 -3.094548994484176863e+00
-3.732320886767197088e+00 1.303352204506674106e+00 -3.013554793272405163e+00
-3.762456434699921193e+00 1.618181563492244512e+00 -2.666677066657051842e+00
-3.789123205366491831e+00 1.758167938665462948e+00 -2.645296337972063316e+00
-3.815576168746212637e+00 1.944546373971440367e+00 -2.667206295836787255e+00
-3.842248231704580519e+00 2.125208920572697835e+00 -2.956265971848665686e+00
-3.871810891423067336e+00 2.165929412502530127e+00 -2.922961917783179597e+00
-3.901040510600898958e+00 2.092997858733623762e+00 -2.905886243172024042e+00
-3.930099373032619248e+00 2.231965052211171585e+00 -2.820850887844920329e+00
-3.958307881911068637e+00 2.277110933568427864e+00 -2.606004330405273794e+00
-3.984367925215121176e+00 2.368564535043558461e+00 -2.408115243011800466e+00
-4.008449077645239278e+00 2.361776191222134447e+00 -2.307413964972933496e+00
-4.031523217294968653e+00 2.613109154531864320e+00 -1.769380521410704343e+00
-4.049217022509076003e+00 2.635933544751731805e+00 -1.784137250731677060e+00
-4.067058395016393213e+00 2.324611035553577842e+00 -1.455974328002485940e+00
-4.081618138296418508e+00 2.278482183682529527e+00 -1.307948526324278493e+00
-4.094697623559661714e+00 1.979435119574582513e+00 -1.219421688046706587e+00
-4.106891840440129116e+00 1.699827747960098945e+00 -1.021662594923002931e+00
-4.117108466389359123e+00 1.433178771254964179e+00 -6.782717011893044656e-01
-4.123891183401251936e+00 1.367491356257921842e+00 -8.168672836655104241e-01
-4.132059856237907169e+00 1.216232382483385832e+00 -9.703763851034903354e-01
-4.141763620088942055e+00 1.466423734466641982e+00 -9.095265408611532543e-01
-4.150858885497553885e+00 1.377596923916502236e+00 -8.776291284791090108e-01
-4.159635176782344956e+00 1.245264926785580428e+00 -8.043894700322796742e-01
-4.167679071482667474e+00 1.284120634838219033e+00 -6.101344130441139768e-01
-4.173780415613108197e+00 1.242834360857302922e+00 -7.581459062792836878e-01
-4.181361874675901369e+00 1.572536591476594747e+00 -4.184216490304467073e-01
-4.185546091166205684e+00 1.766940882976891558e+00 -4.330910311654886380e-01
-4.189877001477860574e+00 1.712899200237230302e+00 -7.319383163790319502e-01
-4.197196384641650901e+00 1.478798341701450081e+00 -5.120635183066277740e-01
-4.202317019824716837e+00 1.581200050812572089e+00 -6.167347202020495578e-01
-4.208484367026737338e+00 1.395160375166030420e+00 -5.862035294454001066e-01
-4.214346402321191398e+00 1.309716670521477111e+00 -4.687134643337648177e-01
-4.219033536964529318e+00 1.142477944149107305e+00 -5.361347959274751496e-01
-4.224394884923803772e+00 1.352525522215360265e+00 -6.491003806364019635e-01
-4.230885888730167466e+00 1.261747071027550904e+00 -9.941852710394897263e-01
-4.240827741440562626e+00 1.172027954882576717e+00 -1.132571660531101587e+00
-4.252153458045873968e+00 1.380562549763276969e+00 -9.682737869354642868e-01
-4.261836195915228664e+00 1.089931605260759939e+00 -1.260418622190920157e+00
-4.274440382137138172e+00 9.633617072250232338e-01 -1.118543338932729725e+00
-4.285625815526465487e+00 1.008760996956177491e+00 -1.364342379071862510e+00
-4.299269239317184521e+00 9.612930318262924434e-01 -1.448164093740601732e+00
-4.313750880254590747e+00 5.764517972974196880e-01 -1.443173298513672931e+00
-4.328182613239727416e+00 6.053380530507994628e-01 -1.413492679070469160e+00
-4.342317540030432355e+00 6.089200488677586343e-01 -9.658019090757010705e-01
-4.351975559121189718e+00 4.690998638421851608e-01 -9.671612107779592460e-01
-4.361647171228969277e+00 4.255034625786831004e-01 -1.316661181635459199e+00
-4.374813783045324200e+00 -1.176856636400567258e-01 -1.533045362571757053e+00
-4.390144236671042144e+00 -1.710554477481192881e-01 -1.495104519447754354e+00
-4.405095281865519574e+00 4.973668883307622024e-02 -1.468217070370304800e+00
-4.419777452569222831e+00 2.716058549526341737e-01 -1.397836826377825359e+00
-4.433755820833001238e+00 1.953239491664792438e-01 -1.139419691234363041e+00
-4.445150017745344684e+00 1.629761360294615935e-01 -1.228257782229252859e+00
-4.457432595567636824e+00 5.659408553021656463e-01 -1.260489249252278121e+00
-4.470037488060159880e+00 5.926497430832950997e-01 -1.220771652038353805e+00
-4.482245204580543430e+00 4.378610816063694955e-01 -7.275458160870820201e-01
-4.489520662741414370e+00 7.216229035354857491e-01 -9.191857906075664442e-01
-4.498712520647489832e+00 7.423306775899669585e-01 -7.630590978136101432e-01
-4.506343111625626285e+00 9.542657888050473103e-01 -8.176583079767740792e-01
-4.514519694705393604e+00 9.563607890521803601e-01 -6.696618758285469708e-01
-4.521216313463678915e+00 8.629968407366694905e-01 -5.358166678363882607e-01
-4.526574480142042667e+00 2.197369480056383662e-01 -6.522576413646659077e-01
-4.533097056555689619e+00 7.908132502314976775e-02 -1.003021187777785261e+00
-4.543127268433467592e+00 -1.983205703930720487e-01 -7.466567989051464682e-01
-4.550593836422518912e+00 -1.124798926852379199e-01 -8.963668274019385152e-01
-4.559557504696538643e+00 1.661149782917593076e-01 -1.102822443709212008e+00
-4.570585729133631148e+00 3.184965906624952492e-01 -1.093410009818648776e+00
-4.581519829231817553e+00 4.841861473369956093e-01 -1.311618417771891698e+00
-4.594636013409536091e+00 3.381822946727159884e-01 -1.111122441434339692e+00
-4.605747237823879736e+00 5.957823628545763084e-01 -8.754292511966700330e-01
-4.614501530335846091e+00 1.001518397652025882e+00 -9.511937487118555801e-01
-4.624013467822964962e+00 1.148162187171680060e+00 -8.998200956296601438e-01
-4.633011668779261960e+00 1.374193833572013634e+00 -9.191777249658208415e-01
-4.642203446028919878e+00 1.562090052462553835e+00 -6.386246170406203460e-01
-4.648589692199325718e+00 1.564359495712434267e+00 -8.326917075380489974e-01
-4.656916609274706076e+00 1.328972530151037779e+00 -7.313398962709551920e-01
-4.664230008237415959e+00 1.234282400865139406e+00 -7.104574738713512749e-01
-4.671334582976129468e+00 1.139912229364705931e+00 -7.739803707756662821e-01
-4.679074386683885756e+00 1.408228340617186269e+00 -9.391465476962768122e-01
-4.688465852160848435e+00 1.874314507258518780e+00 -1.167572073702064728e+00
-4.700141572897869047e+00 1.987732118744995224e+00 -7.902227075592715977e-01
-4.708043799973461674e+00 2.273581865054912221e+00 -5.610315043130715829e-01
-4.713654115016592705e+00 2.087396095221588421e+00 -5.739198672580062555e-01
-4.719393313689172587e+00 1.993673413442747622e+00 -6.465356255241605510e-01
-4.725858669944414281e+00 2.081736507207355036e+00 -6.443994806901200967e-01
-4.732302664751315113e+00 2.443872794909003776e+00 -7.577547240698749853e-01
-4.739880211992013592e+00 2.494820310395036156e+00 -6.955342248251619175e-01
-4.746835554240265154e+00 2.417270088252694737e+00 -8.784036675475309641e-01
-4.755619590915740602e+00 2.619227074759821416e+00 -7.338569504576999414e-01
-4.762958160420317277e+00 2.598025749238103366e+00 -4.546974160439776202e-01
-4.767505134580757087e+00 2.943655142425854798e+00 -3.256367118580202336e-01
-4.770761501699337437e+00 3.342866163013915592e+00 -3.542235266240775782e-01
-4.774303736965578082e+00 2.981190288966432789e+00 -3.099752184769073993e-01
-4.777403489150347404e+00 3.052862414792594681e+00 4.752726257932138321e-02
-4.776928216524554571e+00 3.347781264973313853e+00 2.743670136667429593e-02
-4.776653849510887895e+00 3.185711930589876673e+00 -9.979130581198836225e-02
-4.777651762569007587e+00 2.906130903817962796e+00 -1.438341074995176105e-01
-4.779090103644002774e+00 2.801888387530222513e+00 9.281152071008599846e-02
-4.778161988436901986e+00 2.816495669748475539e+00 4.165460140731623295e-01
-4.773996528296170716e+00 2.378077183123323390e+00 6.566838755586070775e-01
-4.767429689540584548e+00 2.168552401380259287e+00 1.010466505035189311e+00
-4.757325024490232757e+00 2.209900468598266166e+00 1.065875961825465845e+00
-4.746666264871977958e+00 2.109856417167018439e+00 7.067812428412674208e-01
-4.739598452443565257e+00 1.899488779968037777e+00 3.971318893827252561e-01
-4.735627133549738410e+00 1.732778449109644514e+00 2.373065572222851638e-01
-4.733254067977515689e+00 2.118067216189637669e+00 4.008649935415420362e-01
-4.729245418042100191e+00 2.388349010257912575e+00 5.873465539898019561e-01
-4.723371952502201765e+00 2.529388289175082516e+00 3.722819235507184299e-01
-4.719649133266694996e+00 2.739129897322213125e+00 3.305850669034385292e-01
-4.716343282597661002e+00 2.815377076001844614e+00 3.070675691261565698e-01
-4.713272606906399709e+00 3.012160994806801995e+00 3.757280240982912023e-01
-4.709515326665417057e+00 2.680728062786260857e+00 4.355125226233897973e-01
-4.705160201439182899e+00 2.611611603065440601e+00 5.872521605653531207e-01
-4.699287679833529019e+00 2.703360428991514741e+00 6.671993331303524011e-01
-4.692615686502225714e+00 2.465372765272026534e+00 6.730797369325995927e-01
-4.685884889132899467e+00 2.708609131973812811e+00 2.493328306471545019e-01
-4.683391560826428268e+00 2.572041675505272629e+00 3.860156838294829806e-01
-4.679531403988133498e+00 2.423399160335765412e+00 3.238597953559979592e-01
-4.676292806034573424e+00 2.232501811226663246e+00 2.509087886068248063e-01
-4.673783718148505351e+00 2.141382288342734697e+00 2.963083039442443445e-01
-4.670820635109063090e+00 1.795793035748611377e+00 1.574885986675134963e-01
-4.669245749122388212e+00 2.207514038218891361e+00 4.788469941497566218e-01
-4.664457279180890481e+00 2.314023235257080202e+00 3.839153992625377043e-01
-4.660618125188265459e+00 2.142027241988145647e+00 3.491903093889561771e-01
-4.657126222094375656e+00 2.012424975143382699e+00 1.979904849193462879e-01
-4.655146317245182352e+00 1.695946138297354633e+00 3.497200910164344201e-01
-4.651649116335017986e+00 1.620238696756120200e+00 5.101355629933070901e-01
-4.646547760705084684e+00 1.346825152576056617e+00 2.945319337953027361e-01
-4.643602441367131739e+00 1.296863201988550873e+00 4.678472199489813743e-01
-4.638923969167642269e+00 1.635557884976676535e+00 5.362322986525284163e-01
-4.633561646181116878e+00 1.603804650421177813e+00 3.152589429604925608e-01
-4.630409056751512153e+00 1.463436692021663710e+00 3.374078923411513165e-01
-4.627034977828100359e+00 1.500519368958667554e+00 5.922864070452596996e-01
-4.621112113757647855e+00 1.616363198826662684e+00 6.298963960136343410e-01
-4.614813149797511116e+00 1.329556625401848491e+00 6.198667381829914280e-01
-4.608614482415680946e+00 1.391840259422347792e+00 7.760189408178783665e-01
-4.600854293007501816e+00 1.107290885515106904e+00 6.859713355243584054e-01
-4.593994579652258103e+00 9.395357188244864988e-01 5.600173361431378671e-01
-4.588394406290826844e+00 2.988318450149478611e-01 5.078897872874339470e-01
-4.583315508417952877e+00 3.414211987081305910e-02 8.659964182612738259e-01
-4.574655544235340265e+00 4.189173110565735936e-01 1.050238111756255144e+00
-4.564153163117778078e+00 1.616945435947692578e-01 9.921814383386664549e-01
-4.554231348734391283e+00 3.566177280121990978e-01 6.881863710077722462e-01
-4.547349485024313687e+00 5.412777290576584743e-01 6.973607583867383886e-01
-4.540375877440446573e+00 8.044800154312568008e-01 5.263159109872935781e-01
-4.535112718330573500e+00 7.277460583815681394e-01 5.894013996761043872e-01
-4.529218704333812795e+00 6.888052200769566591e-01 5.926801415106022208e-01
-4.523291902918706420e+00 7.137333096608722283e-01 3.824838753683951209e-01
-4.519467064165022308e+00 9.019601817763808205e-01 5.693815778568118713e-01
-4.513773248386454107e+00 9.164580786603763185e-01 6.649244893623145192e-01
-4.507124003492831044e+00 7.797708269616969723e-01 7.080151351885602962e-01
-4.500043852140945155e+00 8.958685159733439374e-01 3.035511273575238200e-01
-4.497008340867370002e+00 1.018318665723700445e+00 7.602980338856921705e-01
-4.489405360528513356e+00 1.256364489218096292e+00 8.618721307600417658e-01
-4.480786639220912804e+00 1.516666318918162393e+00 9.297244104497670580e-01
-4.471489395116415189e+00 1.378377102380787145e+00 1.134603691656931090e+00
-4.460143358199846197e+00 1.484667156334401161e+00 9.170467928441499161e-01
-4.450972890271404303e+00 1.628510284192894897e+00 1.181553952711280164e+00
-4.439157350744291186e+00 1.684392147905346304e+00 1.298035614246828340e+00
-4.426176994601823012e+00 1.540123669760544267e+00 1.466806975061709206e+00
-4.411508924851205826e+00 1.645592772780508195e+00 1.327466873231235356e+00
-4.398234256118893626e+00 1.642653756711091262e+00 1.354746964735005887e+00
-4.384686786471543307e+00 1.835880404670898525e+00 1.466323679815146219e+00
-4.370023549673391905e+00 1.949482812584783398e+00 1.623028172060552166e+00
-4.353793267952786650e+00 1.742264039669006559e+00 1.775241292197353937e+00
-4.336040855030812935e+00 1.542463007385767249e+00 2.201693684827448649e+00
-4.314023918182538608e+00 1.926754615650296154e+00 2.173623476958741474e+00
-4.292287683412951083e+00 1.787698961933967157e+00 2.155773463695745296e+00
-4.270729948775993989e+00 1.942415633802544672e+00 2.483542124520405459e+00
-4.245894527530789553e+00 2.181987397337168844e+00 2.361560360533359493e+00
-4.222278923925456340e+00 1.759751705516475973e+00 2.339911539557024245e+00
-4.198879808529886404e+00 1.558260753170329860e+00 2.562565315295497026e+00
-4.173254155376931784e+00 1.609108068553332327e+00 2.440453196084109155e+00
-4.148849623416090537e+00 1.555804903279758511e+00 2.418905220084424990e+00
-4.124660571215246208e+00 1.424881810128048265e+00 2.558064675533915810e+00
-4.099079924459907431e+00 1.345934480559116242e+00 2.671893999362030314e+00
-4.072360984466286915e+00 1.203792360029105613e+00 2.954101894662880756e+00
-4.042819965519657721e+00 1.220201764831739810e+00 2.943441673226518063e+00
-4.013385548787392842e+00 1.109206947084919070e+00 2.873044618659018390e+00
-3.984655102600802579e+00 1.631801989508159245e+00 3.006607087564578062e+00
-3.954589031725156634e+00 1.715465756036795852e+00 3.327756943257614619e+00
-3.921311462292580430e+00 1.696585287250350405e+00 3.449282992640075651e+00
-3.886818632366179749e+00 2.065905588529379333e+00 3.466546841710854476e+00
-3.852153163949071146e+00 2.151479338017752152e+00 3.731918562591750810e+00
-3.814833978323153740e+00 2.276411500318274328e+00 3.741131824844703857e+00
-3.777422660074706506e+00 2.315745741643442823e+00 4.050921478301080292e+00
-3.736913445291695890e+00 2.145684951549554409e+00 3.938299131061526293e+00
-3.697530453981080711e+00 2.128009397925398449e+00 3.931565836323058338e+00
-3.658214795617850346e+00 2.401415067209866638e+00 3.757095096596063222e+00
-3.620643844651889598e+00 2.453910388685100141e+00 3.719700446272238725e+00
-3.583446840189167037e+00 2.071038564893713296e+00 3.555833736138654722e+00
-3.547888502827780677e+00 2.177693174942232357e+00 3.521493926294877674e+00
-3.512673563564832069e+00 2.303869115529470601e+00 3.726133236049737008e+00
-3.475412231204334734e+00 2.193961461598599616e+00 3.758968181093443217e+00
-3.437822549393400262e+00 2.103910981050615803e+00 3.934343761935892747e+00
-3.398479111774041161e+00 1.615985476344017346e+00 3.960102355051038803e+00
-3.358878088223530956e+00 1.733710121284195882e+00 3.566683792250197271e+00
-3.323211250301028929e+00 1.631957295664266949e+00 3.838565899184354979e+00
-3.284825591309185278e+00 2.032662822081719334e+00 3.700469876776240064e+00
-3.247820892541422921e+00 1.967358245874759604e+00 3.562262058629262373e+00
-3.212198271955130302e+00 1.874475422435664562e+00 3.212697498876208257e+00
-3.180071296966368255e+00 2.149623439521987311e+00 3.091035376791109179e+00
-3.149160943198457296e+00 2.051200328020223118e+00 3.270250526212291398e+00
-3.116458437936334480e+00 2.205331715435218776e+00 3.184842130578110275e+00
-3.084610016630553453e+00 1.944580157333064108e+00 3.234466925523794778e+00
-3.052265347375315407e+00 1.917582112114761150e+00 3.586435838913951457e+00
-3.016400988986176035e+00 1.502615752827702433e+00 3.759146472255490590e+00
-2.978809524263621000e+00 1.899908840658317555e+00 3.598877161952541481e+00
-2.942820752644095705e+00 2.002821740869511924e+00 3.812005085114785530e+00
-2.904700701792947815e+00 2.241940207052201650e+00 3.876496919783187778e+00
-2.865935732595116026e+00 2.389628200796472868e+00 3.755363563183647724e+00
-2.828382096963279579e+00 2.198810010325956021e+00 4.032207916149717519e+00
-2.788060017801782475e+00 2.338997489907119753e+00 4.111627161179963963e+00
-2.746943746189983049e+00 1.920371229935464719e+00 4.356023436673650551e+00
-2.703383511823246543e+00 2.006534554901955758e+00 4.640269814355923117e+00
-2.656980813679687525e+00 1.875515711509195826e+00 4.707150747048628681e+00
-2.609909306209201141e+00 1.947499866975918259e+00 4.763502288871483970e+00
-2.562274283320486123e+00 2.177488496680741292e+00 4.754803551531392891e+00
-2.514726247805172399e+00 2.230264958863537483e+00 4.663633500061152404e+00
-2.468089912804560804e+00 2.301424587448185566e+00 4.408828423571378607e+00
-2.424001628568846822e+00 2.365913559395475652e+00 4.291680403963743728e+00
-2.381084824529209332e+00 2.176463600162052092e+00 4.053646734799547069e+00
-2.340548357181214012e+00 2.195761797717408204e+00 4.112246217961718742e+00
-2.299425895001596665e+00 2.297314265969064184e+00 4.484967067102092031e+00
-2.254576224330575585e+00 2.194420647497368204e+00 4.427160948353870751e+00
-2.210304614847036664e+00 2.067637811277958093e+00 4.324192855253047973e+00
-2.167062686294506157e+00 2.007114644364546674e+00 4.081514050040865094e+00
-2.126247545794097693e+00 2.012061669026635080e+00 3.917707501695864458e+00
-2.087070470777139253e+00 2.471898098072377259e+00 3.772137933325903525e+00
-2.049349091443880333e+00 2.666729654278898742e+00 3.758842352602856707e+00
-2.011760667917851908e+00 3.027837998165895161e+00 3.898458013458563798e+00
-1.972776087783266297e+00 2.741292964913012664e+00 3.640442523173529565e+00
-1.936371662551531037e+00 2.674813049515521790e+00 3.677177309808846495e+00
-1.899599889453442492e+00 2.693944712684521736e+00 3.689211334738199177e+00
-1.862707776106060420e+00 2.477422801419311593e+00 3.440277213221861086e+00
-1.828305003973841769e+00 2.479192253728025985e+00 3.276768796487082636e+00
-1.795537316008970929e+00 2.351334657719627685e+00 3.434017514811050997e+00
-1.761197140860860433e+00 2.096409160459685950e+00 3.543645400353547803e+00
-1.725760686857324977e+00 2.202798026869373427e+00 3.507684926662923086e+00
-1.690683837590695848e+00 2.304404670510035391e+00 3.728614246731656756e+00
-1.653397695123379307e+00 2.168213834678503815e+00 3.833031881732925417e+00
-1.615067376306050129e+00 1.836502630427308436e+00 3.505052375178435931e+00
-1.580016852554265716e+00 1.925191453899660399e+00 3.654132763106815229e+00
-1.543475524923197506e+00 1.704235611412790785e+00 4.010064758501519222e+00
-1.503374877338182314e+00 1.864215156598135970e+00 3.721620497451624043e+00
-1.466158672363666149e+00 2.189672943953133277e+00 3.832725219600467526e+00
-1.427831420167661403e+00 2.427801239518712961e+00 3.628099526623112858e+00
-1.391550424901430327e+00 2.977036759211061145e+00 3.643201165307530687e+00
-1.355118413248354914e+00 3.099413612307976518e+00 3.561098330725977146e+00
-1.319507429941095156e+00 3.386064214422840557e+00 3.900500210400124512e+00
-1.280502427837094004e+00 3.309884745464776401e+00 3.698770473920071300e+00
-1.243514723097893349e+00 3.116562128694593703e+00 3.272791967479064645e+00
-1.210786803423102631e+00 2.975213668377993947e+00 3.165113890177227329e+00
-1.179135664521330451e+00 2.857456941392608751e+00 3.146451759945488202e+00
-1.147671146921875662e+00 2.973721094739559145e+00 3.057879283528812664e+00
-1.117092354086587580e+00 3.066929654816346051e+00 3.180467780862071159e+00
-1.085287676277966851e+00 2.974244222245880032e+00 3.024508162110095988e+00
-1.055042594656865784e+00 2.842299718613523041e+00 2.966663637967484668e+00
-1.025375958277190858e+00 3.189315803430527119e+00 3.025864514453807441e+00
-9.951173131326527255e-01 3.128648205435909713e+00 3.247905895920875530e+00
-9.626382541734439524e-01 3.106101157630740683e+00 2.715265616555368133e+00
-9.354855980078902178e-01 3.277845535705771862e+00 2.876651086833653448e+00
-9.067190871395536256e-01 3.347158013745349159e+00 2.815816954605028677e+00
-8.785609175935032988e-01 3.132922579228778037e+00 2.836691909849764937e+00
-8.501939984950056539e-01 3.143858278941678464e+00 2.939443265340194067e+00
-8.207995658416037399e-01 3.321840309093931687e+00 2.999416354482762337e+00
-7.908054022967760943e-01 3.475840372279467516e+00 3.309670408070710224e+00
-7.577086982160690098e-01 3.424943315760959450e+00 3.156969237286668228e+00
-7.261390058432023453e-01 3.174579862885741122e+00 2.948906319415282251e+00
-6.966499426490495583e-01 3.248456448475755654e+00 3.121542059009822623e+00
-6.654345220589513721e-01 3.151945573577966009e+00 2.988932080222508780e+00
-6.355452012567263109e-01 2.997082790104536709e+00 2.860434445873837994e+00
-6.069408567979879265e-01 2.991995653112412779e+00 2.656924084747798176e+00
-5.803716159505099004e-01 2.981529570913515226e+00 2.448826613833193111e+00
-5.558833498121780181e-01 2.713951072707621925e+00 2.237744030730921985e+00
-5.335059095048687583e-01 3.053475070543957504e+00 2.137758114916445074e+00
-5.121283283557043209e-01 2.880753271493936563e+00 2.036287196723110426e+00
-4.917654563884732433e-01 2.825564392385405910e+00 1.819250633904043513e+00
-4.735729500494327837e-01 2.711685001850872911e+00 1.975035538144607417e+00
-4.538225946679866896e-01 2.907158245544086750e+00 2.026351703096045842e+00
-4.335590776370262245e-01 2.966167660457410982e+00 2.379967860484703657e+00
-4.097593990321791724e-01 3.233850939963543336e+00 2.585200075166974809e+00
-3.839073982805094043e-01 3.410087930911904763e+00 2.279379368267718586e+00
-3.611136045978322051e-01 3.348357173869576986e+00 2.337397597195597587e+00
-3.377396286258762537e-01 3.351580632438800222e+00 2.527337025036862528e+00
-3.124662583755076217e-01 3.601063361527304885e+00 2.383178847404253897e+00
-2.886344699014650739e-01 3.512276684178261110e+00 2.499695461620176307e+00
-2.636375152852633019e-01 3.379473162537033115e+00 2.476069244406337688e+00
-2.388768228411999317e-01 3.392153185367261514e+00 2.176592407315120603e+00
-2.171108987680487323e-01 3.068969003157156816e+00 1.834193492103109335e+00
-1.987689638470176434e-01 3.329009637354801043e+00 1.893864318580157802e+00
-1.798303206612160698e-01 3.546678087685054770e+00 2.087774228789164965e+00
-1.589525783733244102e-01 4.182618335701725698e+00 2.251063387192571597e+00
-1.364419445013986820e-01 4.238062226379939013e+00 2.408637234883486133e+00
-1.123555721525638235e-01 4.312035974290927776e+00 2.424592524550488459e+00
-8.810964690705894165e-02 4.540288137112846734e+00 2.537214127874960479e+00
-6.273750562830933408e-02 4.338439293261396656e+00 2.259820963583064390e+00
-4.013929599247868796e-02 4.291410001949357955e+00 2.329392314102483041e+00
-1.684537285145385616e-02 4.515289324938214222e+00 1.617128955434654403e+00
-6.740832971073133784e-04 4.387362767396112417e+00 1.715479329519028706e+00
1.648070999808297354e-02 4.662702641863584851e+00 1.656728063599551826e+00
3.304799063407849041e-02 4.571062132833043634e+00 1.438364874610665645e+00
4.743163938018514492e-02 4.734772014564519793e+00 1.474179261409396480e+00
6.217343199427911166e-02 4.415091766057662959e+00 1.335803822547072972e+00
7.553147021974984665e-02 4.667025482319072438e+00 1.963856810425046007e+00
9.517003832400031116e-02 4.697000178770074363e+00 1.737121832374137531e+00
1.125412566477416859e-01 4.744718114587551661e+00 1.522897474681448537e+00
1.277702313945561774e-01 4.485793347676804821e+00 1.330610763712804623e+00
1.410763390316842336e-01 4.934620995104989305e+00 1.050778289584326286e+00
1.515841219275274876e-01 5.184374048174265504e+00 8.491616280980575082e-01
1.600757382085080671e-01 5.095917625768656478e+00 6.509727992541716191e-01
1.665854662010497755e-01 4.855881365936549621e+00 1.001787148980644471e+00
1.766033376908562325e-01 4.615858815291844053e+00 9.708901055963889970e-01
1.863122387468201246e-01 4.264938350767932818e+00 6.543079511960718797e-01
1.928553182587808557e-01 4.727900066979814575e+00 5.058708799123472488e-01
1.979140270579043404e-01 4.588033080034513489e+00 5.443279934136022735e-01
2.033573069920403542e-01 4.784212325535477817e+00 6.077624560711358814e-02
2.039650694481114912e-01 4.421988668489559515e+00 -1.111154084633028255e-01
2.028539153634784653e-01 4.236460392764075600e+00 -3.515513019487389590e-01
1.993384023439910835e-01 3.954359277485354429e+00 -1.571782307500902420e-01
1.977666200364901761e-01 4.012112815704216295e+00 -1.677971097422396307e-01
1.960886489390677723e-01 4.202310327377944077e+00 -7.458978162654166244e-01
1.886296707764135994e-01 4.071157365085802837e+00 -6.621304445405916672e-01
1.820083663310076705e-01 3.918590741405230560e+00 -6.458845685097721612e-01
1.755495206459099511e-01 3.814181340895594019e+00 -5.139895775172891312e-01
1.704096248707370476e-01 3.695855347510746292e+00 -3.624811559661094140e-01
1.667848133110759468e-01 3.508135212344575926e+00 -4.277011987597935105e-01
1.625078013234780017e-01 3.510402651107491945e+00 -5.778307721019614318e-01
1.567294936024583862e-01 3.470715139690386586e+00 -5.816346028276960789e-01
1.509131475741814221e-01 3.319893811516165361e+00 -4.823517908455092207e-01
1.460896296657263338e-01 3.530902364867156251e+00 -3.087132807834189752e-01
1.430024968578921529e-01 3.706332672794627303e+00 3.110808594100000768e-02
1.433135777173021597e-01 3.657237384204818031e+00 3.303455524897191964e-01
1.466170332421993516e-01 3.540303439719615142e+00 3.135593104445276724e-01
1.497526263466446295e-01 3.492277991819602079e+00 6.173040293238875043e-01
1.559256666398834978e-01 3.443253025041280502e+00 7.107949520228588058e-01
1.630336161601120826e-01 3.482374333123309462e+00 7.593227659715469091e-01
1.706268438198275395e-01 3.525805350811183736e+00 3.969491614506955868e-01
1.745963354343345042e-01 3.514922957568775264e+00 3.000081884647429753e-01
1.775964173189819306e-01 3.867457173962691286e+00 1.351266933168404627e-01
1.789476842521503241e-01 3.899314740462563655e+00 1.832489008861911683e-01
1.807801732610122281e-01 3.732015124821525198e+00 1.376772918029566806e-01
1.821569461790417954e-01 3.655582094284334893e+00 6.557920587542863389e-02
1.828127382377960908e-01 3.348611893435565534e+00 2.482376016059114621e-01
1.852951142538551976e-01 3.297394797143647249e+00 6.653805190747569265e-02
1.859604947729299462e-01 3.434698565237396473e+00 1.354092582473527540e-02
1.860959040311772894e-01 3.244291665328122853e+00 -3.953566269257578758e-02
1.857005474042515425e-01 3.383390075399387964e+00 -2.006156361563208312e-01
1.836943910426883375e-01 3.597975803105379011e+00 -1.348716219313754183e-01
1.823456748233745761e-01 3.602457555240750064e+00 -1.027189436931090355e-01
1.813184853864434898e-01 4.036942303738565663e+00 -2.683740607233279785e-01
1.786347447792102083e-01 3.933030296287918670e+00 -5.531999386722548095e-01
1.731027453924876558e-01 3.818477765300363203e+00 -2.368130746813118526e-01
1.707346146456745484e-01 4.022096016059818702e+00 -5.546627378933435826e-02
1.701799519077812073e-01 4.217119758881239022e+00 -2.548225771511759830e-02
1.699251293306300314e-01 4.132776824774428981e+00 2.358160635261104254e-01
1.722832899658911232e-01 4.010521512187429138e+00 2.315510891244139668e-01
1.745988008571352501e-01 4.058887535630683274e+00 2.279855520519469547e-01
1.768786563776547083e-01 4.112145603533372551e+00 4.025259810261250237e-02
1.772811823586808444e-01 3.954205711454426453e+00 1.475498506027476675e-01
1.787566808647083338e-01 4.451499594645092373e+00 7.752962965959493691e-02
1.795319771613042847e-01 4.588585775789988830e+00 7.510450601174499807e-01
1.870424277624787857e-01 5.243553212919860762e+00 6.952091716964383661e-01
1.939945194794431838e-01 5.327715777566237598e+00 6.070738391053507321e-01
2.000652578704966988e-01 4.998774621187153322e+00 5.889736098772268003e-01
2.059549939692689735e-01 4.878079222423781225e+00 6.839786700125844998e-01
2.127947806693948063e-01 4.965820890318943803e+00 3.732605303008543762e-01
2.165273859724033412e-01 4.909082033726212657e+00 1.433588622196890761e-01
2.179609745946002319e-01 5.034085690381752798e+00 -4.093688343253912287e-02
2.175516057602748521e-01 4.772272601824165683e+00 -7.514081876861422593e-02
2.168001975725886987e-01 4.963738252513481441e+00 -1.043047851729054371e-01
2.157571497208596312e-01 5.054290786118576406e+00 -1.192592309016988483e-01
2.145645574118426324e-01 5.062756363626631284e+00 -2.406014776919288001e-02
2.143239559341507117e-01 5.089413766465017197e+00 6.706839573814149524e-02
2.149946398915321133e-01 4.982125005246638594e+00 -2.755527381556499567e-02
2.147190871533764533e-01 5.144794764724000657e+00 -3.938585986022766217e-01
2.107805011673536955e-01 5.248807161692239376e+00 -6.442978083509344200e-01
2.043375230838443413e-01 5.169903770283910127e+00 -3.764796114009991701e-01
2.005727269698343584e-01 5.382955364972379364e+00 -1.318119755548144700e-01
1.992546072142862001e-01 5.426751387036000907e+00 -6.302696152967927901e-02
1.986243375989893978e-01 5.426249344433327515e+00 -2.094509652745195072e-01
1.965298279462442121e-01 5.347099304022849608e+00 -3.147108968631418535e-01
1.933827189776128053e-01 5.251210552637499696e+00 -4.344006144009074366e-01
1.890387128336037392e-01 5.172679792098175966e+00 -6.972318795863942098e-01
1.820663940377398038e-01 4.966185610732313904e+00 -6.241382433774663729e-01
1.758250116039651312e-01 5.005033679594148133e+00 -7.687684967958280380e-01
1.681373266360068619e-01 5.214621468905264123e+00 -5.075115119839925804e-01
1.630622115161669272e-01 5.504162953703329642e+00 -6.078723751167220968e-01
1.569834877649997074e-01 5.284840167319569737e+00 -4.293493315829404189e-01
1.526899944491703076e-01 5.144554351446963381e+00 -6.173420455621023706e-01
1.465165739935492817e-01 4.869385588240087159e+00 -4.414824840798581285e-01
1.421017491527507004e-01 4.819076886889757994e+00 -3.766263229032354998e-01
1.383354859237183321e-01 4.489834410034805323e+00 -3.664526231900604447e-01
1.346709596918177210e-01 4.099063347670321988e+00 -2.612173559844390702e-01
1.320587861319733325e-01 3.745582534951554798e+00 -6.788964383587403617e-02
1.313798896936145821e-01 3.830241823967357462e+00 -1.460919632706556837e-01
1.299189700609080234e-01 4.012491713637826862e+00 -8.402473669168611381e-02
1.290787226939911492e-01 4.244971226713194490e+00 -1.671496802477709376e-01
1.274072258915134315e-01 4.357220840355549463e+00 -1.123660116956491928e-01
1.262835657745569329e-01 4.403659648084468969e+00 -1.975915333463412749e-02
1.260859742412105966e-01 4.217728009533680655e+00 -9.979934304425211455e-02
1.250879808107680791e-01 4.205347689159022906e+00 2.564028398325891578e-01
1.276520092090939751e-01 4.479360442902001083e+00 6.181232868329378238e-01
1.338332420774233644e-01 4.386557222555995672e+00 7.393494406698160049e-01
1.412267364841215123e-01 4.435177953200097001e+00 4.546015822328049460e-01
1.457727523064495656e-01 4.776275690440429322e+00 6.823604022541314151e-01
1.525963563289908786e-01 5.023608380462764700e+00 4.710916806124352263e-01
1.573072731351152220e-01 5.035105702078229939e+00 6.282762987830859958e-01
1.635900361229460920e-01 5.110719848747963923e+00 8.592145250422105196e-01
1.721821813733681872e-01 4.782289985382748299e+00 6.580304880350046348e-01
1.787624862537182391e-01 5.088977699388370191e+00 7.128397173115278429e-01
1.858908834268335197e-01 5.075817527822876762e+00 8.983705931714270898e-01
1.948745893585477895e-01 5.326603131164175942e+00 9.351196802224316373e-01
2.042257861607721103e-01 5.456594757794817063e+00 1.108997168458225158e+00
2.153157578453543664e-01 5.556227748753556739e+00 9.416458788081764064e-01
2.247322166334361215e-01 5.610090849506530475e+00 8.973819969126229923e-01
2.337060366025623392e-01 5.934988290185160054e+00 9.844423719896119307e-01
2.435504603224584730e-01 6.038283894135145324e+00 1.159505056853121330e+00
2.551455108909896907e-01 6.055508925409903043e+00 1.108631024500530193e+00
2.662318211359949727e-01 5.962997000309770534e+00 1.266817622604537119e+00
2.788999973620403527e-01 5.882973358603474701e+00 1.094031781632116784e+00
2.898403151783615073e-01 6.048067429560072483e+00 1.126987419659628120e+00
3.011101893749578151e-01 5.754899771594292446e+00 1.353979827958490700e+00
3.146499876545427177e-01 5.321604924847396667e+00 1.517148592520162431e+00
3.298214735797443398e-01 5.300596480253365606e+00 1.127621115135487795e+00
3.410976847310991933e-01 4.973358903517015150e+00 1.113492759159095291e+00
3.522326123226901529e-01 4.792229443310482395e+00 1.118969137832792837e+00
3.634223037010180790e-01 4.897153605964452261e+00 7.536042194427871044e-01
3.709583458954459623e-01 4.955165012613957032e+00 8.478730589269097839e-01
3.794370764847150856e-01 4.883293529374735265e+00 6.753958000207280765e-01
3.861910344849223686e-01 5.153465375297178852e+00 8.076630181341237780e-01
3.942676646662636175e-01 5.160013912750031295e+00 9.521222672406202125e-01
4.037888873386697997e-01 5.297887180045189659e+00 9.459150667400278989e-01
4.132480380060700731e-01 5.543194175408573621e+00 1.211369735139624648e+00
4.253617353574662974e-01 5.371803431526675610e+00 1.200420247462212320e+00
4.373659378320884361e-01 5.257091553475162549e+00 1.171472657691231323e+00
4.490806644090007405e-01 5.562485055065048201e+00 1.052245931524658396e+00
4.596031237242473311e-01 5.524760206320422640e+00 1.244737382237800283e+00
4.720504975466253139e-01 5.095832644222519470e+00 1.186308744064174858e+00
4.839135849872670536e-01 4.843049106491283062e+00 1.089082954953948912e+00
4.948044145368065694e-01 4.544384462853178874e+00 1.298708971690226255e+00
5.077915042537087809e-01 4.008974854170450186e+00 1.549137709186547474e+00
5.232828813455742134e-01 3.995753393912811813e+00 1.234804677298085629e+00
5.356309281185550608e-01 4.332617104639144401e+00 1.036595332460616969e+00
5.459968814431612749e-01 4.305784369653094856e+00 9.976567354235965635e-01
5.559734487973972961e-01 4.211298969905290512e+00 1.433337462599225898e+00
5.703068234233895639e-01 4.462307251490337023e+00 1.435394506254280778e+00
5.846607684859324028e-01 4.363038725361533920e+00 1.309597324179577305e+00
5.977567417277281914e-01 4.212782645445799723e+00 8.178929964416006282e-01
6.059356716921442398e-01 4.171270264311004006e+00 6.340728498195117302e-01
6.122764001903393538e-01 3.959696085980292324e+00 7.868386508490295972e-01
6.201447866988296642e-01 3.940947684182983135e+00 8.815111831259746511e-01
6.289598985300893785e-01 4.152238635121511479e+00 9.031787914564211039e-01
6.379916864446535385e-01 4.461109301601986488e+00 8.370073556683452765e-01
6.463617600013369380e-01 4.173537923897657542e+00 1.000487247616395070e+00
6.563666324775009331e-01 3.942600979864152588e+00 9.867131498685062230e-01
6.662337639761859442e-01 4.007131697425352357e+00 9.949863815311607018e-01
6.761836277914975435e-01 3.991442061547458398e+00 9.839343368921140698e-01
6.860229711604186598e-01 4.054777659315181637e+00 9.804077263248003327e-01
6.958270484236667164e-01 3.825686122101917164e+00 8.427600302721962588e-01
7.042546487263886545e-01 4.039255927359606702e+00 8.682625753416058911e-01
7.129372744798047057e-01 4.517390454064543093e+00 1.089152938204285270e+00
7.238288038618475584e-01 4.074454293138214389e+00 1.040809556754402676e+00
7.342368994293916318e-01 4.037796525114353940e+00 8.982496805731552403e-01
7.432193962351232308e-01 4.129691150099297658e+00 7.278642225979414793e-01
7.504980384611026345e-01 3.896087742076032256e+00 6.246498368818582669e-01
7.567445368299212660e-01 3.678950491415191593e+00 8.098894032755830086e-01
7.648434308626771427e-01 3.318804133871832818e+00 7.907824498551109249e-01
7.727512553612282398e-01 3.271885234692391453e+00 6.463681340639220174e-01
7.792149367018674777e-01 3.552232972516585541e+00 2.856005577318934119e-01
7.820709422791863874e-01 3.218810528133130511e+00 2.122169792032079783e-01
7.841931120712184455e-01 3.386882502141183249e+00 1.769782788891339498e-01
7.859628948601098397e-01 3.301858605301531302e+00 5.373044235525128998e-02
7.865001992836623268e-01 3.439233705624340942e+00 2.764818105943138704e-01
7.892650173896054167e-01 3.407089028488276661e+00 2.991580607627645216e-01
7.922565979972330252e-01 3.063871059455863577e+00 3.959503547769715470e-01
7.962161015450027746e-01 3.017283404526026835e+00 3.480992828819245988e-01
7.996970943738219706e-01 2.879958124260814767e+00 3.987909941698931648e-01
8.036850043155209233e-01 2.874053745201679888e+00 2.729761418355441949e-01
8.064147657338763819e-01 3.283133517645490329e+00 9.212041404400952982e-02
8.073359698743164392e-01 3.259746188329034844e+00 3.654701054579559960e-01
8.109906709288959847e-01 3.197489868139226754e+00 3.875350601412592688e-01
8.148660215303086263e-01 2.979569577193824426e+00 2.946406345105122004e-01
8.178124278754137499e-01 2.788609957374061477e+00 1.587539071889612907e-01
8.193999669473033265e-01 2.773921361244116923e+00 4.571197111606323249e-01
8.239711640589096886e-01 2.670434981172455036e+00 2.361947791916104156e-01
8.263331118508258077e-01 2.872905469026867831e+00 -1.674492632876628806e-01
8.246586192179491404e-01 2.749961930537600185e+00 -3.500531514502105979e-01
8.211580877034470038e-01 2.760075660743555925e+00 -3.959455238226494145e-01
8.171986324652205091e-01 2.414806680862171095e+00 -1.368404716834747126e-01
8.158302277483857612e-01 2.238681022331558523e+00 -4.468170117414628495e-02
8.153834107366443318e-01 2.483127913827618549e+00 1.110876616388352112e-01
8.164942873530326439e-01 2.557568510975660292e+00 4.824930352201532713e-02
8.169767803882528323e-01 2.619139687807227723e+00 -2.122132146140580378e-01
8.148546482421122894e-01 2.625768441500573758e+00 -2.482536053477436555e-01
8.123721121886348095e-01 3.063270530670592962e+00 -1.195020221879800615e-01
8.111770919667550261e-01 3.000325862174771263e+00 -4.379606974767320526e-01
8.067974849919876679e-01 2.579961257056496926e+00 -1.337521708772492213e-01
8.054599632832152301e-01 2.154442421715068612e+00 -9.738045896713246052e-02
8.044861586935438957e-01 2.103597513964309496e+00 1.580095986013996257e-01
8.060662546795578365e-01 2.045484022606994579e+00 1.411551246517813718e-01
8.074778059260756535e-01 2.107831591053404452e+00 1.612781477504340311e-01
8.090905874035799750e-01 2.003508828795773411e+00 1.348750045753745463e-01
8.104393374493337188e-01 1.596876445278141210e+00 -3.146308735623972730e-01
8.072930287137097816e-01 1.482861918095463860e+00 -4.194793505002693546e-01
8.030982352087070453e-01 1.787947058988367255e+00 -5.801193522797792879e-01
7.972970416859092024e-01 1.722124410178246690e+00 -4.933353581650148922e-01
7.923636881042590563e-01 1.902022152443840541e+00 -3.132706312168463403e-01
7.892309817920906134e-01 2.011578034263947323e+00 -6.311108606423470047e-01
7.829198731856671367e-01 2.243460105020617323e+00 -6.759582700578952164e-01
7.761602904850881668e-01 2.186613378070224378e+00 -6.850157415416280315e-01
7.693101330696718865e-01 2.059111292797093817e+00 -4.122566840933985510e-01
7.651875662287378477e-01 2.071100776419526834e+00 -3.841555451066759885e-01
7.613460107776710561e-01 1.907222572581747988e+00 -6.612127660845936727e-01
7.547338831168250994e-01 1.954195068005562197e+00 -8.399789465985605386e-01
7.463340936508394696e-01 2.144178803158191648e+00 -9.468477789617684159e-01
7.368656158612217899e-01 1.916008880040150686e+00 -1.102781468992466873e+00
7.258378011712971478e-01 1.952503886728551796e+00 -1.317163672103923711e+00
7.126661644502578774e-01 1.753850163131853046e+00 -1.280632090102532317e+00
6.998598435492325853e-01 2.000357546448890300e+00 -8.893375129043442628e-01
6.909664684201891616e-01 2.349739556659669049e+00 -7.070454376523086504e-01
6.838960140436660673e-01 2.072413527548900181e+00 -7.389550461424648775e-01
6.765064635822414241e-01 2.601117743832888962e+00 -8.128707708994781234e-01
6.683777558732466595e-01 2.700314479320537586e+00 -6.501013579465798609e-01
6.618767422937809064e-01 2.565253164825306964e+00 -4.190367493642260799e-01
6.576863748001386956e-01 2.316340667228243166e+00 -4.858077047237084334e-01
6.528282977529016318e-01 2.021342571746664429e+00 -3.347331461922984919e-01
6.494809662909786230e-01 1.923909771122282342e+00 -5.007264402685802640e-01
6.444737018882927826e-01 1.824647819422912320e+00 -5.223483637333409257e-01
6.392502182509594011e-01 1.781259463579327518e+00 -3.021668018805764300e-01
6.362285502321536335e-01 1.734011608609191457e+00 4.529846948577320731e-02
6.366815349270114055e-01 1.898201964985534396e+00 -6.804731436087435581e-02
6.360010617834026547e-01 2.143323822279849633e+00 -5.276255012339687439e-02
6.354734362821686799e-01 1.837871083859044186e+00 3.045568758064385317e-01
6.385190050402330675e-01 1.430683233162570733e+00 2.763990671961780166e-01
6.412829957121948254e-01 1.769033948039616000e+00 7.538354502061677120e-01
6.488213502142564648e-01 2.009323471234765179e+00 8.360263466509705310e-01
6.571816136807662190e-01 2.111269101509035462e+00 6.801752480389603450e-01
6.639833661611558302e-01 2.083312736343554405e+00 6.731741661097041529e-01
6.707151078222528540e-01 2.235483202618911758e+00 3.943922235514479846e-01
6.746590300577672839e-01 1.893930985685389423e+00 3.821164158305742076e-01
6.784801942160729737e-01 1.881289748443060628e+00 4.611744966238409127e-01
6.830919391823113695e-01 1.737034364102904682e+00 2.019267160028357377e-01
6.851112063423396847e-01 1.271258876267823412e+00 3.277339448726949156e-01
6.883885457910666750e-01 1.179581219310422258e+00 2.124182161922964218e-01
6.905127279529896800e-01 1.251362888859395284e+00 6.914910211353367253e-02
6.912042189741249842e-01 9.862390113841230654e-01 -7.665737941673451961e-02
6.904376451799576486e-01 1.208096843839692625e+00 -2.697296183916043089e-01
6.877403489960416394e-01 1.136189601466593535e+00 -1.832342326229577933e-01
6.859080066698121092e-01 6.963952283316405811e-01 1.747183316675124387e-02
6.860827250014795986e-01 7.300039810948332208e-01 2.445481563729934027e-01
6.885282065652095218e-01 7.299276528904952155e-01 3.193056662356332231e-01
6.917212632275658857e-01 8.130498549345918091e-01 1.397958177126505386e-01
6.931192214046923983e-01 6.025325405705174164e-01 4.204893713842372538e-02
6.935397107760766788e-01 9.114818457575608601e-01 -6.112940938875007640e-02
6.929284166821891855e-01 6.514320683202832196e-01 -3.031424430047078289e-01
6.898969922521420717e-01 7.971316368270430219e-01 1.444325288779089167e-01
6.913413175409212075e-01 9.575243200211023265e-01 1.569981990204813160e-01
6.929112995311260681e-01 1.182845827351410861e+00 6.137941128685406311e-02
6.935250936439946168e-01 1.106455455407809652e+00 -5.441842248938124627e-01
6.880832513950564389e-01 1.341553728841568649e+00 -5.518324630368625083e-01
6.825649267646878293e-01 1.201984165022028650e+00 -6.696728319578449939e-01
6.758681984451093694e-01 1.102757674652651065e+00 -3.588110888814307620e-01
6.722800875562950917e-01 1.224749392708522011e+00 -2.999556844050761395e-01
6.692805307122443592e-01 1.471045578267496934e+00 1.682861597592756331e-01
6.709633923098371477e-01 1.359731796454240582e+00 3.707057248232470958e-01
6.746704495580696515e-01 1.242138268542355206e+00 3.976622142959758688e-01
6.786470717010294473e-01 1.801042632728981241e+00 5.984784023755637117e-01
6.846318557247851322e-01 2.059635079080675002e+00 7.094001967772007866e-01
6.917258576925571223e-01 1.862587323457825850e+00 8.251886181470835524e-01
6.999777438740280022e-01 2.264697724752234631e+00 8.402117949230090144e-01
7.083798618232580724e-01 2.468092828027188546e+00 7.703740393797539054e-01
7.160836022170555815e-01 2.729922853095590796e+00 9.470616222140937346e-01
7.255542184391965410e-01 2.682072360515973308e+00 1.218201390272983575e+00
7.377362323419264234e-01 2.994579617589766762e+00 1.341087730839818359e+00
7.511471096503246070e-01 2.968058124299152833e+00 1.439689495218257065e+00
7.655440046025071554e-01 2.899623934334190078e+00 1.520507610623217376e+00
7.807490807087393847e-01 2.791469316136687695e+00 1.427448486818527762e+00
7.950235655769246623e-01 2.713551297620982350e+00 1.353200110308203419e+00
8.085555666800067209e-01 2.704062078564833271e+00 1.080262096544504669e+00
8.193581876454517632e-01 2.913271987626496085e+00 1.019830800511158930e+00
8.295564956505633303e-01 2.913907856714738287e+00 1.013191948721944291e+00
8.396884151377828065e-01 2.739501403265689028e+00 7.966249686955734211e-01
8.476546648247385018e-01 2.584663600157777630e+00 5.512059131151931801e-01
8.531667239558904381e-01 2.477337252624625563e+00 6.069041259221875650e-01
8.592357652151123570e-01 2.726721010057946870e+00 5.754286915329454022e-01
8.649900521304417778e-01 2.580776593407714703e+00 7.425367031548814056e-01
8.724154191619906129e-01 2.781299707839181679e+00 6.891172836039018978e-01
8.793065919980296297e-01 2.784024451975555259e+00 6.415651053275914784e-01
8.857222430513055356e-01 2.827576053209661211e+00 5.975458889010981656e-01
8.916977019403165006e-01 3.074792854998846359e+00 8.770017653625354903e-01
9.004677195939418954e-01 2.918646254115785155e+00 9.366826381246317057e-01
9.098345459751882025e-01 2.606891243252348112e+00 9.233070671292777920e-01
9.190676166464809560e-01 2.614566765413117722e+00 1.043961778903641946e+00
9.295072344355174154e-01 2.542165311145513584e+00 5.409597913762148602e-01
9.349168323492795807e-01 2.465112742157294257e+00 6.177802011300833618e-01
9.410946343605803843e-01 2.665177176375240542e+00 4.488738353620957966e-01
9.455833727142013423e-01 3.008921675174718757e+00 6.821946809145973400e-01
9.524053195233472824e-01 2.606134253368401321e+00 9.964664947246633098e-01
9.623699844705939643e-01 2.596263025980217076e+00 8.623882995417211372e-01
9.709938674660111291e-01 2.513096752896420316e+00 8.333670271564506127e-01
9.793275377375756374e-01 2.451718561438608113e+00 8.054247848444637814e-01
9.873817855860202997e-01 2.320018629784285746e+00 6.364799257657549614e-01
9.937465848436778382e-01 2.087471600594894561e+00 6.454575654054196532e-01
1.000201160497732111e+00 1.873166054183952545e+00 8.248592216012755607e-01
1.008449752713744818e+00 1.933985283911811681e+00 1.168135172180700065e+00
1.020131104435551883e+00 1.857077983268263788e+00 1.128396315016217288e+00
1.031415067585714107e+00 1.946179158621475391e+00 1.087869871262291399e+00
1.042293766298336921e+00 1.669223374066567622e+00 8.113222622114701910e-01
1.050406988920451701e+00 1.381029307759808589e+00 6.657464687111853685e-01
1.057064453607563514e+00 1.487085939759010156e+00 6.025845218909847700e-01
1.063090298826473434e+00 1.568639900620676819e+00 6.287599009790998394e-01
1.069377897836264468e+00 1.682217407524218222e+00 9.356889152313216940e-01
1.078734786988577721e+00 1.433227198782430323e+00 9.130630506814556568e-01
1.087865417495392339e+00 1.533225141192861463e+00 1.165179272770821672e+00
1.099517210223100561e+00 1.447148634456871141e+00 1.419606500859828868e+00
1.113713275231698940e+00 1.264318883190435949e+00 1.669852734369864589e+00
1.130411802575397529e+00 9.797370613189314570e-01 1.620428831558514027e+00
1.146616090890982598e+00 1.336116290630739778e+00 1.634940906235236247e+00
1.162965499953334980e+00 1.378531752084074302e+00 1.461880809443995899e+00
1.177584308047775030e+00 1.501142427892949494e+00 1.193241903368501111e+00
1.189516727081459946e+00 1.378385709305349982e+00 9.438950342611184263e-01
1.198955677424071053e+00 1.475858504911284230e+00 1.098702286518562721e+00
1.209942700289256656e+00 1.623140099943186865e+00 1.434206623530754898e+00
1.224284766524564194e+00 1.720337136744539919e+00 1.473857805354700234e+00
1.239023344578111141e+00 1.762690875914204369e+00 1.707777466224043472e+00
1.256101119240351505e+00 1.926493466551298495e+00 1.845234547771386957e+00
1.274553464718065410e+00 2.088798679312507733e+00 1.997235948086914625e+00
1.294525824198934583e+00 1.751747307766509776e+00 2.167494283623714768e+00
1.316200767035171637e+00 1.840071578919939554e+00 1.977295044568439408e+00
1.335973717480856138e+00 1.693580257819133239e+00 2.251368877965641779e+00
1.358487406260512564e+00 1.633861428389681292e+00 2.093838659628900700e+00
1.379425792856801669e+00 1.738110508230403362e+00 2.187818118201716011e+00
1.401303974038818900e+00 2.090524537111598136e+00 2.446582732780820280e+00
1.425769801366627121e+00 2.304412747306711751e+00 2.025409765106422455e+00
1.446023899017691239e+00 2.280665439332220767e+00 2.202109775275659764e+00
1.468044996770447863e+00 2.112841213003115559e+00 2.111311450212572716e+00
1.489158111272573581e+00 2.343568696835728105e+00 2.203290284235551511e+00
1.511191014114929176e+00 2.508158144725689986e+00 2.016298198131752706e+00
1.531353996096246783e+00 2.581887103213456491e+00 1.806833030182415811e+00
1.549422326398070870e+00 2.615129078990761968e+00 1.393820567788375264e+00
1.563360532075954712e+00 2.589798001711054454e+00 1.556935683682242555e+00
1.578929888912777191e+00 2.311193463404532356e+00 1.844458224218387565e+00
1.597374471154961117e+00 2.340876268552287698e+00 1.803782548178328726e+00
1.615412296636744349e+00 2.054689394665445867e+00 1.996621208499247624e+00
1.635378508721736734e+00 2.201691028170264186e+00 1.950873226361204082e+00
1.654887240985348784e+00 2.251323363891889695e+00 1.873302072138105068e+00
1.673620261706729728e+00 2.337050000189915711e+00 1.783485516136860127e+00
1.691455116868098241e+00 2.347300048919065407e+00 1.726404698607165056e+00
1.708719163854169887e+00 2.258904732688566508e+00 1.642094922729878004e+00
1.725140113081468751e+00 2.518657146965001203e+00 1.780261396837969468e+00
1.742942727049848539e+00 2.508231476894693834e+00 1.685545341281107445e+00
1.759798180462659678e+00 2.445384004137957312e+00 1.586663274785512279e+00
1.775664813210514836e+00 2.499567329856405618e+00 1.792638319424703086e+00
1.793591196404761945e+00 2.196740656602281128e+00 1.653117134892573503e+00
1.810122367753687733e+00 1.777633834359037213e+00 1.787253977729853505e+00
1.827994907530986257e+00 1.723774180680205825e+00 1.840840265821655164e+00
1.846403310189202784e+00 1.729101278073139847e+00 2.069743881626233684e+00
1.867100749005465188e+00 1.518534210661090622e+00 1.905128807787670908e+00
1.886152037083342003e+00 1.733273436473445228e+00 1.779706556401529083e+00
1.903949102647357394e+00 1.946326866978525194e+00 1.817782804600166502e+00
1.922126930693359048e+00 2.012050503464398954e+00 2.001355664976828042e+00
1.942140487343127386e+00 2.161806906625962643e+00 1.955904615824411774e+00
1.961699533501371606e+00 2.005866097694760875e+00 2.022771212668311502e+00
1.981927245628054779e+00 1.980640097064645611e+00 2.337680547718897106e+00
2.005304051105243790e+00 1.977860550265562400e+00 2.399871264369457524e+00
2.029302763748938254e+00 2.218231403605613217e+00 2.274900606615956278e+00
2.052051769815097959e+00 2.277386649876875335e+00 2.227065693144434366e+00
2.074322426746542103e+00 2.054002849257694496e+00 2.155960227260419693e+00
2.095882029019146220e+00 1.850317065277835127e+00 2.401252982620848631e+00
2.119894558845354826e+00 1.845070237989370865e+00 2.043609088309554345e+00
2.140330649728450219e+00 1.926536084043517727e+00 2.035460697016332254e+00
2.160685256698613443e+00 1.653987498491914954e+00 2.155138751112392725e+00
2.182236644209737175e+00 1.436780722653392406e+00 2.304530941858107251e+00
2.205281953628318359e+00 1.447597573628885304e+00 2.221846207514233562e+00
2.227500415703460579e+00 1.486562394421219846e+00 2.244456204158216117e+00
2.249944977745042873e+00 1.335084943990400674e+00 2.303498290892997069e+00
2.272979960653972675e+00 1.317989221246490095e+00 2.374799108329753938e+00
2.296727951737270068e+00 1.374034488612035254e+00 2.172037066003677630e+00
2.318448322397306693e+00 1.511397818209618604e+00 2.486238569537478238e+00
2.343310708092681605e+00 1.714161536775285377e+00 2.429907340114486836e+00
2.367609781493826393e+00 1.818281669889094676e+00 2.523513903783777046e+00
2.392844920531663977e+00 2.210933507486259941e+00 2.324296996583868680e+00
2.416087890497502499e+00 1.880971658139146685e+00 2.698546751074862637e+00
2.443073358008251095e+00 1.927253007667004026e+00 2.495668238616347345e+00
2.468030040394414648e+00 1.681980784451134525e+00 2.585566655580808781e+00
2.493885706950222936e+00 2.003598545772245387e+00 2.500360744829559057e+00
2.518889314398518486e+00 2.141218578174665765e+00 2.526870952768431433e+00
2.544158023926202716e+00 2.192528467960129568e+00 2.571132917467803924e+00
2.569869353100880716e+00 2.009236565730710300e+00 2.776592546972065367e+00
2.597635278570601169e+00 2.196368065039612016e+00 2.822086315978429294e+00
2.625856141730385396e+00 2.299507455680741330e+00 2.985842558847204842e+00
2.655714567318857355e+00 2.412517284498595149e+00 2.801844411189172934e+00
2.683733011430748938e+00 1.898321752594720024e+00 2.561880080318529096e+00
2.709351812233934176e+00 1.771922748958957294e+00 2.588219661777212632e+00
2.735234008851706200e+00 1.538067579268225238e+00 2.807082437944503184e+00
2.763304833231151392e+00 1.347792022756338470e+00 3.216474353170974965e+00
2.795469576762861230e+00 1.011282100498958059e+00 2.987464018759450113e+00
2.825344216950455678e+00 1.027034097708015903e+00 3.136746835389025545e+00
2.856711685304345938e+00 9.558314341090705657e-01 3.208559952690585249e+00
2.888797284831251755e+00 1.037147730732143724e+00 2.864016642434889626e+00
2.917437451255600500e+00 9.952571406932210207e-01 2.583660437114872810e+00
2.943274055626749153e+00 9.899349773871927161e-01 2.635061238492768965e+00
2.969624668011676683e+00 1.179973129214183070e+00 2.424813858973559721e+00
2.993872806601412417e+00 1.114650921639842807e+00 2.327859707473864503e+00
3.017151403676150867e+00 8.189691866700210543e-01 2.623377650675993600e+00
3.043385180182910599e+00 7.685686763592117776e-01 2.697549891623694851e+00
3.070360679099147561e+00 8.405879551846437980e-01 2.585791252759741532e+00
3.096218591626744843e+00 1.066699046325819689e+00 2.918864276235487054e+00
3.125407234389099731e+00 1.048369655112542542e+00 2.788743514223498199e+00
3.153294669531334637e+00 7.608911925449612923e-01 2.846387033076754669e+00
3.181758539862101998e+00 7.496391634729893116e-01 2.739093576973746558e+00
3.209149475631839277e+00 7.908307757146199046e-01 2.748805695656880044e+00
3.236637532588408028e+00 6.144372449687204307e-01 2.787743224464338532e+00
3.264514964833051369e+00 7.726309850135164581e-01 2.934817605175088939e+00
3.293863140884802476e+00 7.181121233101021017e-01 3.113144047208174836e+00
3.324994581356884193e+00 1.093615930630402522e+00 3.248769089617387973e+00
3.357482272253057953e+00 8.384059874102871568e-01 2.803082786178182850e+00
3.385513100114839968e+00 1.070609154400803398e+00 2.832495835096578318e+00
3.413838058465805680e+00 8.514317497617257535e-01 3.057719344856086430e+00
3.444415251914366483e+00 6.641661022207046017e-01 3.218680344576255070e+00
3.476602055360129118e+00 7.435297301158653172e-01 3.046669455210055499e+00
3.507068749912229499e+00 5.270171595253536623e-01 3.203294835744507019e+00
3.539101698269674579e+00 8.825932004758394456e-01 2.940187411606406620e+00
3.568503572385738565e+00 1.085474810865404649e+00 2.898220981723791834e+00
3.597485782202976434e+00 1.110947690562011481e+00 2.822171110795431481e+00
3.625707493310930563e+00 5.702354969619365388e-01 2.916731675718177375e+00
3.654874810068112545e+00 4.332943402592702720e-01 2.761996326872071084e+00
3.682494773336833394e+00 5.529036831250399020e-01 2.746283171421978420e+00
3.709957605051052987e+00 2.675837719820670091e-01 2.547752196692073756e+00
3.735435127017973755e+00 1.609228620302517454e-01 2.819602268331542927e+00
3.763631149701289313e+00 2.616932071396863013e-02 2.762021250089117697e+00
3.791251362202180619e+00 -1.488742488576109135e-01 2.816853732912771413e+00
3.819419899531308449e+00 -2.476241278622224318e-01 2.828555937297627665e+00
3.847705458904284725e+00 -1.702599152533429416e-01 2.642882322804970041e+00
3.874134282132334572e+00 1.790227765178648012e-03 2.739566800531611612e+00
3.901529950137650804e+00 -2.024583086080079808e-01 2.931965151147145399e+00
3.930849601649122338e+00 -3.862222363075380471e-01 2.954799432984415830e+00
3.960397595978966567e+00 -2.924665073986340014e-01 2.916139587737144989e+00
3.989558991856338110e+00 -3.028503043780174653e-01 2.915373608483844858e+00
4.018712727941176510e+00 -1.252498612765958474e-01 3.344474559895675103e+00
4.052157473540133559e+00 2.577496467040457651e-02 3.160898035841179343e+00
4.083766453898545201e+00 -2.117953522027294089e-01 3.222516092307300184e+00
4.115991614821617794e+00 -2.847954488128383033e-01 3.150162057110080571e+00
4.147493235392718525e+00 -1.690369157401293287e-01 3.099702127135887775e+00
4.178490256664077585e+00 -4.154799274081928395e-01 2.732554389063102107e+00
4.205815800554708161e+00 -4.666346627390379753e-01 2.558408354532521134e+00
4.231399884100033759e+00 -3.964166294291598946e-01 2.506475453439927392e+00
4.256464638634432696e+00 -7.163825528838563272e-02 2.578468150698349781e+00
4.282249320141415794e+00 -2.489691275896134259e-01 2.762419351333435191e+00
4.309873513654750354e+00 -4.478760818522606324e-01 2.708878534718569764e+00
4.336962299001935861e+00 -4.682506464406399616e-01 2.559154217617889859e+00
4.362553841178114844e+00 -3.512816235706620049e-01 2.308404063217316171e+00
4.385637881810287908e+00 -2.390710779866823121e-01 2.276879724364369917e+00
4.408406679053931576e+00 -6.125471211145407935e-01 2.445436212907749596e+00
4.432861041183008943e+00 -6.061376742413900898e-01 2.322927665922116081e+00
4.456090317842230419e+00 -3.600361421787007798e-01 2.550877270243794293e+00
4.481599090544668762e+00 -2.545399659762132560e-01 2.981331491214797236e+00
4.511412405456816543e+00 -5.625595984771565305e-01 2.838192277313707379e+00
4.539794328229953990e+00 -5.580736604555991409e-01 3.004634831659669381e+00
4.569840676546550462e+00 -6.470801655736175828e-01 2.965321083929210566e+00
4.599493887385842861e+00 -4.469566545439168648e-01 2.938898693829453457e+00
4.628882874324137475e+00 -5.666360806103745151e-01 2.786960648074612745e+00
4.656752480804883909e+00 -7.997439632738361226e-01 2.598741281573724304e+00
4.682739893620620819e+00 -6.684430134448602345e-01 2.451211793322995991e+00
4.707252011553850757e+00 -2.266802163403868753e-01 2.533440926225867251e+00
4.732586420816109474e+00 -3.806704242413447847e-01 2.859492881530103059e+00
4.761181349631410598e+00 -2.749215683467026716e-01 2.871705742122819593e+00
4.789898407052638696e+00 -3.419945891301425234e-01 2.942803597512123837e+00
4.819326443027759588e+00 -5.760005310966653802e-01 2.535261899170222488e+00
4.844679062019461746e+00 -3.257183332633584727e-01 2.196204942010747452e+00
4.866641111439569123e+00 -3.848831504164617057e-01 2.211519388554665788e+00
4.888756305325116180e+00 -3.386341391818264990e-01 2.112885460737066179e+00
4.909885159932486864e+00 -4.380376033495563259e-01 2.024328772036439350e+00
4.930128447652851520e+00 -8.357615709075748578e-01 1.733358036390369339e+00
4.947462028016754942e+00 -8.989134018517559443e-01 1.711296696881603019e+00
4.964574994985571088e+00 -1.035582092732393766e+00 1.584932400361801719e+00
4.980424318989189025e+00 -1.218571038987942723e+00 1.813759181915377772e+00
4.998561910808343001e+00 -9.961295769669182842e-01 2.084327413099260173e+00
5.019405184939335740e+00 -8.769223469426075113e-01 1.998979705123121953e+00
5.039394981990566791e+00 -8.281369161665095291e-01 2.070281499227111244e+00
5.060097796982837792e+00 -2.538241699321673872e-01 2.071825194403343229e+00
5.080816048926870998e+00 -4.284855825061214540e-01 1.869865881554153342e+00
5.099514707742412334e+00 -3.886118103480451502e-01 2.134769889251447061e+00
5.120862406634926423e+00 -5.304054997418072848e-01 1.808777353156381551e+00
5.138950180166490078e+00 -4.244799034886614919e-01 1.627140138934955793e+00
5.155221581555839983e+00 -7.957727084669463657e-01 1.598122651983169717e+00
5.171202808075671342e+00 -8.641156250377037829e-01 1.106765637741200070e+00
5.182270464453083036e+00 -6.777244846639152165e-01 1.428679618477075586e+00
5.196557260637853837e+00 -8.285434818371023580e-01 1.315283133030922924e+00
5.209710091968163148e+00 -4.632707681584189441e-01 1.203298742580055425e+00
5.221743079393963427e+00 -5.927444488380247956e-01 1.328438499609996493e+00
5.235027464390063834e+00 -5.679999072468413512e-01 1.402184605793017402e+00
5.249049310447993832e+00 -6.909440252858676246e-01 1.610193465241537725e+00
5.265151245100408772e+00 -5.646188939688900899e-01 1.381660736697891467e+00
5.278967852467387978e+00 -6.130772312284507031e-01 1.308164803931583409e+00
5.292049500506704085e+00 -7.572960069318160903e-01 1.471669169273097655e+00
5.306766192199434684e+00 -9.082824302075938050e-01 1.628655065514933220e+00
5.323052742854583741e+00 -1.130730430040052470e+00 1.553360284524619273e+00
5.338586345699829927e+00 -8.925534451686423232e-01 1.874178689279395238e+00
5.357328132592623859e+00 -8.744758898252543711e-01 2.116679215932850244e+00
5.378494924751952233e+00 -1.065813383772287626e+00 2.282622051842533306e+00
5.401321145270377322e+00 -1.196315456339267058e+00 2.311409512427673008e+00
5.424435240394654301e+00 -1.460201592686051209e+00 2.045010374627845628e+00
5.444885344140932837e+00 -1.408375325767086350e+00 2.200370584670833463e+00
5.466889049987640803e+00 -1.330326034900405130e+00 1.983189612520890321e+00
5.486720946112849440e+00 -1.394689630233140631e+00 1.811668247986592428e+00
5.504837628592714971e+00 -1.477932574322578629e+00 1.526351621847000350e+00
5.520101144811184746e+00 -1.407478901589605202e+00 1.607391432789007757e+00
5.536175059139075039e+00 -1.372279256665088543e+00 1.275888569451994581e+00
5.548933944833595255e+00 -1.738515029195741857e+00 1.545488706318774108e+00
5.564388831896782683e+00 -1.785617447557880766e+00 1.315559792290200702e+00
5.577544429819684346e+00 -1.893496951218549995e+00 1.094908957088566837e+00
5.588493519390570263e+00 -2.063248614953256510e+00 1.228292854497796682e+00
5.600776447935547964e+00 -2.281689620186770462e+00 1.337607811957971293e+00
5.614152526055127268e+00 -2.324060583730808816e+00 1.072234281151986490e+00
5.624874868866647226e+00 -2.310076013988612509e+00 1.448011810127729948e+00
5.639354986967924255e+00 -2.059451186869416972e+00 1.114709310634278916e+00
5.650502080074266686e+00 -2.103193069649021751e+00 1.075670126782306113e+00
5.661258781342089819e+00 -2.014851543769520692e+00 8.869628921625207774e-01
5.670128410263714613e+00 -2.088375547042570890e+00 6.726849046857785730e-01
5.676855259310572777e+00 -2.054159231814052244e+00 7.479623165816451369e-01
5.684334882476389517e+00 -2.177952634256289599e+00 4.707913626014475494e-01
5.689042796102404154e+00 -2.289890110203334661e+00 5.183908108445616225e-01
5.694226704210850087e+00 -2.273973973786637792e+00 3.877190332346891477e-01
5.698103894543196546e+00 -2.285672834182211677e+00 3.898852700586992182e-01
5.702002747243783531e+00 -2.235565418348338440e+00 4.997085296815927391e-01
5.706999832540599726e+00 -2.252827703055952480e+00 6.285666779867837839e-01
5.713285499320467586e+00 -2.314314527190426851e+00 6.694448845095944955e-01
5.719979948165563322e+00 -2.623647526798802421e+00 5.765128776997425764e-01
5.725745076942560630e+00 -2.263467067645756003e+00 7.430774679114674486e-01
5.733175851621675534e+00 -2.158907564787289513e+00 9.418896731865219474e-01
5.742594748353540446e+00 -1.961798239221850482e+00 7.529630163780876018e-01
5.750124378517321055e+00 -2.140286302510769900e+00 8.124664297704282667e-01
5.758249042815025476e+00 -2.368397244484025777e+00 9.996354975781852614e-01
5.768245397790807694e+00 -2.464114898640103579e+00 6.027651128034532402e-01
5.774273048918842299e+00 -2.594541694295731116e+00 4.789736307328524290e-01
5.779062785226170895e+00 -2.717154368082920435e+00 7.017297529723001137e-01
5.786080082755893805e+00 -2.645345986489465950e+00 6.402564416658446111e-01
5.792482647172552568e+00 -2.914965866565881747e+00 3.131036929584816719e-01
5.795613684102137064e+00 -2.654786727992211937e+00 -2.619552381153819609e-01
5.792994131720983653e+00 -2.741655523089633562e+00 -6.276748272631483827e-01
5.786717383448352514e+00 -2.813388244862412790e+00 -6.860523808830290005e-01
5.779856859639521893e+00 -2.543081564570315312e+00 -5.706681677524766405e-01
5.774150177961996810e+00 -2.986874835020127517e+00 -6.677831598106276356e-01
5.767472346363890168e+00 -2.715773149274456788e+00 -1.225028133012603160e+00
5.755222065033763990e+00 -2.967857855584823401e+00 -1.298540769276475659e+00
5.742236657340999528e+00 -3.280101236352595429e+00 -1.157789343800517567e+00
5.730658763902994224e+00 -3.150147707003712494e+00 -1.189675219731407774e+00
5.718762011705679882e+00 -2.925461948705230686e+00 -9.315708005215633802e-01
5.709446303700464576e+00 -3.130882755330093747e+00 -5.989321571472625561e-01
5.703456982128991548e+00 -3.116427450228358875e+00 -5.923675981652088973e-01
5.697533306147339438e+00 -2.937238613411392141e+00 -5.809917995056500528e-01
5.691723388152283292e+00 -2.899219211764119120e+00 -4.754077120591948535e-01
5.686969311031691454e+00 -3.039541765871429657e+00 -3.504607583315443309e-01
5.683464703448375843e+00 -3.277944762993597827e+00 -1.845893249195270924e-01
5.681618810199180913e+00 -3.336272308904616679e+00 -5.223702194134860477e-01
5.676395108005046097e+00 -3.429369882526485558e+00 -2.580639792848233860e-01
5.673814468212198037e+00 -3.580849206680575936e+00 1.125112879183846060e-01
5.674939581091382301e+00 -3.754233140161616245e+00 2.237556627998777414e-01
5.677177137719381150e+00 -3.945448079238174977e+00 1.908520352780556095e-01
5.679085658072161813e+00 -3.728631148782176385e+00 1.013015917414656630e-01
5.680098673989576241e+00 -3.644316415359742933e+00 -7.359618537458546828e-02
5.679362712135830549e+00 -3.704929624250075104e+00 -5.740536185398904118e-02
5.678788658517290422e+00 -3.791066630063924414e+00 -1.478811411171280232e-01
5.677309847106118745e+00 -3.525738661376122351e+00 8.106049769241596703e-02
5.678120452083042835e+00 -3.748774665947152585e+00 3.833644787037513435e-01
5.681954096870080129e+00 -3.595963391518237184e+00 3.507495426546258788e-01
5.685461592296626065e+00 -3.171277599649318546e+00 -2.080424266211972073e-02
5.685253549870004974e+00 -3.151433709451219034e+00 -1.774354313182086862e-01
5.683479195556822461e+00 -3.157628042077508024e+00 -2.092638585963761677e-01
5.681386556970858592e+00 -3.454928068208805048e+00 7.799121840544639972e-02
5.682166469154912747e+00 -3.326377518624602292e+00 -1.239768016647432858e-01
5.680926701138265145e+00 -3.287904385685799014e+00 -1.147267101847695148e-01
5.679779434036417385e+00 -2.904809186589310865e+00 -1.833826447327750742e-01
5.677945607589089505e+00 -2.714425135593879546e+00 7.604314572284515128e-02
5.678706039046318210e+00 -2.801446726324727354e+00 4.489942370824350631e-02
5.679155033283400655e+00 -2.872718131892368909e+00 -2.495099497956108359e-01
5.676659933785444423e+00 -2.720228078036515118e+00 -1.871790548893541850e-01
5.674788143236551008e+00 -2.695804117189491311e+00 1.813365519339369125e-01
5.676601508755890535e+00 -2.576590781815395470e+00 2.380637060568436270e-01
5.678982145816458882e+00 -2.489336187451781868e+00 4.832894455596858929e-02
5.679465435262018858e+00 -2.528890252295909136e+00 -9.427203527065897148e-02
5.678522714909312263e+00 -2.424608854575900807e+00 -1.847550572381667089e-01
5.676675164336930202e+00 -2.041944745985323717e+00 -1.805425855634503751e-01
5.674869738481295833e+00 -2.168534045538343502e+00 -2.690809572170157482e-01
5.672178928909125339e+00 -2.322706623623595146e+00 -4.940861461196297544e-01
5.667238067447929240e+00 -2.159229054615485310e+00 -3.150024238008688471e-01
5.664088043209920542e+00 -2.557786419053471150e+00 -1.455631325111924612e-01
5.662632411884808370e+00 -2.277463229216399654e+00 -1.457808858139481023e-03
5.662617833796226741e+00 -2.224346619159583316e+00 2.849531644825100685e-01
5.665467365441052117e+00 -2.496306188522783742e+00 4.010422314731214577e-01
5.669477787755782927e+00 -2.562511261203391122e+00 4.227565682943998926e-01
5.673705353438727172e+00 -2.465503847153654782e+00 6.330503078820238771e-01
5.680035856517547721e+00 -2.587994288044815683e+00 6.554039290166258080e-01
5.686589895807713901e+00 -2.463337258948161690e+00 1.410705226377856891e-01
5.688000601034091552e+00 -2.646060224665228500e+00 1.562606116873622442e-01
5.689563207150965418e+00 -2.313938740674919003e+00 4.982975737505442870e-01
5.694546182888470476e+00 -2.146978686504154687e+00 5.054205671291384094e-01
5.699600388559761477e+00 -2.285212025284186321e+00 1.492667353139772723e-01
5.701093055912901164e+00 -2.100092068828494973e+00 3.357935478073883484e-01
5.704450991390975112e+00 -2.054574944983758478e+00 4.850724764231558739e-01
5.709301716155207096e+00 -1.942594520077013165e+00 5.113267154229210742e-01
5.714414983309436202e+00 -1.802840201952532695e+00 2.488645842232378169e-01
5.716903629151668831e+00 -1.995949838020571132e+00 2.039984669329823752e-01
5.718943613820998806e+00 -1.846497626593497809e+00 3.088379637286259305e-02
5.719252451784727853e+00 -1.953304492997044672e+00 -3.167505781945892940e-01
5.716084946002782274e+00 -2.041897764316207731e+00 -2.906661807750239301e-01
5.713178284195032042e+00 -2.048905367613316653e+00 -5.159560988112052438e-02
5.712662328096221209e+00 -1.948968683716387984e+00 -8.415280334934917283e-02
5.711820800062727521e+00 -1.693636233379384404e+00 -1.709131324772182048e-01
5.710111668737955171e+00 -1.517871654666088421e+00 2.318021121156682574e-02
5.710343470850070879e+00 -1.538344459197387160e+00 3.695521604105878044e-02
5.710713023010481670e+00 -1.729626406964224206e+00 -4.866773325581262577e-02
5.710226345677923199e+00 -1.908813507461927461e+00 1.120120773675580828e-01
5.711346466451598936e+00 -1.897753352529986115e+00 -6.699664939228851257e-02
5.710676499957676455e+00 -1.559363226975224892e+00 -6.055397129017862923e-02
5.710070960244774341e+00 -1.392703195099002311e+00 2.721685547908612723e-01
5.712792645792682755e+00 -1.776208542316396022e+00 4.557252730673246877e-01
5.717349898523355733e+00 -1.656172192755728023e+00 4.886412860295745730e-01
5.722236311383651852e+00 -1.289249410563753973e+00 2.861758056792553795e-01
5.725098069440444526e+00 -1.475580503694063905e+00 3.629903589942665154e-02
5.725461059799438424e+00 -1.885455609967808366e+00 -1.358646262629564783e-01
5.724102413536808598e+00 -1.582831324213758384e+00 -1.938316444964096330e-01
5.722164097091844148e+00 -1.831177810690223229e+00 -2.982189267134469635e-01
5.719181907824709477e+00 -1.892154700870765094e+00 -5.500333412037167191e-01
5.713681574412672326e+00 -1.836934065725047915e+00 -7.099420930005456709e-01
5.706582153482666619e+00 -2.140133379060537688e+00 -6.967434933804574904e-01
5.699614718548861703e+00 -2.461948614429598781e+00 -5.083655373413833445e-01
5.694531063175447549e+00 -2.445605161235965497e+00 -6.136986646695695713e-01
5.688394076528751953e+00 -2.513880688039404010e+00 -7.301016977361448612e-01
5.681093059551390212e+00 -2.699979553189848058e+00 -6.792154529432926635e-01
5.674300905021957497e+00 -2.634608123919594647e+00 -6.694535044511013000e-01
5.667606369977446157e+00 -2.847400471604119687e+00 -9.031075703497937202e-01
5.658575294273948231e+00 -2.792895090879154552e+00 -1.109082781511117943e+00
5.647484466458837282e+00 -3.145142375874178775e+00 -5.627020654961346624e-01
5.641857445803875493e+00 -3.444190457701150621e+00 -1.010270360935347389e+00
5.631754742194521768e+00 -3.797549593282686153e+00 -7.247976800219060323e-01
5.624506765394302832e+00 -4.067150900063248642e+00 -8.945549217262737107e-01
5.615561216177040293e+00 -4.149084203568012441e+00 -6.758015821465553907e-01
5.608803200355574781e+00 -4.011239282613832557e+00 -6.033238974196432070e-01
5.602769961381378394e+00 -3.821540169997360348e+00 -6.293685362987343490e-01
5.596476276018391260e+00 -3.790599749137660179e+00 -6.012668450511958751e-01
5.590463607567879301e+00 -3.762492734267131045e+00 -6.918466684562869506e-01
5.583545140883316549e+00 -3.751237135762043096e+00 -5.386601026989881191e-01
5.578158539856326925e+00 -3.614969342405814245e+00 -3.073739058655345358e-01
5.575084800797671214e+00 -3.569679732200945921e+00 1.307481143349376040e-02
5.575215548912006547e+00 -3.509867172592771034e+00 1.988407215497650093e-01
5.577203956127504192e+00 -3.603280113763768888e+00 1.083068238125751148e-01
5.578287024365629954e+00 -3.385729624746903976e+00 2.185408765845477386e-01
5.580472433131475007e+00 -3.490377811088444471e+00 1.946053795557275701e-01
5.582418486927032575e+00 -3.490018370910512147e+00 1.992089641473780426e-01
5.584410576568505924e+00 -3.644821039162980281e+00 3.634257896520276532e-01
5.588044834465025978e+00 -3.611608674798103547e+00 4.149432879357987658e-01
5.592194267344384073e+00 -3.447784923375430743e+00 5.870929813694556465e-01
5.598065197158078377e+00 -3.024081838492468144e+00 3.630577617000041446e-01
5.601695774775078185e+00 -3.233347848541813008e+00 5.752319458814568742e-01
5.607448094233892455e+00 -3.529164659622883171e+00 7.110181214946771355e-01
5.614558275448839453e+00 -3.594776370906247021e+00 4.532690272333701476e-01
5.619090965721173170e+00 -3.695376572723905184e+00 5.721034454124598323e-01
5.624812000175297477e+00 -3.502871860048962560e+00 5.198613565209677656e-01
5.630010613740506820e+00 -3.517230754869702825e+00 4.792384333103810734e-01
5.634802998073610958e+00 -3.320740926952302274e+00 5.184339365859933491e-01
5.639987337439470672e+00 -3.265496460731157402e+00 2.962598275002947812e-01
5.642949935714473675e+00 -3.419657430704878376e+00 1.154310005652397220e-01
5.644104245720126478e+00 -3.136821225089439391e+00 4.419135846542771029e-02
5.644546159304780986e+00 -3.013603885559165363e+00 7.579666667204607022e-02
5.645304125971501108e+00 -3.191742970012646730e+00 1.060784579420789159e-01
5.646364910550921934e+00 -3.013277383660913245e+00 3.552583288956172314e-02
5.646720168879817869e+00 -3.204084819227649650e+00 9.783910947833925065e-02
5.647698559974601018e+00 -3.103218688469769226e+00 6.542433642659017945e-02
5.648352803338866579e+00 -3.285316662451777336e+00 1.574826085332582670e-01
5.649927629424198905e+00 -3.163964093265367872e+00 6.813627231114915972e-02
5.650608992147310161e+00 -2.933452156230354380e+00 -1.630242358404825065e-02
5.650445967911469580e+00 -3.127439232258033108e+00 -7.286035142732644188e-02
5.649717364397196739e+00 -3.168697037697148389e+00 -9.244965910353628025e-02
5.648792867806161411e+00 -3.038220528525161779e+00 1.399652205965669083e-01
5.650192520012127240e+00 -3.004160118904121379e+00 -9.946209911348656563e-02
5.649197899020992786e+00 -3.121765810425933374e+00 -1.161752372684300982e-01
5.648036146648308886e+00 -3.030952095999879248e+00 -2.830929304647604727e-01
5.645205217343661097e+00 -3.300044771489712314e+00 -2.758057803479596615e-01
5.642447159540181723e+00 -3.061379072859095274e+00 -2.984900918811885795e-01
5.639462258621369628e+00 -3.285947130445614928e+00 -4.350242059774515058e-01
5.635112016561595105e+00 -3.610189904410698425e+00 -3.369807938529346680e-01
5.631742208623065515e+00 -3.376735665908360939e+00 -3.562975578389088738e-01
5.628179233044676266e+00 -2.937041112903168383e+00 -5.082044687298143959e-01
5.623097188357378151e+00 -2.374932972209644610e+00 -5.933788017702654738e-01
5.617163400339675761e+00 -2.623727063379927227e+00 -8.030451489477574700e-01
5.609132948850198197e+00 -2.395309640942740792e+00 -7.446106128330285401e-01
5.601686842721868231e+00 -2.436098302185008890e+00 -8.185746489357291766e-01
5.593501096232510683e+00 -2.528957313651510663e+00 -8.461539268907959377e-01
5.585039556963602436e+00 -2.247223821652988285e+00 -1.012429295575925980e+00
5.574915264007842985e+00 -2.289121734298025235e+00 -1.211457274061170430e+00
5.562800691267231201e+00 -2.424968515779603706e+00 -1.065282425199733485e+00
5.552147867015233551e+00 -2.124388851611866080e+00 -9.646717233229264998e-01
5.542501149782004255e+00 -2.207231031478087413e+00 -1.313128734570952805e+00
5.529369862436294802e+00 -1.946916925152994970e+00 -1.421024227233653070e+00
5.515159620163958110e+00 -2.007672373562819690e+00 -1.291281027251217406e+00
5.502246809891445878e+00 -1.838570198968000113e+00 -1.339683695845720557e+00
5.488849972932988486e+00 -1.896061867419004621e+00 -1.739606241721114666e+00
5.471453910515776897e+00 -1.853984833289309408e+00 -1.893975063403736891e+00
5.452514159881739708e+00 -2.088684823511495203e+00 -2.044899574012786214e+00
5.432065164141612001e+00 -1.968277452664418670e+00 -2.177910221759206788e+00
5.410286061924019840e+00 -1.979603470692487655e+00 -2.298140704479393559e+00
5.387304654879225829e+00 -1.897611329969863592e+00 -2.671526755530444497e+00
5.360589387323921429e+00 -1.847286132754163646e+00 -2.639895252269626624e+00
5.334190434801224789e+00 -1.778174451553626634e+00 -2.884281151940537136e+00
5.305347623281819303e+00 -1.737033345279453522e+00 -3.049924471352197575e+00
5.274848378568297136e+00 -1.797599968723265107e+00 -3.204068796001732000e+00
5.242807690608279891e+00 -1.522023905610755623e+00 -3.256575858513249599e+00
5.210241932023147449e+00 -1.539364204654185109e+00 -3.274251450684389386e+00
5.177499417516303382e+00 -1.906792014033753979e+00 -3.553023732572700766e+00
5.141969180190576694e+00 -2.480705410916207665e+00 -3.656186580244318751e+00
5.105407314388133777e+00 -2.715827208526642611e+00 -3.922270559094162667e+00
5.066184608797192013e+00 -2.382860090578710732e+00 -3.562807015355873297e+00
5.030556538643633502e+00 -2.332829567803906823e+00 -3.522767810506028496e+00
4.995328860538573501e+00 -2.699340806401709703e+00 -3.798486192241419701e+00
4.957343998616159375e+00 -2.869768802193838120e+00 -3.979017147612150307e+00
4.917553827140038081e+00 -2.461774649689185246e+00 -3.800930700407357588e+00
4.879544520135964625e+00 -2.260482128432351523e+00 -3.663563925959670176e+00
4.842908880876367839e+00 -2.020687633973109243e+00 -3.644695981886928227e+00
4.806461921057498365e+00 -2.061343786626320451e+00 -3.803130449535898627e+00
4.768430616562139512e+00 -1.804327875822074656e+00 -3.931232544676845020e+00
4.729118291115370631e+00 -1.945678546889010319e+00 -4.104528778616105100e+00
4.688073003329209953e+00 -1.937223580438978354e+00 -4.118162037810556342e+00
4.646891382951104710e+00 -1.652508120977654649e+00 -4.384640010556402068e+00
4.603044982845540645e+00 -1.868209239424758472e+00 -3.807133973253866266e+00
4.564973643113002133e+00 -1.500190658936422228e+00 -4.102736398661881445e+00
4.523946279126382919e+00 -1.689117369135024749e+00 -4.179882739755189647e+00
4.482147451728830667e+00 -1.797466219735785797e+00 -4.211132802992319846e+00
4.440036123698907211e+00 -1.539841214254240809e+00 -4.129305724940031119e+00
4.398743066449506856e+00 -1.909570207693163324e+00 -4.530172661036448112e+00
4.353441339839142721e+00 -1.867996595544929361e+00 -4.421195923847761833e+00
4.309229380600664960e+00 -1.614673612287657711e+00 -4.398005846448870493e+00
4.265249322136176247e+00 -1.358784789223220324e+00 -4.173847097953613527e+00
4.223510851156640378e+00 -1.293441890260625948e+00 -4.123567401384889308e+00
4.182275177142791733e+00 -9.943340103363733640e-01 -4.293217414229754780e+00
4.139343003000494292e+00 -1.295892861229559934e+00 -4.388997919670854841e+00
4.095453023803785619e+00 -1.481710163502779842e+00 -4.278948837322278820e+00
4.052663535430562902e+00 -1.462599947270382117e+00 -4.396856915986173675e+00
4.008694966270700988e+00 -1.078386429900886956e+00 -4.742077837653520866e+00
3.961274187894165966e+00 -1.334429834731272191e+00 -4.666641973883826289e+00
3.914607768155327516e+00 -1.348060907954027110e+00 -4.690150746981908370e+00
3.867706260685508379e+00 -1.539978807372566649e+00 -4.502608909193687836e+00
3.822680171593571430e+00 -1.360256131339023788e+00 -4.448699937883438871e+00
3.778193172214737050e+00 -1.378768866749297883e+00 -4.676275102079038959e+00
3.731430421193946856e+00 -1.209952110445819740e+00 -4.606617524809763609e+00
3.685364245945849326e+00 -1.204039974936787383e+00 -4.789756381110631622e+00
3.637466682134743223e+00 -1.063476787878833596e+00 -4.738353949070453375e+00
3.590083142644038716e+00 -1.018233729045756819e+00 -4.906896792923325812e+00
3.541014174714805396e+00 -8.511507655300885045e-01 -4.558401627785796606e+00
3.495430158436947377e+00 -1.183498446417281746e+00 -4.411357384682418115e+00
3.451316584590123249e+00 -1.243381667781563449e+00 -4.312984456930360366e+00
3.408186740020819450e+00 -1.380008029713704953e+00 -4.445949480905360574e+00
3.363727245211765915e+00 -1.293367983203526306e+00 -4.415769652291511527e+00
3.319569548688850791e+00 -1.530017496962673418e+00 -4.446594235776617055e+00
3.275103606331084549e+00 -1.411080568876368346e+00 -4.597186970957628738e+00
3.229131736621508431e+00 -1.714803222587126807e+00 -4.832184742237773278e+00
3.180809889199130769e+00 -2.001798402448551339e+00 -4.724656090803856401e+00
3.133563328291092187e+00 -1.906467216822150812e+00 -4.554416880326634498e+00
3.088019159487825682e+00 -1.585641156342119551e+00 -4.726375369148992256e+00
3.040755405796335964e+00 -1.504871871284239271e+00 -4.678882821082411603e+00
2.993966577585511768e+00 -1.491795909316080415e+00 -4.736701079717069440e+00
2.946599566788341118e+00 -1.596451963438344945e+00 -4.969262035105709074e+00
2.896906946437284081e+00 -1.559190529341723641e+00 -4.916320722821224898e+00
2.847743739209071645e+00 -1.407200357627867771e+00 -4.988183352310570307e+00
2.797861905685965933e+00 -1.626822592444307380e+00 -4.855286881308934710e+00
2.749309036872876533e+00 -1.538175855465806707e+00 -4.692628640884968227e+00
2.702382750464026984e+00 -1.852883959592426466e+00 -4.711288063390501435e+00
2.655269869830121809e+00 -1.838499814177465330e+00 -5.053244367661135605e+00
2.604737426153510338e+00 -1.520716992979203708e+00 -4.960053267310341241e+00
2.555136893480407068e+00 -1.303269379467699052e+00 -4.773223825260380693e+00
2.507404655227803314e+00 -1.626881303801638090e+00 -4.729480421725690498e+00
2.460109851010546578e+00 -1.459286108614705313e+00 -4.680091437091256523e+00
2.413308936639634084e+00 -1.473890247495120320e+00 -4.529577105185772723e+00
2.368013165587776303e+00 -1.597308040592786416e+00 -4.672913896671242462e+00
2.321284026621063923e+00 -1.558928888809685720e+00 -4.865965416480324990e+00
2.272624372456260478e+00 -1.550500349924032850e+00 -5.232873722782326098e+00
2.220295635228437092e+00 -1.541812302693745806e+00 -5.213624374999607625e+00
2.168159391478440945e+00 -1.287424490788980691e+00 -5.143914995702788318e+00
2.116720241521413026e+00 -1.314627526566531701e+00 -4.987070632031914919e+00
2.066849535201094046e+00 -1.605003640585354496e+00 -4.449288168155645096e+00
2.022356653519537417e+00 -1.288776955904216814e+00 -4.396341689234821715e+00
1.978393236627189244e+00 -1.099431263712303597e+00 -4.475521087872029291e+00
1.933638025748468880e+00 -1.304939047413595343e+00 -4.162602226084010759e+00
1.892012003487628879e+00 -1.341159986740100063e+00 -4.049513175338297799e+00
1.851516871734245839e+00 -1.124147237584971482e+00 -4.440147387053424488e+00
1.807115397863711559e+00 -1.379311907892159406e+00 -4.347379823585232117e+00
1.763641599627859158e+00 -1.514194391859815747e+00 -4.138760249541772573e+00
1.722253997132441539e+00 -1.317899818455337657e+00 -4.526495613554470054e+00
1.676989040996896829e+00 -1.285667703451988109e+00 -4.536746280110708796e+00
1.631621578195789679e+00 -1.449240655885334794e+00 -4.600484873943282871e+00
1.585616729456356788e+00 -1.562926363114721440e+00 -4.962887568281358242e+00
1.535987853773543188e+00 -1.705398660983800552e+00 -5.013606746804274650e+00
1.485851786305500521e+00 -1.556084553570690643e+00 -4.792410880295902231e+00
1.437927677502541579e+00 -1.759623623594332775e+00 -4.852981582431516117e+00
1.389397861678226320e+00 -1.813873913838773388e+00 -4.918530129875272827e+00
1.340212560379473672e+00 -1.695581614080524435e+00 -4.641984284542941097e+00
1.293792717534044234e+00 -1.971925862048688138e+00 -4.892696997955058080e+00
1.244865747554493751e+00 -2.024226124390518411e+00 -4.657622300547446414e+00
1.198289524549019269e+00 -1.590838591252007772e+00 -4.462638792576278490e+00
1.153663136623256591e+00 -1.806927894483495223e+00 -4.614233553213787253e+00
1.107520801091118612e+00 -2.191234568292229845e+00 -4.545316275842855802e+00
1.062067638332690134e+00 -2.051812999620493905e+00 -4.418210578710422887e+00
1.017885532545586003e+00 -1.882531919472209880e+00 -4.383744959004679309e+00
9.740480829555392406e-01 -2.060131868715957104e+00 -4.150928047090945761e+00
9.325388024846297252e-01 -1.804471636998819628e+00 -4.102081916277922957e+00
8.915179833218505046e-01 -1.791100476802361285e+00 -4.236203416190055471e+00
8.491559491599499632e-01 -1.710234328861699016e+00 -3.989762229642703328e+00
8.092583268635229476e-01 -1.467305602483647275e+00 -3.737222481538643226e+00
7.718861020481364577e-01 -1.303393937493968924e+00 -3.707282309284289035e+00
7.348132789552935806e-01 -1.540834919195133157e+00 -3.980350777707976295e+00
6.950097711782138310e-01 -1.403708935565756599e+00 -3.981182463137631355e+00
6.551979465468374952e-01 -1.259336187644406913e+00 -3.816253149457284888e+00
6.170354150522646686e-01 -1.255749873214267343e+00 -3.938989136774709188e+00
5.776455236845176033e-01 -1.357980692396906663e+00 -4.048338117894267896e+00
5.371621425055749244e-01 -1.411487506726746499e+00 -3.797051305315625402e+00
4.991916294524186837e-01 -1.404571063379181695e+00 -3.335096267467621889e+00
4.658406667777424404e-01 -1.354108858628995327e+00 -3.293737184003787011e+00
4.329032949377045747e-01 -1.450194712221843041e+00 -3.628317609353435280e+00
3.966201188441701997e-01 -1.520114372170375372e+00 -3.472631344284115240e+00
3.618938054013290384e-01 -1.246361343884975215e+00 -3.406318217849129137e+00
3.278306232228377359e-01 -1.021639711312728904e+00 -3.518647716422494298e+00
2.926441460586127752e-01 -1.072210338414937292e+00 -3.549257514641694033e+00
2.571515709121958149e-01 -1.074792449166002584e+00 -3.551945651169308604e+00
2.216321144005027333e-01 -8.598246485383225224e-01 -3.511948127518268681e+00
1.865126331253200431e-01 -6.431801513835381234e-01 -3.519796586523423532e+00
1.513146672600858000e-01 -6.131737757065924832e-01 -3.568993152585333117e+00
1.156247357342324589e-01 -4.883873791407730147e-01 -3.826153832997284621e+00
7.736319740425962044e-02 -2.621319393479289994e-01 -3.783657138376234297e+00
3.952662602049727969e-02 -1.495092198578157894e-01 -3.752763242277721289e+00
1.998993597720065407e-03 -8.741723557494973651e-02 -3.781589185481519788e+00
-3.581689825709513664e-02 -1.047624960779124231e-01 -3.388507159987987016e+00
-6.970196985697500736e-02 -2.946175236895278715e-01 -3.829628926417356194e+00
-1.079982591211485765e-01 -3.880125722118873410e-01 -3.762778154102762063e+00
-1.456260406621762149e-01 -4.014423185719970810e-01 -3.694516993649740400e+00
-1.825712105986736222e-01 -1.178262709107900097e-01 -3.809983191244678657e+00
-2.206710425111204077e-01 -3.348729745996917306e-01 -3.432100813576679954e+00
-2.549920506468872361e-01 -8.819908505999835002e-02 -3.488891755334658562e+00
-2.898809682002338461e-01 2.590896756842811510e-01 -3.618611948005589163e+00
-3.260670876802897467e-01 -1.101480095731544040e-01 -3.634890211438562613e+00
-3.624159897946753750e-01 -1.116394272969208068e-01 -3.756993942454490920e+00
-3.999859292192202709e-01 -1.162355612810495320e-01 -3.753846152539285885e+00
-4.375243907446131342e-01 -2.456718593388244054e-01 -3.532264711816868186e+00
-4.728470378627818160e-01 -8.812813881218392598e-02 -3.239629665958843940e+00
-5.052433345223702466e-01 -5.003394015000059980e-01 -3.171553604348281041e+00
-5.369588705658530081e-01 -8.074570056340693025e-01 -3.323964178040150319e+00
-5.701985123462545157e-01 -1.000446784268092415e+00 -3.272525072766793830e+00
-6.029237630739224807e-01 -8.486093064221558180e-01 -2.925986812332948439e+00
-6.321836311972519606e-01 -9.254550215280676895e-01 -2.694159334805669381e+00
-6.591252245453086411e-01 -8.427105712743139243e-01 -3.047532913800798937e+00
-6.896005536833166305e-01 -7.765783290059926625e-01 -3.193176092191525761e+00
-7.215323146052319281e-01 -4.476974120580567429e-01 -3.423720893302793389e+00
-7.557695235382598797e-01 -7.737783625185148395e-01 -3.284761557545186506e+00
-7.886171391137117848e-01 -1.230111268357085841e+00 -2.897495169695754047e+00
-8.175920908106693030e-01 -1.095277982273993089e+00 -3.267419071990815826e+00
-8.502662815305774835e-01 -9.775122253278756279e-01 -2.913253470996330030e+00
-8.793988162405408371e-01 -9.931760632335919770e-01 -3.061159091821940681e+00
-9.100104071587602483e-01 -1.315098265380284737e+00 -3.157535071674304028e+00
-9.415857578755032486e-01 -1.234280642000484818e+00 -3.344359384640155142e+00
-9.750293517219048578e-01 -1.108743669404048671e+00 -3.233111417688835143e+00
-1.007360465898793134e+00 -1.381068501979118235e+00 -2.738538956392560397e+00
-1.034745855462718689e+00 -1.073835174040977058e+00 -2.747084510812711322e+00
-1.062216700570845829e+00 -1.219477956782874850e+00 -2.786132834539026160e+00
-1.090078028916236175e+00 -1.147310627141598482e+00 -3.070403341312759160e+00
-1.120782062329363837e+00 -1.109538924717509589e+00 -3.104791449427867889e+00
-1.151829976823642410e+00 -1.221969505722298344e+00 -3.120254228717658229e+00
-1.183032519110819081e+00 -1.417139002629958400e+00 -3.183722699157443436e+00
-1.214869746102393622e+00 -1.535555406619921515e+00 -3.245597989639491310e+00
-1.247325725998788437e+00 -1.750206888877149147e+00 -3.456700717295864589e+00
-1.281892733171747123e+00 -2.018021860026590453e+00 -3.381907436572447523e+00
-1.315711807537471634e+00 -1.929177326417590432e+00 -3.371992414666433291e+00
-1.349431731684135993e+00 -1.667813073156599435e+00 -3.244849000231858849e+00
-1.381880221686454524e+00 -1.613108804539895580e+00 -3.023789253768752516e+00
-1.412118114224142129e+00 -1.597477235640196280e+00 -3.064227148217362640e+00
-1.442760385706315818e+00 -1.453329931484686144e+00 -2.942554953667697593e+00
-1.472185935242992905e+00 -1.602242883328505396e+00 -2.873629208659056022e+00
-1.500922227329583469e+00 -1.256244202824247758e+00 -3.120769425407081243e+00
-1.532129921583654353e+00 -9.621499218038184198e-01 -2.927383227476702654e+00
-1.561403753858421339e+00 -8.443356118112922415e-01 -2.992824157015063768e+00
-1.591331995428572066e+00 -9.664831452425303171e-01 -3.298094245484829212e+00
-1.624312937883420460e+00 -8.244523438969431073e-01 -3.400519178043358792e+00
-1.658318129663854057e+00 -7.323449862034309144e-01 -3.436178474046397202e+00
-1.692679914404318087e+00 -8.128603384085090200e-01 -3.459635187870626183e+00
-1.727276266283024331e+00 -7.824037848208956758e-01 -3.739403337291675289e+00
-1.764670299655941132e+00 -6.553974985694919209e-01 -3.989788543130596388e+00
-1.804568185087247034e+00 -8.317753787814251565e-01 -4.172426322831013223e+00
-1.846292448315557166e+00 -8.988731066541713055e-01 -3.973474160877576544e+00
-1.886027189924332825e+00 -1.171059998769542920e+00 -3.766767059141362672e+00
-1.923694860515746452e+00 -1.118963519916576610e+00 -3.646417659596048022e+00
-1.960159037111707026e+00 -1.124317304367167480e+00 -3.522038283779856283e+00
-1.995379419949505628e+00 -1.150809976999690454e+00 -3.488998102718087413e+00
-2.030269400976686622e+00 -1.046039192145272745e+00 -3.618412088298943008e+00
-2.066453521859676012e+00 -1.294040563468521032e+00 -3.410847056703989910e+00
-2.100561992426715818e+00 -1.709467496772920425e+00 -3.157716281242022305e+00
-2.132139155239136219e+00 -1.903855885866815312e+00 -3.085824888067747018e+00
-2.162997404119813893e+00 -1.793035831518338341e+00 -3.213989015740256860e+00
-2.195137294277216267e+00 -1.753227618390578613e+00 -3.358740461880281192e+00
-2.228724698896018985e+00 -1.326751655241401373e+00 -3.285584432489246698e+00
-2.261580543220911288e+00 -1.393444640226580766e+00 -3.795885379177695196e+00
-2.299539397012688280e+00 -1.566667101309254129e+00 -3.775424851928476766e+00
-2.337293645531973052e+00 -1.721765254836690184e+00 -4.176216101121046798e+00
-2.379055806543183493e+00 -1.675081808141664297e+00 -4.248509702095429219e+00
-2.421540903564137981e+00 -1.727492170124437232e+00 -4.158448066515834540e+00
-2.463125384229296166e+00 -2.045603213831161060e+00 -4.274685403092854052e+00
-2.505872238260224538e+00 -1.954481107778954785e+00 -3.943305818072738500e+00
-2.545305296440951714e+00 -2.025902064794574464e+00 -3.908147067773746652e+00
-2.584386767118689310e+00 -2.090973708201040449e+00 -3.329993249426157043e+00
-2.617686699612951085e+00 -1.982744091595836089e+00 -3.650564681118883215e+00
-2.654192346424139703e+00 -2.291469182221213874e+00 -3.585640231294228375e+00
-2.690048748737082107e+00 -2.247638007788829828e+00 -3.502183700295855129e+00
-2.725070585740040574e+00 -2.091790371248404057e+00 -3.790593465879942503e+00
-2.762976520398840119e+00 -2.406313392985221178e+00 -3.909541301906994892e+00
-2.802071933417910277e+00 -2.429177917742157522e+00 -3.932857554594960448e+00
-2.841400508963860094e+00 -2.667006470140017793e+00 -3.921395199992676606e+00
-2.880614460963786705e+00 -2.752576293946678465e+00 -3.783791720634912981e+00
-2.918452378170135919e+00 -2.979702152164547702e+00 -3.498080695586496702e+00
-2.953433185126000726e+00 -2.923899625418294956e+00 -3.627634740553498993e+00
-2.989709532531535707e+00 -2.723063545232921712e+00 -3.306308064220333964e+00
-3.022772613173739131e+00 -2.408120943028385419e+00 -3.332110493795767070e+00
-3.056093718111696944e+00 -2.500591795841482945e+00 -3.245276211548411283e+00
-3.088546480227181146e+00 -2.757640001326291390e+00 -3.223560419089779305e+00
-3.120782084418078917e+00 -2.648358526283811631e+00 -3.384185751447265300e+00
-3.154623941932551467e+00 -2.617294416661224421e+00 -3.443089347365673181e+00
-3.189054835406208266e+00 -2.392964222864888413e+00 -3.429008145574994337e+00
-3.223344916861958342e+00 -2.736761294475666517e+00 -3.348097642298417664e+00
-3.256825893284942541e+00 -2.743410445853701418e+00 -3.454317404688990845e+00
-3.291369067331832543e+00 -2.754758197431682376e+00 -3.340642177656836243e+00
-3.324775489108400706e+00 -2.894596427070679212e+00 -3.382064807781348215e+00
-3.358596137186214303e+00 -2.725370122235389658e+00 -3.453817105799868781e+00
-3.393134308244213138e+00 -2.710713385137001996e+00 -3.020459566201445067e+00
-3.423338903906227415e+00 -2.891569642102229221e+00 -2.806523043757509051e+00
-3.451404134343802443e+00 -3.240611557176686919e+00 -2.668555268390751412e+00
-3.478089687027710042e+00 -3.471297606531026148e+00 -3.036649140763184374e+00
-3.508456178435341855e+00 -3.668092538107133649e+00 -3.329789929607862575e+00
-3.541754077731420480e+00 -3.288157742991460797e+00 -3.273736580654809103e+00
-3.574491443537968660e+00 -3.284407760137757926e+00 -3.062879868945073358e+00
-3.605120242227419336e+00 -3.386008457081423284e+00 -2.829661016349428238e+00
-3.633416852390913832e+00 -3.189437612342969963e+00 -3.119101810350844328e+00
-3.664607870494422492e+00 -3.068863169293020832e+00 -2.918306514222908987e+00
-3.693790935636651618e+00 -2.822588209640464640e+00 -3.030568174621700805e+00
-3.724096617382868679e+00 -2.773332666356284726e+00 -3.050872183667350690e+00
-3.754605339219541982e+00 -2.713883043581941656e+00 -3.053610399257414620e+00
-3.785141443212116208e+00 -2.595100729169078857e+00 -3.107397432342601462e+00
-3.816215417535542276e+00 -2.526732082217760578e+00 -2.930460454540235737e+00
-3.845520022080944678e+00 -2.273524565312442736e+00 -3.093328661445515770e+00
-3.876453308695399613e+00 -2.101602299101311466e+00 -2.714013150576195965e+00
-3.903593440201161613e+00 -2.360561329627544946e+00 -2.943647828269462696e+00
-3.933029918483856413e+00 -2.493722835741160715e+00 -3.188368427631926849e+00
-3.964913602760175682e+00 -2.250561531544978511e+00 -3.240510896797891949e+00
-3.997318711728154561e+00 -2.242572371294866418e+00 -3.267100716736155430e+00
-4.029989718895516049e+00 -2.518479950464862060e+00 -3.146511687418856340e+00
-4.061454835769704452e+00 -2.305331177047757585e+00 -3.185021221608991482e+00
-4.093305047985793976e+00 -2.363329835458465755e+00 -3.228946482736952728e+00
-4.125594512813163917e+00 -2.446242598854980077e+00 -3.008045623719268757e+00
-4.155674969050356715e+00 -2.577953564223027350e+00 -3.294184004976801639e+00
-4.188616809100124350e+00 -2.202918145026004026e+00 -3.453276025206220901e+00
-4.223149569352186994e+00 -2.166394130453848099e+00 -3.383534199784163032e+00
-4.256984911350028433e+00 -2.149130560530543743e+00 -3.305409705379079632e+00
-4.290039008403819132e+00 -1.982453046745671799e+00 -3.189120732025437110e+00
-4.321930215724073321e+00 -2.126672601231847981e+00 -2.925384496688377300e+00
-4.351184060690957089e+00 -2.303587762196332100e+00 -2.796080832414042927e+00
-4.379144869015097363e+00 -2.426427595606348131e+00 -2.685601872952906088e+00
-4.406000887744626837e+00 -2.167952885370232341e+00 -2.537300482446972261e+00
-4.431373892569096640e+00 -2.229593190745021936e+00 -2.567772058727442630e+00
-4.457051613156370884e+00 -2.155690698402346506e+00 -2.677745108015300524e+00
-4.483829064236523720e+00 -2.035063231566136110e+00 -2.509354012334142237e+00
-4.508922604359865360e+00 -1.785441720107163732e+00 -2.492357451591677098e+00
-4.533846178875782229e+00 -1.680326248257473898e+00 -2.341397281368090777e+00
-4.557260151689463079e+00 -1.494167057806598864e+00 -2.202500207503146790e+00
-4.579285153764494964e+00 -1.606691512471668304e+00 -2.136194129778538731e+00
-4.600647095062280201e+00 -1.455342016231460978e+00 -2.107083755902863675e+00
-4.621717932621308478e+00 -1.463543193278616705e+00 -2.074516214334785058e+00
-4.642463094764655906e+00 -1.393258341950279977e+00 -1.914103541584246004e+00
-4.661604130180498018e+00 -1.474074832552040082e+00 -1.903844170389079826e+00
-4.680642571884388481e+00 -1.572464174207146348e+00 -2.336734445938700055e+00
-4.704009916343775188e+00 -1.200177058398385510e+00 -2.138158015237912046e+00
-4.725391496496154531e+00 -9.485592825493298630e-01 -2.351369513736996097e+00
-4.748905191633524758e+00 -9.786458482023200345e-01 -2.153479156666999295e+00
-4.770439983200194689e+00 -9.094910692272513142e-01 -1.970454602474230210e+00
-4.790144529224937386e+00 -1.223511641286420870e+00 -1.921926593019362750e+00
-4.809363795155131349e+00 -1.225029735852357193e+00 -2.043966194803807923e+00
-4.829803457103169606e+00 -1.121833105280474641e+00 -2.299843887823952659e+00
-4.852801895981409430e+00 -1.208218975933041062e+00 -2.352678270249348724e+00
-4.876328678683902851e+00 -1.081537863169988789e+00 -2.478153763428672995e+00
-4.901110216318189217e+00 -1.080201844753841733e+00 -2.662556173233334267e+00
-4.927735778050522875e+00 -1.105327588622178503e+00 -2.574252157202040703e+00
-4.953478299622543268e+00 -8.573067562235815453e-01 -2.739754813657901966e+00
-4.980875847759122621e+00 -7.574509200074305282e-01 -2.727895796237765236e+00
-5.008154805721500402e+00 -9.564325061322183075e-01 -2.663142145538439198e+00
-5.034786227176884843e+00 -1.009464772918766684e+00 -2.849841677149315355e+00
-5.063284643948377628e+00 -1.076737404209361371e+00 -2.962920611933656190e+00
-5.092913850067714243e+00 -1.060329526928209143e+00 -3.297341415446623181e+00
-5.125887264222180661e+00 -1.274297420423735616e+00 -3.418990289069432809e+00
-5.160077167112874896e+00 -1.010819726954032660e+00 -3.228455796876164463e+00
-5.192361725081636514e+00 -1.461747752281454815e+00 -3.151647973904812439e+00
-5.223878204820684878e+00 -1.847570805980001785e+00 -2.908226381761340296e+00
-5.252960468638298686e+00 -1.756690305002317043e+00 -2.776608941619872262e+00
-5.280726558054497310e+00 -1.365570788468364993e+00 -3.295658675840423157e+00
-5.313683144812901382e+00 -1.239979502810867773e+00 -3.389963486209469412e+00
-5.347582779674995734e+00 -1.026899581772330539e+00 -3.449222612105351971e+00
-5.382075005796049361e+00 -1.086309317269374519e+00 -3.486235948919665262e+00
-5.416937365285246386e+00 -9.562252353115587855e-01 -3.295247617724950562e+00
-5.449889841462495887e+00 -6.470674820416397743e-01 -3.186763790109057304e+00
-5.481757479363586150e+00 -5.610316019014371935e-01 -3.011420642442517615e+00
-5.511871685788011455e+00 -2.711994894448983562e-01 -2.825418211725061024e+00
-5.540125867905262069e+00 -5.472246578557063423e-02 -2.533085854507810097e+00
-5.565456726450340064e+00 1.053840553547336217e-01 -2.413077014446591395e+00
-5.589587496594806026e+00 2.046353172315754088e-01 -2.329745306907098357e+00
-5.612884949663876633e+00 2.711239293850655763e-01 -2.416102683432436837e+00
-5.637045976498201050e+00 3.321985471511061938e-01 -2.433055069369424395e+00
-5.661376527191895214e+00 4.652762733089621516e-02 -2.402973098300844157e+00
-5.685406258174904082e+00 3.516622014948463104e-03 -2.262545755124429459e+00
-5.708031715726148647e+00 5.315241465759187184e-02 -2.129903516937796226e+00
-5.729330750895526236e+00 1.603072357307837037e-01 -1.795471994787386949e+00
-5.747285470843400468e+00 2.100181593386231671e-01 -1.626673203902296638e+00
-5.763552202882423536e+00 2.205512285413241957e-01 -1.408004350907963165e+00
-5.777632246391503301e+00 3.608829491267926959e-01 -1.106287728562022288e+00
-5.788695123677123355e+00 5.799772814708070712e-01 -1.163462783415638357e+00
-5.800329751511279497e+00 4.266347577548740277e-01 -1.340005063226647364e+00
-5.813729802143545733e+00 4.254677238609039791e-01 -1.607348689062534586e+00
-5.829803289034170888e+00 4.870970072668677764e-01 -1.290370792884360185e+00
-5.842706996963014099e+00 7.463094339349760631e-01 -1.308424794400611990e+00
-5.855791244907019966e+00 7.475879863535458414e-01 -1.239870587567160065e+00
-5.868189950782691788e+00 9.261895879007556731e-01 -1.480267097398189513e+00
-5.882992621756673479e+00 9.614966644429362441e-01 -1.457038517653878262e+00
-5.897563006933212115e+00 7.858110647639250379e-01 -1.500083528031225910e+00
-5.912563842213524268e+00 7.129780585741746224e-01 -1.498355369301996864e+00
-5.927547395906544558e+00 3.287620163877171819e-01 -1.715023424651783257e+00
-5.944697630153062740e+00 2.324422306883283662e-01 -1.543883995770013673e+00
-5.960136470110763085e+00 3.412537613560197025e-01 -1.671046571845537621e+00
-5.976846935829218666e+00 1.309307962559407845e-01 -1.438299286675252420e+00
-5.991229928695971374e+00 5.589277792484748097e-01 -1.685650361724050805e+00
-6.008086432313211489e+00 6.885713365226890925e-01 -1.365916157421256605e+00
-6.021745593887423809e+00 7.961326938663347841e-01 -1.074731809230343726e+00
-6.032492911979726813e+00 6.230507393030684238e-01 -1.167292299258270827e+00
-6.044165834972309526e+00 6.252302669760239073e-01 -1.374172660418599756e+00
-6.057907561576495681e+00 4.394139463319902683e-01 -1.880888971307286051e+00
-6.076716451289568610e+00 7.219908136969548362e-01 -1.852030971765733502e+00
-6.095236761007226001e+00 9.957448855632853313e-01 -2.055504502979942139e+00
-6.115791806037025324e+00 9.709392789890719522e-01 -1.830031168490891647e+00
-6.134092117721934301e+00 1.372318397694413550e+00 -2.182330116750446525e+00
-6.155915418889438939e+00 1.510658884592277040e+00 -2.416316481398015359e+00
-6.180078583703418893e+00 1.626250764010363392e+00 -2.729156672529928329e+00
-6.207370150428718425e+00 1.574477761112931029e+00 -2.642266756463320654e+00
-6.233792817993351498e+00 1.553739623973719564e+00 -3.049232254958534227e+00
-6.264285140542936503e+00 1.769643436593359098e+00 -3.098048750235640636e+00
-6.295265628045292772e+00 1.742439458743713088e+00 -2.885790582787735925e+00
-6.324123533873169833e+00 1.634176888719124809e+00 -2.546201642346495042e+00
-6.349585550296635184e+00 1.951528217074344873e+00 -2.386961748737010502e+00
-6.373455167784005226e+00 1.856195698668518190e+00 -2.633913719678653287e+00
-6.399794304980791715e+00 1.539840829104155429e+00 -2.919714118816572945e+00
-6.428991446168957680e+00 1.847488851600472826e+00 -3.286917296184743709e+00
-6.461860619130805006e+00 2.267215387307103036e+00 -3.306007245965469465e+00
-6.494920691590460038e+00 2.577720358769570730e+00 -3.122973595889697584e+00
-6.526150427549357147e+00 2.160762740912370194e+00 -3.047707721131652114e+00
-6.556627504760673908e+00 1.864397903404725998e+00 -2.833643124989484452e+00
-6.584963936010568730e+00 1.517093189457868530e+00 -2.399924564943960892e+00
-6.608963181660008068e+00 1.432584267994830407e+00 -2.175525835353342430e+00
-6.630718440013541937e+00 1.862425743536149758e+00 -1.802381329526859588e+00
-6.648742253308810746e+00 1.785320825354046903e+00 -1.832337426158272997e+00
-6.667065627570393893e+00 1.793038866977163526e+00 -1.896309930097147323e+00
-6.686028726871365180e+00 1.648921809532611249e+00 -2.006736545839698405e+00
-6.706096092329762115e+00 1.496662850567632930e+00 -2.151089674806559771e+00
-6.727606989077827393e+00 1.374301243202699530e+00 -1.936989291861367368e+00
-6.746976881996441300e+00 1.498848960940113662e+00 -1.882873316407125408e+00
-6.765805615160512154e+00 1.714362664492069310e+00 -1.752208121439586375e+00
-6.783327696374907845e+00 1.653754368870812730e+00 -1.606205427116725648e+00
-6.799389750646074759e+00 1.558904269383213803e+00 -1.363726120554031196e+00
-6.813027011851614745e+00 1.977681118767167678e+00 -1.413008589535531767e+00
-6.827157097746970216e+00 2.073299580174452039e+00 -1.363860667082199996e+00
-6.840795704417792500e+00 2.353423307487713334e+00 -1.324052944652699848e+00
-6.854036233864319705e+00 2.190383984709127319e+00 -1.281562084521115086e+00
-6.866851854709531189e+00 2.069674973028671427e+00 -1.319229495072518743e+00
-6.880044149660256458e+00 2.371368160469542019e+00 -1.672222139754257819e+00
-6.896766371057799105e+00 2.689340064921033058e+00 -1.357405494976893889e+00
-6.910340426007568482e+00 3.008788160091740327e+00 -1.895683929286222424e+00
-6.929297265300430553e+00 2.689650290986576930e+00 -1.885497253403384033e+00
-6.948152237834464451e+00 2.712278384466920933e+00 -2.215344194650507692e+00
-6.970305679780969932e+00 2.644104180235031354e+00 -2.236717144889203368e+00
-6.992672851229862374e+00 2.850939036659039250e+00 -2.211980325628573940e+00
-7.014792654486147860e+00 2.447070532408556431e+00 -2.142080212927852223e+00
-7.036213456615426409e+00 2.330317654741812294e+00 -2.082512284935066571e+00
-7.057038579464776973e+00 2.213433975561903022e+00 -1.975764045079567266e+00
-7.076796219915572728e+00 2.239673036197595835e+00 -1.840335286321777675e+00
-7.095199572778790653e+00 2.108913386116623823e+00 -1.753637751897247909e+00
-7.112735950297762955e+00 2.220866176793132585e+00 -1.363296886325859436e+00
-7.126368919161021331e+00 2.480301461352696801e+00 -1.368672553370797962e+00
-7.140055644694728976e+00 2.219988576740508091e+00 -1.684289526773359968e+00
-7.156898539962462280e+00 2.122754913241872377e+00 -1.729517937203163047e+00
-7.174193719334494013e+00 2.015348949219568198e+00 -1.953763504556563113e+00
-7.193731354380060061e+00 1.883724658760944859e+00 -1.681546265622304359e+00
-7.210546817036282974e+00 1.780732773868541896e+00 -1.674653387405249161e+00
-7.227293350910335867e+00 1.925278070136877684e+00 -1.599558548682121106e+00
-7.243288936397156874e+00 2.105968172496102575e+00 -1.512789389773116167e+00
-7.258416830294888378e+00 2.071284920171106769e+00 -1.622970070857743918e+00
-7.274646531003465810e+00 1.983627471064593584e+00 -1.350928668330459992e+00
-7.288155817686770455e+00 1.995979891062913847e+00 -1.046180850517546945e+00
-7.298617626191945540e+00 2.187497494142109034e+00 -7.926674139259815011e-01
-7.306544300331204944e+00 2.027460052417778602e+00 -6.629475221086302827e-01
-7.313173775552291644e+00 1.905625551935380191e+00 -4.553032520035387165e-01
-7.317726808072326783e+00 2.020065330139868998e+00 -2.493120595941465401e-01
-7.320219928668268317e+00 2.140795223841626793e+00 -2.188893306364714797e-01
-7.322408821974632609e+00 2.554939416260888940e+00 -2.171252620652794618e-01
-7.324580074595285595e+00 2.413751249029593371e+00 -5.213060381526851694e-01
-7.329793134976812397e+00 2.388331663282011963e+00 -5.698847774586041082e-01
-7.335491982751398687e+00 2.452906270381738363e+00 -8.321832942902660513e-01
-7.343813815694301361e+00 2.834038339163641229e+00 -8.746942026612471999e-01
-7.352560757720913998e+00 2.517592284440207884e+00 -5.486272137675870519e-01
-7.358047029858590271e+00 2.231771712868168667e+00 -7.257314484066844651e-01
-7.365304344342656684e+00 2.178532246475314960e+00 -7.804790587501704291e-01
-7.373109134930158071e+00 2.044672349997559202e+00 -7.264199876133878853e-01
-7.380373334806291652e+00 2.140535822235839714e+00 -7.397902686380171122e-01
-7.387771237492671617e+00 2.536576962128808788e+00 -7.786947962083446972e-01
-7.395558185454754963e+00 2.070636294774391040e+00 -7.323903656089520986e-01
-7.402882089110844888e+00 2.018351225820929518e+00 -7.527538524505791306e-01
-7.410409627635350382e+00 1.703928126734341353e+00 -7.558477802255052502e-01
-7.417968105437605431e+00 1.791958595620950501e+00 -9.234459430742874009e-01
-7.427202564868347956e+00 1.938030170877215630e+00 -4.275089315128174361e-01
-7.431477654183476389e+00 2.137898529768639921e+00 -3.087527294545201473e-01
-7.434565181478022033e+00 1.905368911252250275e+00 -5.888058435019729586e-01
-7.440453239913042083e+00 2.064856097224095688e+00 -4.128209653281649238e-01
-7.444581449566324061e+00 1.994990735416737992e+00 -2.270326837228303363e-01
-7.446851776403552670e+00 2.489692567539431245e+00 -7.885437428574466612e-01
-7.454737213832126841e+00 2.471572206361672297e+00 -7.017723765052211737e-01
-7.461754937597179449e+00 2.580408614428842728e+00 -5.643814151552261071e-01
-7.467398751748731911e+00 2.693535061850337087e+00 -6.582214361374254530e-01
-7.473980966110105761e+00 2.674333006595216666e+00 -6.887854815103232609e-01
-7.480868820925208773e+00 2.815472320148402652e+00 -4.472126194203067673e-01
-7.485340947119412114e+00 3.166095808193200689e+00 -1.823402476914326997e-01
-7.487164349596326041e+00 3.362367542240722873e+00 -2.287792750116457996e-01
-7.489452142346442187e+00 3.332550460859053043e+00 -9.180441439088760092e-02
-7.490370186490350690e+00 3.132288435670813165e+00 2.090515365338889153e-01
-7.488279671125011916e+00 3.005944313655989131e+00 1.136895740863454185e-01
-7.487142775384148408e+00 3.191343324418334682e+00 2.422339255709528572e-01
-7.484720436128438514e+00 2.927505797596517301e+00 1.710851023944779947e-01
-7.483009585104493766e+00 2.999439239127267509e+00 1.006888309175656693e-01
-7.482002696795317931e+00 3.130012697075395423e+00 1.780237595860448829e-01
-7.480222459199457496e+00 2.930680174744377364e+00 1.322891366855845352e-01
-7.478899567832601569e+00 3.123150455770440814e+00 1.155133390068551896e-01
-7.477744434442533006e+00 3.079222573855466383e+00 -1.536305332791694511e-01
-7.479280739775324705e+00 3.087250103510356336e+00 -1.458573417920780158e-01
-7.480739313193245366e+00 3.210884472582953286e+00 -3.352911201319543899e-01
-7.484092224394564674e+00 3.378388967905371132e+00 -1.461974191825013702e-01
-7.485554198586389596e+00 3.394622576110009060e+00 -2.971744555982600566e-01
-7.488525943142372299e+00 3.631161173490945693e+00 -1.192266815372444166e-01
-7.489718209957744399e+00 3.871047208632228287e+00 1.886160683968192697e-01
-7.487832049273776214e+00 4.045367358856808870e+00 4.419474455642538047e-01
-7.483412574818133933e+00 4.224009536937141540e+00 3.498930370910914300e-01
-7.479913644447223398e+00 4.270414279901305399e+00 5.711971745964662395e-01
-7.474201672701259014e+00 4.027424662344296635e+00 7.247356945452164689e-01
-7.466954315755806704e+00 4.219978606451348035e+00 6.996757797906886234e-01
-7.459957557957899610e+00 4.109995543538034646e+00 8.700539428177449519e-01
-7.451257018529721776e+00 4.072215138871215778e+00 8.641532896222744453e-01
-7.442615485633498729e+00 4.592126538937534086e+00 1.176764547884881384e+00
-7.430847840154649830e+00 4.668760032664844850e+00 1.155992783770129373e+00
-7.419287912316948841e+00 4.546648735193463686e+00 1.499749019877045786e+00
-7.404290422118178228e+00 3.997020245766950808e+00 1.536294391194203746e+00
-7.388927478206236188e+00 3.841883241608921029e+00 1.254237077842635717e+00
-7.376385107427809729e+00 3.497496575037966515e+00 1.166830781166166897e+00
-7.364716799616148002e+00 3.591509348740440366e+00 1.106649387372704574e+00
-7.353650305742420734e+00 3.726234637050258147e+00 9.855781500566305198e-01
-7.343794524241854305e+00 3.561445146788985827e+00 9.381561706525411992e-01
-7.334412962535329150e+00 3.700153284220403904e+00 1.006816279079797649e+00
-7.324344799744531009e+00 3.793410818970521792e+00 1.009810048108407132e+00
-7.314246699263446949e+00 3.332310252016085439e+00 9.281158673676990212e-01
-7.304965540589769546e+00 3.251580905524294351e+00 8.735154103383314661e-01
-7.296230386486386443e+00 3.013325329872144742e+00 1.047701719299483303e+00
-7.285753369293392012e+00 2.667126505860890617e+00 1.142632194776240784e+00
-7.274327047345629182e+00 2.738750277247176346e+00 1.012923967499080424e+00
-7.264197807670638163e+00 2.792300844849634256e+00 1.352303344695918064e+00
-7.250674774223679009e+00 2.994031198110071568e+00 1.390447493067925144e+00
-7.236770299293000086e+00 2.659051465448621254e+00 1.439902208078522206e+00
-7.222371277212214835e+00 2.488855729569599884e+00 1.587775792151732812e+00
-7.206493519290697591e+00 2.568185827470115257e+00 1.134188152391120363e+00
-7.195151637766786124e+00 2.310128273217036288e+00 1.403194707158287979e+00
-7.181119690695203062e+00 2.521357822080229738e+00 1.494836358794327857e+00
-7.166171327107259792e+00 2.498015324423169758e+00 1.419123040601578456e+00
-7.151980096701244349e+00 2.212359021663295344e+00 1.523232721503546383e+00
-7.136747769486208703e+00 2.249194702787397748e+00 1.272528651913149567e+00
-7.124022482967077075e+00 2.472407065604008913e+00 1.478961171481394388e+00
-7.109232871252262775e+00 2.643358469502270935e+00 1.261195149986001240e+00
-7.096620919752402834e+00 2.818136365099673135e+00 9.458317478893984998e-01
-7.087162602273508583e+00 2.845294775593765202e+00 9.687234964696238571e-01
-7.077475367308812437e+00 2.562556108562224821e+00 1.018370409832172419e+00
-7.067291663210490960e+00 2.715405812677845088e+00 1.397685343634110566e+00
-7.053314809774150262e+00 2.692333822302328095e+00 1.377188164029945927e+00
-7.039542928133850630e+00 2.965776620612115444e+00 1.376197243377249801e+00
-7.025780955700078323e+00 2.813700903699057232e+00 1.532795105988370876e+00
-7.010453004640194941e+00 2.801061233470024892e+00 1.771970997771521228e+00
-6.992733294662479615e+00 2.770862140809203122e+00 1.884505960179698514e+00
-6.973888235060682561e+00 2.859894901685597457e+00 1.973882539465313668e+00
-6.954149409666029236e+00 3.007044278740633292e+00 1.977955759901170341e+00
-6.934369852067017170e+00 3.025544653276480034e+00 2.032341460838416491e+00
-6.914046437458632788e+00 3.023249368178117180e+00 1.862216970661948245e+00
-6.895424267752013670e+00 2.772966848601607914e+00 2.147511729376729850e+00
-6.873949150458246393e+00 2.970733937394171686e+00 1.928027954217672812e+00
-6.854668870916069245e+00 2.554491752736449239e+00 2.033106449798558035e+00
-6.834337806418083971e+00 2.772287880149038042e+00 2.075597777432705904e+00
-6.813581828643757277e+00 2.828645983063974967e+00 2.106428347242735200e+00
-6.792517545171329552e+00 2.884280791786429265e+00 2.006624456991114691e+00
-6.772451300601418644e+00 2.678819450662193624e+00 1.891824754613648851e+00
-6.753533053055281954e+00 2.324188501167551379e+00 1.764965623122439542e+00
-6.735883396824057456e+00 2.229561838271139074e+00 1.735162349184472763e+00
-6.718531773332212964e+00 2.048183464148457755e+00 1.456073589142096170e+00
-6.703971037440791925e+00 2.296332873101289085e+00 1.612744971899540580e+00
-6.687843587721796546e+00 2.117701658224887318e+00 1.943875531801589229e+00
-6.668404832403780347e+00 2.576709673403359879e+00 2.134691751259198078e+00
-6.647057914891188801e+00 2.246913295248270437e+00 2.178586198050362466e+00
-6.625272052910685439e+00 1.930718372553206885e+00 2.426426346141405066e+00
-6.601007789449271357e+00 1.958870946726232409e+00 2.235504192532268508e+00
-6.578652747523948463e+00 1.797951771383043962e+00 2.437437763988757666e+00
-6.554278369884061206e+00 1.886481793147450681e+00 2.682293815468500320e+00
-6.527455431729376478e+00 1.789450383729817906e+00 2.814110505301036902e+00
-6.499314326676365994e+00 1.681912723527272391e+00 3.027546641765570090e+00
-6.469038860258709889e+00 1.609555473943266257e+00 2.834310779366479238e+00
-6.440695752465044777e+00 1.576086821671285776e+00 2.952687225567232510e+00
-6.411168880209372034e+00 1.750286238469908495e+00 2.836616308594929414e+00
-6.382802717123422731e+00 1.307942924682095054e+00 3.128992503112205004e+00
-6.351512792092300685e+00 1.339530994331568525e+00 3.097755692338374889e+00
-6.320535235168916799e+00 1.519358085419754811e+00 2.973169963054203002e+00
-6.290803535538374902e+00 1.638910230261720224e+00 3.059213810970407010e+00
-6.260211397428671276e+00 1.494362507770024440e+00 3.234813672983507971e+00
-6.227863260698836001e+00 1.539889560561364723e+00 3.375632785393278823e+00
-6.194106932844903213e+00 1.279343736664863007e+00 3.107453743112646105e+00
-6.163032395413776676e+00 1.172036755312484635e+00 2.746698328989253035e+00
-6.135565412123884066e+00 9.882924118568179317e-01 2.769674932039045689e+00
-6.107868662803493720e+00 1.325046192131116518e+00 2.774756219401113277e+00
-6.080121100609482632e+00 1.068578523481959364e+00 2.574259912920763060e+00
-6.054378501480274899e+00 8.282829620526230840e-01 2.221907748356456214e+00
-6.032159423996710679e+00 8.407318356041407759e-01 2.120716206681511284e+00
-6.010952261929895180e+00 8.836804777887280471e-01 2.190558506848566456e+00
-5.989046676861409679e+00 9.406959003648941442e-01 2.030315793889512666e+00
-5.968743518922514646e+00 6.227720134791158157e-01 2.016322056474120661e+00
-5.948580298357773799e+00 9.412167805319153757e-01 1.771361526385536012e+00
-5.930866683093918290e+00 1.300838489333857151e+00 2.115721530452981280e+00
-5.909709467789388881e+00 1.391394561748302561e+00 2.154829776838552480e+00
-5.888161170021003699e+00 1.336355287291672855e+00 2.053527024775077869e+00
-5.867625899773252662e+00 1.094628279053085018e+00 2.312291459751445011e+00
-5.844502985175738630e+00 1.306309461077139744e+00 2.394932920661641873e+00
-5.820553655969121998e+00 1.466920625252532862e+00 2.099899395176275441e+00
-5.799554662017358808e+00 1.206182136591798626e+00 2.152333538660247569e+00
-5.778031326630756581e+00 1.125366706557284102e+00 1.817084038726974660e+00
-5.759860486243487010e+00 1.099448933769366032e+00 1.769753008110197090e+00
-5.742162956162385257e+00 1.085375089978940499e+00 1.371927972565825105e+00
-5.728443676436726584e+00 8.349900578746243252e-01 1.241829536735828521e+00
-5.716025381069368194e+00 6.547174795982304563e-01 1.514780127687491262e+00
-5.700877579792493322e+00 5.232876693331269813e-01 1.777609644866875893e+00
-5.683101483343824256e+00 6.491708056700667973e-01 1.590218025536433766e+00
-5.667199303088460205e+00 5.106846360194743362e-01 1.591349964189644473e+00
-5.651285803446564060e+00 7.533050212607694807e-01 1.342644487063380909e+00
-5.637859358575930457e+00 4.982674092632499163e-01 1.551364582048355034e+00
-5.622345712755446812e+00 5.625834695051131762e-01 1.580970679846334770e+00
-5.606536005956983537e+00 6.326985514110105013e-01 1.595385355457341836e+00
-5.590582152402410188e+00 4.772572076144412367e-01 1.281202540628868514e+00
-5.577770126996121292e+00 4.651689835600320011e-01 9.324321326630620188e-01
-5.568445805669490767e+00 6.231412956817762305e-01 1.235026127046071842e+00
-5.556095544399029862e+00 4.449029179512132837e-01 1.335016327908494560e+00
-5.542745381119944525e+00 1.924059658029744213e-01 1.635322705414472555e+00
-5.526392154065799645e+00 3.011607189164058895e-01 1.557905064145657992e+00
-5.510813103424343495e+00 1.569962187406467313e-01 1.707851903973482743e+00
-5.493734584384609043e+00 5.376388531681991489e-02 1.913043997452696487e+00
-5.474604144410082363e+00 2.712269418347598715e-01 2.165370960194506367e+00
-5.452950434808137459e+00 3.514120955381870859e-01 1.949508862040483681e+00
-5.433455346187732182e+00 1.959960246307733134e-01 1.966240027972532278e+00
-5.413792945908006971e+00 1.113781033633112899e-01 1.886224451928873336e+00
-5.394930701388718219e+00 -2.363475794754782422e-01 2.153694703271047839e+00
-5.373393754356007967e+00 -2.180659534239536568e-01 2.208077937011013514e+00
-5.351312974985897419e+00 1.541918829960260140e-01 2.045367484176034090e+00
-5.330859300144137336e+00 1.722823879779667722e-01 2.113430649281970997e+00
-5.309724993651317781e+00 1.215667588746595640e-01 1.873779962659555265e+00
-5.290987194024721951e+00 -1.337205682448666388e-01 2.004589876741615928e+00
-5.270941295257305370e+00 -3.777715843202475998e-01 1.964768219251685100e+00
-5.251293613064788701e+00 -4.270451916912131329e-01 1.915803671788267160e+00
-5.232135576346905737e+00 -3.542426884239410767e-01 1.771309735856059664e+00
-5.214422478988344878e+00 5.877609648433207434e-02 1.906844707634838931e+00
-5.195354031911996628e+00 2.111082118739572855e-01 1.953895843487346351e+00
-5.175815073477123107e+00 -1.988474492272687688e-02 2.080568583071621624e+00
-5.155009387646407149e+00 -2.029614097766717640e-01 1.987876359738528498e+00
-5.135130624049021542e+00 -3.629641831224736936e-01 2.167093876828314780e+00
-5.113459685280738576e+00 -1.796834316583072466e-01 2.108468235663704782e+00
-5.092375002924101501e+00 9.213739299114909187e-02 2.100915027634629340e+00
-5.071365852647755190e+00 -8.694086215692120589e-03 2.129988131062853896e+00
-5.050065971337126314e+00 -4.188000644113641924e-01 2.294223071038982820e+00
-5.027123740626736392e+00 -5.759884190742098342e-01 2.411545517413841822e+00
-5.003008285452597903e+00 -3.652021403467162197e-01 2.384821783892765446e+00
-4.979160067613670471e+00 -4.487484612218777813e-01 2.334647180295409186e+00
-4.955813595810716343e+00 -7.613177097899914703e-01 2.271482285076957375e+00
-4.933098772959946920e+00 -7.498773789633437215e-01 1.756169449734360732e+00
-4.915537078462603127e+00 -6.088838340654757486e-01 2.026001439637695078e+00
-4.895277064066226202e+00 -3.648976095489211979e-01 1.963425165001143169e+00
-4.875642812416214333e+00 -4.267422142952668196e-01 1.768890546074226577e+00
-4.857953906955471801e+00 -5.285574409729270062e-01 1.828398881911118989e+00
-4.839669918136360494e+00 -8.104624829497195648e-01 1.790844156859337621e+00
-4.821761476567766991e+00 -6.212592087550110609e-01 1.603393632313098838e+00
-4.805727540244635776e+00 -6.212608267163035602e-01 1.802680377986363824e+00
-4.787700736464771900e+00 -7.492022213778306572e-01 2.059002122567123116e+00
-4.767110715239100571e+00 -5.901103509262242142e-01 1.492323768788441640e+00
-4.752187477551216510e+00 -5.771880507406845773e-01 1.317991473471618491e+00
-4.739007562816500041e+00 -4.082163023301026428e-01 1.316368436411177179e+00
-4.725843878452388402e+00 -4.101217195215478561e-01 1.278066919700326265e+00
-4.713063209255385466e+00 -2.924717573554027061e-01 1.194626442463683880e+00
-4.701116944830748601e+00 -3.518484681665733360e-01 1.347133306922157603e+00
-4.687645611761526609e+00 -2.568293307460076114e-01 1.341440436000557845e+00
-4.674231207401520649e+00 -5.501993714394010082e-01 1.014270622757701412e+00
-4.664088501173943691e+00 -5.538951220935045550e-01 1.047225276737647093e+00
-4.653616248406566847e+00 -8.865781685018356839e-01 8.625577321246304940e-01
-4.644990671085320599e+00 -1.243986148469999664e+00 7.716776075756776043e-01
-4.637273895009563773e+00 -1.462664842056071279e+00 8.195486674706171648e-01
-4.629078408334857286e+00 -1.605644775815880720e+00 5.471400951954068503e-01
-4.623607007382902978e+00 -1.550398220464622057e+00 5.548668091856394646e-01
-4.618058339291046366e+00 -1.311572357609386730e+00 3.386764498339944751e-01
-4.614671574792706288e+00 -1.312634075356653218e+00 3.219531491256139577e-01
-4.611452043301450310e+00 -1.038648557495975400e+00 6.192309083842113537e-01
-4.605259734217607814e+00 -1.390251538686781085e+00 3.745908644302508028e-01
-4.601513825573305461e+00 -1.252341390438162394e+00 2.225291119866257550e-01
-4.599288534453439325e+00 -1.436396617668060927e+00 4.663048965078022134e-01
-4.594625485488361250e+00 -1.448501802451665821e+00 3.153798534793366137e-01
-4.591471686953568110e+00 -1.557050780073989227e+00 6.127702282451790161e-01
-4.585343984671116147e+00 -1.333608711934846314e+00 9.147832498709371762e-01
-4.576196152172406606e+00 -1.108525226018781007e+00 9.818253183334014755e-01
-4.566377898989072648e+00 -1.064093300220567251e+00 8.490901751189346980e-01
-4.557886997237883264e+00 -8.435116753734460682e-01 9.666241385745533155e-01
-4.548220755852137920e+00 -1.232083307540072559e+00 1.100958204570022581e+00
-4.537211173806437792e+00 -1.399798501262146111e+00 1.150512652754373422e+00
-4.525706047278894140e+00 -1.654970481011345917e+00 8.597423430006148060e-01
-4.517108623848887561e+00 -1.723948895831049155e+00 6.694852861206191941e-01
-4.510413770987681481e+00 -2.014648321963472100e+00 4.920429905878076493e-01
-4.505493341081803216e+00 -1.973093932164546871e+00 7.033263120069526142e-01
-4.498460077961733639e+00 -2.134126014639450730e+00 8.638314741021498877e-01
-4.489821763220712469e+00 -2.197170176180351486e+00 7.478511580603350861e-01
-4.482343251640108939e+00 -2.486442058158020441e+00 9.467565723547424206e-01
-4.472875685916561928e+00 -2.585359917411534258e+00 7.810520998449395069e-01
-4.465065164918112117e+00 -2.445346680795534411e+00 9.258402932952196629e-01
-4.455806761985160236e+00 -2.368036254493206094e+00 6.643817550526475157e-01
-4.449162944434633893e+00 -2.367767593928667313e+00 8.190449144567366613e-01
-4.440972495290066213e+00 -2.483691125689218016e+00 1.104470212859991696e+00
-4.429927793161466454e+00 -2.354590446842435014e+00 9.863086680168995368e-01
-4.420064706481297456e+00 -2.518774030503747152e+00 7.794150059586802959e-01
-4.412270556421710843e+00 -2.445132178347100282e+00 9.233831539443775327e-01
-4.403036724882267272e+00 -2.842195556034591508e+00 8.730899536998761867e-01
-4.394305825345268701e+00 -2.947148472479081516e+00 1.303595920386170670e+00
-4.381269866141407121e+00 -2.894552321236456116e+00 9.589558537300855168e-01
-4.371680307604106197e+00 -2.800083215220587896e+00 9.818072332333294128e-01
-4.361862235271773081e+00 -2.687013776822186006e+00 8.481605173934659847e-01
-4.353380630097838377e+00 -2.518339688228015127e+00 1.292727371393724622e+00
-4.340453356383901173e+00 -2.241395197381307547e+00 1.499780718918907185e+00
-4.325455549194711757e+00 -2.334601087263509900e+00 1.396053174167422695e+00
-4.311495017453037093e+00 -2.440350482124922671e+00 1.370566067338342853e+00
-4.297789356779653680e+00 -2.470490015821932062e+00 1.638052928508664019e+00
-4.281408827494566971e+00 -2.991426500617812678e+00 1.465815253057973999e+00
-4.266750674963986967e+00 -3.161224944292053252e+00 1.427191351792234109e+00
-4.252478761446064404e+00 -3.253652740880020655e+00 1.389339599976983752e+00
-4.238585365446294162e+00 -3.566095810341904482e+00 1.369615215327837809e+00
-4.224889213293015366e+00 -3.631498710991641232e+00 1.473836634136078905e+00
-4.210150846951654202e+00 -3.598648767506019031e+00 1.230647272817302129e+00
-4.197844374223481445e+00 -3.746836368971877995e+00 9.231787168028968704e-01
-4.188612587055452252e+00 -3.833338037694808520e+00 8.048647089630532880e-01
-4.180563939965821874e+00 -3.659815098736500349e+00 8.331086631494040162e-01
-4.172232853334327807e+00 -3.757643476553441442e+00 7.886134927608676737e-01
-4.164346718406719106e+00 -3.643282400831915346e+00 6.616235336372267017e-01
-4.157730483070347205e+00 -3.840104320148303607e+00 3.973621963929097056e-02
-4.157333120873953902e+00 -3.736120609621378374e+00 1.956418434863362033e-01
-4.155376702439090408e+00 -3.750357932364278835e+00 1.792435825420813367e-01
-4.153584266613669307e+00 -3.626584374835499780e+00 4.496217929568955829e-01
-4.149088048684100194e+00 -3.690621991689044812e+00 5.186649266877388920e-01
-4.143901399417222464e+00 -3.452566999149730087e+00 2.005589688302171769e-01
-4.141895809728920241e+00 -3.027630940898320411e+00 2.942161935003101969e-01
-4.138953647793917057e+00 -2.809934008791431292e+00 2.230823724313682477e-01
-4.136722824069603455e+00 -3.087212246569300600e+00 3.346650479801087652e-01
-4.133376173589802249e+00 -2.702687443284985669e+00 4.413134207142010990e-03
-4.133332042247730875e+00 -2.737743856447075963e+00 -2.373309103335625309e-03
-4.133355775338764637e+00 -2.590783110297778968e+00 -3.586104515206889332e-02
-4.133714385790285384e+00 -2.183549399834515903e+00 -1.723016669068622164e-01
-4.135437402459354317e+00 -2.244732118503645957e+00 -8.793370843918094093e-02
-4.136316739543746124e+00 -2.854720769232650390e+00 -1.853380993572098512e-01
-4.138170120537318475e+00 -2.709509009595875817e+00 -3.109097239369873478e-01
-4.141279217776688171e+00 -2.787161687592364157e+00 -4.666774700182518831e-02
-4.141745895246706333e+00 -3.136137247169306530e+00 1.820478207677628801e-01
-4.139925417039028943e+00 -3.054955276440807665e+00 2.468869280539768840e-01
-4.137456547758489478e+00 -3.046926608686423954e+00 3.345161815611655820e-01
-4.134111385942877526e+00 -2.748382278097604381e+00 2.131371761910082485e-01
-4.131980014180967054e+00 -3.073331265118883771e+00 -3.077617362281709346e-03
-4.132010790354589957e+00 -3.328559988161207350e+00 1.813880037552930702e-01
-4.130196910317036618e+00 -3.095439982652839372e+00 4.232073533055216719e-01
-4.125964836783981404e+00 -2.884748311876980331e+00 8.214763188372842251e-02
-4.125143360465144404e+00 -2.999709244663450569e+00 -2.095971890223377598e-01
-4.127239332355367551e+00 -3.285825643706211441e+00 -2.410298496204796026e-01
-4.129649630851572439e+00 -3.580256305238748382e+00 -2.277802679523568130e-01
-4.131927433531095595e+00 -3.459615300660750403e+00 -1.188670757517619192e-01
-4.133116104288613535e+00 -3.198709358410100290e+00 -4.836657265003321826e-02
-4.133599770015114139e+00 -3.510872183728971585e+00 1.279968499046713060e-02
-4.133471773165209306e+00 -3.600012830399204056e+00 2.391656804246763413e-01
-4.131080116360962506e+00 -3.396919836449191266e+00 3.912308598388880010e-01
-4.127167807762573304e+00 -3.432430754815639418e+00 6.988478618351221527e-01
-4.120179329144222358e+00 -3.355871651324343841e+00 7.307684440283129801e-01
-4.112871644703939289e+00 -3.368917955538555109e+00 4.812001379749020202e-01
-4.108059643324190269e+00 -3.293735715843913781e+00 5.301024289371416565e-01
-4.102758619034818643e+00 -3.103289491345000428e+00 3.932391367251991121e-01
-4.098826227667566435e+00 -2.760614638947896715e+00 4.495982942672245852e-01
-4.094330244724893930e+00 -2.977544850406861343e+00 8.003151096544716125e-01
-4.086327093628349338e+00 -2.808363064673714327e+00 9.388456730098116987e-01
-4.076938636898251644e+00 -2.676260506811159345e+00 9.919076039239969056e-01
-4.067019560859011840e+00 -2.744863868729995993e+00 1.126750972643742577e+00
-4.055752051132574643e+00 -2.850893525189665212e+00 8.514644013897322283e-01
-4.047237407118677410e+00 -2.727509955093271987e+00 8.181705505759253594e-01
-4.039055701612918270e+00 -2.437105541739556624e+00 6.151834486998973839e-01
-4.032903867125919639e+00 -2.365606920265495461e+00 7.933817990653475594e-01
-4.024970049135266237e+00 -2.085921254488929399e+00 9.558273709241094096e-01
-4.015411775426025009e+00 -2.000128073407496654e+00 7.108387623814609313e-01
-4.008303387802210516e+00 -2.113528894254127266e+00 3.653267785827651326e-01
-4.004650120016382431e+00 -2.243586958995101632e+00 2.440183685672802638e-01
-4.002209936330709539e+00 -2.095405120773605301e+00 -9.656516868341372128e-02
-4.003175588017543696e+00 -1.773742065958318959e+00 -4.038802395840244974e-02
-4.003579468257127516e+00 -1.350885192305485649e+00 -3.456837463473056427e-01
-4.007036305720600211e+00 -1.293716521291301103e+00 -3.141046316899469004e-01
-4.010177352037499254e+00 -1.237920819228330638e+00 -3.920085063318751728e-01
-4.014097437100818233e+00 -9.200602651226146289e-01 -1.004393792248184925e-01
-4.015101830893066825e+00 -3.898992447628004676e-01 -2.164093883349393621e-01
-4.017265924776416419e+00 -5.695249197315714884e-01 -2.510558374489080813e-01
-4.019776483150905300e+00 -6.842207297288361856e-01 -6.363291893194936710e-01
-4.026139775044100588e+00 -9.900831079895436870e-01 -2.885748092594720982e-01
-4.029025523136695597e+00 -1.103453579061492329e+00 -3.363157502703841284e-01
-4.032388680639399148e+00 -1.020845166156751915e+00 -3.020532522074197979e-01
-4.035409213161472941e+00 -1.210810621573811918e+00 -4.864547836669063652e-01
-4.040273760998141839e+00 -1.310542571428322312e+00 -3.902347189859044496e-01
-4.044176108188000995e+00 -1.649977842598502775e+00 -3.657632919863747500e-01
-4.047833741107864647e+00 -1.728384725033637048e+00 -6.589831817721959473e-01
-4.054423572925586861e+00 -1.777762141314583433e+00 -5.750321523512773592e-01
-4.060173894449099485e+00 -1.475540798971479495e+00 -5.685556839501541004e-01
-4.065859451288600823e+00 -1.499087210229586908e+00 -3.821129456879555075e-01
-4.069680580745480114e+00 -1.291160774492652985e+00 -2.703670121659743630e-01
-4.072384250867139954e+00 -1.526266271317545664e+00 -1.903006448774951509e-01
-4.074287257315915234e+00 -1.507384962444819898e+00 -3.099673631135443364e-01
-4.077386930947050736e+00 -1.667989524814675439e+00 -6.807016349139007882e-01
-4.084193947296189897e+00 -1.330943097584498691e+00 -5.474374699454922499e-01
-4.089668321995644895e+00 -1.131549085852257663e+00 -4.635550657747138925e-01
-4.094303872653392240e+00 -1.359251635130018121e+00 -3.346950951353595549e-01
-4.097650823604745973e+00 -1.492257204156157258e+00 -4.092799376590405269e-01
-4.101743622981336657e+00 -1.682646828097323244e+00 -4.252477046812867534e-01
-4.105996100028149520e+00 -1.502261664475533554e+00 -5.455878235145943389e-01
-4.111451978263295892e+00 -1.585064640274096437e+00 -4.744669852768483853e-01
-4.116196648116064338e+00 -1.430359303051515818e+00 -4.281351137443023536e-01
-4.120477999253507662e+00 -1.228134076976331590e+00 -2.831591664591197599e-01
-4.123309590918099232e+00 -8.742814234910136761e-01 -3.962820456527444968e-01
-4.127272411374626415e+00 -9.858597132018447340e-01 -7.512524737051865520e-01
-4.134784936111678633e+00 -9.634403762036777286e-01 -8.880250602878632105e-01
-4.143665186714557080e+00 -1.082671331389502223e+00 -6.658205435810035100e-01
-4.150323392150367496e+00 -1.129366376265882099e+00 -6.529637210366865396e-01
-4.156853029360734197e+00 -9.232357632906955658e-01 -5.901779359050169926e-01
-4.162754808719784094e+00 -1.268392273196276232e+00 -8.047578682808439465e-01
-4.170802387402592792e+00 -1.374244976364610515e+00 -8.893577050873124890e-01
-4.179695964453466139e+00 -1.502866203354994878e+00 -5.960344410464437637e-01
-4.185656308863930697e+00 -1.489066689090964291e+00 -7.522212606240453736e-01
-4.193178521470171560e+00 -1.261202587257438390e+00 -9.202811495450260448e-01
-4.202381332965622107e+00 -1.241317841113803722e+00 -4.792107165128206003e-01
-4.207173440130750564e+00 -1.183238914702692712e+00 -4.666065263767029681e-01
-4.211839505394517680e+00 -1.678263000189731624e+00 -6.167114056329118243e-01
-4.218006619450846983e+00 -2.038141233965805377e+00 -8.276976975868679531e-01
-4.226283596426715583e+00 -1.987717032111931514e+00 -8.545037717467324212e-01
-4.234828634144182757e+00 -1.679194796454766658e+00 -1.032922466312854670e+00
-4.245157858807311335e+00 -1.362732570056723214e+00 -1.030403225551021151e+00
-4.255461891062821245e+00 -1.487611623835350505e+00 -1.236598189313457663e+00
-4.267827872955956003e+00 -1.259701092443184400e+00 -1.506521105169213115e+00
-4.282893084007648454e+00 -1.409252039342795193e+00 -1.663420415941844643e+00
-4.299527288167066530e+00 -1.764334894336223813e+00 -1.630211919199707538e+00
-4.315829407359063730e+00 -1.623252527034615866e+00 -2.014840959732935310e+00
-4.335977816956392950e+00 -1.830437441703323120e+00 -2.024258775329107252e+00
-4.356220404709683969e+00 -1.593230643154319948e+00 -1.908277937253036738e+00
-4.375303184082214081e+00 -1.092563891498115725e+00 -1.855308812211637237e+00
-4.393856272204330615e+00 -9.263247164591358329e-01 -1.497666947533883297e+00
-4.408832941679669659e+00 -1.187836640560729462e+00 -1.612637698354965510e+00
-4.424959318663219676e+00 -1.142744923250083255e+00 -1.659911861457301852e+00
-4.441558437277792315e+00 -1.146796041618262985e+00 -1.574098539495870863e+00
-4.457299422672750921e+00 -1.034293999160287525e+00 -1.671096039430312707e+00
-4.474010383067054342e+00 -8.409587834973082376e-01 -1.483116566759468347e+00
-4.488841548734648690e+00 -1.072036733092756489e+00 -1.204916771353019556e+00
-4.500890716448179063e+00 -1.257237386262632706e+00 -1.241752927282041341e+00
-4.513308245720999423e+00 -9.256706175995772501e-01 -1.136648238437282687e+00
-4.524674728105372523e+00 -9.222749936649131675e-01 -1.374148502900909286e+00
-4.538416213134381927e+00 -8.644669645901670307e-01 -1.364395946809396687e+00
-4.552060172602476307e+00 -6.036494821354104756e-01 -1.516034585238757115e+00
-4.567220518454863765e+00 -3.955858528336584912e-01 -1.317888235183420020e+00
-4.580399400806697940e+00 -4.219431753914375527e-01 -1.389916263294030063e+00
-4.594298563439638272e+00 -1.486708114948771531e-01 -1.526445439012681815e+00
-4.609563017829764853e+00 9.318171308110592688e-02 -1.455192636915402904e+00
-4.624114944198918664e+00 2.924524532161845158e-01 -1.471391169815336353e+00
-4.638828855897071612e+00 1.612811758601126466e-01 -1.614743602789069588e+00
-4.654976291924961984e+00 4.387538280773289889e-01 -2.000072065994256132e+00
-4.674977012584904834e+00 5.246131810781018423e-01 -1.928144428541799016e+00
-4.694258456870322505e+00 5.773716233936895259e-01 -1.924481702633135782e+00
-4.713503273896654022e+00 5.871216350291840191e-01 -1.625830238778152470e+00
-4.729761576284435165e+00 5.422272521173492343e-01 -1.541106951390991187e+00
-4.745172645798344746e+00 9.293192184829288660e-01 -1.309079138130365916e+00
-4.758263437179648392e+00 9.286333170638459977e-01 -1.700615384117189155e+00
-4.775269591020820492e+00 9.896424671665572381e-01 -1.716168454034455060e+00
-4.792431275561164661e+00 1.027801596121485028e+00 -1.791980831926136108e+00
-4.810351083880425982e+00 9.253750088749140845e-01 -1.761143738153854388e+00
-4.827962521261964568e+00 1.036455118271271347e+00 -2.101695510492298524e+00
-4.848979476366887198e+00 1.201350165619095689e+00 -2.076408122856757021e+00
-4.869743557595454853e+00 1.157470798820400937e+00 -1.780227413532924352e+00
-4.887545831730784052e+00 1.153471716878564646e+00 -1.838081038787976684e+00
-4.905926642118664027e+00 1.422084768926432208e+00 -1.829770416438770919e+00
-4.924224346283051723e+00 1.227378253138421416e+00 -1.410134766106240445e+00
-4.938325693944114470e+00 1.622898604374338749e+00 -1.522735132120975221e+00
-4.953553045265324251e+00 1.652770909017801992e+00 -1.843885706725050477e+00
-4.971991902332574931e+00 1.663302523783890985e+00 -1.938316145086277587e+00
-4.991375063783437760e+00 2.106749626239324158e+00 -1.916102641723159916e+00
-5.010536090200669257e+00 1.836493505826022332e+00 -2.036061587234649028e+00
-5.030896706073015423e+00 1.866501278978406564e+00 -2.037154131287505887e+00
-5.051268247385890753e+00 1.774949107040918683e+00 -1.902022370255513017e+00
-5.070288471088446158e+00 1.884166904630276029e+00 -2.045600760591186340e+00
-5.090744478694357866e+00 1.617525114472888381e+00 -2.010941574190561631e+00
-5.110853894436263367e+00 1.599075426485949025e+00 -1.845815459447649687e+00
-5.129312049030740006e+00 1.778965108941927165e+00 -2.141898945669127308e+00
-5.150731038487431412e+00 2.002905148115967648e+00 -2.093211387806805934e+00
-5.171663152365499450e+00 1.898356184990531492e+00 -1.997934737282680118e+00
-5.191642499738326144e+00 1.961066281336105499e+00 -1.807192846791624508e+00
-5.209714428206241976e+00 2.035836885381112626e+00 -1.365172628128069165e+00
-5.223366154487522728e+00 1.978496104554802404e+00 -1.415359420432461324e+00
-5.237519748691846999e+00 2.036016705284029005e+00 -1.130396716897601461e+00
-5.248823715860822858e+00 1.966108490772371375e+00 -1.475177836348751548e+00
-5.263575494224310702e+00 2.042787546596459780e+00 -1.299519839509941876e+00
-5.276570692619410252e+00 2.032990183854764155e+00 -1.494052168112384393e+00
-5.291511214300534505e+00 2.000963735126818577e+00 -1.676225819759131541e+00
-5.308273472498125756e+00 2.279002239137485120e+00 -1.755642677022603237e+00
-5.325829899268351930e+00 2.260153570013495816e+00 -1.667566842128596294e+00
-5.342505567689637580e+00 2.476211743805313059e+00 -1.640554456852187259e+00
-5.358911112258159193e+00 2.280659602920883433e+00 -1.841554007430652895e+00
-5.377326652332465429e+00 2.301451697153590548e+00 -2.194831133957607427e+00
-5.399274963672041849e+00 2.121595526886213445e+00 -2.260759902091548756e+00
-5.421882562692957208e+00 2.169010131564688582e+00 -2.308423866777048694e+00
-5.444966801360727970e+00 2.166882895964348243e+00 -2.127894307777840055e+00
-5.466245744438506193e+00 2.421242617370252148e+00 -1.977929607553312152e+00
-5.486025040514038942e+00 2.295324113471327809e+00 -1.769482712471025065e+00
-5.503719867638749541e+00 2.201221839867389729e+00 -1.773911529577371748e+00
-5.521458982934523085e+00 2.218243271828141072e+00 -1.558910474285809755e+00
-5.537048087677381325e+00 2.064588619136248582e+00 -1.488229092906354856e+00
-5.551930378606444449e+00 2.192736931958746638e+00 -1.586031307483121155e+00
-5.567790691681275383e+00 2.240294541703391040e+00 -1.513098737184241704e+00
-5.582921679053117536e+00 2.530746445538381906e+00 -1.373984344046662143e+00
-5.596661522493584506e+00 2.595372999953683646e+00 -1.666074147981719822e+00
-5.613322263973401505e+00 2.474633203334465570e+00 -1.860061723885360507e+00
-5.631922881212255483e+00 2.480667201013623924e+00 -1.744465976193034340e+00
-5.649367540974186142e+00 1.984640086255865743e+00 -1.612383930471519511e+00
-5.665491380278901090e+00 2.123594699618867487e+00 -1.263306667231572922e+00
-5.678124446951216875e+00 2.118794606437523598e+00 -1.331026966052758276e+00
-5.691434716611744271e+00 2.212542998348228096e+00 -1.092732852495213791e+00
-5.702362045136696089e+00 2.421088200685585612e+00 -1.183892601063961436e+00
-5.714200971147335828e+00 2.354134288825194155e+00 -1.124165920551487119e+00
-5.725442630352850948e+00 2.280083191292327172e+00 -9.800190894474922754e-01
-5.735242821247325651e+00 2.465207960097116402e+00 -8.538545176083378596e-01
-5.743781366423409196e+00 2.445423834840660060e+00 -8.681351764825587791e-01
-5.752462718188234625e+00 2.579952894563316779e+00 -8.044589186159510907e-01
-5.760507307374393982e+00 2.410582117020966475e+00 -9.326141891246222393e-01
-5.769833449265640013e+00 2.315905434153060050e+00 -5.790383792216275971e-01
-5.775623833057855983e+00 2.326173328819597153e+00 -3.671735383514256323e-01
-5.779295568441369824e+00 2.572494856894344206e+00 -4.685541232982847193e-01
-5.783981109674352972e+00 2.161716627465823048e+00 -7.249022305195548244e-01
-5.791230131979548723e+00 2.287197439993179149e+00 -1.207917785952443701e+00
-5.803309309839073116e+00 2.377921685179226863e+00 -1.363792755044506366e+00
-5.816947237389518577e+00 2.550772173510710061e+00 -1.316544023124181839e+00
-5.830112677620760131e+00 2.280151465353639217e+00 -1.543985993990468319e+00
-5.845552537560664952e+00 2.600888984870167064e+00 -1.386227603240445916e+00
-5.859414813593069482e+00 2.894432527430005564e+00 -1.340084329735612201e+00
-5.872815656890425728e+00 2.950668424597667538e+00 -1.410033064995782404e+00
-5.886915987540383810e+00 3.269274590847070172e+00 -1.357585614885734593e+00
-5.900491843689240845e+00 3.469085710618516227e+00 -1.242101426396747588e+00
-5.912912857953208423e+00 3.293516792899657375e+00 -1.371060156506984429e+00
-5.926623459518277848e+00 3.184167886211687559e+00 -1.394026126279353184e+00
-5.940563720781071311e+00 3.304641300597095377e+00 -1.047617326726514086e+00
-5.951039894048336443e+00 3.225248239840599940e+00 -1.001665959555919860e+00
-5.961056553643895306e+00 3.218645521352468286e+00 -1.202511749458154533e+00
-5.973081671138476878e+00 3.462565052092641871e+00 -8.262758522085839052e-01
-5.981344429660563122e+00 3.799071898294518412e+00 -1.064676231966487308e+00
-5.991991191980227782e+00 3.856728111016539007e+00 -9.197963874337237167e-01
-6.001189155854564916e+00 3.396186893756780290e+00 -8.707253412269082560e-01
-6.009896409266834105e+00 3.436299791507734458e+00 -7.237485317635086179e-01
-6.017133894584469012e+00 3.148365548413918358e+00 -5.655734823716189741e-01
-6.022789629408185519e+00 3.031433197459706186e+00 -8.257097521208904833e-01
-6.031046726929394808e+00 3.199347576989702624e+00 -6.239394848736740107e-01
-6.037286121778131509e+00 3.353411706017097149e+00 -4.268425794599650103e-01
-6.041554547572730804e+00 3.517390101551003401e+00 -6.173211604504611483e-01
-6.047727759177235818e+00 3.494431992585668834e+00 -8.784909737889059489e-01
-6.056512668915124742e+00 3.722207482894115849e+00 -1.342608405539686967e+00
-6.069938752970521989e+00 3.273129989100734605e+00 -1.451822548376072497e+00
-6.084456978454282350e+00 3.309635570738493460e+00 -1.402145907824580373e+00
-6.098478437532528496e+00 3.259738528611029640e+00 -1.570373144377622987e+00
-6.114182168976304510e+00 3.455954742702258109e+00 -1.377766062058309871e+00
-6.127959829596887786e+00 3.512196905318358819e+00 -1.140604538391655876e+00
-6.139365874980803994e+00 3.212089461054983275e+00 -1.271984228576528819e+00
-6.152085717266569276e+00 3.349064088160542685e+00 -1.061923428293846339e+00
-6.162704951549507371e+00 3.628917997425948894e+00 -7.421079815517555023e-01
-6.170126031365025021e+00 3.848578296975998736e+00 -6.585990130128599462e-01
-6.176712021495153415e+00 4.275028047239340268e+00 -8.929183094615225080e-01
-6.185641204589768627e+00 4.222575335329307400e+00 -1.000254798283221280e+00
-6.195643752572601137e+00 4.066018595000785218e+00 -8.851477210993780043e-01
-6.204495229783595356e+00 4.126981052114008897e+00 -1.111664871988697678e+00
-6.215611878503482401e+00 4.342551322194545982e+00 -7.986065321304023357e-01
-6.223597943824786149e+00 4.554767999820543700e+00 -6.021790977751099172e-01
-6.229619734802537501e+00 4.701491124767618324e+00 -5.091350095020492628e-01
-6.234711084897558209e+00 4.484726030665243890e+00 -2.273659025263763955e-01
-6.236984743922821650e+00 4.210621524614949429e+00 -7.879977298035433231e-01
-6.244864721220857007e+00 4.218931858196717677e+00 -8.019875764167652132e-01
-6.252884596985024857e+00 4.104947908967354842e+00 -7.621711853215348276e-01
-6.260506308838239775e+00 3.939273708602170299e+00 -1.078836058715792579e+00
-6.271294669425397927e+00 4.055491146940679137e+00 -7.051784132726797161e-01
-6.278346453558124374e+00 4.069025744363129249e+00 -9.220705150896846281e-01
-6.287567158709021164e+00 4.263661366875943770e+00 -6.081574568853602702e-01
-6.293648733277874996e+00 4.146151650006324907e+00 -4.565627608024691586e-02
-6.294105296038677189e+00 4.245388079773692702e+00 -1.679428496474791865e-01
-6.295784724535152144e+00 4.288277532696803895e+00 -3.531385384093905788e-01
-6.299316109919246287e+00 4.671064132567328997e+00 -1.916068471277978802e-01
-6.301232178390524297e+00 4.672780076933367610e+00 -1.106199717845113561e-01
-6.302338378108369277e+00 4.496158080713009042e+00 -9.783695074968601357e-02
-6.303316747615865800e+00 4.259115659298640999e+00 -1.956175574281904805e-01
-6.305272923190147871e+00 4.293844316081031565e+00 1.886821577205100020e-03
-6.305254054974375855e+00 4.192971963318516515e+00 -1.632223955273299498e-01
-6.306886278929649592e+00 4.284636935924659440e+00 -5.065556034011224895e-01
-6.311951834963660524e+00 4.372445416513026650e+00 -5.050377145373473597e-01
-6.317002212109033898e+00 4.317746641406900565e+00 -6.465326673351272646e-01
-6.323467538782384878e+00 4.370820393339774235e+00 -7.853218870314915279e-01
-6.331320757652699527e+00 4.370054530507998969e+00 -8.857535138857823842e-01
-6.340178292791557091e+00 3.958834392311550765e+00 -5.582908919147600013e-01
-6.345761201710704569e+00 4.001138786267359748e+00 -3.448274272185600786e-01
-6.349209475982890538e+00 3.762102660672883570e+00 -1.772001872367121866e-01
-6.350981477855257573e+00 3.617107122416898690e+00 -3.306405512802154112e-01
-6.354287883368059831e+00 3.810286890131207471e+00 -1.731412471249386686e-01
-6.356019295839309358e+00 3.545611315834245048e+00 -1.158930527374754660e-01
-6.357178226366683838e+00 4.060857490004114112e+00 9.852193884397722479e-02
-6.356193006978243965e+00 4.111121648050405142e+00 5.188983474700743503e-01
-6.351004023503543650e+00 3.850859623714618429e+00 5.573730461316255269e-01
-6.345430293042227277e+00 4.119134089317986636e+00 8.761255454612597582e-01
-6.336669037587614461e+00 4.039633060449024704e+00 1.057390441426079075e+00
-6.326095133173353702e+00 3.723320857244759363e+00 8.167446802721249899e-01
-6.317927686370632401e+00 3.888669670451620597e+00 7.637057491797584197e-01
-6.310290628878834518e+00 3.828033754196038085e+00 6.015691205348298043e-01
-6.304274937673485901e+00 3.788540492807436433e+00 3.618389089971309480e-01
-6.300656548583514649e+00 3.898563753081468963e+00 3.143047619464811593e-02
-6.300342243821567934e+00 3.720106202211403978e+00 7.123554420682692845e-02
-6.299629888379499221e+00 3.834368362572269540e+00 2.052267989103453427e-01
-6.297577620390395481e+00 3.894096946104716128e+00 6.104174087850748887e-01
-6.291473446302545014e+00 3.704986456133246620e+00 3.903282617591904424e-01
-6.287570163684953251e+00 3.749752425695005886e+00 3.054606833577110381e-01
-6.284515556851376417e+00 3.397231466053371118e+00 1.178045859221608094e-01
-6.283337510992154762e+00 3.086992488990707439e+00 4.161299569240090035e-01
-6.279176211422914378e+00 2.795579557618160571e+00 2.236151600841084774e-01
-6.276940059822073259e+00 2.743819233488156151e+00 4.416444535880785782e-01
-6.272523615286192289e+00 2.867932765395537764e+00 2.367434787574111132e-01
-6.270156180498617893e+00 2.642499164565344394e+00 -3.708295709370157400e-02
-6.270527010069554485e+00 2.454628612639505381e+00 1.535491845058446492e-01
-6.268991518224495962e+00 2.451372926638608618e+00 5.018208536081365523e-01
-6.263973309688414481e+00 2.598513139365532520e+00 5.334197282828628817e-01
-6.258639112405585792e+00 2.658686284441580394e+00 3.016570797162642092e-01
-6.255622541608422793e+00 2.717911527632601576e+00 7.542423969084750546e-01
-6.248080117639338127e+00 2.705350406421672016e+00 7.330473778518968864e-01
-6.240749643860818985e+00 2.619093640834873504e+00 6.203286640691495490e-01
-6.234546357220127177e+00 2.375866676075145900e+00 6.622216379066933056e-01
-6.227924140841060385e+00 2.441112068289077008e+00 4.640277720835732644e-01
-6.223283863120224524e+00 2.746595005045962878e+00 6.200587259018883746e-01
-6.217083275861205571e+00 3.080784004177796742e+00 6.446270000546101553e-01
-6.210637005860659698e+00 3.049864985038436505e+00 6.233941308301882422e-01
-6.204403064552358238e+00 2.870887784999438974e+00 3.481928817985887048e-01
-6.200921135734372314e+00 3.103072278770351744e+00 8.051456788671784714e-01
-6.192869678945700507e+00 3.253253670547549881e+00 8.884637256628007407e-01
-6.183985041689072482e+00 3.132687233218972800e+00 6.975628286201372985e-01
-6.177009413402871019e+00 2.901672077521645576e+00 5.763177948380802107e-01
-6.171246235454490581e+00 2.748212915487021846e+00 9.203023112521209192e-01
-6.162043212341969500e+00 2.567290690484103521e+00 7.803927784244995003e-01
-6.154239284557724510e+00 2.301124560597443303e+00 6.804025261777152389e-01
-6.147435259295947141e+00 2.411879090278873594e+00 8.310519611012240349e-01
-6.139124739684935328e+00 2.304465960646356226e+00 7.795453206800316837e-01
-6.131329286478134577e+00 2.067514376545939836e+00 5.333074084107363166e-01
-6.125996212394027474e+00 2.438924593250186845e+00 3.679856340991245478e-01
-6.122316356053036479e+00 2.608831758797199196e+00 1.491615341873345213e-01
-6.120824740711163336e+00 2.343283008026024294e+00 2.076485918131056041e-01
-6.118748254793032082e+00 2.153040220090431500e+00 -5.271950293741547999e-02
-6.119275449822406010e+00 2.166822620523102039e+00 2.606432992938821358e-01
-6.116669016829467509e+00 2.017036236890925593e+00 1.633098010318033144e-01
-6.115035918819149430e+00 2.120411719133947326e+00 1.211686310616638118e-01
-6.113824232508532575e+00 2.496212518022809412e+00 -1.847183635290532699e-01
-6.115671416143823258e+00 2.567527094854846315e+00 1.247801113330953837e-01
-6.114423615030492698e+00 2.632551264417705372e+00 -8.655836161593924438e-02
-6.115289198646651769e+00 2.665049030882755687e+00 2.096910195381263275e-01
-6.113192288451270606e+00 2.743382802772019069e+00 2.418734846729608257e-01
-6.110773553604540886e+00 2.904230839813921605e+00 2.626370597702579746e-01
-6.108147183006837899e+00 3.196262024756697517e+00 2.693351715480783448e-01
-6.105453831291357325e+00 3.214732689216079020e+00 -8.467498112039484326e-02
-6.106300581102561686e+00 3.210457424970877049e+00 -2.290388476540730078e-01
-6.108590969579102747e+00 3.584571924488325845e+00 -3.294898447771101302e-01
-6.111885868026873503e+00 3.872198041716133243e+00 -8.549674954302255436e-01
-6.120435542981176091e+00 4.106677349974324542e+00 -9.331560149219746414e-01
-6.129767103130395967e+00 4.221206235392474859e+00 -1.002886088457275227e+00
-6.139795964014968632e+00 4.244589763989580433e+00 -1.070801937963302031e+00
-6.150503983394601804e+00 4.524289080830320664e+00 -1.330766831801392547e+00
-6.163811651712615358e+00 4.487977021207403716e+00 -1.641944635112720263e+00
-6.180231098063742934e+00 4.347630831903337878e+00 -1.699914012662971707e+00
-6.197230238190372553e+00 4.369379626715179654e+00 -1.610948592887464725e+00
-6.213339724119247620e+00 4.032592145816311202e+00 -1.665856010468851345e+00
-6.229998284223936089e+00 3.970616559780031363e+00 -1.585345355224045294e+00
-6.245851737776176194e+00 4.354999912947354446e+00 -1.715421399578005435e+00
-6.263005951771956070e+00 4.652681404516229691e+00 -1.694472483036147503e+00
-6.279950676602317650e+00 4.877386493702704939e+00 -1.576043695229561337e+00
-6.295711113554613547e+00 4.738813265690323462e+00 -1.657494699615811529e+00
-6.312286060550771793e+00 4.753268373516772449e+00 -1.722851370567127560e+00
-6.329514574256442927e+00 4.644539947751869846e+00 -1.516522024380114297e+00
-6.344679794500244441e+00 5.011252117785912397e+00 -1.536626366848883984e+00
-6.360046058168733474e+00 4.608619413633096684e+00 -1.593136441468568698e+00
-6.375977422583419596e+00 4.562849745183605421e+00 -1.407084549615745139e+00
-6.390048268079577376e+00 4.280650646996335240e+00 -1.222554121560651685e+00
-6.402273809295183860e+00 4.193814440885994088e+00 -1.042386423085972069e+00
-6.412697673526043474e+00 4.479995735255980271e+00 -9.280827647588372198e-01
-6.421978501173631670e+00 4.447740488514505763e+00 -8.774171113098371277e-01
-6.430752672286730309e+00 4.495967475176843031e+00 -8.247820774146086276e-01
-6.439000493060876629e+00 4.356511770394061678e+00 -1.048437442234940509e+00
-6.449484867483225692e+00 4.277015103341658353e+00 -8.206115793604229491e-01
-6.457690983276830110e+00 4.407248237043984496e+00 -6.024703092258837378e-01
-6.463715686369089219e+00 4.169334982063730877e+00 -6.928417673821816170e-01
-6.470644104042911238e+00 4.056696418541451798e+00 -7.344378926663671647e-01
-6.477988482969575301e+00 4.023531247338292260e+00 -7.824620086551126175e-01
-6.485813103056126572e+00 3.929549075622077670e+00 -7.599701501272768667e-01
-6.493412804557399554e+00 3.845125040261817340e+00 -7.997992632478657660e-01
-6.501410797189878465e+00 3.675435924555692235e+00 -7.208002725137374611e-01
-6.508618799915016240e+00 3.408330253136080401e+00 -7.260147029148095177e-01
-6.515878946944164696e+00 3.624699972156889771e+00 -6.489188279079302069e-01
-6.522368135223244323e+00 3.426050357758584575e+00 -3.621965887571399478e-01
-6.525990101110815900e+00 3.710316315768085182e+00 -2.872233254515841328e-01
-6.528862334365332032e+00 3.964409832822025415e+00 -5.074327238589542155e-01
-6.533936661603921614e+00 4.180506670840278716e+00 -3.641668011178592068e-01
-6.537578329615100436e+00 4.104057906326445959e+00 -5.827990499862780727e-01
-6.543406320114963037e+00 4.066664968942770741e+00 -5.006969254528728097e-01
-6.548413289369491963e+00 4.306217978651536882e+00 -5.487823528613348101e-01
-6.553901112898105730e+00 4.337354098090964172e+00 -1.676956671148302491e-01
-6.555578069569254041e+00 4.513863310484475200e+00 -9.654170145142468296e-02
-6.556543486583768399e+00 4.370471322264112501e+00 -4.201752469816809055e-01
-6.560745239053585642e+00 4.375608250367418073e+00 -4.824346568945264702e-01
-6.565569585622530902e+00 4.172958195360590317e+00 -3.320708238712838933e-01
-6.568890293861243457e+00 4.198331497407422397e+00 -4.775914013058677465e-01
-6.573666207874302003e+00 3.822899987770868258e+00 -3.426438291975005268e-01
-6.577092646166277312e+00 3.831130007835473084e+00 -1.961701287066902610e-01
-6.579054347453344498e+00 3.493087922987175187e+00 -2.441536066833546736e-01
-6.581495883520178225e+00 3.316337611527360174e+00 -2.706532166637376502e-01
-6.584202415686815968e+00 3.274328110230838806e+00 -1.676164939308534552e-01
-6.585878580626124190e+00 3.459652962808390519e+00 2.429525418434607675e-01
-6.583449055207689860e+00 3.602850873623569594e+00 5.585143034070764179e-01
-6.577863912173619099e+00 3.532359606737116575e+00 8.795857825705835076e-01
-6.569068054347913410e+00 3.553189004257122363e+00 7.814102620220243489e-01
-6.561253951727692879e+00 3.647504416732175070e+00 8.781486629754996498e-01
-6.552472465097937793e+00 3.747503488872141908e+00 8.525365575022962883e-01
-6.543947099522914534e+00 3.627698499092046447e+00 1.012485121817332301e+00
-6.533822248304741009e+00 3.434322871725806969e+00 6.810340980650581022e-01
-6.527011907324090423e+00 3.485923749774664682e+00 6.746567536192984438e-01
-6.520265339787897574e+00 3.669874425036429688e+00 6.234055512695456658e-01
-6.514031284275201727e+00 3.485768012074369704e+00 7.398589219486308988e-01
-6.506632695055715843e+00 3.517159037222961526e+00 5.559771343029393798e-01
-6.501072923712686524e+00 3.306955242725378330e+00 6.769960887167463248e-01
-6.494302962825519110e+00 3.762330194897962610e+00 5.285833082109129277e-01
-6.489017129743410273e+00 4.206995250809258735e+00 4.886830504806395359e-01
-6.484130299238604067e+00 4.403016281397121645e+00 3.597489067776233895e-01
-6.480532810170827496e+00 4.219148496983347485e+00 2.902604520342931815e-01
-6.477630205650484641e+00 4.174972017721486850e+00 4.197702361573850682e-01
-6.473432503288910844e+00 3.826960009239151361e+00 -5.447251463918373338e-02
-6.473977228435302322e+00 3.506595697308071191e+00 -1.590293470334949999e-01
-6.475567521905637669e+00 3.435804736313635477e+00 -3.618392279494608288e-01
-6.479185914185132233e+00 3.593616522444100347e+00 -3.070653488088048721e-01
-6.482256567673220005e+00 3.632458028545601181e+00 -2.372245588898130864e-01
-6.484628813262117930e+00 3.865049660836143541e+00 -3.102106149843206762e-01
-6.487730919411960784e+00 3.775266076254076175e+00 -1.863271848582613854e-01
-6.489594191260543710e+00 3.867499592611147285e+00 -4.057937316441204145e-02
-6.489999984992187443e+00 3.987356238463852787e+00 -1.132440800108061585e-01
-6.491132425792295102e+00 3.899839954190483127e+00 -6.528800455182225126e-02
-6.491785305837812992e+00 3.994948844222026452e+00 -6.289056859638250674e-02
-6.492414211523776402e+00 4.179457903888144088e+00 -7.983039345793001285e-02
-6.493212515458355760e+00 3.741365799105842882e+00 -1.503887808819194261e-01
-6.494716403267174698e+00 3.872833822055261166e+00 4.719568918255238055e-01
-6.489996834348919386e+00 3.956737145306153280e+00 4.074421949148767652e-01
-6.485922412399770742e+00 3.654633125251129044e+00 7.076779174512469739e-01
-6.478845633225258638e+00 3.818498345626484269e+00 6.814669333763838655e-01
-6.472030963891494793e+00 3.690767050828646312e+00 7.458769743869689828e-01
-6.464572194147625517e+00 3.643173606575246470e+00 1.046140310665647943e+00
-6.454110791040968742e+00 3.421587285992331307e+00 1.053579208081898200e+00
-6.443574998960150069e+00 3.623606548182833009e+00 1.576822101672531229e+00
-6.427806777943424699e+00 3.550768919852645755e+00 1.640021865751252417e+00
-6.411406559285912188e+00 3.525579401574133964e+00 1.473226155267729043e+00
-6.396674297733234482e+00 3.255968045348697881e+00 1.333588762346206380e+00
-6.383338410109772099e+00 3.077120573186368002e+00 1.265643727995957146e+00
-6.370681972829812523e+00 3.586701170551379825e+00 1.337912486387076827e+00
-6.357302847965941694e+00 3.286833571976958357e+00 1.116790445807398502e+00
-6.346134943507867554e+00 3.411897806397984123e+00 1.229390015384285606e+00
-6.333841043354024869e+00 3.160785498824601802e+00 1.250583200176766718e+00
-6.321335211352256955e+00 3.238415560745983690e+00 1.091821515938448339e+00
-6.310416996192872219e+00 3.262252558170147143e+00 1.126302138963223731e+00
-6.299153974803240352e+00 3.288808641385449150e+00 1.159694795539248480e+00
-6.287557026847848007e+00 3.415335882669959133e+00 1.139511605152636387e+00
-6.276161910796322019e+00 3.462709805919013561e+00 1.179311439617106050e+00
-6.264368796400151318e+00 3.591492146288985943e+00 1.101562664894847554e+00
-6.253353169751203033e+00 3.566447650654360757e+00 1.216167639661776878e+00
-6.241191493354585340e+00 3.433405233906869025e+00 1.008776375521039048e+00
-6.231103729599374752e+00 3.421947300291269478e+00 1.077490157886127786e+00
-6.220328828020513789e+00 3.500503456089178123e+00 1.073181060435251855e+00
-6.209597017416161435e+00 3.354112031085543233e+00 9.217819191874032647e-01
-6.200379198224287514e+00 3.216032902908414037e+00 8.105753559151880339e-01
-6.192273444665135962e+00 3.487099000618903322e+00 7.316340704887810409e-01
-6.184957103960248226e+00 3.131632117666083737e+00 8.374163089717467923e-01
-6.176582940870530614e+00 3.023680490158665357e+00 7.842230786038156820e-01
-6.168740710084492207e+00 2.948779927228957654e+00 1.022844767039500447e+00
-6.158512262414097549e+00 2.804469175298359485e+00 9.420910064192986599e-01
-6.149091352349904227e+00 2.895163569295663208e+00 8.358637933048447266e-01
-6.140732714416856197e+00 2.553717926571431374e+00 6.845489910529797273e-01
-6.133887224506326064e+00 2.491582884774433904e+00 6.462481074560667560e-01
-6.127424743431765464e+00 2.184979956600749507e+00 7.940491819557037312e-01
-6.119484251612208325e+00 2.167033519571571087e+00 7.475294296611164624e-01
-6.112008957315596902e+00 2.075413131698105040e+00 9.669173400830157750e-01
-6.102339783914766613e+00 2.425551280733572845e+00 1.013224290787232418e+00
-6.092207541006894544e+00 2.168723148342796225e+00 9.790301018168732217e-01
-6.082417239988726188e+00 1.786179694863235135e+00 7.899191651304007245e-01
-6.074518048337422371e+00 1.740493967653438778e+00 1.021840951730681013e+00
-6.064299638820115135e+00 1.929978384779887479e+00 9.306219934452305553e-01
-6.054993418885662670e+00 1.813871612307832004e+00 6.078435362704205369e-01
-6.048914983522958089e+00 2.324931961268117409e+00 5.611947683931789443e-01
-6.043303035839026727e+00 2.390431633634406694e+00 3.714528349811387908e-01
-6.039588507489215274e+00 2.780367244208338029e+00 -1.331449197018752528e-02
-6.039721652408917230e+00 2.711042336502123451e+00 -9.619373938818744085e-02
-6.040683589802799069e+00 3.005573076458468940e+00 -1.082661448272491111e-01
-6.041766251251071473e+00 2.647836552842502300e+00 -2.210781206391714271e-01
-6.043977032457463316e+00 2.624546052835653231e+00 -3.997666672073497129e-01
-6.047974699129536447e+00 2.636189141883171771e+00 -9.372737933148409528e-01
-6.057347437062684747e+00 2.737461481247581929e+00 -7.077510370305361009e-01
-6.064424947432990542e+00 2.585694871000972839e+00 -7.964360508188457199e-01
-6.072389307941178593e+00 2.470437830138989987e+00 -1.038111120396553400e+00
-6.082770419145144380e+00 2.359698795560688289e+00 -7.145461121321299292e-01
-6.089915880266465464e+00 2.601655329019698204e+00 -9.676119399619130812e-01
-6.099591999666084341e+00 2.156508757551526045e+00 -1.067123215695463756e+00
-6.110263231823038765e+00 2.102696708995002606e+00 -1.328143625925269689e+00
-6.123544668082291587e+00 2.156607180187183559e+00 -1.259251362592020973e+00
-6.136137181708211763e+00 1.730366721734823976e+00 -1.268091657758068980e+00
-6.148818098285792288e+00 1.900467146487474945e+00 -1.287336848012279544e+00
-6.161691466765915060e+00 2.046655205879499118e+00 -1.390270987286324589e+00
-6.175594176638778521e+00 2.263834737689873311e+00 -1.203638647971020825e+00
-6.187630563118489135e+00 2.256583395139860837e+00 -1.209362450110943898e+00
-6.199724187619598759e+00 1.974861320487247607e+00 -1.071641630799091693e+00
-6.210440603927589898e+00 1.948871463200578358e+00 -8.149912990573742189e-01
-6.218590516918163225e+00 2.022613544957872378e+00 -9.797775559455081940e-01
-6.228388292477617938e+00 1.995573447172759085e+00 -1.018347951786472194e+00
-6.238571771995482962e+00 2.271404049209382325e+00 -1.297230772319925896e+00
-6.251544079718682312e+00 2.704710349446864726e+00 -1.277980173571603872e+00
-6.264323881454398446e+00 2.635020341187656268e+00 -1.348247000180246902e+00
-6.277806351456201028e+00 2.622904990050960006e+00 -1.656613331380350163e+00
-6.294372484770004661e+00 2.596439199472909465e+00 -2.020893960337201811e+00
-6.314581424373376883e+00 2.528611426042435717e+00 -2.141309854464435780e+00
-6.335994522918021232e+00 2.844932189654906463e+00 -2.280109931991490591e+00
-6.358795622237936485e+00 2.763043983075667676e+00 -2.439204259385285400e+00
-6.383187664831789121e+00 2.939935512189137512e+00 -2.319888170415310480e+00
-6.406386546535942195e+00 2.810132032101652744e+00 -2.156144049180863220e+00
-6.427947987027750720e+00 2.619290832283373227e+00 -2.277109991900111652e+00
-6.450719086946751446e+00 2.336815871433959302e+00 -2.187777286278845601e+00
-6.472596859809540248e+00 2.955053709695654618e+00 -2.095927965664843740e+00
-6.493556139466188704e+00 2.924510609234630909e+00 -2.202880070112647193e+00
-6.515584940167315153e+00 2.966087057142172689e+00 -2.021319853652801424e+00
-6.535798138703842852e+00 2.926725339995883246e+00 -2.017017693298662095e+00
-6.555968315636829580e+00 2.780284428064012658e+00 -1.809174475430165074e+00
-6.574060060391131444e+00 2.782404438752825726e+00 -1.647192518910857162e+00
-6.590531985580240004e+00 3.172330915860652745e+00 -1.414123919389747908e+00
-6.604673224774137097e+00 3.006117261715254507e+00 -1.534670976790610597e+00
-6.620019934542042961e+00 2.813111555479403059e+00 -1.262026495621321853e+00
-6.632640199498256450e+00 3.066866965226822117e+00 -1.274044019269628736e+00
-6.645380639690952940e+00 2.772978293925268733e+00 -9.256017351439895791e-01
-6.654636657042392933e+00 2.690394200739701702e+00 -1.143211999785222144e+00
-6.666068777040245585e+00 2.471067705821733185e+00 -1.280773569994026140e+00
-6.678876512740186122e+00 2.451358991569059675e+00 -9.373769847083006646e-01
-6.688250282587269169e+00 2.825929390094940263e+00 -1.113439876979365195e+00
-6.699384681357062554e+00 2.879023596882724245e+00 -1.342299506642025575e+00
-6.712807676423483194e+00 2.692201902778946554e+00 -1.202718293461903842e+00
-6.724834859358102435e+00 2.671872449895567492e+00 -1.075265796954224751e+00
-6.735587517327644491e+00 2.533575045474198095e+00 -8.878344593556295461e-01
-6.744465861921201011e+00 2.869738700101415851e+00 -6.931730963948297131e-01
-6.751397592885149734e+00 2.916209329101372205e+00 -7.968862735131546637e-01
-6.759366455620281045e+00 2.837693095580061886e+00 -6.563735632184353186e-01
-6.765930191252465420e+00 2.862194604941515230e+00 -5.212350737241204790e-01
-6.771142541989706665e+00 2.774245106753019385e+00 -7.618195274166636999e-01
-6.778760737263873182e+00 2.825640062329429547e+00 -9.901284597813996280e-01
-6.788662021861687101e+00 2.583008459341181062e+00 -1.329757024452169034e+00
-6.801959592106208596e+00 2.871513812360989792e+00 -1.275707200793253282e+00
-6.814716664114141231e+00 2.843114698123030415e+00 -1.368889833008052781e+00
-6.828405562444221921e+00 2.768396418066096043e+00 -1.039539165915143837e+00
-6.838800954103373186e+00 2.599721826578437422e+00 -9.320096644759557902e-01
-6.848121050748132710e+00 2.358289516751809867e+00 -8.831950857347078410e-01
-6.856953001605480047e+00 2.351252610664253062e+00 -5.013762609798325665e-01
-6.861966764215278403e+00 2.265802133690153930e+00 -4.186994611916589060e-01
-6.866153758827194586e+00 2.057928159420412850e+00 -4.537118569405163004e-01
-6.870690877396599561e+00 1.847299777062768600e+00 -2.713292189173388547e-01
-6.873404169585772827e+00 1.866171655354584846e+00 -3.154668774624103111e-01
-6.876558838360397274e+00 2.005651380338586254e+00 -4.943928680560732980e-01
-6.881502767040958091e+00 2.059293016979368396e+00 -3.099071532155145414e-01
-6.884601838573113142e+00 2.131568526748870873e+00 -8.168831905087550194e-01
-6.892770670478200579e+00 2.183616575079283084e+00 -8.233442442682078477e-01
-6.901004112920882783e+00 2.108552432562659895e+00 -6.400685214115070520e-01
-6.907404798134997748e+00 2.568622853000785078e+00 -4.114698249582100509e-01
-6.911519496384579853e+00 2.700247247350092916e+00 -2.034394410321266333e-02
-6.911722935825611813e+00 2.830817397661582913e+00 5.387733392331998938e-02
-6.911184162486378568e+00 2.959505828436868935e+00 -1.020012087884850094e-01
-6.912204174574263504e+00 3.258177702355726790e+00 -2.467201773672887677e-02
-6.912450894751630770e+00 3.415653247610012322e+00 5.836519634137263823e-01
-6.906614375117493765e+00 3.374365917096856293e+00 8.330430603241335552e-01
-6.898283944514252752e+00 3.225661137447523252e+00 8.074909481964751556e-01
-6.890209035032287765e+00 3.418775881938765693e+00 8.468203080898368817e-01
-6.881740831951389303e+00 3.483609489381797708e+00 7.272613975303838796e-01
-6.874468217976085427e+00 3.389461184912629044e+00 6.462239637841349360e-01
-6.868005978338244333e+00 3.782531230578179748e+00 5.080549318417157956e-01
-6.862925429019827384e+00 3.910296788330095197e+00 3.452257180042996865e-01
-6.859473171839784555e+00 3.716808696926960476e+00 4.505423947649764838e-01
-6.854967747892135144e+00 3.464608216459968748e+00 5.431983564504234696e-01
-6.849535764327630893e+00 3.750076081886343449e+00 3.484019592509270957e-01
-6.846051744735121680e+00 3.630428205009047726e+00 2.548812090892175197e-01
-6.843502932644229375e+00 3.563231507746556836e+00 5.143152428429038636e-01
-6.838359780215800043e+00 3.716568681517065986e+00 6.237477342225500321e-01
-6.832122302873574249e+00 3.598242607978154872e+00 1.067857118035700603e+00
-6.821443731693217494e+00 3.807828714727828689e+00 1.306359248741940648e+00
-6.808380139205797654e+00 4.120957436374074412e+00 1.241251473348518486e+00
-6.795967624472312174e+00 4.223652660138395909e+00 1.366402844754353030e+00
-6.782303596024768844e+00 4.422757950504285773e+00 1.616273373118411794e+00
-6.766140862293585023e+00 4.242748485978480311e+00 1.609916445071671198e+00
-6.750041697842868338e+00 4.276691296708556855e+00 1.615417631586891556e+00
-6.733887521526999542e+00 4.235114736492922027e+00 1.367056358404697969e+00
-6.720216957942952263e+00 4.030188306665287712e+00 1.408336471009463020e+00
-6.706133593232857848e+00 3.958655998309833279e+00 1.674306972249494541e+00
-6.689390523510362563e+00 3.905233396154107695e+00 1.967799120915749933e+00
-6.669712532301205421e+00 3.723485404333535254e+00 2.127854548632853948e+00
-6.648433986814876739e+00 3.865261947252008223e+00 2.607395424281542695e+00
-6.622360032572061073e+00 3.884468541090408067e+00 2.534229143024281150e+00
-6.597017741141818270e+00 4.081941330047946792e+00 2.503401069992748251e+00
-6.571983730441890437e+00 3.595513090318353200e+00 2.538775553510623340e+00
-6.546595974906784576e+00 3.634337288982669278e+00 2.697875475377471410e+00
-6.519617220153009818e+00 3.801424356211451805e+00 2.907491877622900844e+00
-6.490542301376780898e+00 3.995455190558900860e+00 2.746172836632621017e+00
-6.463080573010454799e+00 3.962396457176535769e+00 2.824011149419402678e+00
-6.434840461516261101e+00 3.933687143149439347e+00 2.991712096565532608e+00
-6.404923340550605637e+00 4.190686229725592682e+00 2.948461338997632186e+00
-6.375438727160629426e+00 4.344365990229143826e+00 3.079574452710515331e+00
-6.344642982633524220e+00 3.979102562890658223e+00 2.752933491558208878e+00
-6.317113647717942371e+00 3.935209037144340005e+00 2.843860812998421750e+00
-6.288675039587958260e+00 3.789065612867663191e+00 2.839287812748331863e+00
-6.260282161460475336e+00 3.253371709900712894e+00 2.972781990814732822e+00
-6.230554341552328346e+00 3.134690027678203261e+00 3.148282667525292400e+00
-6.199071514877075195e+00 3.239653090577736538e+00 3.131625516663613773e+00
-6.167755259710439475e+00 3.219739724550008120e+00 3.057362066176153803e+00
-6.137181639048677972e+00 3.056224387540380949e+00 2.838816758927154460e+00
-6.108793471459406099e+00 2.961793339644368306e+00 2.686620728829543392e+00
-6.081927264171111069e+00 3.065052999886018981e+00 2.576436365699025899e+00
-6.056162900514120651e+00 2.682682166424703141e+00 2.465844124684398064e+00
-6.031504459267276630e+00 2.856429947564913086e+00 2.413504811230735125e+00
-6.007369411154969363e+00 2.998136409800944424e+00 2.326330267544425290e+00
-5.984106108479525510e+00 2.775049827888521392e+00 2.335534713353700553e+00
-5.960750761345988913e+00 2.549225639790471565e+00 2.148320628781743125e+00
-5.939267555058171055e+00 2.189490096633798899e+00 2.051218599520218788e+00
-5.918755369062968619e+00 2.007276086735518827e+00 1.971229003255446477e+00
-5.899043079030414027e+00 2.171992191750220513e+00 1.927331753569958117e+00
-5.879769761494714864e+00 2.526367299111523579e+00 1.916661864531089110e+00
-5.860603142849403646e+00 2.844474872883243854e+00 1.977654349757092200e+00
-5.840826599351832904e+00 2.760589468075759889e+00 1.815410643479633546e+00
-5.822672492917036813e+00 2.303348712985953561e+00 2.122503714124842400e+00
-5.801447455775788242e+00 2.378167925540719541e+00 2.038307124696988826e+00
-5.781064384528818323e+00 2.469811306249808602e+00 1.830059054901679971e+00
-5.762763793979801541e+00 2.210534962171289308e+00 1.744244934142000991e+00
-5.745321344638381511e+00 2.303528756612939876e+00 1.637462727335361468e+00
-5.728946717365027475e+00 2.519372547301519383e+00 1.512058135313863128e+00
-5.713826136011888934e+00 2.226100166278437875e+00 9.649967687896211510e-01
-5.704176168323992435e+00 2.608394828253005837e+00 1.279298775728929805e+00
-5.691383180566703004e+00 2.623377102305392228e+00 1.345196607781703468e+00
-5.677931214488886269e+00 2.680911068032652445e+00 1.767049306243333673e+00
-5.660260721426452868e+00 2.170283464063794465e+00 1.614117319205727208e+00
-5.644119548234395545e+00 2.294631403729975538e+00 1.492057745391271784e+00
-5.629198970780483258e+00 2.407235240389007824e+00 1.721811926037290386e+00
-5.611980851520110392e+00 2.417055275992078478e+00 1.922584375599490247e+00
-5.592755007764115049e+00 2.432505785983861912e+00 1.780756829471739078e+00
-5.574947439469397636e+00 2.582117958375870437e+00 2.077667009068874027e+00
-5.554170769378709238e+00 2.705534768602012807e+00 1.546660303594392660e+00
-5.538704166342765411e+00 2.843690161710593856e+00 1.862265614765653554e+00
-5.520081510195108621e+00 2.655755816837568783e+00 2.092630688101902336e+00
-5.499155203314090024e+00 2.789309890934878133e+00 2.111563066122153387e+00
-5.478039572652868117e+00 2.996802851705585802e+00 1.988888908473738004e+00
-5.458150683568130823e+00 3.585566186171218028e+00 2.060375618958887767e+00
-5.437546927378542172e+00 4.000310746156486630e+00 1.899655859610123620e+00
-5.418550368782440785e+00 3.908825587155837500e+00 2.110965406782899567e+00
-5.397440714714611509e+00 4.133403061850510873e+00 2.188913847678160440e+00
-5.375551576237829643e+00 4.061063815634452290e+00 2.153687886059889145e+00
-5.354014697377230902e+00 3.952565364735279196e+00 2.556179372184187670e+00
-5.328452903655389150e+00 3.924510120139192093e+00 2.564026055616918320e+00
-5.302812643099220402e+00 3.865369872410977070e+00 2.662233494110336274e+00
-5.276190308158117404e+00 3.685155692256346871e+00 2.547378938246716906e+00
-5.250716518775650599e+00 3.771362654597180342e+00 2.418650627879664672e+00
-5.226530012496853672e+00 3.723772723413258046e+00 2.185397860020131588e+00
-5.204676033896652676e+00 3.596607953104980382e+00 2.276592019471050943e+00
-5.181910113701942322e+00 3.674685703052299690e+00 2.395221175086663656e+00
-5.157957901951075286e+00 3.728443276728996558e+00 2.490952868230208672e+00
-5.133048373268772835e+00 3.819481750205122150e+00 2.477698987932998698e+00
-5.108271383389443088e+00 3.621075110195060009e+00 2.652573909078796088e+00
-5.081745644298655051e+00 3.308680930850747881e+00 2.704189793631358363e+00
-5.054703746362341654e+00 3.177626777503026467e+00 2.833976180698578595e+00
-5.026363984555356268e+00 3.059412563798820095e+00 3.119226540750017929e+00
-4.995171719147855960e+00 3.193327497226088330e+00 3.033086710100633354e+00
-4.964840852046849662e+00 3.223270537041912132e+00 2.783249646577943270e+00
-4.937008355581069985e+00 3.263489898154241065e+00 2.615387048084561350e+00
-4.910854485100224487e+00 2.957893654765280544e+00 2.439984635757455944e+00
-4.886454638742649514e+00 3.030379109761008216e+00 2.203820838131639093e+00
-4.864416430361333532e+00 3.062979324065329134e+00 2.224032306912456569e+00
-4.842176107292209153e+00 2.852741894715522086e+00 2.127097081904621767e+00
-4.820905136473163211e+00 3.103807446229209344e+00 2.051510638783599294e+00
-4.800390030085327275e+00 3.145118481975434754e+00 1.782180481908334002e+00
-4.782568225266244255e+00 3.226323723590301285e+00 1.897308793812237493e+00
-4.763595137328121787e+00 3.291670652731152114e+00 1.795313394934665352e+00
-4.745642003378774731e+00 3.354350901276895502e+00 1.741614362311353803e+00
-4.728225859755661453e+00 3.453898330892620550e+00 1.814194799237860423e+00
-4.710083911763282671e+00 3.458442388953971491e+00 1.605529890932365422e+00
-4.694028612853959004e+00 3.601933023369057185e+00 1.583041634817108800e+00
-4.678198196505787720e+00 3.792999929839141249e+00 1.481908965853336646e+00
-4.663379106847254540e+00 3.687162578360333676e+00 1.441809854595377249e+00
-4.648961008301300879e+00 3.722076411448797639e+00 1.460802047941893500e+00
-4.634352987821881875e+00 3.562884435930398386e+00 1.228580616525929425e+00
-4.622067181656622559e+00 3.686998487685019921e+00 1.053217355810174061e+00
-4.611535008098520905e+00 3.559146293037001918e+00 1.305015287741992935e+00
-4.598484855221101064e+00 3.388311737855680850e+00 1.417308889651859749e+00
-4.584311766324582038e+00 3.445527096960073532e+00 1.279389641819237866e+00
-4.571517869906389642e+00 3.422112872809620843e+00 1.310679338271245831e+00
-4.558411076523677607e+00 3.609769991043013881e+00 1.108142822315345999e+00
-4.547329648300523885e+00 3.813598072931749350e+00 1.102098154690251297e+00
-4.536308666753621210e+00 4.023576658265389128e+00 9.958002743519930311e-01
-4.526350664010100999e+00 4.343587130496801230e+00 9.600514612485631094e-01
-4.516750149397615210e+00 4.211728815367375311e+00 1.061879819066807062e+00
-4.506131351206946967e+00 4.253994388086214329e+00 1.058117386179900921e+00
-4.495550177345148057e+00 4.263536589251438969e+00 1.170905367186889201e+00
-4.483841123673279583e+00 4.074479942578594027e+00 1.161832241373687902e+00
-4.472222801259542635e+00 3.916409997306150359e+00 1.077542295028671271e+00
-4.461447378309255640e+00 4.044538304549334384e+00 1.204275419506343203e+00
-4.449404624114191797e+00 3.894467533062726972e+00 1.599355770473515070e+00
-4.433411066409457035e+00 4.082124988346088834e+00 1.993246641196678270e+00
-4.413478599997490370e+00 3.819414800078491101e+00 2.160711514017977564e+00
-4.391871484857310826e+00 3.593742135331687848e+00 2.033046888970252208e+00
-4.371541015967608246e+00 3.643444605990438845e+00 1.934925719191873172e+00
-4.352191758775689756e+00 3.768422393246458224e+00 2.117238856830310212e+00
-4.331019370207386920e+00 3.675620931426235138e+00 2.320810007979853928e+00
-4.307811270127588799e+00 3.779620140026356712e+00 2.522360007653512426e+00
-4.282587670051054118e+00 3.932679508636597099e+00 2.326331526242624737e+00
-4.259324354788628142e+00 4.257476476644057151e+00 2.473680722768009765e+00
-4.234587547560948018e+00 4.170574718276383486e+00 2.603296512468198376e+00
-4.208554582436265790e+00 4.202401337814162474e+00 2.642964408390474418e+00
-4.182124938352361099e+00 4.059131330180075992e+00 2.655710918167140999e+00
-4.155567829170689897e+00 3.656262030399880736e+00 2.660403777592932340e+00
-4.128963791394760996e+00 3.512946855116486855e+00 2.679808003250239601e+00
-4.102165711362258271e+00 3.428874634818601663e+00 2.523179124418311492e+00
-4.076933920118075427e+00 3.421400475636407812e+00 2.629954367283643624e+00
-4.050634376445239049e+00 3.795442055511467849e+00 2.797323532275817204e+00
-4.022661141122481077e+00 3.438199086044769537e+00 2.969249728934907573e+00
-3.992968643833131992e+00 3.484818473542148798e+00 2.766703537025768878e+00
-3.965301608462874494e+00 3.015346385379809035e+00 2.827535473392068788e+00
-3.937026253728953762e+00 2.996007730291290194e+00 2.703598559237434529e+00
-3.909990268136579239e+00 2.803608130415584210e+00 2.766690515399879313e+00
-3.882323362982580406e+00 2.696421558019153952e+00 2.685788307992074575e+00
-3.855465479902659531e+00 2.782734512722957465e+00 2.632047903943260270e+00
-3.829145000863226844e+00 2.616349009638628154e+00 2.781736042524185049e+00
-3.801327640437984989e+00 2.546477130790187005e+00 3.024078796797280866e+00
-3.771086852470012296e+00 2.591132409834182138e+00 2.911072765336643275e+00
-3.741976124816645655e+00 2.328530900759173239e+00 2.977101543642962422e+00
-3.712205109380215973e+00 2.388524691055264881e+00 2.760636870056448533e+00
-3.684598740679651652e+00 2.330915528039254614e+00 2.522719140536385574e+00
-3.659371549274287982e+00 2.117372750409978188e+00 2.501769676230310768e+00
-3.634353852511984950e+00 2.013893464865473604e+00 2.452182503437001060e+00
-3.609832027477614780e+00 1.976774284401331405e+00 2.598395672835910997e+00
-3.583848070749255488e+00 2.206460763852711615e+00 2.350023021045762217e+00
-3.560347840538797826e+00 2.137891902179519299e+00 2.311585737115340766e+00
-3.537231983167644422e+00 2.353214700933653258e+00 2.164479245827894527e+00
-3.515587190709365650e+00 2.085061859626614833e+00 2.020500675398170909e+00
-3.495382183955384026e+00 1.765995673553152123e+00 1.827196722462082423e+00
-3.477110216730763259e+00 1.461409014949351493e+00 1.684672282140626809e+00
-3.460263493909356836e+00 1.773189033590617747e+00 1.912035377658113378e+00
-3.441143140132775891e+00 1.900579435061470202e+00 2.119314462210283967e+00
-3.419949995510672913e+00 1.654723567023993258e+00 2.059061481175411323e+00
-3.399359380698918631e+00 1.409183144138895338e+00 1.928256543073221030e+00
-3.380076815268186596e+00 1.280657639166730366e+00 2.216514374544258370e+00
-3.357911671522744168e+00 1.020019436701983251e+00 2.287140105533222556e+00
-3.335040270467411805e+00 1.173689528588082842e+00 2.063827132848595536e+00
-3.314401999138925969e+00 1.616337184609194288e+00 1.740248049670417130e+00
-3.296999518642221627e+00 1.760481305207939773e+00 1.825044948950082846e+00
-3.278749069152720796e+00 2.113005558577255361e+00 1.995608509821375165e+00
-3.258792984054506903e+00 2.123622335205746836e+00 1.918365761545999915e+00
-3.239609326439047088e+00 2.098038885124704933e+00 2.128466215729610589e+00
-3.218324664281750902e+00 2.126902335699322411e+00 2.176240310676878842e+00
-3.196562261174982211e+00 2.063024565851701908e+00 2.485037040391899765e+00
-3.171711890771063302e+00 1.846641066763814676e+00 2.673458556988744572e+00
-3.144977305201175799e+00 1.808222289442000585e+00 2.771630898743788318e+00
-3.117260996213738089e+00 1.921933991687689858e+00 3.006530247210720042e+00
-3.087195693741630720e+00 1.764505917084665088e+00 3.014976428595613989e+00
-3.057045929455674660e+00 1.839117460054798370e+00 3.304155805428806936e+00
-3.024004371401386670e+00 1.791600328408820886e+00 3.093423639019248661e+00
-2.993070135011194122e+00 1.726483588266094937e+00 3.150455115781452431e+00
-2.961565583853379646e+00 1.775138518647681796e+00 3.260630965563758643e+00
-2.928959274197742157e+00 1.576707433752812637e+00 3.371584939071521347e+00
-2.895243424807027122e+00 1.885275850834837952e+00 3.278477232071931979e+00
-2.862458652486307820e+00 1.509332045951894630e+00 3.366706198898191005e+00
-2.828791590497325981e+00 1.620613612837478179e+00 3.720299561033304947e+00
-2.791588594886992958e+00 1.686816037544071500e+00 3.601077685436582687e+00
-2.755577818032627135e+00 1.629395295580091885e+00 3.237495988567617111e+00
-2.723202858146950955e+00 1.410507067506203471e+00 3.480404975368874609e+00
-2.688398808393262396e+00 1.373920665162911670e+00 3.187449481117736294e+00
-2.656524313582084851e+00 1.078237450861648350e+00 2.833420445004942501e+00
-2.628190109132035435e+00 9.953710058638938207e-01 2.919917358578930866e+00
-2.598990935546245939e+00 1.296362074549556986e+00 3.208316252178106787e+00
-2.566907773024464934e+00 1.515550534745454758e+00 2.913725857880363090e+00
-2.537770514445661263e+00 1.788639848253913422e+00 2.649880108488924968e+00
-2.511271713360772040e+00 2.010035358776446568e+00 3.023489036374491512e+00
-2.481036822997026992e+00 1.955888771492695577e+00 3.331700173596999992e+00
-2.447719821261057138e+00 1.676850441520268742e+00 3.293597424793876183e+00
-2.414783847013118212e+00 1.591950278551093723e+00 3.507727992968516340e+00
-2.379706567083433200e+00 1.585372186312742127e+00 3.247539570554017985e+00
-2.347231171377893055e+00 1.522992646211194012e+00 3.213083327060398453e+00
-2.315100338107288991e+00 1.522026034147202722e+00 3.647801355488330177e+00
-2.278622324552405765e+00 1.376935852425587914e+00 3.758953464945644640e+00
-2.241032789902949407e+00 1.449225742740922529e+00 3.441767212869278669e+00
-2.206615117774256785e+00 1.443156301403429209e+00 3.491774979530708478e+00
-2.171697367978949522e+00 1.672982229421795530e+00 3.439028133023062317e+00
-2.137307086648718712e+00 1.919631451378509324e+00 3.340790648855204381e+00
-2.103899180160166527e+00 1.891882291555769369e+00 3.169623554438236734e+00
-2.072202944615784137e+00 2.071980042533391853e+00 2.958389885017064014e+00
-2.042619045765613706e+00 1.984768628191360795e+00 2.981867043754231617e+00
-2.012800375328071212e+00 1.824553593850794631e+00 3.133037836064538340e+00
-1.981469996967425873e+00 1.723082523481813233e+00 3.322848477735580008e+00
-1.948241512190070024e+00 1.750662694691617283e+00 3.169948482015002789e+00
-1.916542027369920076e+00 1.841380068346606613e+00 3.298718773770934476e+00
-1.883554839632210820e+00 1.785594371774045230e+00 3.321443514310836509e+00
-1.850340404489102530e+00 1.969765232835138269e+00 3.326626680787492241e+00
-1.817074137681227608e+00 1.837726089807779850e+00 3.502501692950277690e+00
-1.782049120751724836e+00 1.742829536107615596e+00 3.660238617547860063e+00
-1.745446734576246328e+00 1.929254391790962586e+00 3.723998243792123297e+00
-1.708206752138325069e+00 1.909369898592797821e+00 3.596843557980597961e+00
-1.672238316558519067e+00 1.735984059143221847e+00 3.653360116002320357e+00
-1.635704715398495823e+00 1.702706362400034701e+00 3.634276366698772076e+00
-1.599361951731508080e+00 1.921523788806252186e+00 3.169618186643942792e+00
-1.567665769865068670e+00 1.962424077944743050e+00 3.342984904167310756e+00
-1.534235920823395549e+00 1.706243229533070949e+00 3.639201619981367930e+00
-1.497843904623581857e+00 1.696601055757253063e+00 3.603708622485749302e+00
-1.461806818398724284e+00 1.660217967037963538e+00 3.393397457157841135e+00
-1.427872843827145966e+00 1.758899007657027669e+00 3.450075987789997356e+00
-1.393372083949246054e+00 2.001461563490407158e+00 3.532260743420279070e+00
-1.358049476515043263e+00 2.145095833870826585e+00 3.528837279354146261e+00
-1.322761103721501907e+00 1.788748176729592743e+00 3.524086251467211994e+00
-1.287520241206829841e+00 1.937615950854155278e+00 3.866058263381327631e+00
-1.248859658573016507e+00 1.788032626140750869e+00 3.966785650557324239e+00
-1.209191802067443255e+00 2.181903282293468305e+00 3.764095462040325746e+00
-1.171550847447039967e+00 2.204798375973455293e+00 3.734659536302221472e+00
-1.134204252084017650e+00 2.039115766639894023e+00 3.537299865801665000e+00
-1.098831253426000965e+00 1.892850920109751200e+00 3.425533582880281536e+00
-1.064575917597198051e+00 1.865448401728915240e+00 3.259330214825839622e+00
-1.031982615448939544e+00 1.436148770785046880e+00 3.334882959642732292e+00
-9.986337858525122790e-01 1.148548987022127488e+00 3.513363550081091358e+00
-9.635001503517013344e-01 1.545924018995644689e+00 3.700453296675670245e+00
-9.264956173849446808e-01 1.636884193201290305e+00 3.790998189371426186e+00
-8.885856354912303745e-01 1.287488343758396603e+00 3.735019934344392833e+00
-8.512354361477864062e-01 1.179528544670762180e+00 3.600562864965990872e+00
-8.152298074981264575e-01 1.088331628128342388e+00 3.354954344086502616e+00
-7.816802640572614314e-01 1.112828370163353009e+00 3.460865074174974687e+00
-7.470716133155116401e-01 1.175829593732302447e+00 3.546188037793143177e+00
-7.116097329375802305e-01 1.175335247366343205e+00 3.399336392989243727e+00
-6.776163690076877355e-01 1.171404264789508654e+00 3.349092652056988584e+00
-6.441254424871178941e-01 1.150790600901123062e+00 3.403784819894352331e+00
-6.100875942881743841e-01 1.497715328441153071e+00 3.173931127723627288e+00
-5.783482830109381023e-01 1.786127270041815374e+00 3.014614917801210936e+00
-5.482021338329260418e-01 1.849029470868141400e+00 3.369676131977845213e+00
-5.145053725131475408e-01 1.600839192801325250e+00 3.173333507440129431e+00
-4.827720374387462487e-01 1.209741010375209314e+00 2.799367994720429742e+00
-4.547783574915419402e-01 1.277110492946822662e+00 2.356287813970546097e+00
-4.312154793518364615e-01 1.347930844536208816e+00 2.068263717514586819e+00
-4.105328421766906155e-01 1.627688476002719487e+00 2.195660557609304675e+00
-3.885762366005975910e-01 1.483727719032768677e+00 2.058946600981705455e+00
-3.679867705907805542e-01 1.103751293042375403e+00 2.012862371941123385e+00
-3.478581468713693448e-01 1.169295488498222069e+00 1.960936407784221291e+00
-3.282487827935271496e-01 8.830946324128721159e-01 2.433617074941937464e+00
-3.039126120441077994e-01 8.296350785649345694e-01 2.492365218377862846e+00
-2.789889598603291776e-01 6.814757954115033822e-01 2.172901804734792108e+00
-2.572599418129812854e-01 5.461714829458806930e-01 2.362164818772352071e+00
-2.336382936252577591e-01 3.251641850097257147e-01 2.393180726528641333e+00
-2.097064863599713558e-01 1.846489448514738729e-01 2.411047877982032350e+00
-1.855960075801510456e-01 2.987347379571858585e-01 2.233450449203387755e+00
-1.632615030881171547e-01 2.007560995810332427e-01 1.977175433375384817e+00
-1.434897487543632943e-01 1.088131807236583509e-01 1.792512355549863434e+00
-1.255646251988646600e-01 1.174816937187375121e-01 2.018312955630072292e+00
-1.053814956425639382e-01 -4.909545640642842823e-02 2.092955962875114206e+00
-8.445193601381278947e-02 3.822253666408444439e-01 2.016852930959957213e+00
-6.428340670421321679e-02 2.550050141318437325e-01 1.606027947450993532e+00
-4.822312722970328175e-02 -7.057856073468238289e-02 1.463214721283003339e+00
-3.359098001687324531e-02 -8.020203102888809332e-02 1.679267880578437344e+00
-1.679830121108887020e-02 -5.605693496700204365e-02 1.567860428963793185e+00
-1.119696921450939742e-03 -2.633274585010824120e-01 1.426927431856537920e+00
1.314957739711443939e-02 -1.334776546341990555e-01 1.380054532263494727e+00
2.695012271974938506e-02 -3.251450426337335609e-01 1.595646678631646553e+00
4.290658950606585087e-02 -2.590539709724341555e-01 1.422557559207368927e+00
5.713216509813953681e-02 -3.590531466359132562e-01 1.108084642655046137e+00
6.821301152469000373e-02 -4.198960047928863570e-01 1.162471124617428853e+00
7.983772277086428892e-02 -5.770003062117625703e-01 1.323506466526320979e+00
9.307278743612749927e-02 -3.816012433116907077e-01 1.306690061076586806e+00
1.061396880468933601e-01 -8.656104112343953050e-01 1.257449334204384428e+00
1.187141813889372038e-01 -8.538427921147577759e-01 1.301043241314896681e+00
1.317246138020861657e-01 -9.765037422353592955e-01 1.240838365174631530e+00
1.441329974538324843e-01 -1.011563691529506315e+00 1.317149436619992731e+00
1.573044918200324216e-01 -9.780859251972268131e-01 1.503369647508044915e+00
1.723381882951128818e-01 -1.314485120634904192e+00 1.560024077625209449e+00
1.879384290713649874e-01 -1.177131369969574903e+00 1.774839066716278779e+00
2.056868197385277874e-01 -1.000621624727374259e+00 1.814900888285741587e+00
2.238358286213852077e-01 -9.714092349055648556e-01 1.873411837866716168e+00
2.425699470000523550e-01 -1.273141731809986910e+00 1.823806177072656576e+00
2.608080087707789207e-01 -8.344449765127375240e-01 1.643092471036135649e+00
2.772389334811402595e-01 -4.985980620492981297e-01 1.194278722947589078e+00
2.891817207106161525e-01 -3.767767323454690453e-01 7.039158617884004876e-01
2.962208793285001640e-01 -5.930859902666862915e-01 4.699234497624182327e-01
3.009201138261243247e-01 -4.527523592633735383e-01 2.946562321961107567e-01
3.038666761480854350e-01 -4.035154768655584978e-01 3.883857992913115620e-01
3.077505341409985662e-01 -6.966516755900135083e-01 4.122296787674888940e-01
3.118728309286734612e-01 -7.174794353026543448e-01 3.791906773605812075e-01
3.156647377022792633e-01 -6.874109209678869181e-01 4.356632896799819132e-01
3.200213705990790913e-01 -6.193946999637367501e-01 2.095148182105720236e-01
3.221165187811848019e-01 -5.967838895229925500e-01 4.364372570364452586e-02
3.225529560382212613e-01 -6.461129456456737863e-02 -1.178502509985757118e-02
3.224351057872226756e-01 -4.742588767105083702e-01 -9.026522402344251683e-02
3.215324535469882283e-01 -6.225628515953275377e-01 -2.000446593010986041e-01
3.195320069539772656e-01 -9.030972865237687497e-01 4.550942513802402889e-02
3.199871012053575048e-01 -1.089166714753623921e+00 1.318483011789320092e-01
3.213055842171468335e-01 -1.229102882357971493e+00 3.077157266750004672e-01
3.243827414838968415e-01 -1.353339575929722427e+00 3.315113393111514539e-01
3.276978548770083655e-01 -1.385101547531956578e+00 4.308444116800207446e-01
3.320062989938085685e-01 -1.333315654327316802e+00 5.074692153915862924e-01
3.370809911477244403e-01 -1.051588395828955136e+00 3.137424599612616549e-01
3.402184157473370774e-01 -7.896233658066671435e-01 1.570714303677618051e-01
3.417891300510146890e-01 -4.922758663616622621e-01 2.497626186462877373e-01
3.442867562374775647e-01 -1.711491683408782882e-01 2.424747312766595830e-01
3.467115035502441600e-01 -3.230322512773051713e-01 1.693507303116992269e-01
3.484050108533611745e-01 -3.108607312900100172e-01 3.542121835565389953e-01
3.519471326889265783e-01 -2.491737048197734394e-01 1.883825336838324260e-01
3.538309580257649190e-01 -6.502531131651250185e-01 5.809163165629893655e-02
3.544118743423279039e-01 -6.394022250815092345e-01 -2.772632568428884947e-01
3.516392417738989917e-01 -7.381300352270585563e-01 -4.167232640294259438e-01
3.474720091336047090e-01 -1.223943001839753908e+00 -3.400746522822933327e-01
3.440712626107818028e-01 -9.395860316440224347e-01 -4.004855449712111382e-01
3.400664071610696726e-01 -9.547590724115180283e-01 -1.311539821160297437e-01
3.387548673399093935e-01 -9.105755969230131530e-01 -2.801162100452757597e-01
3.359537052394566126e-01 -5.885854803719092754e-01 -2.635684090861523110e-02
3.356901368303704669e-01 -3.169775876831976147e-01 -3.022403623433239095e-01
3.326677332069372106e-01 -1.413902659994880351e-01 -3.121802639719977734e-01
3.295459305672172601e-01 -1.513412325094796451e-01 -2.584670697919557170e-01
3.269612598692976935e-01 -4.173861084508391217e-01 -9.870366772075367390e-03
3.268625562015769481e-01 -2.126664034685606386e-01 -3.823285854457394439e-01
3.230392703471195448e-01 -1.874306130369054191e-01 -3.685970857836708969e-01
3.193532994892828158e-01 -2.880183957456371457e-01 -2.500439825413533490e-01
3.168528596638692796e-01 -5.857114276457038304e-01 -3.590187152301932416e-01
3.132626725115673638e-01 -5.383188052367922083e-01 -3.045441418981800763e-01
3.102172310925855880e-01 -6.467012745783644601e-01 1.917869964116097892e-02
3.104090180889971795e-01 -9.482569195732850620e-01 2.763921299147992228e-01
3.131729393881451662e-01 -1.393047111655226544e+00 2.145795518019237291e-01
3.153187349061644107e-01 -8.594933078549212846e-01 3.143721729690411859e-01
3.184624566358548181e-01 -1.222323975208725377e+00 5.756711788616788450e-01
3.242191684244716265e-01 -1.310697155753521859e+00 6.168791034560759945e-01
3.303879594590323765e-01 -1.119844134092021548e+00 5.669633976110044493e-01
3.360575934351424099e-01 -9.969583603509195591e-01 8.742456226241901440e-01
3.448000496613843335e-01 -9.299482210097822499e-01 1.015759442527379930e+00
3.549576440866581417e-01 -8.561056476067998577e-01 4.520030184382498595e-01
3.594776742710406592e-01 -6.939545059040418407e-01 6.918626645083851834e-01
3.663963009161245177e-01 -8.059564553721332292e-01 8.865187344250786694e-01
3.752614882603753088e-01 -1.020700130192140564e+00 9.840888024860972028e-01
3.851023762852363030e-01 -1.286471739987689933e+00 9.102311802840729049e-01
3.942046880880770154e-01 -1.169345571550269636e+00 1.123889376041814492e+00
4.054435818484951604e-01 -1.392358037427571693e+00 1.173467749847985075e+00
4.171782593469750000e-01 -1.297543520556656782e+00 9.551759456507908919e-01
4.267300188034829356e-01 -1.429655455158231891e+00 8.580747059228865936e-01
4.353107658627117793e-01 -1.297315472574086748e+00 1.004227604957503184e+00
4.453530419122868067e-01 -1.386288020694798728e+00 9.511584735721756445e-01
4.548646266480085854e-01 -1.290519476917094899e+00 9.997227081351169886e-01
4.648618537293597308e-01 -1.171599148262732371e+00 9.760712685279171463e-01
4.746225664146389023e-01 -1.258200700953106210e+00 7.274894718428671636e-01
4.818974611330675839e-01 -1.276608536931861160e+00 7.299000478584030116e-01
4.891964616116515896e-01 -1.439949822371360932e+00 3.500917523366318673e-01
4.926973791350179321e-01 -1.356298117064803854e+00 5.362279366676206971e-01
4.980596585016941469e-01 -1.225981099577190037e+00 4.819427796158652910e-01
5.028790862978528287e-01 -1.210978492150145636e+00 3.197068045727005092e-01
5.060761543435798870e-01 -1.288189400528302109e+00 2.605073615356897077e-01
5.086812279589367769e-01 -1.035676049869268311e+00 3.203258772822346057e-01
5.118844867317591252e-01 -7.262854335750661416e-01 5.903857117597256510e-01
5.177883438493563473e-01 -2.182097377523148918e-01 8.653374503125472739e-01
5.264417183524817689e-01 -2.102846493104449654e-01 9.155431955587870485e-01
5.355971503080696472e-01 -2.614165961473966515e-01 9.542768904076666114e-01
5.451399192121463289e-01 -1.229593656058222684e-01 9.750389917587432009e-01
5.548903091297338053e-01 -2.387775347591778452e-01 9.540655679373024611e-01
5.644309648091068166e-01 -8.275157062410418152e-02 9.313797396089277258e-01
5.737447622051961016e-01 -2.025844742279925281e-01 8.497435025229873595e-01
5.822421972304260285e-01 -1.402222216442526315e-01 1.003727738765683553e+00
5.922794746180828351e-01 -3.468414724821664019e-02 7.963854197332757012e-01
6.002433288154156443e-01 2.891205111865702837e-01 4.949728820570560850e-01
6.051930576359861869e-01 2.355251852586763006e-01 3.758408849978329136e-01
6.089514664859645432e-01 4.564650720622538405e-01 -9.685937870738681177e-03
6.088546071072571397e-01 4.092542887656249184e-01 3.445113848216257990e-02
6.091991184920787505e-01 4.186526354162031227e-01 4.867270131408468758e-02
6.096858455052196479e-01 8.703411112884534839e-02 6.721933269507221476e-02
6.103580388321703243e-01 -1.103304688714595999e-01 -6.838831864447642017e-02
6.096741556457255795e-01 -5.888796643450540103e-01 -5.378809339642082882e-02
6.091362747117613496e-01 -5.449740458810375943e-01 -1.271827841660745917e-01
6.078644468701005499e-01 -4.993877067380827484e-01 -1.022752400507200565e-01
6.068416944695933513e-01 -2.785198240612631881e-01 2.013044673593686329e-02
6.070429989369526824e-01 -3.250834796123003301e-02 -5.175247523936603311e-03
6.069912464617133185e-01 5.369006252213485292e-02 -1.561276558440108098e-01
6.054299699032732462e-01 2.093063245884581591e-01 3.749697272375074331e-02
6.058049396305107415e-01 2.451200469242489355e-01 9.429443753400140737e-02
6.067478840058507794e-01 3.183936553254414492e-01 -2.605591869251840942e-01
6.041422921365989795e-01 2.369556764043251329e-01 -3.915228194815594254e-01
6.002270639417833786e-01 3.142250906794762932e-01 -3.252204649807319825e-01
5.969748592919760233e-01 2.696949202409847368e-01 -5.849471252340014971e-01
5.911253880396359905e-01 2.057885781961967808e-01 -5.209309534422746912e-01
5.859160785052132114e-01 2.855196183682285893e-01 -3.017572607464078516e-01
5.828985058977491640e-01 4.984556903525507732e-01 -4.039857709765999338e-01
5.788586481879831602e-01 3.299436998512150776e-01 -5.558237247477400000e-01
5.733004109405057669e-01 2.280614484987015245e-01 -2.872785067218049937e-01
5.704276258732877691e-01 3.266345286422106531e-01 -3.259101868922965051e-01
5.671685240043647935e-01 1.056641549615927045e-01 -9.023150805409199671e-02
5.662662089238238439e-01 3.118419328915840172e-01 -3.552186460969919413e-02
5.659109902777268442e-01 1.753268636338912445e-01 -3.092258658797781071e-02
5.656017644118470633e-01 2.831889959730124473e-01 1.478137504874400543e-01
5.670799019167214183e-01 2.472086342092758848e-01 -1.386669330011079948e-01
5.656932325867103373e-01 5.256749385895785887e-01 2.374917777733271673e-01
5.680681503644435804e-01 5.585918260547513281e-01 -1.215135542421381942e-01
5.668530148220222165e-01 5.785122939749217652e-01 -7.667775516862573859e-02
5.660862372703359124e-01 7.499029069611525822e-01 7.170016808688316201e-02
5.668032389512047686e-01 5.973644765025108994e-01 1.821609931078437272e-01
5.686248488822831515e-01 4.333772106910401267e-01 3.182209028668250284e-01
5.718070579109514329e-01 6.908222225117031101e-01 5.328745299922582612e-01
5.771358032108739877e-01 5.918264230327268116e-01 6.717805422656475400e-01
5.838536086335304187e-01 5.651143028563070381e-01 7.053984939037382107e-01
5.909075935725678352e-01 3.262598656384567697e-01 1.046835161763262967e+00
6.013759451902004338e-01 -4.629854619576045938e-03 1.177578989783074626e+00
6.131517350880312245e-01 -2.022646327631871521e-01 1.055652446142478107e+00
6.237082595494559678e-01 1.665836859402725079e-02 1.045810248138691279e+00
6.341663620308428673e-01 1.402185027016877028e-01 1.109925556327568064e+00
6.452656175941186012e-01 -8.396685767543060619e-02 1.081953395860995260e+00
6.560851515527285072e-01 -3.577732198432855837e-01 1.153003421326883382e+00
6.676151857659973210e-01 -3.186836670118609605e-01 1.052158034375043183e+00
6.781367661097477129e-01 -4.337336825868282064e-02 8.070149181452681564e-01
6.862069152912003700e-01 -6.645806341862435518e-02 7.398850791195398235e-01
6.936057660823957693e-01 -1.320244356162176003e-01 5.941614195090259010e-01
6.995473802774859751e-01 -3.840884285634466044e-01 8.475601747252310414e-01
7.080229820247382344e-01 -1.955050604269579217e-01 6.755058697713159921e-01
7.147780407224514354e-01 -2.253975195565541267e-01 5.930809165178690945e-01
7.207088498876301763e-01 -3.351461439769818917e-01 7.369328029023646254e-01
7.280781779166538570e-01 -9.543640865339900192e-02 4.711440781645163112e-01
7.327896186982990612e-01 -1.679153307007243412e-01 -4.132487293309083931e-02
7.323763699689681550e-01 -2.777797532927967494e-01 3.500153138171464562e-01
7.358765231071395796e-01 -1.810891431303610077e-01 3.351188659861764063e-01
7.392277117670013054e-01 -3.767628607793045425e-01 1.981136701932122435e-01
7.412088484689334233e-01 -1.566134294693488083e-01 1.346264556537543067e-01
7.425551130254709475e-01 -8.903544787237106795e-02 1.997097349672027067e-01
7.445522103751429643e-01 -7.595178995740485828e-01 3.392549459802266520e-01
7.479447598349452386e-01 -8.573201691968164173e-01 3.181958200917686663e-01
7.511267180358629503e-01 -9.173890854356829827e-01 2.752006453309571721e-01
7.538787244891724804e-01 -8.784015803755735874e-01 4.221187455998397509e-01
7.580999119451709012e-01 -1.172856774409972491e+00 7.100079187563920202e-01
7.651999911327348469e-01 -1.170588760728475952e+00 4.270627285515944394e-01
7.694706184182508180e-01 -1.193707790691588722e+00 3.565798984617959411e-01
7.730364174028687696e-01 -1.040484347243324503e+00 7.294554789355596203e-01
7.803309721922243591e-01 -8.289939297249316885e-01 1.022171865621304798e+00
7.905526908484373783e-01 -1.242154779952879151e+00 9.710257458190836299e-01
8.002629483066282523e-01 -1.015803961155924862e+00 6.770424272341741823e-01
8.070333725789700097e-01 -8.222192881546583898e-01 6.572875219155230875e-01
8.136062477981252927e-01 -8.476722155972743478e-01 5.028662329379363083e-01
8.186349101275046669e-01 -7.142217286646017627e-01 4.609779060207135903e-01
8.232446891877117645e-01 -1.850828071623514814e-01 3.650433136710791171e-01
8.268951223244225268e-01 5.313788441991357248e-02 4.659315786895735223e-01
8.315544381113182393e-01 1.562191011803236440e-01 2.398124495045415305e-01
8.339525626063636343e-01 2.459385715279590601e-01 4.088394860417832177e-01
8.380409574667814221e-01 3.557154560765536377e-01 8.184148159311335213e-01
8.462251056260927662e-01 4.834975187078635050e-01 6.925599114933425060e-01
8.531507047410261668e-01 1.644119260828363349e-01 2.879799159725860980e-01
8.560305039007520822e-01 2.486558181502080689e-01 3.670489956218226935e-01
8.597009938569702969e-01 5.669328382804186828e-02 5.498277735231735797e-01
8.651992715922020016e-01 -1.840355782392122663e-01 6.602963047512124817e-01
8.718022346397141797e-01 -2.151818260450005516e-01 4.675908251631096801e-01
8.764781428913452910e-01 -2.330904342080898362e-01 6.572082850411034016e-01
8.830502257417562895e-01 -4.333998571187850923e-01 2.314898505367177228e-01
8.853651242471234362e-01 -1.240574862125010114e-01 5.047136478536135007e-01
8.904122607256595989e-01 1.169125830576545899e-01 5.638445092761975586e-01
8.960507058184216111e-01 -1.353606623163352840e-01 1.534778058904562315e-01
8.975854838773261735e-01 -2.118581839823351909e-01 -6.329997818460708636e-02
8.969524840954801181e-01 -8.361149629683417572e-02 1.902901767909359887e-01
8.988553858633895333e-01 1.583594630452878071e-02 2.803217630840182384e-01
9.016586034942297712e-01 1.014127884656718659e-01 3.228596329693618761e-01
9.048871998239234049e-01 6.991667021656031156e-03 3.218402097474009627e-01
9.081056019213974428e-01 2.003342399018316067e-01 2.259058864770712438e-01
9.103646607861681783e-01 5.624298786547099471e-02 2.161339278701113198e-02
9.105807947140382996e-01 2.740248697529712452e-01 1.335004349555099848e-02
9.107142951489938243e-01 3.753805645083824749e-01 2.684717262737237320e-01
9.133990124117310483e-01 3.037616605833664551e-01 5.786665083979781743e-01
9.191856774957107845e-01 3.835746296796455068e-02 4.376480237539586149e-01
9.235621577332503440e-01 1.022393841000030779e-01 1.581427969504640152e-01
9.251435857027550114e-01 1.813905722388180486e-01 -1.921541517115882280e-02
9.249514315510434237e-01 1.370349447176272550e-01 1.563566578988046518e-01
9.265149981300314641e-01 2.751031524412326235e-01 2.966085794348514160e-01
9.294810839243800027e-01 1.272417473752826822e-01 6.459819833571909253e-01
9.359409037579519142e-01 -1.587506077802517124e-01 7.541859049586366881e-01
9.434827628075382888e-01 -7.285076012603677875e-02 9.202032075097751340e-01
9.526847948826360213e-01 9.629048148479206481e-02 7.069490390057091567e-01
9.597542852726931306e-01 3.342432204272355878e-01 5.729383216109844579e-01
9.654836684888029597e-01 4.360507646067088294e-01 3.260278215896985632e-01
9.687439467046999875e-01 4.611487593720137168e-01 3.396182865984647692e-01
9.721401295706846302e-01 6.191028885171321328e-01 6.190514618033928773e-01
9.783306441887185123e-01 8.818722941221072142e-01 6.266508342073952020e-01
9.845971525307924965e-01 1.055660146194441040e+00 8.908759885119558186e-01
9.935059124159120181e-01 9.886163831952194947e-01 1.008961253195383545e+00
1.003595524947865858e+00 9.405645666429114371e-01 1.117798555439513342e+00
1.014773510502261056e+00 7.676555692629970507e-01 1.116964462545665393e+00
1.025943155127717610e+00 9.265151619261955407e-01 1.072038362277765389e+00
1.036663538750495217e+00 8.449503950198894442e-01 1.216934984921086649e+00
1.048832888599706026e+00 7.513296419917732116e-01 1.218523880433026951e+00
1.061018127404036226e+00 8.955857249562835243e-01 1.246124291489651759e+00
1.073479370318932702e+00 1.111621645271467562e+00 1.346016634488850894e+00
1.086939536663821260e+00 1.435332844370748484e+00 1.449263661667409275e+00
1.101432173280495252e+00 1.617946685465646572e+00 1.676881141611197279e+00
1.118200984696607225e+00 1.684297403802538895e+00 1.585255655637573202e+00
1.134053541252982855e+00 1.735208900883348004e+00 1.920900414917659393e+00
1.153262545402159445e+00 1.513437769190734139e+00 1.752190687479287190e+00
1.170784452276952381e+00 1.747963744697512034e+00 1.473350201869231935e+00
1.185517954295644660e+00 1.596913896303062685e+00 1.371846287248411844e+00
1.199236417168128677e+00 1.443200810235384601e+00 1.363619970083121968e+00
1.212872616868959863e+00 1.446537070712504258e+00 1.364334127446906297e+00
1.226515958143428842e+00 1.459745799435571145e+00 1.176170871558198883e+00
1.238277666859010750e+00 1.296735675751227390e+00 1.138935624103027289e+00
1.249667023100041074e+00 1.045250372622102741e+00 1.173076224544249868e+00
1.261397785345483635e+00 8.739683123852903801e-01 1.154646527077498153e+00
1.272944250616258710e+00 8.830138487750728293e-01 1.089471576523964647e+00
1.283838966381498414e+00 6.589737110194179293e-01 1.113094373073402421e+00
1.294969910112232503e+00 4.046941998645788852e-01 1.031743826339909686e+00
1.305287348375631540e+00 2.415912592110782409e-01 9.383775550783350905e-01
1.314671123926414831e+00 -1.334440403901071548e-03 1.435492689920276455e+00
1.329026050825617533e+00 1.118213967043046875e-01 1.617272913160383352e+00
1.345198779957221369e+00 1.491919119552692907e-01 1.266203005518888203e+00
1.357860810012410324e+00 3.699643146776132596e-01 1.159019672558753822e+00
1.369451006737997911e+00 4.521290642535663040e-01 1.105014842462044955e+00
1.380501155162618288e+00 8.819803108618249343e-01 9.689211967440567452e-01
1.390190367130058835e+00 7.133888632292598730e-01 9.520848377468799084e-01
1.399711215507527529e+00 5.559670493510118217e-01 6.107449238357145482e-01
1.405818664745884572e+00 4.381484432548398145e-01 8.000120057812303287e-01
1.413818784803696937e+00 3.563871226983326146e-01 7.682424211077742982e-01
1.421501209014774725e+00 2.872368110099239868e-01 7.387170555233880664e-01
1.428888379570008693e+00 1.623761020326519589e-01 7.427709256895754786e-01
1.436316088826904425e+00 1.420283476444881565e-01 8.519481704113586185e-01
1.444835570531018076e+00 -1.151132459031005140e-01 8.083826887201244205e-01
1.452919397418219294e+00 -1.435266329362870075e-01 1.045009378278642043e+00
1.463369491201005790e+00 -1.784476518562565783e-01 8.926595685934067825e-01
1.472296086886939914e+00 -2.304949424397239599e-01 8.752267431446910662e-01
1.481048354318386773e+00 1.562989767268606611e-01 9.154565414014462776e-01
1.490202919732401154e+00 1.313744950435821734e-01 8.324960567608636897e-01
1.498527880300009718e+00 3.190046087457008850e-02 6.386237389996551883e-01
1.504914117690006270e+00 2.192186090463059400e-01 5.527131405004914733e-01
1.510441249095011207e+00 3.219032964868524527e-01 9.146409439226779181e-01
1.519587658534238050e+00 3.295770923709809286e-01 1.012016403493440908e+00
1.529707822569172482e+00 -6.873090698395561970e-02 9.392457919926964216e-01
1.539100280489099415e+00 -2.571576468108480729e-01 1.007329558426588445e+00
1.549173576073365366e+00 -2.954921353774017656e-01 9.373873534178462918e-01
1.558547449607543767e+00 -3.521708445142870403e-01 8.231757430531365660e-01
1.566779207038075050e+00 -2.059199512298098278e-01 1.077342525951559660e+00
1.577552632297590574e+00 -3.550473980364584614e-01 7.236549343604350426e-01
1.584789181641194977e+00 -3.144125697694375443e-01 8.717887795316224819e-01
1.593507069436511214e+00 -2.827258018518778449e-01 7.583569197200862311e-01
1.601090638633712038e+00 -2.827569282108326476e-01 9.753930465244107229e-01
1.610844569098956125e+00 -2.817209231095517685e-01 1.285286487649936582e+00
1.623697433975455517e+00 -1.368392700503821835e-01 8.860301422272687244e-01
1.632557735397728305e+00 -2.283566301714783919e-01 4.718847926362154110e-01
1.637276583324090540e+00 -2.782113889216080160e-01 6.436558584222066282e-01
1.643713141908312636e+00 -3.415966670201396882e-01 1.798641852895751514e-01
1.645511783761208324e+00 -4.117365283815961896e-01 9.095696962340038549e-02
1.646421353457442338e+00 -3.352894196688755990e-01 1.195727721418953504e-01
1.647617081178861298e+00 -9.598670260023264844e-02 -2.211974686834889403e-01
1.645405106492026315e+00 7.900020273776203750e-03 -6.012265596736858786e-01
1.639392840895289361e+00 -1.080142700672168526e-01 -2.629147215041577335e-01
1.636763693680247878e+00 1.844803673637592234e-01 -2.894865273803450822e-01
1.633868828406444429e+00 3.676155539524321725e-01 -1.467627333999001749e-01
1.632401201072445351e+00 4.272644305005561804e-01 1.254393521309607740e-01
1.633655594593754978e+00 6.245099275257287585e-01 3.984496935260958272e-01
1.637640091529015907e+00 3.911247927214984710e-01 1.713714125289352852e-01
1.639353805654305329e+00 5.896203015487478938e-01 1.219105260560792714e-01
1.640572910914866123e+00 3.797094665311140371e-01 4.253223089760667097e-01
1.644826134004626850e+00 5.266199818164760682e-01 2.937211717745179529e-01
1.647763345722371930e+00 4.958849188964792876e-01 4.536362495092167713e-01
1.652299708217464191e+00 8.871575867015398797e-01 7.612866011962896584e-01
1.659912574229427173e+00 6.801382785093464944e-01 5.455962790120199024e-01
1.665368537019547457e+00 5.260578354358588227e-01 5.198445120337457093e-01
1.670566982139884971e+00 5.365916804626070791e-01 4.398769228495194028e-01
1.674965751368380218e+00 3.879657819117371953e-01 5.411742977149207601e-01
1.680377494345529410e+00 3.536535481646376211e-01 9.684984396154145969e-01
1.690062478741683583e+00 1.788784511403217481e-01 6.722987414141956553e-01
1.696785466155825484e+00 8.021246130891365733e-02 6.981197799339560195e-01
1.703766663955164962e+00 1.527624912551034109e-01 7.545008293989736714e-01
1.711311672249154592e+00 2.075207134588424596e-01 7.704923124318324712e-01
1.719016595373472844e+00 5.188967603156431352e-01 6.530469417084263650e-01
1.725547064790557084e+00 3.184483803660967949e-01 5.842505013035104167e-01
1.731389569803592154e+00 1.968773315001319801e-01 6.528018505640433844e-01
1.737917588309232597e+00 3.726399414448801073e-01 9.849906637896017614e-01
1.747767494947128686e+00 2.683075180128696169e-01 8.447362295937826948e-01
1.756214857243066474e+00 1.266552542997982089e-01 7.229278012436427536e-01
1.763444135255502809e+00 4.215041537373358516e-01 2.957605201344840617e-01
1.766401740456847724e+00 4.311071341801446799e-01 3.580229501888047006e-01
1.769981969958735801e+00 4.390842781818163343e-01 5.534930045443452462e-01
1.775516900004179277e+00 3.940214272870989354e-01 6.817067778587572180e-01
1.782333967782766759e+00 6.409761123368382663e-01 4.856707844854561973e-01
1.787190675627621239e+00 6.434933243958034232e-01 1.004065727230404992e+00
1.797231332899925205e+00 4.324119239292454342e-01 1.034452492346094044e+00
1.807575857823386034e+00 6.496146387073791217e-01 9.472341357224732805e-01
1.817048199180610668e+00 5.976553256892401800e-01 1.194100803693204149e+00
1.828989207217542656e+00 6.637529966048629770e-01 1.175738848799236180e+00
1.840746595705535116e+00 6.335111912351776287e-01 1.370322957227540384e+00
1.854449825277810548e+00 5.965562458548658853e-01 1.465492858388879549e+00
1.869104753861699386e+00 8.610389412481103122e-01 1.378925780711904414e+00
1.882894011668818424e+00 7.714585797278592505e-01 1.345389754352044775e+00
1.896347909212338978e+00 6.849735609006707415e-01 1.592119445651634102e+00
1.912269103668855275e+00 7.337215947247781589e-01 1.223163535196226892e+00
1.924500739020817530e+00 9.801390851065030496e-01 1.204759736863001862e+00
1.936548336389447567e+00 1.045324018144544231e+00 1.360058913179000406e+00
1.950148925521237642e+00 9.796974523258340506e-01 1.706637199318312259e+00
1.967215297514420813e+00 1.200882396485059456e+00 1.721896201881044419e+00
1.984434259533231160e+00 1.428859005315084030e+00 1.447080847203679799e+00
1.998905068005268015e+00 1.276353203822127691e+00 1.495132574752236598e+00
2.013856393752790463e+00 1.059417398330149807e+00 1.049565278964179615e+00
2.024352046542432060e+00 1.168402945694598571e+00 1.236874553840143109e+00
2.036720792080833675e+00 1.258054800624259784e+00 1.508562162682635988e+00
2.051806413707660148e+00 1.296496657609071068e+00 1.227469914388378935e+00
2.064081112851543942e+00 1.066241148823528384e+00 1.313997071055907684e+00
2.077221083562103221e+00 1.241822670668833783e+00 1.163921077475160271e+00
2.088860294336854828e+00 1.343393384829294934e+00 1.241563387191194634e+00
2.101275928208766963e+00 1.225695624290582986e+00 1.031797694345582883e+00
2.111593905152223005e+00 1.121921962120284277e+00 1.268812769498409043e+00
2.124282032847207180e+00 1.202878107697667565e+00 1.541941632148535080e+00
2.139701449168692537e+00 1.169244325183064648e+00 1.495316367895009657e+00
2.154654612847642703e+00 1.418822816832788991e+00 1.515885456047186164e+00
2.169813467408114427e+00 1.730727040279434803e+00 1.364266283218115161e+00
2.183456130240295501e+00 1.326699389526567963e+00 1.513488522311683182e+00
2.198591015463412290e+00 1.225161579729910022e+00 1.614099769080633129e+00
2.214732013154218748e+00 1.121550682301588164e+00 1.823212835042003821e+00
2.232964141504638622e+00 1.616329063634152963e+00 1.900307770045591260e+00
2.251967219205094572e+00 1.464273619097497869e+00 1.670209508628760942e+00
2.268669314291382300e+00 1.447219322183761925e+00 1.562878119837885826e+00
2.284298095489761149e+00 1.478318500239060640e+00 1.723088446100793591e+00
2.301528979950769216e+00 1.248099651354739992e+00 1.770703139938292647e+00
2.319236011350152005e+00 9.688312586992475772e-01 1.869697372565875204e+00
2.337932985075810599e+00 6.263167111797274256e-01 1.924900193260642434e+00
2.357181987008416968e+00 4.941144032513057338e-01 2.230884334959061910e+00
2.379490830358007791e+00 3.517682193028122128e-01 2.135933467578454703e+00
2.400850165033792116e+00 5.770889666173827370e-01 2.195802333797114425e+00
2.422808188371763372e+00 9.413282511260703256e-01 1.975999370258795462e+00
2.442568182074351224e+00 7.353680706811738244e-01 1.972623090826411962e+00
2.462294412982615199e+00 7.025852418942017952e-01 1.762824482932002335e+00
2.479922657811935327e+00 7.346188624782551413e-01 1.994871181841013863e+00
2.499871369630345619e+00 6.079674441758674552e-01 1.858302710764413668e+00
2.518454396737989764e+00 8.860030172812400906e-01 2.074081483718716701e+00
2.539195211575176803e+00 9.476833183242555636e-01 1.909224457817160658e+00
2.558287456153348405e+00 1.054511054469526643e+00 1.952801075067295278e+00
2.577815466904021413e+00 9.728148014258531928e-01 1.963015075149106892e+00
2.597445617655512518e+00 8.180729919196646494e-01 2.004744488436272398e+00
2.617493062539875126e+00 8.893012792203667249e-01 2.075973158378518146e+00
2.638252794123660205e+00 1.026880058359054271e+00 1.899493557160161217e+00
2.657247729695261906e+00 1.181110866652640867e+00 1.920650877401807621e+00
2.676454238469279989e+00 1.090947544890265020e+00 2.075032927178124265e+00
2.697204567741061432e+00 1.324841407173288577e+00 1.805312535057403966e+00
2.715257693091635449e+00 1.452149096721784494e+00 1.803377919432238796e+00
2.733291472285957813e+00 1.579089593478466780e+00 1.701250593677007705e+00
2.750303978222727874e+00 1.762644135109142862e+00 1.570817679931990840e+00
2.766012155022048002e+00 1.570723842237564227e+00 1.673997135741765119e+00
2.782752126379465452e+00 1.615198728022929187e+00 1.490289173806053302e+00
2.797655018117525927e+00 1.643477425715856199e+00 1.625906438631546269e+00
2.813914082503841563e+00 1.451689603872799550e+00 1.516851856594780612e+00
2.829082601069789149e+00 1.820077629675041386e+00 1.438891211908258194e+00
2.843471513188871924e+00 1.748575048525993880e+00 1.465341931935890463e+00
2.858124932508230742e+00 1.342418887081580303e+00 1.284089633167059263e+00
2.870965828839901146e+00 1.669166612753209877e+00 1.606731778836438362e+00
2.887033146628265712e+00 1.587794291060831586e+00 2.037792720838430327e+00
2.907411073836649873e+00 1.311684935992761813e+00 1.745445148511883149e+00
2.924865525321768800e+00 9.537274094524925694e-01 1.878920432500328364e+00
2.943654729646771884e+00 6.148322546354904050e-01 2.028087739324115013e+00
2.963935607040013132e+00 6.387674583547927609e-01 1.714719867208049919e+00
2.981082805712093720e+00 4.766762472502942827e-01 1.842912857237851920e+00
2.999511934284472048e+00 5.216620466358072861e-01 1.866294581144869680e+00
3.018174880095920720e+00 3.218941523581907438e-01 1.591374633478049194e+00
3.034088626430701208e+00 4.044932220648558285e-01 1.325954792246084368e+00
3.047348174353162076e+00 2.745944587192736264e-01 1.395322129488932417e+00
3.061301395648051482e+00 4.021739222013845927e-01 9.054214877613371293e-01
3.070355610525664858e+00 1.421707807391119627e-01 3.991689951262116787e-01
3.074347300476926836e+00 4.127559828648914575e-01 5.442770609667383352e-01
3.079790071086594416e+00 2.742089867248067581e-01 6.865342359817083739e-01
3.086655413446411700e+00 2.311289833020829798e-01 9.030285157717228284e-01
3.095685698604128788e+00 1.223927272399816246e-02 8.437762320445270081e-01
3.104123460924574029e+00 -4.323999184473820839e-02 1.074736147547295628e+00
3.114870822400046979e+00 -1.700020230903905721e-02 1.016644211517249818e+00
3.125037264515219348e+00 1.630095480236410932e-01 1.154344397628821461e+00
3.136580708491507608e+00 -9.222644646723704431e-02 6.749763669161786828e-01
3.143330472160669409e+00 8.098477249108484988e-02 5.408677056205866140e-01
3.148739149216875255e+00 1.745219772580527406e-01 4.826597195381208683e-01
3.153565746412256399e+00 2.291849230350068711e-01 4.328614069690988053e-01
3.157894360481947604e+00 7.283409162196385900e-02 4.703272033971963584e-01
3.162597632515919521e+00 1.292546831696033127e-01 3.942657790843239751e-01
3.166540290306762540e+00 -5.234969855557991547e-03 4.478144733356020923e-01
3.171018435040118710e+00 -5.865227778433879796e-02 2.957320925851187887e-01
3.173975755965969814e+00 1.024502503856540570e-02 -6.769759788096080255e-02
3.173298779987160145e+00 1.955249233375145890e-01 -3.513676299042640255e-02
3.172947412357256081e+00 -3.215097633814846256e-01 -1.383617004195343281e-01
3.171563795353060655e+00 -2.903057756689141344e-01 4.482335045186414124e-02
3.172012028857579491e+00 -2.231575012635866329e-01 4.225175354711138698e-01
3.176237204212290610e+00 -1.373877576586394200e-01 4.216493298002070844e-01
3.180453697510292610e+00 -5.083021886476450923e-01 6.045929318014933163e-01
3.186499626828307452e+00 -5.126864459628258652e-01 8.440682818583042923e-01
3.194940309646890686e+00 -6.530749827453772305e-01 8.009067659345018297e-01
3.202949377306235856e+00 -8.313587131633672911e-01 6.434411203484980968e-01
3.209383788509720947e+00 -3.518013334908991485e-01 5.904684104632851316e-01
3.215288472614354021e+00 -3.121454342749490629e-01 6.582624869035305082e-01
3.221871097483389512e+00 6.037739327613755869e-03 6.133304416249364399e-01
3.228004401899638776e+00 -2.828944732229535242e-01 5.718132257720452971e-01
3.233722534157359441e+00 -8.112012808237564210e-01 2.847727930679930797e-01
3.236570262088039218e+00 -8.042757492212356807e-01 2.042590839319201046e-01
3.238612852927358343e+00 -6.629744740431984251e-01 3.675671902143104464e-02
3.238980420117572478e+00 -5.980223873262280332e-01 -3.017204966589377424e-01
3.235963215150983174e+00 -4.170994827473121225e-01 -3.624071557992146753e-01
3.232339143592990904e+00 -4.832433408340179315e-01 -6.237153283699290451e-01
3.226101990309291789e+00 -4.707373180940383484e-01 -7.560616203300218885e-01
3.218541374105991615e+00 -7.999357586962098088e-01 -6.671481922652842123e-01
3.211869892183338848e+00 -4.986452756577168799e-01 -8.289661552743226025e-01
3.203580230630595604e+00 -5.854845176804512885e-01 -9.207045143006937771e-01
3.194373185487588529e+00 -6.911214039556182742e-01 -8.729423174555074327e-01
3.185643762313033367e+00 -5.158917917850556201e-01 -6.895129967322332076e-01
3.178748632345711034e+00 -6.041783283800348237e-01 -7.354577367863630588e-01
3.171394054977847432e+00 -5.234029297243910639e-01 -4.212792925003970290e-01
3.167181262052843671e+00 -2.748827435970271904e-01 -7.022016017660792642e-02
3.166479060451077743e+00 -9.538232712724531437e-02 1.662483644057978216e-01
3.168141544095135931e+00 -2.024379102134238329e-01 3.726093311908019734e-01
3.171867637407043805e+00 -1.996595631330817522e-01 2.929871579708919760e-01
3.174797508986752614e+00 -4.135294681532640793e-01 1.484736051367123166e-01
3.176282245038119623e+00 -5.731012892223426025e-01 -2.096133969396632435e-02
3.176072631641179811e+00 -5.338739528768363662e-01 1.182476725234413439e-01
3.177255108366414227e+00 -9.945405907398343626e-01 2.945056032438603255e-01
3.180200164398852891e+00 -1.304231975317130310e+00 2.818535751032050785e-01
3.183018700149884861e+00 -1.405334049964938270e+00 1.033034133069506699e-01
3.184051734282954182e+00 -1.609346063772171931e+00 7.979763462879339853e-02
3.184849710629241937e+00 -1.417504832346921040e+00 8.947437975086502959e-02
3.185744454426750583e+00 -1.189460871766515826e+00 1.797425946619078674e-02
3.185924197021412496e+00 -1.222444707729333224e+00 6.210575538792845185e-01
3.192134772560205391e+00 -1.254675467796748212e+00 4.906544526307703435e-01
3.197041317086513068e+00 -9.891987017407386507e-01 6.829343205369197145e-01
3.203870660291882277e+00 -9.631698420851664277e-01 7.851296264571128170e-01
3.211721956556453428e+00 -8.843142430927419806e-01 6.281434027907358830e-01
3.218003390584360801e+00 -1.175439366588880929e+00 6.785881384688720042e-01
3.224789271969049409e+00 -1.056839681299015066e+00 6.313514202102908923e-01
3.231102786171152097e+00 -9.660769640876867292e-01 4.086358083028124311e-01
3.235189144254180249e+00 -1.044965864915344600e+00 5.561953662650457320e-01
3.240751097916830581e+00 -1.167917749633216040e+00 5.389876973383400660e-01
3.246140974890213915e+00 -1.145386113863038124e+00 3.974935604473350259e-01
3.250115910494687288e+00 -1.426564261213034257e+00 6.884904843677093211e-01
3.257000815338364497e+00 -8.610330131664710729e-01 7.362203095460428948e-01
3.264363018433825037e+00 -7.828405373788658306e-01 5.525943076180234170e-01
3.269888961510005299e+00 -1.226242857386596441e+00 6.343735399563951161e-01
3.276232696909569420e+00 -1.655441873105569783e+00 6.138878122263555781e-01
3.282371575031833189e+00 -1.714656826438166970e+00 5.187601496880974716e-01
3.287559176528714211e+00 -1.863264625559755805e+00 6.100709206586656386e-01
3.293659885735300996e+00 -2.085990949270883910e+00 6.724664402840705435e-01
3.300384550138141915e+00 -1.817447840865833220e+00 6.357683006073959753e-01
3.306742233144215781e+00 -1.830360040400983435e+00 4.003379848219350556e-01
3.310745612992435305e+00 -2.038606343745234639e+00 2.489597515116369619e-01
3.313235210507551542e+00 -1.590068886948495575e+00 1.994504381964935236e-01
3.315229714889516455e+00 -1.499712530022199619e+00 2.435361316043315183e-01
3.317665076205559949e+00 -1.244523983099780295e+00 4.400807334251374270e-01
3.322065883539811360e+00 -1.197076761142635615e+00 2.006395732857068348e-01
3.324072279272668240e+00 -9.958351422844821110e-01 -1.509746680706841593e-02
3.323921304604597449e+00 -9.290552753094665217e-01 -3.323173870492769355e-01
3.320598130734104814e+00 -7.972445887215076077e-01 -2.114018423536090097e-01
3.318484112310568612e+00 -8.870975163389952511e-01 -9.672506050231159669e-02
3.317516861705545494e+00 -1.047970132048843706e+00 -1.354863069339800608e-01
3.316161998636205865e+00 -9.681489675301568898e-01 -3.209126769291339998e-02
3.315841085959276846e+00 -1.079438599894383399e+00 -1.317256488474781162e-01
3.314523829470802152e+00 -1.366398356838563366e+00 3.468372994075680227e-03
3.314558513200743128e+00 -1.173958977157738337e+00 -2.822757559882635436e-01
3.311735755640860646e+00 -1.269407264142669689e+00 -2.105495113934597318e-01
3.309630260526926104e+00 -1.157223198899124172e+00 -2.185253493655177348e-01
3.307445007033270823e+00 -1.396753983459417370e+00 -2.578862876372517987e-01
3.304866144156898500e+00 -1.503468893887547120e+00 -1.303412302161561787e-01
3.303562731854737144e+00 -1.359858024697186529e+00 -2.930256943351068344e-01
3.300632474911386005e+00 -1.249634892938912500e+00 2.588121815354693656e-02
3.300891287092921456e+00 -1.485556224032656303e+00 -1.109808071759600390e-01
3.299781479021161701e+00 -1.346497213507521051e+00 1.269890120610987772e-01
3.301051369141772884e+00 -1.085295423297357287e+00 4.425678886624409558e-01
3.305477048028397480e+00 -1.178838321496007424e+00 8.758479322010546131e-01
3.314235527350407828e+00 -1.248128359790209974e+00 8.951408773793966267e-01
3.323186936124201907e+00 -1.206119869083104978e+00 1.082663871955919177e+00
3.334013574843761152e+00 -1.292545683031880666e+00 8.217036304982494599e-01
3.342230611148743868e+00 -1.083563483954979478e+00 1.007068613836918036e+00
3.352301297287112902e+00 -1.283886587723917172e+00 1.044290855951557795e+00
3.362744205846628365e+00 -1.304651604395743680e+00 1.000544789539707713e+00
3.372749653742025622e+00 -9.987372047591556168e-01 6.944757483365157080e-01
3.379694411225390827e+00 -6.318981601304667350e-01 9.463499868375662150e-01
3.389157911093766629e+00 -5.682143190251287557e-01 7.449750680290169180e-01
3.396607661774056819e+00 -1.128615702881256233e+00 9.811776314154854184e-01
3.406419438088211571e+00 -1.146500554552170925e+00 7.244917461186761720e-01
3.413664355549398177e+00 -1.127286246481897347e+00 7.000185110458473359e-01
3.420664540659856812e+00 -1.253344634817415759e+00 9.535435042755189272e-01
3.430199975702612036e+00 -1.074060203064837404e+00 6.571101899082123499e-01
3.436771077601694202e+00 -1.158165044738858285e+00 5.620202213091567423e-01
3.442391279814785765e+00 -1.180140439809432173e+00 6.583121349568119562e-01
3.448974401164353942e+00 -1.260361657934939039e+00 6.163999879133287285e-01
3.455138401043487129e+00 -1.219055276488492989e+00 9.475636933464457456e-01
3.464614037976951444e+00 -1.198279847331490400e+00 7.287676216300965626e-01
3.471901714193252442e+00 -1.167072231014182115e+00 8.453444233245194228e-01
3.480355158426497564e+00 -1.332929519834028964e+00 6.789876169542464757e-01
3.487145034596040194e+00 -1.525509887627718664e+00 7.608233354550648642e-01
3.494753267950590825e+00 -1.274680438178638520e+00 9.584277982643327753e-01
3.504337545933234210e+00 -1.408700472650855406e+00 6.694533720017008527e-01
3.511032079653251259e+00 -1.582108007845199449e+00 7.753902960601052330e-01
3.518785982613852337e+00 -1.454153296368742909e+00 8.102326703060126478e-01
3.526888309316912551e+00 -1.532443560767760005e+00 8.964227421234478577e-01
3.535852536738147034e+00 -1.401818301257623078e+00 7.180908762945052981e-01
3.543033445501091894e+00 -1.071489313869606885e+00 5.072168398751089047e-01
3.548105613899843025e+00 -1.115064918200028066e+00 6.672446225623361871e-01
3.554778060125466599e+00 -1.484821818396877990e+00 4.778076931127008820e-01
3.559556137056593794e+00 -1.398569228328144121e+00 4.440855428735729360e-01
3.563996992485329418e+00 -1.397123187467225414e+00 3.283847443433720592e-01
3.567280839928763214e+00 -1.313340803993984895e+00 7.172908340199385391e-01
3.574453748268962450e+00 -1.031164070577603731e+00 7.259318307046467300e-01
3.581713066576008853e+00 -8.088049232605835082e-01 9.274789362282982452e-01
3.590987855938291951e+00 -8.437176597215259033e-01 9.526083931769013802e-01
3.600513939870061186e+00 -1.164240678939508999e+00 1.062990073786562517e+00
3.611143840607926592e+00 -1.278240989420064366e+00 1.217167402211137839e+00
3.623315514630037981e+00 -1.150649963871603898e+00 1.378174862584539140e+00
3.637097263255883561e+00 -1.180032902235383485e+00 1.128840475354291328e+00
3.648385668009426652e+00 -9.757763727863739689e-01 1.087990390712157307e+00
3.659265571916548332e+00 -7.279870161659196537e-01 8.760150982016460253e-01
3.668025722898564656e+00 -9.547571990623269222e-01 1.222759135718579415e+00
3.680253314255750308e+00 -9.898616014102800120e-01 9.690994878935080825e-01
3.689944309134685518e+00 -5.902243787019270105e-01 1.165752299829752259e+00
3.701601832132983105e+00 -6.315164999249919253e-01 1.107554611029400560e+00
3.712677378243276927e+00 -6.406175189115956847e-01 1.061071907380094936e+00
3.723288097317077661e+00 -5.959372124243432767e-01 8.958759053397423733e-01
3.732246856370474930e+00 -8.876009152045911677e-01 8.290926155256683749e-01
3.740537782525731547e+00 -9.910678015122560414e-01 1.202179382237742233e+00
3.752559576348108994e+00 -1.337174778845439782e+00 1.066825821438617705e+00
3.763227834562495211e+00 -1.282000579671308316e+00 1.047504148942126179e+00
3.773702876051916455e+00 -1.071097272834262037e+00 1.304370664980332606e+00
3.786746582701719710e+00 -1.379438152948005980e+00 8.710969856890814489e-01
3.795457552558610725e+00 -1.676394295424217695e+00 7.870218077343090757e-01
3.803327770635953620e+00 -1.827565497675317951e+00 7.168074300828903844e-01
3.810495844936782728e+00 -2.209206236039507054e+00 4.613917434145810015e-01
3.815109762370928692e+00 -2.223214317120272732e+00 -3.961519908881966368e-02
3.814713610380040532e+00 -1.850753223971447259e+00 -3.253981703739527442e-01
3.811459628676300948e+00 -1.724538440128220440e+00 -6.417569065343553536e-02
3.810817871769766718e+00 -1.968630675181869849e+00 -3.523892607372169222e-02
3.810465482509029389e+00 -2.019743992057398518e+00 -1.126687299314498014e-02
3.810352813779097847e+00 -2.028304866377950599e+00 -4.876889973595290029e-02
3.809865124781738110e+00 -2.182463629099955948e+00 -1.372265780831051218e-01
3.808492859000907060e+00 -2.248504181702287941e+00 -8.981506131263090886e-02
3.807594708387780802e+00 -2.233181345149408692e+00 -1.299932869393450319e-01
3.806294775518387130e+00 -2.508065585084222615e+00 -9.394028957137290359e-02
3.805355372622673205e+00 -2.476035184793723420e+00 1.761159246984919657e-01
3.807116531869658260e+00 -2.374514003165905773e+00 -4.863599852807978796e-02
3.806630171884377578e+00 -2.278241610430961295e+00 -5.158514408399398343e-01
3.801471657475978372e+00 -1.961936530230679931e+00 -5.420706197239278934e-01
3.796050951278739038e+00 -2.059255565845125702e+00 -2.734142931265957643e-01
3.793316808347472868e+00 -1.939322245001966927e+00 -2.368140509024520557e-01
3.790948667838448305e+00 -2.017228925992373689e+00 -3.255719069268445121e-01
3.787692948769179946e+00 -1.679521929429880656e+00 -3.660549889059694917e-01
3.784032398880120329e+00 -1.496428730671609753e+00 -4.827498227076802984e-01
3.779204900653043708e+00 -1.514267511858897297e+00 -2.159520096327826044e-01
3.777045380556715681e+00 -1.348966318386377816e+00 -2.228681505499067184e-01
3.774816699051216418e+00 -9.461108624155672997e-01 -5.510540018487409819e-01
3.769306159032729031e+00 -1.075841459494211394e+00 -2.356461075334392863e-02
3.769070512925195793e+00 -1.167666175111996996e+00 -1.276260967111209343e-01
3.767794251958084484e+00 -1.187298232822538102e+00 1.115222943083075957e-01
3.768909474901167567e+00 -6.659797468804676823e-01 3.583263332726149275e-01
3.772492738233893750e+00 -8.270796895590550868e-01 5.068902654641006533e-01
3.777561640888534633e+00 -8.591550822251315944e-01 7.213865305735104316e-01
3.784775506194269834e+00 -9.897775308351555168e-01 9.107937193461903558e-01
3.793883443387731536e+00 -1.014658780471789035e+00 3.698493698684200970e-01
3.797581937086415671e+00 -1.044388154962272885e+00 7.396764167862038830e-01
3.804978701254277507e+00 -9.383412188538849952e-01 5.450148297767752892e-01
3.810428849552045083e+00 -1.044192492110322279e+00 3.034252800803692862e-01
3.813463102352848910e+00 -8.982734461418810934e-01 1.243534971479162976e-01
3.814706637324328131e+00 -8.598600642929538074e-01 1.328139004542870927e-01
3.816034776328871114e+00 -9.311420626307879145e-01 3.052358063950239009e-01
3.819087134392821437e+00 -1.163872899661991367e+00 1.738089902961564293e-01
3.820825224295782974e+00 -1.405807446452443266e+00 5.336276112826313089e-02
3.821358851907065812e+00 -1.391444917508777523e+00 1.497924942695647021e-01
3.822856776849761662e+00 -1.307047974874562479e+00 5.824705352558047222e-01
3.828681482202319852e+00 -1.401564885188670617e+00 5.274849912376899930e-01
3.833956332114696774e+00 -1.125882125328475647e+00 5.113708599675276245e-02
3.834467702974664327e+00 -1.284236659719493190e+00 3.037233058815537179e-01
3.837504936033480085e+00 -1.340394760274044916e+00 4.469391059941522082e-01
3.841974327093421682e+00 -1.201851076675876318e+00 5.031493545042151627e-01
3.847005820638463636e+00 -1.194727702915291179e+00 7.817722301381355710e-01
3.854823542939845193e+00 -1.115473026206549978e+00 8.652902328316250946e-01
3.863476445268161363e+00 -1.214163779149999067e+00 8.567456804543400750e-01
3.872043902072704658e+00 -1.253392588016311038e+00 1.124193103329488297e+00
3.883285833105999618e+00 -1.207934468618163670e+00 8.843594746184867406e-01
3.892129427852184520e+00 -9.983627414546527579e-01 7.760449576996664156e-01
3.899889877429181251e+00 -7.804962492480196357e-01 7.694581285668452564e-01
3.907584458714849607e+00 -8.904035433518266984e-01 9.880017040440316478e-01
3.917464475755290110e+00 -3.215169147368502900e-01 9.953040403329523889e-01
3.927417516158619559e+00 -6.819064237169085718e-01 1.317185043357494534e+00
3.940589366592194498e+00 -6.296160731525747289e-01 1.133526092598720503e+00
3.951924627518181854e+00 -6.470949507260688183e-01 1.175699173334812553e+00
3.963681619251529842e+00 -5.542120120538448491e-01 1.186818588655179196e+00
3.975549805138081538e+00 -6.133825372027903455e-01 9.939035531848905425e-01
3.985488840669930255e+00 -4.865025249698173848e-01 9.255767444291302937e-01
3.994744608114221496e+00 -3.093860373351260962e-01 1.007139249661826108e+00
4.004816000610840199e+00 -2.590118541648395167e-02 8.408900973875483853e-01
4.013224901584715454e+00 -3.082388554555659521e-01 4.140347985015757626e-01
4.017365249569730956e+00 7.156806226501283286e-02 2.297200309883296043e-01
4.019662449879613852e+00 2.075333326223915420e-01 1.063794989935448465e-01
4.020726244869549326e+00 3.992597470889557298e-01 1.089553627372175232e-01
4.021815798496921168e+00 3.037942678865932500e-01 -2.561702475873942064e-02
4.021559628249334217e+00 2.751150020858484924e-01 -3.284189342213452711e-01
4.018275438907120467e+00 4.324213888415217033e-01 -4.283559215826251432e-01
4.013991879691293896e+00 7.127070885418358426e-01 -2.543903710852205569e-01
4.011447975980441782e+00 3.869665948218081741e-01 1.404239726308483260e-01
4.012852215706749881e+00 2.974944589639329506e-01 -8.099855689719964724e-03
4.012771217149852632e+00 1.279044467991397038e-02 6.023253355679322740e-02
4.013373542485420664e+00 -2.427470454558764423e-01 1.958510968041828060e-01
4.015332053453462891e+00 1.266830847855671127e-03 1.464810968299710137e-01
4.016796864421762869e+00 1.717322754020897402e-01 -6.784094630202744391e-02
4.016118454958742312e+00 9.095996646600178204e-02 -4.018292545118798409e-02
4.015716625704230047e+00 1.474101047101561424e-01 -3.536105950598204123e-02
4.015363015109170597e+00 1.982466856740282279e-02 -3.024294401940230137e-01
4.012338720707230522e+00 -2.528429616543005909e-01 4.959239643598500891e-02
4.012834644671590567e+00 1.007502555588407622e-02 2.289091313358676202e-02
4.013063553802926009e+00 3.281622167583996275e-01 3.178290457197502916e-01
4.016241844260123095e+00 1.496787278098624663e-01 4.332418084011423476e-01
4.020574262344134731e+00 1.360008778610060642e-01 2.322071588209896342e-01
4.022896333932344248e+00 3.271180145761842795e-01 3.331012392955334800e-01
4.026227346325299550e+00 5.272905730064265661e-01 4.354154737152182153e-01
4.030581501062451721e+00 3.864480323088923530e-01 2.232578286848816984e-01
4.032814079349300584e+00 6.921517813204851599e-01 6.110687493707426254e-01
4.038924766843008385e+00 5.718343203987191758e-01 7.143151613426153013e-01
4.046067918456434320e+00 8.480848131807617873e-01 5.021351762942548591e-01
4.051089270219376814e+00 8.168416949100429925e-01 3.027806064040521883e-01
4.054117076283417553e+00 6.937190187507470407e-01 4.103181961795749899e-01
4.058220258245213152e+00 4.187665387327497712e-01 3.649284979729331968e-01
4.061869543224942092e+00 1.659754454291527126e-01 2.621850316107780521e-01
4.064491393541049824e+00 -8.966805819198953031e-03 3.022098100677143018e-01
4.067513491641727263e+00 1.511268751871766569e-01 4.039555465816128677e-01
4.071553047107543399e+00 2.881146317643997756e-01 5.833687934089665239e-01
4.077386735041632626e+00 4.853535783505173451e-01 2.131926207436684595e-01
4.079518661249069034e+00 3.976351811394818192e-01 2.449979334472222048e-01
4.081968640583541585e+00 2.245294476640715686e-01 1.656134421633333187e-01
4.083624775005175067e+00 1.841441096203796923e-01 -7.421575763613072474e-02
4.082882617428813532e+00 4.829349738569885808e-01 2.020739904459817327e-01
4.084903357333272922e+00 4.895225022729013387e-01 2.522154479300817709e-01
4.087425511812573298e+00 6.008710434658242061e-01 1.530839693460812612e-01
4.088956351506034537e+00 7.892193591193942259e-01 -4.416968081208114127e-02
4.088514654697913642e+00 9.343569312907581415e-01 1.642366249336148221e-02
4.088678891322847342e+00 1.237539067360108103e+00 2.026047183652125439e-01
4.090704938506499744e+00 1.313883598976728129e+00 1.231943048323846379e-01
4.091936881554823380e+00 1.468795855304698694e+00 9.229489938064164289e-02
4.092859830548629674e+00 1.352387315108746435e+00 1.959554608561730471e-01
4.094819385157191682e+00 1.460026951743935930e+00 -1.374247396718971392e-01
4.093445137760472363e+00 1.385951890219351723e+00 -1.388490639873716237e-01
4.092056647120598356e+00 1.635152436863754000e+00 -6.600047482023511936e-02
4.091396642372395753e+00 1.810301388697632241e+00 -3.487166558679865580e-01
4.087909475813716220e+00 1.833307783361626253e+00 -5.896619326882973633e-01
4.082012856486833208e+00 1.299363747298616367e+00 -5.851266607784132434e-01
4.076161589879048641e+00 1.357487173936026803e+00 -5.795366499772307556e-01
4.070366223379275894e+00 1.435105446483331493e+00 -6.271289935668039606e-01
4.064094933443607616e+00 1.290540250979474779e+00 -7.920321264404114325e-01
4.056174612179203720e+00 1.255892202312999029e+00 -1.171579407939592254e+00
4.044458818099808006e+00 1.637449617985779149e+00 -8.865508774021911842e-01
4.035593309325785860e+00 1.840708809710431382e+00 -7.877503648708606976e-01
4.027715805677077654e+00 1.795700616941372285e+00 -9.080349868210657593e-01
4.018635455808866830e+00 1.454785486962423269e+00 -5.504776643449580398e-01
4.013130679165417547e+00 1.356343594807814412e+00 -7.050541489148659524e-01
4.006080137676268471e+00 1.503895634577001816e+00 -8.162859396231573195e-01
3.997917278280036957e+00 1.519732197304577870e+00 -8.317638917852606673e-01
3.989599639362184202e+00 1.658878368216187837e+00 -7.048569776033623002e-01
3.982551069586150572e+00 1.815586199297340775e+00 -9.988851704080540239e-01
3.972562217882070090e+00 2.061314917635878707e+00 -1.015221540081423512e+00
3.962410002481255855e+00 1.881427420291875041e+00 -1.329230195933505332e+00
3.949117700521920682e+00 1.836538258743768415e+00 -1.499752157767251237e+00
3.934120178944248369e+00 1.788914512832440629e+00 -1.469374506629878674e+00
3.919426433877949645e+00 2.161301819950342207e+00 -1.498066521189759914e+00
3.904445768666052086e+00 2.054992591715036010e+00 -1.661473195648407231e+00
3.887831036709568089e+00 2.093329335773669087e+00 -1.016574648059174191e+00
3.877665290228976325e+00 1.872964148930921890e+00 -9.891142609759553395e-01
3.867774147619216674e+00 1.412757686351661324e+00 -1.166708081522214391e+00
3.856107066803994510e+00 1.259480334901853071e+00 -1.021328385866121291e+00
3.845893782945333239e+00 1.084092486852144877e+00 -1.105153868516239202e+00
3.834842244260170840e+00 9.290870526980342659e-01 -1.110875695790704221e+00
3.823733487302263701e+00 6.801141510547787927e-01 -1.328188056068750234e+00
3.810451606741576125e+00 4.982872355451487545e-01 -1.267071232510438517e+00
3.797780894416471931e+00 5.845547474999774895e-01 -1.355159803206169578e+00
3.784229296384410191e+00 9.602009753687432703e-01 -1.370185454801383651e+00
3.770527441836396321e+00 1.073874621372667093e+00 -9.565091798365841225e-01
3.760962350038030699e+00 1.090481973377320557e+00 -9.946692667218414163e-01
3.751015657370812217e+00 1.375874642409619764e+00 -1.145280731877226010e+00
3.739562850052040144e+00 1.297612351288359500e+00 -1.143284956589712298e+00
3.728130000486142848e+00 1.738749956596345125e+00 -1.218745967631248428e+00
3.715942540809830330e+00 2.007141879596788137e+00 -1.130271554271110812e+00
3.704639825267119324e+00 1.693628712974237782e+00 -1.117515382428785564e+00
3.693464671442831637e+00 1.848953292481830157e+00 -9.947188086249230121e-01
3.683517483356582467e+00 1.959732749159638132e+00 -8.546916862799811554e-01
3.674970566493782620e+00 1.961355882844588505e+00 -1.324926683675444306e+00
3.661721299657028084e+00 1.992299996071547508e+00 -1.420943675779279269e+00
3.647511862899235346e+00 2.188130808166061758e+00 -1.513121228284891373e+00
3.632380650616386486e+00 2.155044959355185252e+00 -1.651907432947357535e+00
3.615861576286913071e+00 2.131694217563422811e+00 -1.786470566001076010e+00
3.597996870626902322e+00 2.034429501872839108e+00 -2.103698293278492226e+00
3.576959887694117324e+00 1.764618897446694090e+00 -1.852295029861226183e+00
3.558436937395505151e+00 1.772506517782242996e+00 -1.466760183955263974e+00
3.543769335555952527e+00 1.603686927254144967e+00 -1.407967049603317422e+00
3.529689665059919434e+00 1.670301026420919710e+00 -1.601776426709382140e+00
3.513671900792825653e+00 1.441003580505543669e+00 -1.512498715817935713e+00
3.498546913634646316e+00 1.680191940321289046e+00 -1.523341646394732241e+00
3.483313497170699158e+00 1.612357074254828548e+00 -1.818911321309717444e+00
3.465124383957602028e+00 1.428900311606942308e+00 -1.712867262266564161e+00
3.447995711334936431e+00 1.468105471376465854e+00 -1.700917005980603802e+00
3.430986541275130364e+00 1.496582485818869213e+00 -1.986815020403729370e+00
3.411118391071092937e+00 1.327562372925001011e+00 -2.315120099365890916e+00
3.387967190077433965e+00 1.284803225387457948e+00 -2.337265323123749905e+00
3.364594536846196249e+00 1.292817656229148904e+00 -2.366182730209375862e+00
3.340932709544102597e+00 1.585888081143658423e+00 -2.393418097048452875e+00
3.316998528573618099e+00 1.613047917602084436e+00 -2.633050832546833142e+00
3.290668020248149972e+00 1.773340295718915938e+00 -2.757631792962846884e+00
3.263091702318521303e+00 1.624376838565125603e+00 -2.842884813330608385e+00
3.234662854185215153e+00 1.870335892439234815e+00 -2.725996564475880568e+00
3.207402888540456409e+00 1.610783584460352635e+00 -2.842337585099102171e+00
3.178979512689465547e+00 1.160243494568283795e+00 -2.527689640642893920e+00
3.153702616283036608e+00 9.404015847685549545e-01 -2.836862956042576212e+00
3.125333986722610646e+00 7.112205196131092810e-01 -2.692999536216855283e+00
3.098403991360441978e+00 7.533742343375791073e-01 -2.557459830204869444e+00
3.072829393058393421e+00 6.501280358199317266e-01 -2.511003190018682218e+00
3.047719361158206741e+00 5.659328236918440558e-01 -2.392204478827578029e+00
3.023797316369930765e+00 5.760857718717853349e-01 -2.440161323557100026e+00
2.999395703134359881e+00 6.014638257183374526e-01 -2.302233883329861897e+00
2.976373364301061475e+00 2.875539846834420654e-01 -2.274982336443363895e+00
2.953623540936627823e+00 4.277808459546971753e-01 -2.406798073871992294e+00
2.929555560197907749e+00 4.000616752463823644e-01 -2.257195981220085468e+00
2.906983600385706801e+00 5.918294379532362814e-02 -1.783727885816883019e+00
2.889146321527538142e+00 3.062859839652974647e-02 -1.740287380933050798e+00
2.871743447718207776e+00 -9.009525297210983774e-02 -1.850371111117797396e+00
2.853239736607029897e+00 8.367516456989818052e-02 -1.975942291408986806e+00
2.833480313692939845e+00 -7.858653571403981242e-02 -1.913282983009938265e+00
2.814347483862840615e+00 -2.312248463461353265e-01 -1.726353477030627914e+00
2.797083949092534549e+00 -4.391495083805566080e-01 -1.486438112123633193e+00
2.782219567971298435e+00 -4.792669294084558329e-01 -1.527074670325782701e+00
2.766948821268040426e+00 -6.588863520030034948e-01 -1.394223383245252856e+00
2.753006587435587793e+00 -5.862800002591196380e-01 -1.353195030295884838e+00
2.739474637132628843e+00 -3.599594085436925717e-01 -1.637891780132544994e+00
2.723095719331303233e+00 -4.983093859482577992e-01 -1.223727271366141345e+00
2.710858446617641970e+00 -5.570326994239922502e-01 -1.223990539691544699e+00
2.698618541220726641e+00 -2.795135598968985779e-01 -1.333478098143506818e+00
2.685283760239291606e+00 -1.423261570963721967e-01 -1.092601021721172794e+00
2.674357750022080094e+00 -2.006512650172397605e-01 -1.239649431258439627e+00
2.661961255709495600e+00 -3.099797654771813127e-01 -1.144043775511087491e+00
2.650520817954384878e+00 -3.215886752434279350e-01 -9.595151583349669222e-01
2.640925666371035430e+00 -5.937277464555699158e-01 -9.855523412340894129e-01
2.631070142958694458e+00 -5.942519382691336949e-01 -9.493423390356737768e-01
2.621576719568337932e+00 -1.016088516253786267e+00 -5.816130574825956190e-01
2.615760588993512048e+00 -9.520458209157527385e-01 -5.801734967062074366e-01
2.609958854026449782e+00 -1.165999525431620665e+00 -7.371732938784197886e-01
2.602587121087665434e+00 -1.418657749015859837e+00 -9.256722878321346215e-01
2.593330398209344079e+00 -1.427962114422318463e+00 -9.631690098349696694e-01
2.583698708110994335e+00 -1.440309186551710585e+00 -7.847335007368324566e-01
2.575851373103625885e+00 -1.170242819855055849e+00 -8.044151983244358650e-01
2.567807221120381733e+00 -1.582853776281911706e+00 -1.222335133243755312e+00
2.555583869787944273e+00 -1.525268937909607603e+00 -1.402360393357229285e+00
2.541560265854371892e+00 -1.766263311210610532e+00 -1.261189157914411219e+00
2.528948374275227895e+00 -1.595706773852878291e+00 -1.341583630511151481e+00
2.515532537970116334e+00 -1.401573398994778508e+00 -1.306647064807492375e+00
2.502466067322041354e+00 -1.466888305707477747e+00 -1.712971624213552424e+00
2.485336351079905803e+00 -1.186424787536833447e+00 -1.303781362336566607e+00
2.472298537456540046e+00 -1.033291766191064553e+00 -1.263817400649920542e+00
2.459660363450040688e+00 -1.101201034309674309e+00 -1.466874005849606366e+00
2.444991623391544522e+00 -1.017173134273283042e+00 -1.445675724176947119e+00
2.430534866149775208e+00 -1.052657729478207349e+00 -1.715785870645354372e+00
2.413377007443321620e+00 -9.842735947772129901e-01 -1.813121950451463738e+00
2.395245787938807158e+00 -1.034764730206771954e+00 -1.944138991105915260e+00
2.375804398027748121e+00 -1.221788099598988486e+00 -2.216327483625554429e+00
2.353641123191492657e+00 -1.354090044600592124e+00 -2.018810343601946222e+00
2.333453019755473257e+00 -1.391086799521203066e+00 -2.058036929404225113e+00
2.312872650461430979e+00 -1.220089298761170227e+00 -1.933221952119091425e+00
2.293540430940240071e+00 -1.206019756310807933e+00 -1.807899212849614745e+00
2.275461438811743786e+00 -8.741044861873625837e-01 -1.799862100549448618e+00
2.257462817806249245e+00 -8.273514304443528866e-01 -1.724853065198258761e+00
2.240214287154266515e+00 -7.932779915074265054e-01 -1.285172835994115470e+00
2.227362558794325320e+00 -8.229549821004896737e-01 -1.640612670864502132e+00
2.210956432085680490e+00 -1.050022830460276113e+00 -2.058620302495590693e+00
2.190370229060724760e+00 -1.124717949922781290e+00 -1.873865100936622730e+00
2.171631578051358424e+00 -1.373755312453125432e+00 -2.023991972405020157e+00
2.151391658327308054e+00 -1.256969765994701671e+00 -1.943130888055519145e+00
2.131960349446752723e+00 -1.259769532267335235e+00 -2.093484007570243222e+00
2.111025509371050379e+00 -1.206653652335812898e+00 -2.130182214789852146e+00
2.089723687223151938e+00 -1.037675534294318913e+00 -2.251246807078649326e+00
2.067211219152365498e+00 -9.464403418478316565e-01 -2.041715843744207781e+00
2.046794060714923535e+00 -1.333129162256472711e+00 -2.315492340779638614e+00
2.023639137307127189e+00 -1.629520431455745877e+00 -2.320152663507929702e+00
2.000437610672047839e+00 -1.718572062405741230e+00 -2.429805037457157812e+00
1.976139560297476283e+00 -1.843039331368056866e+00 -2.321421941509496101e+00
1.952925340882381233e+00 -2.123775927502737026e+00 -2.523435039450943496e+00
1.927690990487871847e+00 -2.158822857126948325e+00 -2.545883983100144299e+00
1.902232150656870457e+00 -2.134051336260469611e+00 -2.187526752817962272e+00
1.880356883128690759e+00 -1.805726994624361259e+00 -2.212841342354715746e+00
1.858228469705143659e+00 -1.667027032584578183e+00 -2.062295480674700254e+00
1.837605514898396741e+00 -1.317118151448288588e+00 -2.098160628899727431e+00
1.816623908609399374e+00 -1.070785224947813363e+00 -2.220332554895407373e+00
1.794420583060445384e+00 -9.844916892626838223e-01 -2.168796991120112594e+00
1.772732613149244241e+00 -7.316724055898169432e-01 -2.183730911167448330e+00
1.750895304037569655e+00 -5.528919183336238330e-01 -2.343386560214974601e+00
1.727461438435419883e+00 -3.890075606593503821e-01 -1.706436593115860711e+00
1.710397072504261207e+00 -5.783739683156361444e-01 -1.720924262395559623e+00
1.693187829880305584e+00 -7.756930160589509127e-01 -1.628956287299392347e+00
1.676898267007311594e+00 -8.912610432675414085e-01 -1.694882559280296075e+00
1.659949441414508620e+00 -9.187163534559801281e-01 -1.497866347291898270e+00
1.644970777941589635e+00 -1.111143326934973752e+00 -1.539492934101110544e+00
1.629575848600578469e+00 -1.292894217873534757e+00 -1.481264785498559000e+00
1.614763200745592986e+00 -1.483927169586619854e+00 -1.666470259710296720e+00
1.598098498148490032e+00 -1.301170499247767509e+00 -1.448604459827668389e+00
1.583612453550213406e+00 -1.362680793262166068e+00 -1.595458787192981065e+00
1.567657865678283580e+00 -1.287653913375729209e+00 -1.284788031520944118e+00
1.554809985363074132e+00 -1.286885553021332340e+00 -1.113309745206097379e+00
1.543676887911013207e+00 -8.319349265036224406e-01 -8.151459261002875767e-01
1.535525428650010404e+00 -1.169925571600632930e+00 -7.025213701401137323e-01
1.528500214948609326e+00 -1.425262159929269190e+00 -1.101610009125673084e+00
1.517484114857352573e+00 -1.549688270768773357e+00 -1.087194304922441734e+00
1.506612171808128231e+00 -1.454387927341164399e+00 -1.151251830958402333e+00
1.495099653498544123e+00 -1.281920900859962353e+00 -1.441359774959782847e+00
1.480686055748946295e+00 -1.232684825798914696e+00 -1.298797097018474567e+00
1.467698084778761514e+00 -1.029245469738181651e+00 -1.470688946702540800e+00
1.452991195311736039e+00 -1.120651190321306334e+00 -1.746236963959493904e+00
1.435528825672141018e+00 -1.195289037962763423e+00 -2.311275637089849511e+00
1.412416069301242416e+00 -1.485968917207050932e+00 -2.492825536738703995e+00
1.387487813933855341e+00 -1.402636383716347579e+00 -2.233359471219062531e+00
1.365154219221664800e+00 -1.499221623063411890e+00 -2.171457435570049554e+00
1.343439644865964233e+00 -1.533444632547140696e+00 -2.213744964104408464e+00
1.321302195224920206e+00 -1.659705766332268517e+00 -2.210553004294494528e+00
1.299196665181975296e+00 -1.360943239419599493e+00 -2.026849675950164187e+00
1.278928168422473588e+00 -9.368733071638541965e-01 -2.224991996028681918e+00
1.256678248462186787e+00 -9.760407493697664805e-01 -2.138405364404055486e+00
1.235294194818146174e+00 -7.121690821901807134e-01 -2.052711603810345231e+00
1.214767078780042642e+00 -8.696755411188992202e-01 -1.857594102568891348e+00
1.196191137754353706e+00 -9.453251752255261708e-01 -2.191916461776904246e+00
1.174271973136584712e+00 -1.108484517797737823e+00 -2.257739703812502885e+00
1.151694576098459599e+00 -1.262961768557917308e+00 -2.640490829064125577e+00
1.125289667807818361e+00 -1.186320238030369678e+00 -2.332010444385122394e+00
1.101969563363967231e+00 -1.214123737423439486e+00 -2.565930213648221603e+00
1.076310261227485077e+00 -8.298580390789283001e-01 -2.739734490666187128e+00
1.048912916320823285e+00 -5.665273595734712231e-01 -3.102859250623553056e+00
1.017884323814587821e+00 -6.410209206560946171e-01 -2.957908538772303864e+00
9.883052384268647961e-01 -6.689370831298827591e-01 -3.117198714652549718e+00
9.571332512803393255e-01 -5.722444958872324738e-01 -3.024563152392883758e+00
9.268876197564104302e-01 -9.072713782970238672e-01 -3.244343960736200128e+00
8.944441801490484734e-01 -5.422584323487273927e-01 -3.405741095149558362e+00
8.603867691975528587e-01 -6.439293276961134405e-01 -3.240620866462218697e+00
8.279805605329306761e-01 -1.067851475980204246e+00 -3.542687248493356034e+00
7.925536880479970847e-01 -1.223620886353279591e+00 -3.441124416582348911e+00
7.581424438821735556e-01 -1.265368729603240761e+00 -3.480725795842035897e+00
7.233351859237532322e-01 -1.127600735057933790e+00 -3.410719651345458736e+00
6.892279894102986137e-01 -5.665635999087664798e-01 -3.094359845828059452e+00
6.582843909520179615e-01 -5.214174861000857586e-01 -3.099061375886642988e+00
6.272937771931514916e-01 -6.511932401900474288e-01 -3.068992385802272960e+00
5.966038533351287754e-01 -7.999637377109316549e-01 -3.280000587782644139e+00
5.638038474573023873e-01 -5.605267651827795516e-01 -3.288021743824201426e+00
5.309236300190603997e-01 -2.179455853693277878e-01 -3.067750256499813144e+00
5.002461274540622727e-01 3.944486814530881458e-02 -2.976084106796937245e+00
4.704852863860928824e-01 -2.194923300266318072e-02 -3.019617039444513207e+00
4.402891159916477726e-01 -2.144498062702455410e-01 -3.292784321362073108e+00
4.073612727780270282e-01 -1.767881740040966598e-01 -3.366807900865889103e+00
3.736931937693681594e-01 2.847383349303006517e-02 -3.560428744002094081e+00
3.380889063293472385e-01 -2.073440688821138328e-03 -3.523266190852268664e+00
3.028562444208245386e-01 3.584686285180772036e-01 -3.452648634646513504e+00
2.683297580743593813e-01 4.005685349472968282e-01 -3.195021972063277094e+00
2.363795383537266037e-01 2.915513334699068038e-01 -3.196283259927980236e+00
2.044167057544468147e-01 2.070471307448811804e-01 -3.216713966645440959e+00
1.722495660879924118e-01 2.959131623254235288e-01 -3.280699293982235698e+00
1.394425731481700459e-01 5.595334435470986634e-01 -3.012503572144151764e+00
1.093175374267285338e-01 5.872037053475777091e-01 -2.967703759994206880e+00
7.964049982678646222e-02 6.707667993277750540e-01 -2.900163628850708442e+00
5.063886353827937864e-02 5.179372602603493636e-01 -2.858923856500864336e+00
2.204962497327073515e-02 5.444283640233452681e-01 -2.785003678741079014e+00
-5.800411814140055827e-03 6.326665712723091861e-01 -2.950968876601042901e+00
-3.531010058015048025e-02 1.020753058918985268e+00 -2.902734876025002464e+00
-6.433744934040050434e-02 1.021482872383608465e+00 -2.872573393300416722e+00
-9.306318327340466767e-02 1.141797782454405219e+00 -3.223776797630016677e+00
-1.253009512497048339e-01 8.581366060771972171e-01 -3.058611596071883820e+00
-1.558870672104236688e-01 1.016426293235229705e+00 -2.973502701784955349e+00
-1.856220942282732211e-01 7.901005975661968828e-01 -3.061227286984617990e+00
-2.162343670981194121e-01 1.313386125097812940e-01 -3.298949751619792092e+00
-2.492238646143173364e-01 1.750196831389466134e-01 -3.216874484484673058e+00
-2.813926094591640559e-01 4.810162503530869271e-01 -3.294542647817391146e+00
-3.143380359373379451e-01 3.648970608568902207e-01 -3.420400972664803696e+00
-3.485420456639859998e-01 2.646673669441403920e-01 -3.724841944498221036e+00
-3.857904651089681947e-01 1.761043051409700855e-01 -3.869822964256077302e+00
-4.244886947515289499e-01 2.422045746062132521e-01 -4.042434997367857719e+00
-4.649130447252075582e-01 4.450055061466776651e-01 -4.189380902859675793e+00
-5.068068537538042984e-01 3.739644752399468031e-01 -4.291346501944804714e+00
-5.497203187732523366e-01 4.350197487845850475e-01 -4.321523765816468021e+00
-5.929355564314170435e-01 1.256722196664782909e-01 -4.346807695888673884e+00
-6.364036333903038134e-01 -5.351138892745616049e-02 -4.123012242564784380e+00
-6.776337558159516439e-01 -3.917511977735987916e-04 -3.850870002317519525e+00
-7.161424558391268347e-01 8.276265022679893391e-02 -3.907244236267004123e+00
-7.552148982017968804e-01 -1.134447710149575211e-01 -4.023507003961316109e+00
-7.954499682414100104e-01 -2.094633344638687777e-01 -3.962512757406517316e+00
-8.350750958154752324e-01 -2.620055620016051856e-01 -4.080278761507122987e+00
-8.758778834305465111e-01 -1.711133422620069178e-01 -3.887911344479384024e+00
-9.147569968753404002e-01 1.330290197118458029e-01 -3.968555622079659173e+00
-9.544425530961370141e-01 -5.596168044358282301e-02 -3.483821006489550065e+00
-9.892807631610325281e-01 -1.769310270163710896e-01 -3.243140418872223929e+00
-1.021712167349754674e+00 9.944006699952534500e-02 -3.170811714721216035e+00
-1.053420284496966897e+00 1.477817668647794791e-01 -2.983030873830485596e+00
-1.083250593235271841e+00 1.791467471022016866e-01 -2.799251794532674253e+00
-1.111243111180598486e+00 2.589453817858532458e-01 -2.625652125186153096e+00
-1.137499632432459995e+00 2.976823914840027174e-01 -2.634150043699826860e+00
-1.163841132869458228e+00 6.134008551749803306e-01 -2.720233229240190731e+00
-1.191043465161860215e+00 5.807610632264188499e-01 -2.314463346523782494e+00
-1.214188098627098089e+00 5.982656962081687180e-01 -2.107862595281674967e+00
-1.235266724579914932e+00 3.699920161795206552e-01 -1.923496114968043624e+00
-1.254501685729595417e+00 4.318506690960694505e-01 -1.991146091380223693e+00
-1.274413146643397665e+00 5.213859145512720339e-01 -2.297542812710975380e+00
-1.297388574770507397e+00 4.055627894951809864e-01 -2.314464886434911328e+00
-1.320533223634856590e+00 4.355736916967992145e-01 -2.354367779874465771e+00
-1.344076901433601146e+00 7.054347225591961479e-01 -2.466371989651237939e+00
-1.368740621330113427e+00 9.249074450367421596e-01 -2.688850259384254038e+00
-1.395629123923955994e+00 1.044707624516412858e+00 -2.821553161190522907e+00
-1.423844655535861259e+00 1.415032102441037720e+00 -2.618469911417810270e+00
-1.450029354650039348e+00 1.781267828732014946e+00 -2.729960993881458187e+00
-1.477328964588853877e+00 2.280576634525586233e+00 -2.693210014528895524e+00
-1.504261064734142783e+00 2.114232007739494712e+00 -2.622078046622102310e+00
-1.530481845200363900e+00 2.123227895624793415e+00 -2.473494819421687030e+00
-1.555216793394580854e+00 1.985121505519544804e+00 -2.411086534674385273e+00
-1.579327658741324747e+00 1.974384261535872209e+00 -2.002981175533905756e+00
-1.599357470496663769e+00 2.129020905700185651e+00 -1.872203836022407364e+00
-1.618079508856887783e+00 2.060593963383865468e+00 -1.784928744223724717e+00
-1.635928796299125132e+00 2.331902263333434977e+00 -1.691004923362917189e+00
-1.652838845532754286e+00 2.159565241479992181e+00 -1.590158141294260918e+00
-1.668740426945696909e+00 1.906829293208970544e+00 -1.619953231698798790e+00
-1.684939959262684805e+00 1.698083332920218957e+00 -1.330264089878776312e+00
-1.698242600161472549e+00 1.353184053735938974e+00 -1.270181429998594291e+00
-1.710944414461458507e+00 1.142046513343928371e+00 -8.932779554108628561e-01
-1.719877194015567046e+00 1.418045331289899957e+00 -7.318307114188706830e-01
-1.727195501129755728e+00 1.248186137621525527e+00 -4.991344469704743769e-01
-1.732186845599460456e+00 1.583775847973760476e+00 -4.276375507757084193e-01
-1.736463221107217514e+00 1.590776608803953440e+00 -2.612565976142010582e-01
-1.739075787083359526e+00 1.584574539211350164e+00 1.935686466625317070e-01
-1.737140100616734184e+00 1.905088419657964049e+00 -1.083670234288174050e-01
-1.738223770851022421e+00 1.958578487284758696e+00 1.044712357208981424e-01
-1.737179058493813377e+00 2.183215876195981675e+00 -9.579377332755642516e-03
-1.737274852267140846e+00 2.794595324291822003e+00 -1.394473474169461713e-01
-1.738669325741310390e+00 2.925056350412515105e+00 -1.291483098984512468e-01
-1.739960808840294915e+00 2.982301063764393412e+00 1.125374747404376818e-01
-1.738835434092890431e+00 2.943198248123157779e+00 3.647714618578993262e-01
-1.735187719474311496e+00 3.095151054272605506e+00 6.130957434776387327e-01
-1.729056762039535178e+00 2.941543191263074508e+00 8.824770379789095287e-01
-1.720231991659746162e+00 2.895775587211304458e+00 9.541309426096437063e-01
-1.710690682233649618e+00 2.662661520578947449e+00 6.766270076135849632e-01
-1.703924412157513668e+00 2.958495325417942468e+00 4.955851651980445194e-01
-1.698968560505533132e+00 3.013193986430178217e+00 6.325659746123772909e-01
-1.692642900759409264e+00 2.905589460425610504e+00 8.649361378057877081e-01
-1.683993539381351434e+00 2.947925998431986105e+00 8.666817100111133820e-01
-1.675326722281240244e+00 3.118448803172189976e+00 9.948542925237710000e-01
-1.665378179356002519e+00 3.153851814074198234e+00 9.065304627537404958e-01
-1.656312874728465223e+00 2.741702703690700016e+00 1.132366690535331344e+00
-1.644989207823111865e+00 2.815235924258792544e+00 1.411454837776805471e+00
-1.630874659445343822e+00 2.672806133532343864e+00 1.256349841379908572e+00
-1.618311161031544820e+00 2.620501953157745589e+00 1.337299984884100734e+00
-1.604938161182703826e+00 2.788893829112218281e+00 1.204579616405154541e+00
-1.592892365018652390e+00 2.721276564781438090e+00 1.110041100261737856e+00
-1.581791954016035007e+00 2.632454892925998990e+00 1.244522134691509407e+00
-1.569346732669119948e+00 2.710403030998217666e+00 1.303302978730386030e+00
-1.556313702881816141e+00 2.635071510563793851e+00 1.037644331874979287e+00
-1.545937259563066268e+00 2.823209612730273932e+00 9.658119834713766449e-01
-1.536279139728352394e+00 2.910292402680302537e+00 6.755157336383120770e-01
-1.529523982391969295e+00 3.055381802469038455e+00 5.554878023060640935e-01
-1.523969104368908756e+00 3.036034429395087386e+00 7.617068742314642149e-01
-1.516352035626594041e+00 3.143294110027232247e+00 7.782414278958712517e-01
-1.508569621347635392e+00 2.923767163644132694e+00 8.327323943141015095e-01
-1.500242297404494440e+00 2.945391588706673502e+00 7.682749650339210090e-01
-1.492559547754155336e+00 2.786940977435898414e+00 2.815264075052351100e-01
-1.489744283679103054e+00 2.645641376968138836e+00 -2.224502708091185554e-01
-1.491968786387194212e+00 2.364987610634013748e+00 -3.350077276488956368e-01
-1.495318863663683162e+00 2.345088641622234960e+00 -3.040538694966850031e-01
-1.498359402358649950e+00 2.422021292174228790e+00 -2.967683889397267905e-01
-1.501327086248047227e+00 2.575185839822585532e+00 -1.361152237755967886e-01
-1.502688238485803129e+00 2.451251165805158561e+00 -1.605129008574138205e-03
-1.502704289775888880e+00 2.364042075840902868e+00 2.390377793389032446e-01
-1.500313911982499748e+00 2.089038208613316350e+00 1.426299231410750601e-01
-1.498887612751089060e+00 2.045375119521525509e+00 -1.459477363085732449e-01
-1.500347090114174886e+00 1.926375652129084015e+00 -8.063568250468261533e-02
-1.501153446939221814e+00 2.028119620395178568e+00 1.987073533655367430e-01
-1.499166373405566466e+00 2.207287963933651564e+00 4.564269928655961817e-01
-1.494602103476910582e+00 2.245959274231863478e+00 3.185729242615881196e-01
-1.491416374234294739e+00 2.564009783796489916e+00 6.737697377674208843e-01
-1.484678676856620472e+00 2.553419725684813901e+00 6.644984626098157099e-01
-1.478033692230522389e+00 2.509557727643425995e+00 8.034635786917787570e-01
-1.469999056443604513e+00 2.741770853394013052e+00 1.075169850103669722e+00
-1.459247357942567769e+00 2.948660639368491765e+00 6.981509147952840166e-01
-1.452265848794614955e+00 2.806656083859057293e+00 5.831951751063291223e-01
-1.446433897043551742e+00 2.719118762255537280e+00 6.607992705618863649e-01
-1.439825904337932894e+00 2.955742625191436712e+00 5.294943867772943236e-01
-1.434530960470159933e+00 2.783619162147424664e+00 6.021968489056216400e-01
-1.428508991981103815e+00 2.818409559937223641e+00 8.083680667586981006e-01
-1.420425311313516792e+00 2.643961333267187186e+00 1.185688959175835722e+00
-1.408568421721758446e+00 2.663837792317126141e+00 1.287264092229820411e+00
-1.395695780799460328e+00 2.417358019961044491e+00 1.333670657839644669e+00
-1.382359074221063855e+00 2.408262721988859489e+00 1.632296444441089678e+00
-1.366036109776652907e+00 2.688654412848006103e+00 1.725477283485999713e+00
-1.348781336941792919e+00 2.547588419517594183e+00 1.755924839544522831e+00
-1.331222088546347715e+00 2.334789368138601606e+00 1.907707761632829735e+00
-1.312145010930019451e+00 2.403112142360946279e+00 1.868045603021548651e+00
-1.293464554899804053e+00 2.478313813418400624e+00 1.813191727459087188e+00
-1.275332637625213206e+00 1.966430245868374449e+00 1.484836049027874694e+00
-1.260484277134934494e+00 2.447560437123071697e+00 1.469062260130142850e+00
-1.245793654533632999e+00 2.770469682255179755e+00 1.452568321179235067e+00
-1.231267971321840626e+00 2.604971304559985157e+00 1.676312104983699314e+00
-1.214504850272003722e+00 2.705715034459141854e+00 1.430582750036757833e+00
-1.200199022771636148e+00 2.663139282459307200e+00 1.397461518785683809e+00
-1.186224407583779339e+00 2.700665945103816856e+00 1.659237172293031470e+00
-1.169632035860848962e+00 2.756679974189582882e+00 1.890313999068115036e+00
-1.150728895870167801e+00 2.962437524626094554e+00 1.796131552068539472e+00
-1.132767580349482328e+00 3.281753234447633893e+00 1.712993268339621178e+00
-1.115637647666086085e+00 2.938444222977434350e+00 1.395716661796472469e+00
-1.101680481048121329e+00 2.984546501842611388e+00 1.376367778273698272e+00
-1.087916803265384313e+00 3.138229756487154187e+00 1.529053463272017188e+00
-1.072626268632664193e+00 2.855407456573419545e+00 1.627849243391692236e+00
-1.056347776198747201e+00 3.000838896786642174e+00 1.665658993118162234e+00
-1.039691186267565515e+00 3.216928858176451467e+00 1.481859297743830073e+00
-1.024872593290127254e+00 3.400978624818996376e+00 1.311547115649185358e+00
-1.011757122133635445e+00 3.495455604526925164e+00 1.323119198372859850e+00
-9.985259301499068707e-01 3.684558480924442492e+00 1.417546801126930767e+00
-9.843504621386375275e-01 3.697566636542274132e+00 1.454753221726718726e+00
-9.698029299213702936e-01 4.078271476805632290e+00 1.991640711866963898e+00
-9.498865228027006946e-01 3.732626707215751516e+00 1.999573697403650430e+00
-9.298907858286642458e-01 3.559355567134637965e+00 1.731688510163287509e+00
-9.125739007270313730e-01 3.681308079639667774e+00 2.173160539271500102e+00
-8.908422953343163586e-01 3.595260382910979935e+00 2.011001805290632216e+00
-8.707322772814100054e-01 4.027838919893307335e+00 1.629196333874764369e+00
-8.544403139426623994e-01 3.898571877193544921e+00 1.441521413487410141e+00
-8.400250998077882780e-01 4.041400881957895486e+00 1.382881834178554925e+00
-8.261962814660027687e-01 4.115787531633466223e+00 1.149763567295979172e+00
-8.146986457930429637e-01 4.184617735823287887e+00 9.407552763598817647e-01
-8.052910930294441272e-01 4.057188667070927401e+00 1.181694823361980173e+00
-7.934741447958243432e-01 3.883884978108554265e+00 1.057416260617900283e+00
-7.828999821896452938e-01 3.857493746304147209e+00 1.189694124176922108e+00
-7.710030409478760838e-01 3.784191957957299124e+00 1.216839508472906672e+00
-7.588346458631469726e-01 4.017501183368676010e+00 1.253904552703802189e+00
-7.462956003361089774e-01 3.876117894653887674e+00 1.442003723544743821e+00
-7.318755631006614859e-01 3.626331327524628279e+00 1.390877457757709434e+00
-7.179667885230843760e-01 3.387787156018833290e+00 1.312403695438069784e+00
-7.048427515687036848e-01 3.227034530934755896e+00 1.394665418947522273e+00
-6.908960973792284133e-01 3.131694757541200858e+00 1.388460967504461019e+00
-6.770114877041838453e-01 3.154491186022001514e+00 1.189126574030112682e+00
-6.651202219638827629e-01 2.758414398182146066e+00 1.186287048715195303e+00
-6.532573514767308076e-01 2.894380165050512321e+00 1.545133300811822208e+00
-6.378060184686126233e-01 2.690779478510539224e+00 1.640992640623079479e+00
-6.213960920623817774e-01 2.671709448696359956e+00 1.692003863155033816e+00
-6.044760534308314393e-01 2.663807053877099928e+00 1.542554507946091169e+00
-5.890505083513705165e-01 2.351697020805406435e+00 1.353117256057446705e+00
-5.755193357907960605e-01 2.131053030408216920e+00 1.435387322460570880e+00
-5.611654625661903761e-01 2.134071766035202433e+00 1.361396136764751130e+00
-5.475515011985429004e-01 2.010208872727008433e+00 1.162862508542650497e+00
-5.359228761131163976e-01 1.961185122012853999e+00 9.466178670336193868e-01
-5.264566974427802304e-01 1.763101691116592651e+00 9.108129317970458105e-01
-5.173485681248097823e-01 1.558682159621596064e+00 7.760737588003444598e-01
-5.095878305368063410e-01 1.540675480044995105e+00 5.847789053888406974e-01
-5.037400414829179551e-01 1.706302232562289189e+00 5.513507790341811710e-01
-4.982265336925761345e-01 1.918328348564886987e+00 7.282994138201797085e-01
-4.909435395543743641e-01 1.766236466258342519e+00 5.315941773321279928e-01
-4.856275977810530775e-01 1.869116028950106312e+00 5.679119682534433666e-01
-4.799484780985186494e-01 1.422235130073827625e+00 7.752251530504854493e-01
-4.721962265680137993e-01 1.269107134767684331e+00 7.456908778496772472e-01
-4.647393177895170480e-01 1.040282269799917669e+00 7.454569710918076408e-01
-4.572847480785989793e-01 1.099753351342383612e+00 9.681161515257019623e-01
-4.476035865633419819e-01 1.298263000878742357e+00 9.108499611058822332e-01
-4.384950869522831751e-01 1.355479009264563217e+00 3.808366905648375988e-01
-4.346867200466347780e-01 7.524770436198532364e-01 4.390627849323261445e-01
-4.302960921973115194e-01 9.389750484947571030e-01 5.106659773475874520e-01
-4.251894324238356671e-01 6.317259273065428671e-01 3.917425327327311857e-01
-4.212720070965083607e-01 7.878096833918368791e-01 6.273714557023983840e-01
-4.149982925394843924e-01 7.249063370978192644e-01 6.101820392460440834e-01
-4.088964721470239594e-01 8.272313526184377208e-01 7.290605706320268942e-01
-4.016058664407036738e-01 9.105956438356198612e-01 8.365042163259036601e-01
-3.932408242774446117e-01 7.486616028292252256e-01 9.892070470227098955e-01
-3.833487538072175016e-01 7.672836130837140667e-01 7.642766694477511891e-01
-3.757059871127400030e-01 9.212207475586728922e-01 3.071562543523568278e-01
-3.726344245692164159e-01 1.044618261892539923e+00 5.135462119001993342e-01
-3.674989624502144059e-01 7.801264487223564803e-01 3.994822939203322432e-01
-3.635041395110110707e-01 8.671985221668593313e-01 5.908692855538375532e-01
-3.575954466554727151e-01 8.338060737095429609e-01 6.396626157702808291e-01
-3.511988204977699035e-01 5.057020318847684770e-01 4.612045972643423752e-01
-3.465867745251264842e-01 4.115645331420721975e-01 5.863768050767209639e-01
-3.407230064743592690e-01 7.417074968956846037e-01 6.560079109461018909e-01
-3.341629273648982767e-01 5.963486648036028237e-01 6.734872803791887019e-01
-3.274280545611064075e-01 9.828332131394245108e-01 8.403281176698964572e-01
-3.190247733844074340e-01 8.451269213166300309e-01 1.059757829124570172e+00
-3.084271950931617434e-01 6.017779855465412719e-01 1.049885899511754817e+00
-2.979283360980441997e-01 4.754103540367523029e-01 9.775984628805666210e-01
-2.881523514692385102e-01 5.905865857892378390e-01 9.089046027560993002e-01
-2.790633054416775116e-01 3.863547432803897674e-01 1.108574737714272063e+00
-2.679775580645347710e-01 6.559092971319646637e-01 1.020344641355129145e+00
-2.577741116509834618e-01 1.049119201973540694e+00 1.153507381612506322e+00
-2.462390378348583986e-01 1.185044638132874972e+00 1.361234199201596606e+00
-2.326266958428424292e-01 1.220373391722014089e+00 1.738674929988543116e+00
-2.152399465429570002e-01 1.311094442902582369e+00 1.974698706982881413e+00
-1.954929594731281972e-01 1.120188777370983102e+00 1.842797447749814577e+00
-1.770649849956300592e-01 1.223227162324914019e+00 2.021105473152938536e+00
-1.568539302641006605e-01 8.729422005392256656e-01 1.936153937264366798e+00
-1.374923908914569837e-01 8.759343140733540922e-01 1.892934458135732578e+00
-1.185630463100996596e-01 9.323127987521351301e-01 1.913144032468267364e+00
-9.943160598541699036e-02 1.014193253392211558e+00 2.353659109230812785e+00
-7.589501489310886140e-02 4.407356544011266086e-01 2.487203897201054392e+00
-5.102297592109832081e-02 3.726626268615226278e-01 2.545789788061385561e+00
-2.556507804048446450e-02 4.753059893656386148e-01 2.546543734441240492e+00
-9.964069607205916501e-05 2.130946832915207034e-01 2.462920589345253930e+00
2.452956519738047972e-02 1.142805573059053198e-01 2.238771622419427842e+00
4.691728142157475939e-02 2.761937195928940159e-01 2.259870053617763830e+00
6.951598195775239575e-02 1.043437236432873394e-01 2.128567547467399734e+00
9.080165743242639420e-02 -9.083938144043007812e-02 1.800448743764766935e+00
1.088061448700740619e-01 -3.788006763847217018e-01 1.881586712743114287e+00
1.276220119975051970e-01 -6.742512592176361785e-01 2.041109081788680779e+00
1.480331028153920037e-01 -5.763468355250832564e-01 1.958661597893244455e+00
1.676197187943244404e-01 -5.375479221950295594e-01 1.674406994388911940e+00
1.843637887382135743e-01 -3.109023618859882987e-01 1.896527430958145910e+00
2.033290630477950223e-01 -7.018790037002071713e-01 1.839270976264339108e+00
2.217217728104384222e-01 -9.059706714498407809e-01 1.515737125254800421e+00
2.368791440629864353e-01 -1.056611626535724158e+00 1.545269675183354341e+00
2.523318408148199632e-01 -1.074519363806499594e+00 1.672834060099665843e+00
2.690601814158166127e-01 -1.230229736576197164e+00 1.434639851090060203e+00
2.834065799267171948e-01 -1.352415148567192915e+00 1.383248627221076443e+00
2.972390661989279814e-01 -1.305654881154531877e+00 1.189653366622435371e+00
3.091355998651523218e-01 -1.273761722478822689e+00 1.316406360133111075e+00
3.222996634664834215e-01 -1.203197795223634348e+00 1.608478150959287367e+00
3.383844449760762818e-01 -7.888092875102663548e-01 1.722418797095591536e+00
3.556086329470322105e-01 -9.711513774971132218e-01 2.165306453533488718e+00
3.772616974823670977e-01 -1.148611618816123281e+00 1.970976251028622617e+00
3.969714599926533194e-01 -1.194572266179828590e+00 2.029735303523955814e+00
4.172688130278928709e-01 -1.714614461852770777e+00 2.226130519511587025e+00
4.395301182230087478e-01 -1.643376217842532405e+00 2.170274776893259094e+00
4.612328659919413543e-01 -2.012434870854813429e+00 1.919094243303901992e+00
4.804238084249803920e-01 -1.991634175109003424e+00 2.144003746895439821e+00
5.018638458939348457e-01 -2.018134851632197080e+00 1.811323940688063461e+00
5.199770853008154337e-01 -1.955703482146924355e+00 2.092299187518151360e+00
5.409000771759969739e-01 -1.958784701618296653e+00 2.417784413260977150e+00
5.650779213086067898e-01 -1.697316656913358646e+00 2.288464665375181895e+00
5.879625679623585732e-01 -1.552171998255891250e+00 2.437913745430706935e+00
6.123417054166656603e-01 -1.503963414344371197e+00 2.268321300426402232e+00
6.350249184209296738e-01 -1.333251275408441572e+00 2.265086452531845929e+00
6.576757829462481775e-01 -1.452161472734253556e+00 2.074875926663281689e+00
6.784245422128809544e-01 -1.448407113646834832e+00 1.853977084574299772e+00
6.969643130586239410e-01 -1.172649010965784333e+00 1.770598365024268928e+00
7.146702967088666147e-01 -1.141397132125177682e+00 1.819385696146677889e+00
7.328641536703334181e-01 -9.582039070329788633e-01 1.836799693268747813e+00
7.512321506030208429e-01 -1.030697597826946144e+00 2.209306026445497118e+00
7.733252108674758540e-01 -9.047892761316426169e-01 2.073714712435569485e+00
7.940623579918315578e-01 -9.971977120856372334e-01 2.092043406384603621e+00
8.149827920556775851e-01 -7.471714533506260691e-01 1.772302570860099902e+00
8.327058177642785441e-01 -8.291340682851920940e-01 1.778731411870446477e+00
8.504931318829830333e-01 -1.037206897065080735e+00 1.551398239301336801e+00
8.660071142759964147e-01 -1.147378243630492678e+00 1.264450169128649160e+00
8.786516159672829174e-01 -1.115963310672621667e+00 1.454039401611376459e+00
8.931920099833966509e-01 -1.233151650819636957e+00 1.277615043196636213e+00
9.059681604153629886e-01 -1.356143782799451136e+00 1.081845183539847710e+00
9.167866122507614124e-01 -1.209765054276372265e+00 1.101216104192490164e+00
9.277987732926863407e-01 -1.218232965019284020e+00 9.745611421481314984e-01
9.375443847141676779e-01 -1.036087301856281506e+00 9.412180729294987724e-01
9.469565654434626278e-01 -9.814664393596179703e-01 7.402968489067185409e-01
9.543595339325298132e-01 -1.039548916703690207e+00 4.841394776961919222e-01
9.592009287094916958e-01 -9.526093647947693199e-01 5.937243429555207896e-01
9.651381721390469570e-01 -1.001074358966561162e+00 5.125466172855137614e-01
9.702636383119020991e-01 -1.220571496047791582e+00 3.258061013887452173e-01
9.735216993257895801e-01 -1.437872103127221468e+00 3.532430840073442213e-01
9.770541301658630662e-01 -1.568431599262077203e+00 5.285118698791617664e-01
9.823392488646547349e-01 -1.662340351225247481e+00 4.648413852155923176e-01
9.869876627168107097e-01 -1.590401541222427273e+00 8.881021962749604537e-01
9.958686846795603564e-01 -1.831615256980725359e+00 8.261758607701735757e-01
1.004130443287262198e+00 -1.369234223916501847e+00 7.950851760959164460e-01
1.012081295048221419e+00 -1.331939217926181973e+00 7.037996498027238035e-01
1.019119291546248585e+00 -1.279351436664012853e+00 8.928575964905683948e-01
1.028047867511154179e+00 -9.324667077656587644e-01 8.220960924995058816e-01
1.036268828436149203e+00 -6.822080152381222451e-01 8.601364329767755557e-01
1.044870192765916972e+00 -7.097463739420193374e-01 1.011505271214372170e+00
1.054985245478060607e+00 -4.044554983092055744e-01 7.981476733819694580e-01
1.062966722211880377e+00 -3.133292376157279513e-01 6.971907293618405665e-01
1.069938629505498673e+00 -8.695499762454383941e-02 7.271888317623195208e-01
1.077210517823121938e+00 -2.015096237314331074e-01 7.707846417266306371e-01
1.084918364240388344e+00 -2.296194815003215761e-01 4.253043529941815115e-01
1.089171407770330058e+00 -1.929440738860721538e-01 6.208441558141345462e-01
1.095379849328471433e+00 -1.285572895855672249e-01 5.211458293538056008e-01
1.100591307622009518e+00 -2.225367060087113380e-01 2.200392535817589090e-01
1.102791700157827126e+00 -5.387133296842647745e-01 -2.883170757331410261e-01
1.099908529400495771e+00 -6.225380016637117597e-01 -1.367775378985376378e-01
1.098540754021510413e+00 -8.625967464028823084e-01 -1.521523656569247762e-01
1.097019230364941089e+00 -8.492241540382992060e-01 9.362282319852080481e-02
1.097955458596926226e+00 -7.499565771649681079e-01 3.147970254121962852e-01
1.101103428851048172e+00 -6.594704415381729135e-01 5.218607700202374522e-01
1.106322036551250498e+00 -6.097228291432239544e-01 5.771433617487009560e-01
1.112093470168737497e+00 -5.814365775273424575e-01 4.919368358467167135e-01
1.117012838527204677e+00 -4.742989743643474254e-01 5.778607971831812851e-01
1.122791446499036505e+00 -5.733399588674391589e-01 1.778351650984870136e-01
1.124569798150021338e+00 -8.397203843796625655e-01 3.176825645290086708e-01
1.127746623795311320e+00 -9.578748898118589761e-01 2.835139335875551114e-01
1.130581763131186968e+00 -8.861073017600239465e-01 3.863846188851227659e-01
1.134445609320038129e+00 -1.037259223612395864e+00 3.025428563290117334e-01
1.137471037883328151e+00 -1.122413234112024982e+00 2.154972541129474006e-02
1.137686535137441002e+00 -1.196011678489200536e+00 1.928023636669617125e-01
1.139614558774110664e+00 -1.082870512871625834e+00 6.999526803972605515e-02
1.140314511454507906e+00 -1.057369143674546708e+00 4.977293125368875693e-04
1.140319488747633336e+00 -1.385758194044964142e+00 -1.288043535405677606e-02
1.140190684394092768e+00 -1.121442952030371032e+00 1.854482001259533386e-01
1.142045166395352362e+00 -1.004392972698426645e+00 2.174366828573146559e-01
1.144219533223925556e+00 -1.073490675753007606e+00 2.367641464652824324e-01
1.146587174688578292e+00 -1.045745039313041413e+00 2.504058446280404970e-03
1.146612215273041135e+00 -1.285262661528074890e+00 -2.561973829181020124e-01
1.144050241443860028e+00 -1.337710709203954407e+00 -5.182531267573504685e-01
1.138867710176286518e+00 -1.241927284678412402e+00 -4.266272612276144072e-01
1.134601437564010329e+00 -1.196097116780412861e+00 -3.924775379587883140e-01
1.130676662184422421e+00 -1.142908118516613447e+00 -3.559115054858856819e-01
1.127117547129563579e+00 -1.013061201301591163e+00 -4.276169321795941780e-01
1.122841377807767715e+00 -8.343759628875720979e-01 -3.349216184324705914e-01
1.119492161623443005e+00 -9.449773353934700637e-01 -3.107839425207503115e-01
1.116384322198235468e+00 -8.850755311737396047e-01 -5.466027438526124271e-01
1.110918294759709379e+00 -9.466277502437729918e-01 -6.255636718768624593e-01
1.104662658040940659e+00 -1.083932254263977768e+00 -4.689347739372020651e-01
1.099973310301568530e+00 -1.066654008614176030e+00 -4.704589949009608252e-01
1.095268720352558844e+00 -1.132878238552765371e+00 -6.402383242221776349e-02
1.094628482028336736e+00 -1.114729830407329647e+00 1.005527824860802250e-01
1.095634009853197588e+00 -1.018722776371932426e+00 2.691198910899568197e-01
1.098325208764097116e+00 -5.228545373002446706e-01 1.197150744508176934e-01
1.099522359508605218e+00 -5.306353129540472002e-01 3.073231440500984180e-01
1.102595590949106308e+00 -5.842127363202614942e-01 -2.659160476812966190e-02
1.102329674901425083e+00 -7.250669111985132975e-01 -1.180436041311207773e-01
1.101149238860113844e+00 -7.117292018829926015e-01 -2.954275318773361136e-02
1.100853811328236453e+00 -3.971771218846892326e-01 -5.646022096972750370e-01
1.095207789231263718e+00 -3.549528965445620243e-01 -7.971842967460425200e-01
1.087235946263803266e+00 -4.576577929008963652e-01 -7.129047139694425494e-01
1.080106899124108732e+00 -3.463780716581612018e-01 -3.040706731212133307e-01
1.077066192392896582e+00 -2.904975353387644343e-01 6.727302966673193163e-02
1.077738922689563950e+00 -4.222882819218194417e-01 5.316729017374386412e-01
1.083055651706938294e+00 -4.212162643617776148e-01 5.742826729507904959e-01
1.088798478436446171e+00 -7.304003145953557041e-01 7.389938496848982297e-01
1.096188416933295162e+00 -1.012797764899573183e+00 5.315484175245942522e-01
1.101503901108541017e+00 -8.758470003303912010e-01 3.521497666755045719e-01
1.105025398775296042e+00 -9.699207591821852326e-01 9.470518037852479476e-02
1.105972450579081334e+00 -1.268729829390635722e+00 7.782779537757283927e-02
1.106750728532857053e+00 -1.368970180991765595e+00 1.626439063273645014e-02
1.106913372439184418e+00 -1.159230459250378376e+00 -4.465631561835746444e-02
1.106466809283000785e+00 -1.062376654824812139e+00 -3.511543994429878746e-01
1.102955265288570796e+00 -1.236128081359838538e+00 -4.744720086719722563e-03
1.102907818087703662e+00 -1.248512536954611951e+00 -1.160260719545164743e-01
1.101747557368158548e+00 -1.410930867610134642e+00 -6.335904941694570081e-02
1.101113966873989103e+00 -1.166718319780609470e+00 -3.620026711062824809e-01
1.097493940162926229e+00 -1.201302492507801079e+00 -9.097092004381723829e-02
1.096584230962488027e+00 -1.094676101264792756e+00 -2.871245993095353777e-01
1.093712984969392732e+00 -1.347372627077205287e+00 -5.290615811688085257e-01
1.088422369157704628e+00 -1.556858246373888255e+00 -1.957772336448352357e-01
1.086464596821256290e+00 -1.766612909917667507e+00 -2.594114864237845874e-01
1.083870481957018406e+00 -1.629233558952829952e+00 -2.486906072586581029e-02
1.083621791349759667e+00 -1.566232948098542632e+00 -8.905194791105422447e-02
1.082731271870649215e+00 -1.560813267183761788e+00 7.306474298418640101e-02
1.083461919300491072e+00 -1.464162910528130634e+00 1.171694195250549131e-01
1.084633613495741722e+00 -1.263053854099823514e+00 8.344691967901626817e-02
1.085468082692531810e+00 -1.310890093234225562e+00 4.106903101835360920e-02
1.085878773002715292e+00 -1.227569113500803999e+00 4.697096920146499599e-01
1.090575869922861818e+00 -1.323068208458221928e+00 1.338784096977203575e-01
1.091914654019839004e+00 -1.603458513855616330e+00 3.030432872514821074e-01
1.094945086892353814e+00 -1.797565212501370358e+00 2.989395368938302378e-01
1.097934482261292199e+00 -1.765669802405497757e+00 2.986649051006140532e-01
1.100921131312298407e+00 -1.607179821741215209e+00 6.466524703295982723e-01
1.107387656015594413e+00 -1.706796214057570094e+00 4.496306214622997066e-01
1.111883962230217460e+00 -1.987783930481209493e+00 4.284377636724709948e-01
1.116168339866942194e+00 -1.960986460882768512e+00 5.205974686604714075e-01
1.121374314553546858e+00 -2.192093501745707496e+00 5.156111302611039449e-01
1.126530425856157924e+00 -1.798185294292250935e+00 6.238941022574480133e-01
1.132769366878732420e+00 -1.997675642318542000e+00 6.567447582797175665e-01
1.139336814461529679e+00 -2.204411808302261910e+00 6.394278250597658086e-01
1.145731092712127364e+00 -2.285827246407448055e+00 6.432114437037262933e-01
1.152163207149164537e+00 -2.297023249013525170e+00 5.950723054911896126e-01
1.158113930204076381e+00 -2.153034408593779148e+00 6.022505314607836668e-01
1.164136435518684287e+00 -2.253859941482001084e+00 4.145181327584280262e-01
1.168281616846268633e+00 -2.308922473499219308e+00 3.419333645062434535e-01
1.171700950491331161e+00 -2.354487128143617269e+00 3.396380103904367287e-02
1.172040588501721547e+00 -2.364001378776197981e+00 2.119113604634297043e-02
1.172252499862185049e+00 -2.411500681784366495e+00 1.866392411147191621e-01
1.174118892273332326e+00 -2.185362394298067112e+00 3.824986846524351947e-01
1.177943879119856652e+00 -2.089179197434432034e+00 1.567055184660439415e-01
1.179510934304517145e+00 -2.137886796707902270e+00 3.242974882836354156e-01
1.182753909187353569e+00 -1.871705962816249791e+00 6.067613256757893314e-01
